ISO-10303-21;
HEADER;
/* Generated by software containing ST-Developer
 * from STEP Tools, Inc. (www.steptools.com) 
 */

FILE_DESCRIPTION(
/* description */ (''),
/* implementation_level */ '2;1');

FILE_NAME(
/* name */ 'SimplePhotoViewerFrame.step',
/* time_stamp */ '2026-08-18T08:33:56+09:00',
/* author */ (''),
/* organization */ (''),
/* preprocessor_version */ 'ST-DEVELOPER v20.1',
/* originating_system */ 'Autodesk Translation Framework v15.8.0.0',
/* authorisation */ '');

FILE_SCHEMA (('AUTOMOTIVE_DESIGN { 1 0 10303 214 3 1 1 }'));
ENDSEC;

DATA;
#10=MECHANICAL_DESIGN_GEOMETRIC_PRESENTATION_REPRESENTATION('',(#13),#8736);
#11=SHAPE_REPRESENTATION_RELATIONSHIP('SRR','None',#8743,#12);
#12=ADVANCED_BREP_SHAPE_REPRESENTATION('',(#14),#8735);
#13=STYLED_ITEM('',(#8752),#14);
#14=MANIFOLD_SOLID_BREP('\X2\30DC30C730A3\X0\1',#4595);
#15=(
BOUNDED_SURFACE()
B_SPLINE_SURFACE(2,2,((#8580,#8581,#8582,#8583,#8584,#8585,#8586,#8587,
#8588),(#8589,#8590,#8591,#8592,#8593,#8594,#8595,#8596,#8597),(#8598,#8599,
#8600,#8601,#8602,#8603,#8604,#8605,#8606)),.UNSPECIFIED.,.F.,.T.,.F.)
B_SPLINE_SURFACE_WITH_KNOTS((3,3),(3,2,2,2,3),(1.11022302462517E-15,1.5707963267949),
(-3.14159265358979,-1.5707963267949,0.,1.5707963267949,3.14159265358979),
 .UNSPECIFIED.)
GEOMETRIC_REPRESENTATION_ITEM()
RATIONAL_B_SPLINE_SURFACE(((1.,0.707106781186548,1.,0.707106781186548,1.,
0.707106781186548,1.,0.707106781186548,1.),(0.70710678118655,0.500000000000002,
0.70710678118655,0.500000000000002,0.70710678118655,0.500000000000002,0.70710678118655,
0.500000000000002,0.70710678118655),(1.,0.707106781186548,1.,0.707106781186548,
1.,0.707106781186548,1.,0.707106781186548,1.)))
REPRESENTATION_ITEM('')
SURFACE()
);
#16=(
BOUNDED_SURFACE()
B_SPLINE_SURFACE(2,2,((#8613,#8614,#8615,#8616,#8617,#8618,#8619,#8620,
#8621),(#8622,#8623,#8624,#8625,#8626,#8627,#8628,#8629,#8630),(#8631,#8632,
#8633,#8634,#8635,#8636,#8637,#8638,#8639)),.UNSPECIFIED.,.F.,.T.,.F.)
B_SPLINE_SURFACE_WITH_KNOTS((3,3),(3,2,2,2,3),(1.11022302462515E-15,1.5707963267949),
(-3.14159265358979,-1.5707963267949,0.,1.5707963267949,3.14159265358979),
 .UNSPECIFIED.)
GEOMETRIC_REPRESENTATION_ITEM()
RATIONAL_B_SPLINE_SURFACE(((1.,0.707106781186548,1.,0.707106781186548,1.,
0.707106781186548,1.,0.707106781186548,1.),(0.707106781186542,0.499999999999996,
0.707106781186542,0.499999999999996,0.707106781186542,0.499999999999996,
0.707106781186542,0.499999999999996,0.707106781186542),(1.,0.707106781186548,
1.,0.707106781186548,1.,0.707106781186548,1.,0.707106781186548,1.)))
REPRESENTATION_ITEM('')
SURFACE()
);
#17=B_SPLINE_SURFACE_WITH_KNOTS('',3,1,((#6752,#6753),(#6754,#6755),(#6756,
#6757),(#6758,#6759),(#6760,#6761)),.UNSPECIFIED.,.F.,.F.,.F.,(4,1,4),(2,
2),(0.,0.157246765821172,0.262285175773202),(0.,0.0999999999999996),
 .UNSPECIFIED.);
#18=B_SPLINE_SURFACE_WITH_KNOTS('',3,1,((#6778,#6779),(#6780,#6781),(#6782,
#6783),(#6784,#6785),(#6786,#6787)),.UNSPECIFIED.,.F.,.F.,.F.,(4,1,4),(2,
2),(0.,0.00165994350144865,0.003319962398328),(0.,0.0999999999999996),
 .UNSPECIFIED.);
#19=B_SPLINE_SURFACE_WITH_KNOTS('',3,1,((#6801,#6802),(#6803,#6804),(#6805,
#6806),(#6807,#6808),(#6809,#6810)),.UNSPECIFIED.,.F.,.F.,.F.,(4,1,4),(2,
2),(0.,0.00204989160243038,0.00396066649713086),(0.,0.0999999999999996),
 .UNSPECIFIED.);
#20=B_SPLINE_SURFACE_WITH_KNOTS('',3,1,((#6824,#6825),(#6826,#6827),(#6828,
#6829),(#6830,#6831),(#6832,#6833)),.UNSPECIFIED.,.F.,.F.,.F.,(4,1,4),(2,
2),(0.,0.0773469466634037,0.129101089310999),(0.,0.0999999999999996),
 .UNSPECIFIED.);
#21=B_SPLINE_SURFACE_WITH_KNOTS('',3,1,((#6847,#6848),(#6849,#6850),(#6851,
#6852),(#6853,#6854),(#6855,#6856)),.UNSPECIFIED.,.F.,.F.,.F.,(4,1,4),(2,
2),(0.,0.0550007280164699,0.133429743572592),(0.,0.0999999999999996),
 .UNSPECIFIED.);
#22=B_SPLINE_SURFACE_WITH_KNOTS('',3,1,((#6876,#6877),(#6878,#6879),(#6880,
#6881),(#6882,#6883),(#6884,#6885)),.UNSPECIFIED.,.F.,.F.,.F.,(4,1,4),(2,
2),(0.,0.00305246349472378,0.00608223555102667),(0.,0.0999999999999996),
 .UNSPECIFIED.);
#23=B_SPLINE_SURFACE_WITH_KNOTS('',3,1,((#6899,#6900),(#6901,#6902),(#6903,
#6904),(#6905,#6906),(#6907,#6908)),.UNSPECIFIED.,.F.,.F.,.F.,(4,1,4),(2,
2),(0.,0.00296076011654754,0.00603569672932433),(0.,0.0999999999999996),
 .UNSPECIFIED.);
#24=B_SPLINE_SURFACE_WITH_KNOTS('',3,1,((#6928,#6929),(#6930,#6931),(#6932,
#6933),(#6934,#6935),(#6936,#6937)),.UNSPECIFIED.,.F.,.F.,.F.,(4,1,4),(2,
2),(0.,0.00307493661277678,0.00603569672932433),(0.,0.0999999999999996),
 .UNSPECIFIED.);
#25=B_SPLINE_SURFACE_WITH_KNOTS('',3,1,((#6951,#6952),(#6953,#6954),(#6955,
#6956),(#6957,#6958),(#6959,#6960)),.UNSPECIFIED.,.F.,.F.,.F.,(4,1,4),(2,
2),(0.,0.00302976173036107,0.00608217397418284),(0.,0.0999999999999996),
 .UNSPECIFIED.);
#26=B_SPLINE_SURFACE_WITH_KNOTS('',3,1,((#6977,#6978),(#6979,#6980),(#6981,
#6982),(#6983,#6984),(#6985,#6986)),.UNSPECIFIED.,.F.,.F.,.F.,(4,1,4),(2,
2),(0.,0.0213824976836482,0.0426489549122263),(0.,0.0999999999999996),
 .UNSPECIFIED.);
#27=B_SPLINE_SURFACE_WITH_KNOTS('',3,1,((#6996,#6997),(#6998,#6999),(#7000,
#7001),(#7002,#7003),(#7004,#7005)),.UNSPECIFIED.,.F.,.F.,.F.,(4,1,4),(2,
2),(0.,0.0141099172461061,0.0283364675210161),(0.,0.0999999999999996),
 .UNSPECIFIED.);
#28=B_SPLINE_SURFACE_WITH_KNOTS('',3,1,((#7013,#7014),(#7015,#7016),(#7017,
#7018),(#7019,#7020),(#7021,#7022)),.UNSPECIFIED.,.F.,.F.,.F.,(4,1,4),(2,
2),(0.,0.00725937692259146,0.0138421017504472),(0.,0.0999999999999996),
 .UNSPECIFIED.);
#29=B_SPLINE_SURFACE_WITH_KNOTS('',3,1,((#7034,#7035),(#7036,#7037),(#7038,
#7039),(#7040,#7041),(#7042,#7043)),.UNSPECIFIED.,.F.,.F.,.F.,(4,1,4),(2,
2),(0.,0.0264470573986444,0.0529747545025698),(0.,0.0999999999999996),
 .UNSPECIFIED.);
#30=B_SPLINE_SURFACE_WITH_KNOTS('',3,1,((#7051,#7052),(#7053,#7054),(#7055,
#7056),(#7057,#7058),(#7059,#7060)),.UNSPECIFIED.,.F.,.F.,.F.,(4,1,4),(2,
2),(0.,0.0263008297250324,0.0526565419523276),(0.,0.0999999999999996),
 .UNSPECIFIED.);
#31=B_SPLINE_SURFACE_WITH_KNOTS('',3,1,((#7072,#7073),(#7074,#7075),(#7076,
#7077),(#7078,#7079),(#7080,#7081)),.UNSPECIFIED.,.F.,.F.,.F.,(4,1,4),(2,
2),(0.,0.0265886338258247,0.0536675249745964),(0.,0.0999999999999996),
 .UNSPECIFIED.);
#32=B_SPLINE_SURFACE_WITH_KNOTS('',3,1,((#7089,#7090),(#7091,#7092),(#7093,
#7094),(#7095,#7096),(#7097,#7098)),.UNSPECIFIED.,.F.,.F.,.F.,(4,1,4),(2,
2),(0.,0.0265276971039254,0.0529748385000818),(0.,0.0999999999999996),
 .UNSPECIFIED.);
#33=B_SPLINE_SURFACE_WITH_KNOTS('',3,1,((#7110,#7111),(#7112,#7113),(#7114,
#7115),(#7116,#7117),(#7118,#7119)),.UNSPECIFIED.,.F.,.F.,.F.,(4,1,4),(2,
2),(0.,0.00658271532152734,0.0138421181047627),(0.,0.0999999999999996),
 .UNSPECIFIED.);
#34=B_SPLINE_SURFACE_WITH_KNOTS('',3,1,((#7127,#7128),(#7129,#7130),(#7131,
#7132),(#7133,#7134),(#7135,#7136)),.UNSPECIFIED.,.F.,.F.,.F.,(4,1,4),(2,
2),(0.,0.0142265205842966,0.0283364378304027),(0.,0.0999999999999996),
 .UNSPECIFIED.);
#35=B_SPLINE_SURFACE_WITH_KNOTS('',3,1,((#7144,#7145),(#7146,#7147),(#7148,
#7149),(#7150,#7151),(#7152,#7153)),.UNSPECIFIED.,.F.,.F.,.F.,(4,1,4),(2,
2),(0.,0.0212662563999637,0.0426489223595588),(0.,0.0999999999999996),
 .UNSPECIFIED.);
#36=B_SPLINE_SURFACE_WITH_KNOTS('',3,1,((#7165,#7166),(#7167,#7168),(#7169,
#7170),(#7171,#7172),(#7173,#7174)),.UNSPECIFIED.,.F.,.F.,.F.,(4,1,4),(2,
2),(0.,0.0261944082283811,0.052386304041005),(0.,0.0999999999999996),
 .UNSPECIFIED.);
#37=B_SPLINE_SURFACE_WITH_KNOTS('',3,1,((#7182,#7183),(#7184,#7185),(#7186,
#7187),(#7188,#7189),(#7190,#7191)),.UNSPECIFIED.,.F.,.F.,.F.,(4,1,4),(2,
2),(0.,0.0262510036090513,0.0525256395419765),(0.,0.0999999999999996),
 .UNSPECIFIED.);
#38=B_SPLINE_SURFACE_WITH_KNOTS('',3,1,((#7203,#7204),(#7205,#7206),(#7207,
#7208),(#7209,#7210),(#7211,#7212)),.UNSPECIFIED.,.F.,.F.,.F.,(4,1,4),(2,
2),(0.,0.0068141136067023,0.0130361981608581),(0.,0.0999999999999996),
 .UNSPECIFIED.);
#39=B_SPLINE_SURFACE_WITH_KNOTS('',3,1,((#7224,#7225),(#7226,#7227),(#7228,
#7229),(#7230,#7231),(#7232,#7233)),.UNSPECIFIED.,.F.,.F.,.F.,(4,1,4),(2,
2),(0.,0.00662431195467126,0.0136914421948016),(0.,0.0999999999999996),
 .UNSPECIFIED.);
#40=B_SPLINE_SURFACE_WITH_KNOTS('',3,1,((#7245,#7246),(#7247,#7248),(#7249,
#7250),(#7251,#7252),(#7253,#7254)),.UNSPECIFIED.,.F.,.F.,.F.,(4,1,4),(2,
2),(0.,0.0262745543608214,0.0525255085063034),(0.,0.0999999999999996),
 .UNSPECIFIED.);
#41=B_SPLINE_SURFACE_WITH_KNOTS('',3,1,((#7262,#7263),(#7264,#7265),(#7266,
#7267),(#7268,#7269),(#7270,#7271)),.UNSPECIFIED.,.F.,.F.,.F.,(4,1,4),(2,
2),(0.,0.0261918958126239,0.0523864085570907),(0.,0.0999999999999996),
 .UNSPECIFIED.);
#42=B_SPLINE_SURFACE_WITH_KNOTS('',3,1,((#7282,#7283),(#7284,#7285),(#7286,
#7287),(#7288,#7289),(#7290,#7291)),.UNSPECIFIED.,.F.,.F.,.F.,(4,1,4),(2,
2),(0.,0.0466207216758687,0.108950167445433),(0.,0.0999999999999996),
 .UNSPECIFIED.);
#43=B_SPLINE_SURFACE_WITH_KNOTS('',3,1,((#7308,#7309),(#7310,#7311),(#7312,
#7313),(#7314,#7315),(#7316,#7317)),.UNSPECIFIED.,.F.,.F.,.F.,(4,1,4),(2,
2),(0.,0.0473624304287795,0.0872353318845094),(0.,0.0999999999999996),
 .UNSPECIFIED.);
#44=B_SPLINE_SURFACE_WITH_KNOTS('',3,1,((#7331,#7332),(#7333,#7334),(#7335,
#7336),(#7337,#7338),(#7339,#7340)),.UNSPECIFIED.,.F.,.F.,.F.,(4,1,4),(2,
2),(0.,0.0444899340296155,0.0949986531048123),(0.,0.0999999999999996),
 .UNSPECIFIED.);
#45=B_SPLINE_SURFACE_WITH_KNOTS('',3,1,((#7354,#7355),(#7356,#7357),(#7358,
#7359),(#7360,#7361),(#7362,#7363)),.UNSPECIFIED.,.F.,.F.,.F.,(4,1,4),(2,
2),(0.,0.0611882958198678,0.109959591043238),(0.,0.0999999999999996),
 .UNSPECIFIED.);
#46=B_SPLINE_SURFACE_WITH_KNOTS('',3,1,((#7383,#7384),(#7385,#7386),(#7387,
#7388),(#7389,#7390),(#7391,#7392)),.UNSPECIFIED.,.F.,.F.,.F.,(4,1,4),(2,
2),(0.,0.00589828623535586,0.0124598897815002),(0.,0.0999999999999996),
 .UNSPECIFIED.);
#47=B_SPLINE_SURFACE_WITH_KNOTS('',3,1,((#7412,#7413),(#7414,#7415),(#7416,
#7417),(#7418,#7419),(#7420,#7421)),.UNSPECIFIED.,.F.,.F.,.F.,(4,1,4),(2,
2),(0.,0.00656160354614431,0.0124598340816907),(0.,0.0999999999999996),
 .UNSPECIFIED.);
#48=B_SPLINE_SURFACE_WITH_KNOTS('',3,1,((#7438,#7439),(#7440,#7441),(#7442,
#7443),(#7444,#7445),(#7446,#7447)),.UNSPECIFIED.,.F.,.F.,.F.,(4,1,4),(2,
2),(0.,0.00556793586562945,0.0111357284301938),(0.,0.0999999999999996),
 .UNSPECIFIED.);
#49=B_SPLINE_SURFACE_WITH_KNOTS('',3,1,((#7457,#7458),(#7459,#7460),(#7461,
#7462),(#7463,#7464),(#7465,#7466)),.UNSPECIFIED.,.F.,.F.,.F.,(4,1,4),(2,
2),(0.,0.14164722636995,0.275034596795947),(0.,0.0999999999999996),
 .UNSPECIFIED.);
#50=B_SPLINE_SURFACE_WITH_KNOTS('',3,1,((#7474,#7475),(#7476,#7477),(#7478,
#7479),(#7480,#7481),(#7482,#7483)),.UNSPECIFIED.,.F.,.F.,.F.,(4,1,4),(2,
2),(0.,0.24295406155569,0.447477135477145),(0.,0.0999999999999996),
 .UNSPECIFIED.);
#51=B_SPLINE_SURFACE_WITH_KNOTS('',3,1,((#7495,#7496),(#7497,#7498),(#7499,
#7500),(#7501,#7502),(#7503,#7504)),.UNSPECIFIED.,.F.,.F.,.F.,(4,1,4),(2,
2),(0.,0.0243522593482234,0.0482878913571206),(0.,0.0999999999999996),
 .UNSPECIFIED.);
#52=B_SPLINE_SURFACE_WITH_KNOTS('',3,1,((#7512,#7513),(#7514,#7515),(#7516,
#7517),(#7518,#7519),(#7520,#7521)),.UNSPECIFIED.,.F.,.F.,.F.,(4,1,4),(2,
2),(0.,0.0239356498194311,0.048287884595229),(0.,0.0999999999999996),
 .UNSPECIFIED.);
#53=B_SPLINE_SURFACE_WITH_KNOTS('',3,1,((#7533,#7534),(#7535,#7536),(#7537,
#7538),(#7539,#7540),(#7541,#7542)),.UNSPECIFIED.,.F.,.F.,.F.,(4,1,4),(2,
2),(0.,0.0243522593482234,0.0482878799191959),(0.,0.0999999999999996),
 .UNSPECIFIED.);
#54=B_SPLINE_SURFACE_WITH_KNOTS('',3,1,((#7550,#7551),(#7552,#7553),(#7554,
#7555),(#7556,#7557),(#7558,#7559)),.UNSPECIFIED.,.F.,.F.,.F.,(4,1,4),(2,
2),(0.,0.0239356205709724,0.0482878799191959),(0.,0.0999999999999996),
 .UNSPECIFIED.);
#55=B_SPLINE_SURFACE_WITH_KNOTS('',3,1,((#7571,#7572),(#7573,#7574),(#7575,
#7576),(#7577,#7578),(#7579,#7580)),.UNSPECIFIED.,.F.,.F.,.F.,(4,1,4),(2,
2),(0.,0.0242441561094361,0.0488241503193556),(0.,0.0999999999999996),
 .UNSPECIFIED.);
#56=B_SPLINE_SURFACE_WITH_KNOTS('',3,1,((#7588,#7589),(#7590,#7591),(#7592,
#7593),(#7594,#7595),(#7596,#7597)),.UNSPECIFIED.,.F.,.F.,.F.,(4,1,4),(2,
2),(0.,0.0239107813785037,0.0480424916169999),(0.,0.0999999999999996),
 .UNSPECIFIED.);
#57=B_SPLINE_SURFACE_WITH_KNOTS('',3,1,((#7609,#7610),(#7611,#7612),(#7613,
#7614),(#7615,#7616),(#7617,#7618)),.UNSPECIFIED.,.F.,.F.,.F.,(4,1,4),(2,
2),(0.,0.00656160354614431,0.0124597783819575),(0.,0.0999999999999996),
 .UNSPECIFIED.);
#58=B_SPLINE_SURFACE_WITH_KNOTS('',3,1,((#7630,#7631),(#7632,#7633),(#7634,
#7635),(#7636,#7637),(#7638,#7639)),.UNSPECIFIED.,.F.,.F.,.F.,(4,1,4),(2,
2),(0.,0.00686945088383736,0.0136174084670225),(0.,0.0999999999999996),
 .UNSPECIFIED.);
#59=B_SPLINE_SURFACE_WITH_KNOTS('',3,1,((#7651,#7652),(#7653,#7654),(#7655,
#7656),(#7657,#7658),(#7659,#7660)),.UNSPECIFIED.,.F.,.F.,.F.,(4,1,4),(2,
2),(0.,0.0279354616636841,0.0558388413273292),(0.,0.0999999999999996),
 .UNSPECIFIED.);
#60=B_SPLINE_SURFACE_WITH_KNOTS('',3,1,((#7668,#7669),(#7670,#7671),(#7672,
#7673),(#7674,#7675),(#7676,#7677)),.UNSPECIFIED.,.F.,.F.,.F.,(4,1,4),(2,
2),(0.,0.0276729533327746,0.0555369523150737),(0.,0.0999999999999996),
 .UNSPECIFIED.);
#61=B_SPLINE_SURFACE_WITH_KNOTS('',3,1,((#7689,#7690),(#7691,#7692),(#7693,
#7694),(#7695,#7696),(#7697,#7698)),.UNSPECIFIED.,.F.,.F.,.F.,(4,1,4),(2,
2),(0.,0.0185628242559059,0.036705356159117),(0.,0.0999999999999996),
 .UNSPECIFIED.);
#62=B_SPLINE_SURFACE_WITH_KNOTS('',3,1,((#7706,#7707),(#7708,#7709),(#7710,
#7711),(#7712,#7713),(#7714,#7715)),.UNSPECIFIED.,.F.,.F.,.F.,(4,1,4),(2,
2),(0.,0.00876035079083863,0.01875481979368),(0.,0.0999999999999996),
 .UNSPECIFIED.);
#63=B_SPLINE_SURFACE_WITH_KNOTS('',3,1,((#7723,#7724),(#7725,#7726),(#7727,
#7728),(#7729,#7730),(#7731,#7732)),.UNSPECIFIED.,.F.,.F.,.F.,(4,1,4),(2,
2),(0.,0.00921635178296224,0.0184624324364101),(0.,0.0999999999999996),
 .UNSPECIFIED.);
#64=B_SPLINE_SURFACE_WITH_KNOTS('',3,1,((#7743,#7744),(#7745,#7746),(#7747,
#7748),(#7749,#7750),(#7751,#7752)),.UNSPECIFIED.,.F.,.F.,.F.,(4,1,4),(2,
2),(0.,0.00656173467642346,0.0124599095122367),(0.,0.0999999999999996),
 .UNSPECIFIED.);
#65=B_SPLINE_SURFACE_WITH_KNOTS('',3,1,((#7775,#7776),(#7777,#7778),(#7779,
#7780),(#7781,#7782),(#7783,#7784)),.UNSPECIFIED.,.F.,.F.,.F.,(4,1,4),(2,
2),(0.,0.0421079925457194,0.0902260160960786),(0.,0.0999999999999996),
 .UNSPECIFIED.);
#66=B_SPLINE_SURFACE_WITH_KNOTS('',3,1,((#7798,#7799),(#7800,#7801),(#7802,
#7803),(#7804,#7805),(#7806,#7807)),.UNSPECIFIED.,.F.,.F.,.F.,(4,1,4),(2,
2),(0.,0.0397152711535597,0.0788837480093389),(0.,0.0999999999999996),
 .UNSPECIFIED.);
#67=B_SPLINE_SURFACE_WITH_KNOTS('',3,1,((#7821,#7822),(#7823,#7824),(#7825,
#7826),(#7827,#7828),(#7829,#7830)),.UNSPECIFIED.,.F.,.F.,.F.,(4,1,4),(2,
2),(0.,0.0473973762620696,0.0892890814307439),(0.,0.0999999999999996),
 .UNSPECIFIED.);
#68=B_SPLINE_SURFACE_WITH_KNOTS('',3,1,((#7844,#7845),(#7846,#7847),(#7848,
#7849),(#7850,#7851),(#7852,#7853)),.UNSPECIFIED.,.F.,.F.,.F.,(4,1,4),(2,
2),(0.,0.0642939346693421,0.119508929172826),(0.,0.0999999999999996),
 .UNSPECIFIED.);
#69=B_SPLINE_SURFACE_WITH_KNOTS('',3,1,((#7867,#7868),(#7869,#7870),(#7871,
#7872),(#7873,#7874),(#7875,#7876)),.UNSPECIFIED.,.F.,.F.,.F.,(4,1,4),(2,
2),(0.,0.0882584433202536,0.204382386377392),(0.,0.0999999999999996),
 .UNSPECIFIED.);
#70=B_SPLINE_SURFACE_WITH_KNOTS('',3,1,((#7890,#7891),(#7892,#7893),(#7894,
#7895),(#7896,#7897),(#7898,#7899)),.UNSPECIFIED.,.F.,.F.,.F.,(4,1,4),(2,
2),(0.,0.0942875075274646,0.176221873343863),(0.,0.0999999999999996),
 .UNSPECIFIED.);
#71=B_SPLINE_SURFACE_WITH_KNOTS('',3,1,((#7919,#7920),(#7921,#7922),(#7923,
#7924),(#7925,#7926),(#7927,#7928)),.UNSPECIFIED.,.F.,.F.,.F.,(4,1,4),(2,
2),(0.,0.00663988709733551,0.013279887286426),(0.,0.0999999999999996),
 .UNSPECIFIED.);
#72=B_SPLINE_SURFACE_WITH_KNOTS('',3,1,((#7945,#7946),(#7947,#7948),(#7949,
#7950),(#7951,#7952),(#7953,#7954)),.UNSPECIFIED.,.F.,.F.,.F.,(4,1,4),(2,
2),(0.,0.0779851028712772,0.162976641015978),(0.,0.0999999999999996),
 .UNSPECIFIED.);
#73=B_SPLINE_SURFACE_WITH_KNOTS('',3,1,((#7964,#7965),(#7966,#7967),(#7968,
#7969),(#7970,#7971),(#7972,#7973)),.UNSPECIFIED.,.F.,.F.,.F.,(4,1,4),(2,
2),(0.,0.0716813151267363,0.145036149261776),(0.,0.0999999999999996),
 .UNSPECIFIED.);
#74=B_SPLINE_SURFACE_WITH_KNOTS('',3,1,((#7981,#7982),(#7983,#7984),(#7985,
#7986),(#7987,#7988),(#7989,#7990)),.UNSPECIFIED.,.F.,.F.,.F.,(4,1,4),(2,
2),(0.,0.078824177373265,0.151966530001283),(0.,0.0999999999999996),
 .UNSPECIFIED.);
#75=B_SPLINE_SURFACE_WITH_KNOTS('',3,1,((#7998,#7999),(#8000,#8001),(#8002,
#8003),(#8004,#8005),(#8006,#8007)),.UNSPECIFIED.,.F.,.F.,.F.,(4,1,4),(2,
2),(0.,0.0961931716482222,0.18295882786005),(0.,0.0999999999999996),
 .UNSPECIFIED.);
#76=B_SPLINE_SURFACE_WITH_KNOTS('',3,1,((#8015,#8016),(#8017,#8018),(#8019,
#8020),(#8021,#8022),(#8023,#8024)),.UNSPECIFIED.,.F.,.F.,.F.,(4,1,4),(2,
2),(0.,0.147090824134387,0.324580774082228),(0.,0.0999999999999996),
 .UNSPECIFIED.);
#77=B_SPLINE_SURFACE_WITH_KNOTS('',3,1,((#8032,#8033),(#8034,#8035),(#8036,
#8037),(#8038,#8039),(#8040,#8041)),.UNSPECIFIED.,.F.,.F.,.F.,(4,1,4),(2,
2),(0.,0.171802601097846,0.319147255229541),(0.,0.0999999999999996),
 .UNSPECIFIED.);
#78=B_SPLINE_SURFACE_WITH_KNOTS('',3,1,((#8053,#8054),(#8055,#8056),(#8057,
#8058),(#8059,#8060),(#8061,#8062)),.UNSPECIFIED.,.F.,.F.,.F.,(4,1,4),(2,
2),(0.,0.0243521610585911,0.0482879100612755),(0.,0.0999999999999996),
 .UNSPECIFIED.);
#79=B_SPLINE_SURFACE_WITH_KNOTS('',3,1,((#8070,#8071),(#8072,#8073),(#8074,
#8075),(#8076,#8077),(#8078,#8079)),.UNSPECIFIED.,.F.,.F.,.F.,(4,1,4),(2,
2),(0.,0.0239356498194311,0.0482879520490686),(0.,0.0999999999999996),
 .UNSPECIFIED.);
#80=B_SPLINE_SURFACE_WITH_KNOTS('',3,1,((#8091,#8092),(#8093,#8094),(#8095,
#8096),(#8097,#8098),(#8099,#8100)),.UNSPECIFIED.,.F.,.F.,.F.,(4,1,4),(2,
2),(0.,0.024352326801995,0.0482879473729674),(0.,0.0999999999999996),
 .UNSPECIFIED.);
#81=B_SPLINE_SURFACE_WITH_KNOTS('',3,1,((#8108,#8109),(#8110,#8111),(#8112,
#8113),(#8114,#8115),(#8116,#8117)),.UNSPECIFIED.,.F.,.F.,.F.,(4,1,4),(2,
2),(0.,0.0239357375648155,0.0482878986234067),(0.,0.0999999999999996),
 .UNSPECIFIED.);
#82=B_SPLINE_SURFACE_WITH_KNOTS('',3,1,((#8128,#8129),(#8130,#8131),(#8132,
#8133),(#8134,#8135),(#8136,#8137)),.UNSPECIFIED.,.F.,.F.,.F.,(4,1,4),(2,
2),(0.,0.0262520957822053,0.0520807203007142),(0.,0.0999999999999996),
 .UNSPECIFIED.);
#83=B_SPLINE_SURFACE_WITH_KNOTS('',3,1,((#8147,#8148),(#8149,#8150),(#8151,
#8152),(#8153,#8154),(#8155,#8156)),.UNSPECIFIED.,.F.,.F.,.F.,(4,1,4),(2,
2),(0.,0.0236351350387242,0.0475830075970353),(0.,0.0999999999999996),
 .UNSPECIFIED.);
#84=B_SPLINE_SURFACE_WITH_KNOTS('',3,1,((#8168,#8169),(#8170,#8171),(#8172,
#8173),(#8174,#8175),(#8176,#8177)),.UNSPECIFIED.,.F.,.F.,.F.,(4,1,4),(2,
2),(0.,0.0236191466118702,0.0464552646555484),(0.,0.0999999999999996),
 .UNSPECIFIED.);
#85=B_SPLINE_SURFACE_WITH_KNOTS('',3,1,((#8193,#8194),(#8195,#8196),(#8197,
#8198),(#8199,#8200),(#8201,#8202)),.UNSPECIFIED.,.F.,.F.,.F.,(4,1,4),(2,
2),(0.,0.0213632467814172,0.043374537184335),(0.,0.0999999999999996),
 .UNSPECIFIED.);
#86=B_SPLINE_SURFACE_WITH_KNOTS('',3,1,((#8210,#8211),(#8212,#8213),(#8214,
#8215),(#8216,#8217),(#8218,#8219)),.UNSPECIFIED.,.F.,.F.,.F.,(4,1,4),(2,
2),(0.,0.0549760770088147,0.1124946858108),(0.,0.0999999999999996),
 .UNSPECIFIED.);
#87=B_SPLINE_SURFACE_WITH_KNOTS('',3,1,((#8227,#8228),(#8229,#8230),(#8231,
#8232),(#8233,#8234),(#8235,#8236)),.UNSPECIFIED.,.F.,.F.,.F.,(4,1,4),(2,
2),(0.,0.0772789308853816,0.156095377415973),(0.,0.0999999999999996),
 .UNSPECIFIED.);
#88=B_SPLINE_SURFACE_WITH_KNOTS('',3,1,((#8244,#8245),(#8246,#8247),(#8248,
#8249),(#8250,#8251),(#8252,#8253)),.UNSPECIFIED.,.F.,.F.,.F.,(4,1,4),(2,
2),(0.,0.106376133800622,0.194378363275683),(0.,0.0999999999999996),
 .UNSPECIFIED.);
#89=B_SPLINE_SURFACE_WITH_KNOTS('',3,1,((#8261,#8262),(#8263,#8264),(#8265,
#8266),(#8267,#8268),(#8269,#8270)),.UNSPECIFIED.,.F.,.F.,.F.,(4,1,4),(2,
2),(0.,0.0889188829960589,0.19177942528017),(0.,0.0999999999999996),
 .UNSPECIFIED.);
#90=B_SPLINE_SURFACE_WITH_KNOTS('',3,1,((#8278,#8279),(#8280,#8281),(#8282,
#8283),(#8284,#8285),(#8286,#8287)),.UNSPECIFIED.,.F.,.F.,.F.,(4,1,4),(2,
2),(0.,0.0752876370224765,0.154277824726113),(0.,0.0999999999999996),
 .UNSPECIFIED.);
#91=B_SPLINE_SURFACE_WITH_KNOTS('',3,1,((#8295,#8296),(#8297,#8298),(#8299,
#8300),(#8301,#8302),(#8303,#8304)),.UNSPECIFIED.,.F.,.F.,.F.,(4,1,4),(2,
2),(0.,0.0472506427169256,0.093612331061731),(0.,0.0999999999999996),
 .UNSPECIFIED.);
#92=B_SPLINE_SURFACE_WITH_KNOTS('',3,1,((#8312,#8313),(#8314,#8315),(#8316,
#8317),(#8318,#8319),(#8320,#8321)),.UNSPECIFIED.,.F.,.F.,.F.,(4,1,4),(2,
2),(0.,0.0211949139749872,0.0419829138850824),(0.,0.0999999999999996),
 .UNSPECIFIED.);
#93=B_SPLINE_SURFACE_WITH_KNOTS('',3,1,((#8337,#8338),(#8339,#8340),(#8341,
#8342),(#8343,#8344),(#8345,#8346)),.UNSPECIFIED.,.F.,.F.,.F.,(4,1,4),(2,
2),(0.,0.0230881170928496,0.0474989988839201),(0.,0.0999999999999996),
 .UNSPECIFIED.);
#94=B_SPLINE_SURFACE_WITH_KNOTS('',3,1,((#8358,#8359),(#8360,#8361),(#8362,
#8363),(#8364,#8365),(#8366,#8367)),.UNSPECIFIED.,.F.,.F.,.F.,(4,1,4),(2,
2),(0.,0.022351340535218,0.0451421993489556),(0.,0.0999999999999996),
 .UNSPECIFIED.);
#95=B_SPLINE_SURFACE_WITH_KNOTS('',3,1,((#8375,#8376),(#8377,#8378),(#8379,
#8380),(#8381,#8382),(#8383,#8384)),.UNSPECIFIED.,.F.,.F.,.F.,(4,1,4),(2,
2),(0.,0.0260253291574901,0.0534126273091185),(0.,0.0999999999999996),
 .UNSPECIFIED.);
#96=B_SPLINE_SURFACE_WITH_KNOTS('',3,1,((#8392,#8393),(#8394,#8395),(#8396,
#8397),(#8398,#8399),(#8400,#8401)),.UNSPECIFIED.,.F.,.F.,.F.,(4,1,4),(2,
2),(0.,0.103088156024154,0.208148757563552),(0.,0.0999999999999996),
 .UNSPECIFIED.);
#97=B_SPLINE_SURFACE_WITH_KNOTS('',3,1,((#8409,#8410),(#8411,#8412),(#8413,
#8414),(#8415,#8416),(#8417,#8418)),.UNSPECIFIED.,.F.,.F.,.F.,(4,1,4),(2,
2),(0.,0.073860744789679,0.148868183064792),(0.,0.0999999999999996),
 .UNSPECIFIED.);
#98=B_SPLINE_SURFACE_WITH_KNOTS('',3,1,((#8426,#8427),(#8428,#8429),(#8430,
#8431),(#8432,#8433),(#8434,#8435)),.UNSPECIFIED.,.F.,.F.,.F.,(4,1,4),(2,
2),(0.,0.0734992635035351,0.14688220044749),(0.,0.0999999999999996),
 .UNSPECIFIED.);
#99=B_SPLINE_SURFACE_WITH_KNOTS('',3,1,((#8443,#8444),(#8445,#8446),(#8447,
#8448),(#8449,#8450),(#8451,#8452)),.UNSPECIFIED.,.F.,.F.,.F.,(4,1,4),(2,
2),(0.,0.0819306335762895,0.158029489063439),(0.,0.0999999999999996),
 .UNSPECIFIED.);
#100=B_SPLINE_SURFACE_WITH_KNOTS('',3,1,((#8460,#8461),(#8462,#8463),(#8464,
#8465),(#8466,#8467),(#8468,#8469)),.UNSPECIFIED.,.F.,.F.,.F.,(4,1,4),(2,
2),(0.,0.0928431235393398,0.180364999768224),(0.,0.0999999999999996),
 .UNSPECIFIED.);
#101=B_SPLINE_SURFACE_WITH_KNOTS('',3,1,((#8477,#8478),(#8479,#8480),(#8481,
#8482),(#8483,#8484),(#8485,#8486)),.UNSPECIFIED.,.F.,.F.,.F.,(4,1,4),(2,
2),(0.,0.0870625393043537,0.18119225013928),(0.,0.0999999999999996),
 .UNSPECIFIED.);
#102=B_SPLINE_SURFACE_WITH_KNOTS('',3,1,((#8494,#8495),(#8496,#8497),(#8498,
#8499),(#8500,#8501),(#8502,#8503)),.UNSPECIFIED.,.F.,.F.,.F.,(4,1,4),(2,
2),(0.,0.0740089033586041,0.154297802294844),(0.,0.0999999999999996),
 .UNSPECIFIED.);
#103=B_SPLINE_SURFACE_WITH_KNOTS('',3,1,((#8511,#8512),(#8513,#8514),(#8515,
#8516),(#8517,#8518),(#8519,#8520)),.UNSPECIFIED.,.F.,.F.,.F.,(4,1,4),(2,
2),(0.,0.0711336242358337,0.142395870055875),(0.,0.0999999999999996),
 .UNSPECIFIED.);
#104=B_SPLINE_SURFACE_WITH_KNOTS('',3,1,((#8528,#8529),(#8530,#8531),(#8532,
#8533),(#8534,#8535),(#8536,#8537)),.UNSPECIFIED.,.F.,.F.,.F.,(4,1,4),(2,
2),(0.,0.0753518203420314,0.14789016040759),(0.,0.0999999999999996),
 .UNSPECIFIED.);
#105=B_SPLINE_SURFACE_WITH_KNOTS('',3,1,((#8545,#8546),(#8547,#8548),(#8549,
#8550),(#8551,#8552),(#8553,#8554)),.UNSPECIFIED.,.F.,.F.,.F.,(4,1,4),(2,
2),(0.,0.114337248455886,0.232353240081456),(0.,0.0999999999999996),
 .UNSPECIFIED.);
#106=B_SPLINE_CURVE_WITH_KNOTS('',3,(#6201,#6202,#6203,#6204,#6205),
 .UNSPECIFIED.,.F.,.F.,(4,1,4),(0.,0.0213824976836482,0.0426489549122263),
 .UNSPECIFIED.);
#107=B_SPLINE_CURVE_WITH_KNOTS('',3,(#6209,#6210,#6211,#6212,#6213),
 .UNSPECIFIED.,.F.,.F.,(4,1,4),(0.,0.0261918958126239,0.0523864085570907),
 .UNSPECIFIED.);
#108=B_SPLINE_CURVE_WITH_KNOTS('',3,(#6215,#6216,#6217,#6218,#6219),
 .UNSPECIFIED.,.F.,.F.,(4,1,4),(0.,0.0262745543608214,0.0525255085063034),
 .UNSPECIFIED.);
#109=B_SPLINE_CURVE_WITH_KNOTS('',3,(#6223,#6224,#6225,#6226,#6227),
 .UNSPECIFIED.,.F.,.F.,(4,1,4),(0.,0.00662431195467126,0.0136914421948016),
 .UNSPECIFIED.);
#110=B_SPLINE_CURVE_WITH_KNOTS('',3,(#6231,#6232,#6233,#6234,#6235),
 .UNSPECIFIED.,.F.,.F.,(4,1,4),(0.,0.0068141136067023,0.0130361981608581),
 .UNSPECIFIED.);
#111=B_SPLINE_CURVE_WITH_KNOTS('',3,(#6239,#6240,#6241,#6242,#6243),
 .UNSPECIFIED.,.F.,.F.,(4,1,4),(0.,0.0262510036090513,0.0525256395419765),
 .UNSPECIFIED.);
#112=B_SPLINE_CURVE_WITH_KNOTS('',3,(#6245,#6246,#6247,#6248,#6249),
 .UNSPECIFIED.,.F.,.F.,(4,1,4),(0.,0.0261944082283811,0.052386304041005),
 .UNSPECIFIED.);
#113=B_SPLINE_CURVE_WITH_KNOTS('',3,(#6253,#6254,#6255,#6256,#6257),
 .UNSPECIFIED.,.F.,.F.,(4,1,4),(0.,0.0212662563999637,0.0426489223595588),
 .UNSPECIFIED.);
#114=B_SPLINE_CURVE_WITH_KNOTS('',3,(#6259,#6260,#6261,#6262,#6263),
 .UNSPECIFIED.,.F.,.F.,(4,1,4),(0.,0.0142265205842966,0.0283364378304027),
 .UNSPECIFIED.);
#115=B_SPLINE_CURVE_WITH_KNOTS('',3,(#6265,#6266,#6267,#6268,#6269),
 .UNSPECIFIED.,.F.,.F.,(4,1,4),(0.,0.00658271532152734,0.0138421181047627),
 .UNSPECIFIED.);
#116=B_SPLINE_CURVE_WITH_KNOTS('',3,(#6273,#6274,#6275,#6276,#6277),
 .UNSPECIFIED.,.F.,.F.,(4,1,4),(0.,0.0265276971039254,0.0529748385000818),
 .UNSPECIFIED.);
#117=B_SPLINE_CURVE_WITH_KNOTS('',3,(#6279,#6280,#6281,#6282,#6283),
 .UNSPECIFIED.,.F.,.F.,(4,1,4),(0.,0.0265886338258247,0.0536675249745964),
 .UNSPECIFIED.);
#118=B_SPLINE_CURVE_WITH_KNOTS('',3,(#6287,#6288,#6289,#6290,#6291),
 .UNSPECIFIED.,.F.,.F.,(4,1,4),(0.,0.0263008297250324,0.0526565419523276),
 .UNSPECIFIED.);
#119=B_SPLINE_CURVE_WITH_KNOTS('',3,(#6293,#6294,#6295,#6296,#6297),
 .UNSPECIFIED.,.F.,.F.,(4,1,4),(0.,0.0264470573986444,0.0529747545025698),
 .UNSPECIFIED.);
#120=B_SPLINE_CURVE_WITH_KNOTS('',3,(#6301,#6302,#6303,#6304,#6305),
 .UNSPECIFIED.,.F.,.F.,(4,1,4),(0.,0.00725937692259146,0.0138421017504472),
 .UNSPECIFIED.);
#121=B_SPLINE_CURVE_WITH_KNOTS('',3,(#6306,#6307,#6308,#6309,#6310),
 .UNSPECIFIED.,.F.,.F.,(4,1,4),(0.,0.0141099172461061,0.0283364675210161),
 .UNSPECIFIED.);
#122=B_SPLINE_CURVE_WITH_KNOTS('',3,(#6313,#6314,#6315,#6316,#6317),
 .UNSPECIFIED.,.F.,.F.,(4,1,4),(0.,0.00556793586562945,0.0111357284301938),
 .UNSPECIFIED.);
#123=B_SPLINE_CURVE_WITH_KNOTS('',3,(#6321,#6322,#6323,#6324,#6325),
 .UNSPECIFIED.,.F.,.F.,(4,1,4),(0.,0.00921635178296224,0.0184624324364101),
 .UNSPECIFIED.);
#124=B_SPLINE_CURVE_WITH_KNOTS('',3,(#6327,#6328,#6329,#6330,#6331),
 .UNSPECIFIED.,.F.,.F.,(4,1,4),(0.,0.00876035079083863,0.01875481979368),
 .UNSPECIFIED.);
#125=B_SPLINE_CURVE_WITH_KNOTS('',3,(#6333,#6334,#6335,#6336,#6337),
 .UNSPECIFIED.,.F.,.F.,(4,1,4),(0.,0.0185628242559059,0.036705356159117),
 .UNSPECIFIED.);
#126=B_SPLINE_CURVE_WITH_KNOTS('',3,(#6341,#6342,#6343,#6344,#6345),
 .UNSPECIFIED.,.F.,.F.,(4,1,4),(0.,0.0276729533327746,0.0555369523150737),
 .UNSPECIFIED.);
#127=B_SPLINE_CURVE_WITH_KNOTS('',3,(#6347,#6348,#6349,#6350,#6351),
 .UNSPECIFIED.,.F.,.F.,(4,1,4),(0.,0.0279354616636841,0.0558388413273292),
 .UNSPECIFIED.);
#128=B_SPLINE_CURVE_WITH_KNOTS('',3,(#6355,#6356,#6357,#6358,#6359),
 .UNSPECIFIED.,.F.,.F.,(4,1,4),(0.,0.00686945088383736,0.0136174084670225),
 .UNSPECIFIED.);
#129=B_SPLINE_CURVE_WITH_KNOTS('',3,(#6363,#6364,#6365,#6366,#6367),
 .UNSPECIFIED.,.F.,.F.,(4,1,4),(0.,0.00656160354614431,0.0124597783819575),
 .UNSPECIFIED.);
#130=B_SPLINE_CURVE_WITH_KNOTS('',3,(#6371,#6372,#6373,#6374,#6375),
 .UNSPECIFIED.,.F.,.F.,(4,1,4),(0.,0.0239107813785037,0.0480424916169999),
 .UNSPECIFIED.);
#131=B_SPLINE_CURVE_WITH_KNOTS('',3,(#6377,#6378,#6379,#6380,#6381),
 .UNSPECIFIED.,.F.,.F.,(4,1,4),(0.,0.0242441561094361,0.0488241503193556),
 .UNSPECIFIED.);
#132=B_SPLINE_CURVE_WITH_KNOTS('',3,(#6385,#6386,#6387,#6388,#6389),
 .UNSPECIFIED.,.F.,.F.,(4,1,4),(0.,0.0239356205709724,0.0482878799191959),
 .UNSPECIFIED.);
#133=B_SPLINE_CURVE_WITH_KNOTS('',3,(#6391,#6392,#6393,#6394,#6395),
 .UNSPECIFIED.,.F.,.F.,(4,1,4),(0.,0.0243522593482234,0.0482878799191959),
 .UNSPECIFIED.);
#134=B_SPLINE_CURVE_WITH_KNOTS('',3,(#6399,#6400,#6401,#6402,#6403),
 .UNSPECIFIED.,.F.,.F.,(4,1,4),(0.,0.0239356498194311,0.048287884595229),
 .UNSPECIFIED.);
#135=B_SPLINE_CURVE_WITH_KNOTS('',3,(#6405,#6406,#6407,#6408,#6409),
 .UNSPECIFIED.,.F.,.F.,(4,1,4),(0.,0.0243522593482234,0.0482878913571206),
 .UNSPECIFIED.);
#136=B_SPLINE_CURVE_WITH_KNOTS('',3,(#6413,#6414,#6415,#6416,#6417),
 .UNSPECIFIED.,.F.,.F.,(4,1,4),(0.,0.24295406155569,0.447477135477145),
 .UNSPECIFIED.);
#137=B_SPLINE_CURVE_WITH_KNOTS('',3,(#6418,#6419,#6420,#6421,#6422),
 .UNSPECIFIED.,.F.,.F.,(4,1,4),(0.,0.14164722636995,0.275034596795947),
 .UNSPECIFIED.);
#138=B_SPLINE_CURVE_WITH_KNOTS('',3,(#6425,#6426,#6427,#6428,#6429),
 .UNSPECIFIED.,.F.,.F.,(4,1,4),(0.,0.0779851028712772,0.162976641015978),
 .UNSPECIFIED.);
#139=B_SPLINE_CURVE_WITH_KNOTS('',3,(#6433,#6434,#6435,#6436,#6437),
 .UNSPECIFIED.,.F.,.F.,(4,1,4),(0.,0.0239357375648155,0.0482878986234067),
 .UNSPECIFIED.);
#140=B_SPLINE_CURVE_WITH_KNOTS('',3,(#6439,#6440,#6441,#6442,#6443),
 .UNSPECIFIED.,.F.,.F.,(4,1,4),(0.,0.024352326801995,0.0482879473729674),
 .UNSPECIFIED.);
#141=B_SPLINE_CURVE_WITH_KNOTS('',3,(#6447,#6448,#6449,#6450,#6451),
 .UNSPECIFIED.,.F.,.F.,(4,1,4),(0.,0.0239356498194311,0.0482879520490686),
 .UNSPECIFIED.);
#142=B_SPLINE_CURVE_WITH_KNOTS('',3,(#6453,#6454,#6455,#6456,#6457),
 .UNSPECIFIED.,.F.,.F.,(4,1,4),(0.,0.0243521610585911,0.0482879100612755),
 .UNSPECIFIED.);
#143=B_SPLINE_CURVE_WITH_KNOTS('',3,(#6461,#6462,#6463,#6464,#6465),
 .UNSPECIFIED.,.F.,.F.,(4,1,4),(0.,0.171802601097846,0.319147255229541),
 .UNSPECIFIED.);
#144=B_SPLINE_CURVE_WITH_KNOTS('',3,(#6467,#6468,#6469,#6470,#6471),
 .UNSPECIFIED.,.F.,.F.,(4,1,4),(0.,0.147090824134387,0.324580774082228),
 .UNSPECIFIED.);
#145=B_SPLINE_CURVE_WITH_KNOTS('',3,(#6473,#6474,#6475,#6476,#6477),
 .UNSPECIFIED.,.F.,.F.,(4,1,4),(0.,0.0961931716482222,0.18295882786005),
 .UNSPECIFIED.);
#146=B_SPLINE_CURVE_WITH_KNOTS('',3,(#6479,#6480,#6481,#6482,#6483),
 .UNSPECIFIED.,.F.,.F.,(4,1,4),(0.,0.078824177373265,0.151966530001283),
 .UNSPECIFIED.);
#147=B_SPLINE_CURVE_WITH_KNOTS('',3,(#6484,#6485,#6486,#6487,#6488),
 .UNSPECIFIED.,.F.,.F.,(4,1,4),(0.,0.0716813151267363,0.145036149261776),
 .UNSPECIFIED.);
#148=B_SPLINE_CURVE_WITH_KNOTS('',3,(#6491,#6492,#6493,#6494,#6495),
 .UNSPECIFIED.,.F.,.F.,(4,1,4),(0.,0.0262520957822053,0.0520807203007142),
 .UNSPECIFIED.);
#149=B_SPLINE_CURVE_WITH_KNOTS('',3,(#6497,#6498,#6499,#6500,#6501),
 .UNSPECIFIED.,.F.,.F.,(4,1,4),(0.,0.114337248455886,0.232353240081456),
 .UNSPECIFIED.);
#150=B_SPLINE_CURVE_WITH_KNOTS('',3,(#6503,#6504,#6505,#6506,#6507),
 .UNSPECIFIED.,.F.,.F.,(4,1,4),(0.,0.0753518203420314,0.14789016040759),
 .UNSPECIFIED.);
#151=B_SPLINE_CURVE_WITH_KNOTS('',3,(#6509,#6510,#6511,#6512,#6513),
 .UNSPECIFIED.,.F.,.F.,(4,1,4),(0.,0.0711336242358337,0.142395870055875),
 .UNSPECIFIED.);
#152=B_SPLINE_CURVE_WITH_KNOTS('',3,(#6515,#6516,#6517,#6518,#6519),
 .UNSPECIFIED.,.F.,.F.,(4,1,4),(0.,0.0740089033586041,0.154297802294844),
 .UNSPECIFIED.);
#153=B_SPLINE_CURVE_WITH_KNOTS('',3,(#6521,#6522,#6523,#6524,#6525),
 .UNSPECIFIED.,.F.,.F.,(4,1,4),(0.,0.0870625393043537,0.18119225013928),
 .UNSPECIFIED.);
#154=B_SPLINE_CURVE_WITH_KNOTS('',3,(#6527,#6528,#6529,#6530,#6531),
 .UNSPECIFIED.,.F.,.F.,(4,1,4),(0.,0.0928431235393398,0.180364999768224),
 .UNSPECIFIED.);
#155=B_SPLINE_CURVE_WITH_KNOTS('',3,(#6533,#6534,#6535,#6536,#6537),
 .UNSPECIFIED.,.F.,.F.,(4,1,4),(0.,0.0819306335762895,0.158029489063439),
 .UNSPECIFIED.);
#156=B_SPLINE_CURVE_WITH_KNOTS('',3,(#6539,#6540,#6541,#6542,#6543),
 .UNSPECIFIED.,.F.,.F.,(4,1,4),(0.,0.0734992635035351,0.14688220044749),
 .UNSPECIFIED.);
#157=B_SPLINE_CURVE_WITH_KNOTS('',3,(#6545,#6546,#6547,#6548,#6549),
 .UNSPECIFIED.,.F.,.F.,(4,1,4),(0.,0.073860744789679,0.148868183064792),
 .UNSPECIFIED.);
#158=B_SPLINE_CURVE_WITH_KNOTS('',3,(#6551,#6552,#6553,#6554,#6555),
 .UNSPECIFIED.,.F.,.F.,(4,1,4),(0.,0.103088156024154,0.208148757563552),
 .UNSPECIFIED.);
#159=B_SPLINE_CURVE_WITH_KNOTS('',3,(#6557,#6558,#6559,#6560,#6561),
 .UNSPECIFIED.,.F.,.F.,(4,1,4),(0.,0.0260253291574901,0.0534126273091185),
 .UNSPECIFIED.);
#160=B_SPLINE_CURVE_WITH_KNOTS('',3,(#6563,#6564,#6565,#6566,#6567),
 .UNSPECIFIED.,.F.,.F.,(4,1,4),(0.,0.022351340535218,0.0451421993489556),
 .UNSPECIFIED.);
#161=B_SPLINE_CURVE_WITH_KNOTS('',3,(#6571,#6572,#6573,#6574,#6575),
 .UNSPECIFIED.,.F.,.F.,(4,1,4),(0.,0.0230881170928496,0.0474989988839201),
 .UNSPECIFIED.);
#162=B_SPLINE_CURVE_WITH_KNOTS('',3,(#6579,#6580,#6581,#6582,#6583),
 .UNSPECIFIED.,.F.,.F.,(4,1,4),(0.,0.0211949139749872,0.0419829138850824),
 .UNSPECIFIED.);
#163=B_SPLINE_CURVE_WITH_KNOTS('',3,(#6585,#6586,#6587,#6588,#6589),
 .UNSPECIFIED.,.F.,.F.,(4,1,4),(0.,0.0472506427169256,0.093612331061731),
 .UNSPECIFIED.);
#164=B_SPLINE_CURVE_WITH_KNOTS('',3,(#6591,#6592,#6593,#6594,#6595),
 .UNSPECIFIED.,.F.,.F.,(4,1,4),(0.,0.0752876370224765,0.154277824726113),
 .UNSPECIFIED.);
#165=B_SPLINE_CURVE_WITH_KNOTS('',3,(#6597,#6598,#6599,#6600,#6601),
 .UNSPECIFIED.,.F.,.F.,(4,1,4),(0.,0.0889188829960589,0.19177942528017),
 .UNSPECIFIED.);
#166=B_SPLINE_CURVE_WITH_KNOTS('',3,(#6603,#6604,#6605,#6606,#6607),
 .UNSPECIFIED.,.F.,.F.,(4,1,4),(0.,0.106376133800622,0.194378363275683),
 .UNSPECIFIED.);
#167=B_SPLINE_CURVE_WITH_KNOTS('',3,(#6609,#6610,#6611,#6612,#6613),
 .UNSPECIFIED.,.F.,.F.,(4,1,4),(0.,0.0772789308853816,0.156095377415973),
 .UNSPECIFIED.);
#168=B_SPLINE_CURVE_WITH_KNOTS('',3,(#6615,#6616,#6617,#6618,#6619),
 .UNSPECIFIED.,.F.,.F.,(4,1,4),(0.,0.0549760770088147,0.1124946858108),
 .UNSPECIFIED.);
#169=B_SPLINE_CURVE_WITH_KNOTS('',3,(#6621,#6622,#6623,#6624,#6625),
 .UNSPECIFIED.,.F.,.F.,(4,1,4),(0.,0.0213632467814172,0.043374537184335),
 .UNSPECIFIED.);
#170=B_SPLINE_CURVE_WITH_KNOTS('',3,(#6629,#6630,#6631,#6632,#6633),
 .UNSPECIFIED.,.F.,.F.,(4,1,4),(0.,0.0236191466118702,0.0464552646555484),
 .UNSPECIFIED.);
#171=B_SPLINE_CURVE_WITH_KNOTS('',3,(#6636,#6637,#6638,#6639,#6640),
 .UNSPECIFIED.,.F.,.F.,(4,1,4),(0.,0.0236351350387242,0.0475830075970353),
 .UNSPECIFIED.);
#172=B_SPLINE_CURVE_WITH_KNOTS('',3,(#6764,#6765,#6766,#6767,#6768),
 .UNSPECIFIED.,.F.,.F.,(4,1,4),(0.,0.157246765821172,0.262285175773202),
 .UNSPECIFIED.);
#173=B_SPLINE_CURVE_WITH_KNOTS('',3,(#6772,#6773,#6774,#6775,#6776),
 .UNSPECIFIED.,.F.,.F.,(4,1,4),(0.,0.157246765821172,0.262285175773202),
 .UNSPECIFIED.);
#174=B_SPLINE_CURVE_WITH_KNOTS('',3,(#6789,#6790,#6791,#6792,#6793),
 .UNSPECIFIED.,.F.,.F.,(4,1,4),(0.,0.00165994350144865,0.003319962398328),
 .UNSPECIFIED.);
#175=B_SPLINE_CURVE_WITH_KNOTS('',3,(#6796,#6797,#6798,#6799,#6800),
 .UNSPECIFIED.,.F.,.F.,(4,1,4),(0.,0.00165994350144865,0.003319962398328),
 .UNSPECIFIED.);
#176=B_SPLINE_CURVE_WITH_KNOTS('',3,(#6812,#6813,#6814,#6815,#6816),
 .UNSPECIFIED.,.F.,.F.,(4,1,4),(0.,0.00204989160243038,0.00396066649713086),
 .UNSPECIFIED.);
#177=B_SPLINE_CURVE_WITH_KNOTS('',3,(#6819,#6820,#6821,#6822,#6823),
 .UNSPECIFIED.,.F.,.F.,(4,1,4),(0.,0.00204989160243038,0.00396066649713086),
 .UNSPECIFIED.);
#178=B_SPLINE_CURVE_WITH_KNOTS('',3,(#6835,#6836,#6837,#6838,#6839),
 .UNSPECIFIED.,.F.,.F.,(4,1,4),(0.,0.0773469466634037,0.129101089310999),
 .UNSPECIFIED.);
#179=B_SPLINE_CURVE_WITH_KNOTS('',3,(#6842,#6843,#6844,#6845,#6846),
 .UNSPECIFIED.,.F.,.F.,(4,1,4),(0.,0.0773469466634037,0.129101089310999),
 .UNSPECIFIED.);
#180=B_SPLINE_CURVE_WITH_KNOTS('',3,(#6858,#6859,#6860,#6861,#6862),
 .UNSPECIFIED.,.F.,.F.,(4,1,4),(0.,0.0550007280164699,0.133429743572592),
 .UNSPECIFIED.);
#181=B_SPLINE_CURVE_WITH_KNOTS('',3,(#6865,#6866,#6867,#6868,#6869),
 .UNSPECIFIED.,.F.,.F.,(4,1,4),(0.,0.0550007280164699,0.133429743572592),
 .UNSPECIFIED.);
#182=B_SPLINE_CURVE_WITH_KNOTS('',3,(#6887,#6888,#6889,#6890,#6891),
 .UNSPECIFIED.,.F.,.F.,(4,1,4),(0.,0.00305246349472378,0.00608223555102667),
 .UNSPECIFIED.);
#183=B_SPLINE_CURVE_WITH_KNOTS('',3,(#6894,#6895,#6896,#6897,#6898),
 .UNSPECIFIED.,.F.,.F.,(4,1,4),(0.,0.00305246349472378,0.00608223555102667),
 .UNSPECIFIED.);
#184=B_SPLINE_CURVE_WITH_KNOTS('',3,(#6910,#6911,#6912,#6913,#6914),
 .UNSPECIFIED.,.F.,.F.,(4,1,4),(0.,0.00296076011654754,0.00603569672932433),
 .UNSPECIFIED.);
#185=B_SPLINE_CURVE_WITH_KNOTS('',3,(#6917,#6918,#6919,#6920,#6921),
 .UNSPECIFIED.,.F.,.F.,(4,1,4),(0.,0.00296076011654754,0.00603569672932433),
 .UNSPECIFIED.);
#186=B_SPLINE_CURVE_WITH_KNOTS('',3,(#6939,#6940,#6941,#6942,#6943),
 .UNSPECIFIED.,.F.,.F.,(4,1,4),(0.,0.00307493661277678,0.00603569672932433),
 .UNSPECIFIED.);
#187=B_SPLINE_CURVE_WITH_KNOTS('',3,(#6946,#6947,#6948,#6949,#6950),
 .UNSPECIFIED.,.F.,.F.,(4,1,4),(0.,0.00307493661277678,0.00603569672932433),
 .UNSPECIFIED.);
#188=B_SPLINE_CURVE_WITH_KNOTS('',3,(#6962,#6963,#6964,#6965,#6966),
 .UNSPECIFIED.,.F.,.F.,(4,1,4),(0.,0.00302976173036107,0.00608217397418284),
 .UNSPECIFIED.);
#189=B_SPLINE_CURVE_WITH_KNOTS('',3,(#6969,#6970,#6971,#6972,#6973),
 .UNSPECIFIED.,.F.,.F.,(4,1,4),(0.,0.00302976173036107,0.00608217397418284),
 .UNSPECIFIED.);
#190=B_SPLINE_CURVE_WITH_KNOTS('',3,(#6990,#6991,#6992,#6993,#6994),
 .UNSPECIFIED.,.F.,.F.,(4,1,4),(0.,0.0213824976836482,0.0426489549122263),
 .UNSPECIFIED.);
#191=B_SPLINE_CURVE_WITH_KNOTS('',3,(#7008,#7009,#7010,#7011,#7012),
 .UNSPECIFIED.,.F.,.F.,(4,1,4),(0.,0.0141099172461061,0.0283364675210161),
 .UNSPECIFIED.);
#192=B_SPLINE_CURVE_WITH_KNOTS('',3,(#7025,#7026,#7027,#7028,#7029),
 .UNSPECIFIED.,.F.,.F.,(4,1,4),(0.,0.00725937692259146,0.0138421017504472),
 .UNSPECIFIED.);
#193=B_SPLINE_CURVE_WITH_KNOTS('',3,(#7046,#7047,#7048,#7049,#7050),
 .UNSPECIFIED.,.F.,.F.,(4,1,4),(0.,0.0264470573986444,0.0529747545025698),
 .UNSPECIFIED.);
#194=B_SPLINE_CURVE_WITH_KNOTS('',3,(#7063,#7064,#7065,#7066,#7067),
 .UNSPECIFIED.,.F.,.F.,(4,1,4),(0.,0.0263008297250324,0.0526565419523276),
 .UNSPECIFIED.);
#195=B_SPLINE_CURVE_WITH_KNOTS('',3,(#7084,#7085,#7086,#7087,#7088),
 .UNSPECIFIED.,.F.,.F.,(4,1,4),(0.,0.0265886338258247,0.0536675249745964),
 .UNSPECIFIED.);
#196=B_SPLINE_CURVE_WITH_KNOTS('',3,(#7101,#7102,#7103,#7104,#7105),
 .UNSPECIFIED.,.F.,.F.,(4,1,4),(0.,0.0265276971039254,0.0529748385000818),
 .UNSPECIFIED.);
#197=B_SPLINE_CURVE_WITH_KNOTS('',3,(#7122,#7123,#7124,#7125,#7126),
 .UNSPECIFIED.,.F.,.F.,(4,1,4),(0.,0.00658271532152734,0.0138421181047627),
 .UNSPECIFIED.);
#198=B_SPLINE_CURVE_WITH_KNOTS('',3,(#7139,#7140,#7141,#7142,#7143),
 .UNSPECIFIED.,.F.,.F.,(4,1,4),(0.,0.0142265205842966,0.0283364378304027),
 .UNSPECIFIED.);
#199=B_SPLINE_CURVE_WITH_KNOTS('',3,(#7156,#7157,#7158,#7159,#7160),
 .UNSPECIFIED.,.F.,.F.,(4,1,4),(0.,0.0212662563999637,0.0426489223595588),
 .UNSPECIFIED.);
#200=B_SPLINE_CURVE_WITH_KNOTS('',3,(#7177,#7178,#7179,#7180,#7181),
 .UNSPECIFIED.,.F.,.F.,(4,1,4),(0.,0.0261944082283811,0.052386304041005),
 .UNSPECIFIED.);
#201=B_SPLINE_CURVE_WITH_KNOTS('',3,(#7194,#7195,#7196,#7197,#7198),
 .UNSPECIFIED.,.F.,.F.,(4,1,4),(0.,0.0262510036090513,0.0525256395419765),
 .UNSPECIFIED.);
#202=B_SPLINE_CURVE_WITH_KNOTS('',3,(#7215,#7216,#7217,#7218,#7219),
 .UNSPECIFIED.,.F.,.F.,(4,1,4),(0.,0.0068141136067023,0.0130361981608581),
 .UNSPECIFIED.);
#203=B_SPLINE_CURVE_WITH_KNOTS('',3,(#7236,#7237,#7238,#7239,#7240),
 .UNSPECIFIED.,.F.,.F.,(4,1,4),(0.,0.00662431195467126,0.0136914421948016),
 .UNSPECIFIED.);
#204=B_SPLINE_CURVE_WITH_KNOTS('',3,(#7257,#7258,#7259,#7260,#7261),
 .UNSPECIFIED.,.F.,.F.,(4,1,4),(0.,0.0262745543608214,0.0525255085063034),
 .UNSPECIFIED.);
#205=B_SPLINE_CURVE_WITH_KNOTS('',3,(#7274,#7275,#7276,#7277,#7278),
 .UNSPECIFIED.,.F.,.F.,(4,1,4),(0.,0.0261918958126239,0.0523864085570907),
 .UNSPECIFIED.);
#206=B_SPLINE_CURVE_WITH_KNOTS('',3,(#7294,#7295,#7296,#7297,#7298),
 .UNSPECIFIED.,.F.,.F.,(4,1,4),(0.,0.0466207216758687,0.108950167445433),
 .UNSPECIFIED.);
#207=B_SPLINE_CURVE_WITH_KNOTS('',3,(#7302,#7303,#7304,#7305,#7306),
 .UNSPECIFIED.,.F.,.F.,(4,1,4),(0.,0.0466207216758687,0.108950167445433),
 .UNSPECIFIED.);
#208=B_SPLINE_CURVE_WITH_KNOTS('',3,(#7319,#7320,#7321,#7322,#7323),
 .UNSPECIFIED.,.F.,.F.,(4,1,4),(0.,0.0473624304287795,0.0872353318845094),
 .UNSPECIFIED.);
#209=B_SPLINE_CURVE_WITH_KNOTS('',3,(#7326,#7327,#7328,#7329,#7330),
 .UNSPECIFIED.,.F.,.F.,(4,1,4),(0.,0.0473624304287795,0.0872353318845094),
 .UNSPECIFIED.);
#210=B_SPLINE_CURVE_WITH_KNOTS('',3,(#7342,#7343,#7344,#7345,#7346),
 .UNSPECIFIED.,.F.,.F.,(4,1,4),(0.,0.0444899340296155,0.0949986531048123),
 .UNSPECIFIED.);
#211=B_SPLINE_CURVE_WITH_KNOTS('',3,(#7349,#7350,#7351,#7352,#7353),
 .UNSPECIFIED.,.F.,.F.,(4,1,4),(0.,0.0444899340296155,0.0949986531048123),
 .UNSPECIFIED.);
#212=B_SPLINE_CURVE_WITH_KNOTS('',3,(#7365,#7366,#7367,#7368,#7369),
 .UNSPECIFIED.,.F.,.F.,(4,1,4),(0.,0.0611882958198678,0.109959591043238),
 .UNSPECIFIED.);
#213=B_SPLINE_CURVE_WITH_KNOTS('',3,(#7372,#7373,#7374,#7375,#7376),
 .UNSPECIFIED.,.F.,.F.,(4,1,4),(0.,0.0611882958198678,0.109959591043238),
 .UNSPECIFIED.);
#214=B_SPLINE_CURVE_WITH_KNOTS('',3,(#7394,#7395,#7396,#7397,#7398),
 .UNSPECIFIED.,.F.,.F.,(4,1,4),(0.,0.00589828623535586,0.0124598897815002),
 .UNSPECIFIED.);
#215=B_SPLINE_CURVE_WITH_KNOTS('',3,(#7401,#7402,#7403,#7404,#7405),
 .UNSPECIFIED.,.F.,.F.,(4,1,4),(0.,0.00589828623535586,0.0124598897815002),
 .UNSPECIFIED.);
#216=B_SPLINE_CURVE_WITH_KNOTS('',3,(#7423,#7424,#7425,#7426,#7427),
 .UNSPECIFIED.,.F.,.F.,(4,1,4),(0.,0.00656160354614431,0.0124598340816907),
 .UNSPECIFIED.);
#217=B_SPLINE_CURVE_WITH_KNOTS('',3,(#7430,#7431,#7432,#7433,#7434),
 .UNSPECIFIED.,.F.,.F.,(4,1,4),(0.,0.00656160354614431,0.0124598340816907),
 .UNSPECIFIED.);
#218=B_SPLINE_CURVE_WITH_KNOTS('',3,(#7451,#7452,#7453,#7454,#7455),
 .UNSPECIFIED.,.F.,.F.,(4,1,4),(0.,0.00556793586562945,0.0111357284301938),
 .UNSPECIFIED.);
#219=B_SPLINE_CURVE_WITH_KNOTS('',3,(#7469,#7470,#7471,#7472,#7473),
 .UNSPECIFIED.,.F.,.F.,(4,1,4),(0.,0.14164722636995,0.275034596795947),
 .UNSPECIFIED.);
#220=B_SPLINE_CURVE_WITH_KNOTS('',3,(#7486,#7487,#7488,#7489,#7490),
 .UNSPECIFIED.,.F.,.F.,(4,1,4),(0.,0.24295406155569,0.447477135477145),
 .UNSPECIFIED.);
#221=B_SPLINE_CURVE_WITH_KNOTS('',3,(#7507,#7508,#7509,#7510,#7511),
 .UNSPECIFIED.,.F.,.F.,(4,1,4),(0.,0.0243522593482234,0.0482878913571206),
 .UNSPECIFIED.);
#222=B_SPLINE_CURVE_WITH_KNOTS('',3,(#7524,#7525,#7526,#7527,#7528),
 .UNSPECIFIED.,.F.,.F.,(4,1,4),(0.,0.0239356498194311,0.048287884595229),
 .UNSPECIFIED.);
#223=B_SPLINE_CURVE_WITH_KNOTS('',3,(#7545,#7546,#7547,#7548,#7549),
 .UNSPECIFIED.,.F.,.F.,(4,1,4),(0.,0.0243522593482234,0.0482878799191959),
 .UNSPECIFIED.);
#224=B_SPLINE_CURVE_WITH_KNOTS('',3,(#7562,#7563,#7564,#7565,#7566),
 .UNSPECIFIED.,.F.,.F.,(4,1,4),(0.,0.0239356205709724,0.0482878799191959),
 .UNSPECIFIED.);
#225=B_SPLINE_CURVE_WITH_KNOTS('',3,(#7583,#7584,#7585,#7586,#7587),
 .UNSPECIFIED.,.F.,.F.,(4,1,4),(0.,0.0242441561094361,0.0488241503193556),
 .UNSPECIFIED.);
#226=B_SPLINE_CURVE_WITH_KNOTS('',3,(#7600,#7601,#7602,#7603,#7604),
 .UNSPECIFIED.,.F.,.F.,(4,1,4),(0.,0.0239107813785037,0.0480424916169999),
 .UNSPECIFIED.);
#227=B_SPLINE_CURVE_WITH_KNOTS('',3,(#7621,#7622,#7623,#7624,#7625),
 .UNSPECIFIED.,.F.,.F.,(4,1,4),(0.,0.00656160354614431,0.0124597783819575),
 .UNSPECIFIED.);
#228=B_SPLINE_CURVE_WITH_KNOTS('',3,(#7642,#7643,#7644,#7645,#7646),
 .UNSPECIFIED.,.F.,.F.,(4,1,4),(0.,0.00686945088383736,0.0136174084670225),
 .UNSPECIFIED.);
#229=B_SPLINE_CURVE_WITH_KNOTS('',3,(#7663,#7664,#7665,#7666,#7667),
 .UNSPECIFIED.,.F.,.F.,(4,1,4),(0.,0.0279354616636841,0.0558388413273292),
 .UNSPECIFIED.);
#230=B_SPLINE_CURVE_WITH_KNOTS('',3,(#7680,#7681,#7682,#7683,#7684),
 .UNSPECIFIED.,.F.,.F.,(4,1,4),(0.,0.0276729533327746,0.0555369523150737),
 .UNSPECIFIED.);
#231=B_SPLINE_CURVE_WITH_KNOTS('',3,(#7701,#7702,#7703,#7704,#7705),
 .UNSPECIFIED.,.F.,.F.,(4,1,4),(0.,0.0185628242559059,0.036705356159117),
 .UNSPECIFIED.);
#232=B_SPLINE_CURVE_WITH_KNOTS('',3,(#7718,#7719,#7720,#7721,#7722),
 .UNSPECIFIED.,.F.,.F.,(4,1,4),(0.,0.00876035079083863,0.01875481979368),
 .UNSPECIFIED.);
#233=B_SPLINE_CURVE_WITH_KNOTS('',3,(#7735,#7736,#7737,#7738,#7739),
 .UNSPECIFIED.,.F.,.F.,(4,1,4),(0.,0.00921635178296224,0.0184624324364101),
 .UNSPECIFIED.);
#234=B_SPLINE_CURVE_WITH_KNOTS('',3,(#7755,#7756,#7757,#7758,#7759),
 .UNSPECIFIED.,.F.,.F.,(4,1,4),(0.,0.00656173467642346,0.0124599095122367),
 .UNSPECIFIED.);
#235=B_SPLINE_CURVE_WITH_KNOTS('',3,(#7763,#7764,#7765,#7766,#7767),
 .UNSPECIFIED.,.F.,.F.,(4,1,4),(0.,0.00656173467642346,0.0124599095122367),
 .UNSPECIFIED.);
#236=B_SPLINE_CURVE_WITH_KNOTS('',3,(#7786,#7787,#7788,#7789,#7790),
 .UNSPECIFIED.,.F.,.F.,(4,1,4),(0.,0.0421079925457194,0.0902260160960786),
 .UNSPECIFIED.);
#237=B_SPLINE_CURVE_WITH_KNOTS('',3,(#7793,#7794,#7795,#7796,#7797),
 .UNSPECIFIED.,.F.,.F.,(4,1,4),(0.,0.0421079925457194,0.0902260160960786),
 .UNSPECIFIED.);
#238=B_SPLINE_CURVE_WITH_KNOTS('',3,(#7809,#7810,#7811,#7812,#7813),
 .UNSPECIFIED.,.F.,.F.,(4,1,4),(0.,0.0397152711535597,0.0788837480093389),
 .UNSPECIFIED.);
#239=B_SPLINE_CURVE_WITH_KNOTS('',3,(#7816,#7817,#7818,#7819,#7820),
 .UNSPECIFIED.,.F.,.F.,(4,1,4),(0.,0.0397152711535597,0.0788837480093389),
 .UNSPECIFIED.);
#240=B_SPLINE_CURVE_WITH_KNOTS('',3,(#7832,#7833,#7834,#7835,#7836),
 .UNSPECIFIED.,.F.,.F.,(4,1,4),(0.,0.0473973762620696,0.0892890814307439),
 .UNSPECIFIED.);
#241=B_SPLINE_CURVE_WITH_KNOTS('',3,(#7839,#7840,#7841,#7842,#7843),
 .UNSPECIFIED.,.F.,.F.,(4,1,4),(0.,0.0473973762620696,0.0892890814307439),
 .UNSPECIFIED.);
#242=B_SPLINE_CURVE_WITH_KNOTS('',3,(#7855,#7856,#7857,#7858,#7859),
 .UNSPECIFIED.,.F.,.F.,(4,1,4),(0.,0.0642939346693421,0.119508929172826),
 .UNSPECIFIED.);
#243=B_SPLINE_CURVE_WITH_KNOTS('',3,(#7862,#7863,#7864,#7865,#7866),
 .UNSPECIFIED.,.F.,.F.,(4,1,4),(0.,0.0642939346693421,0.119508929172826),
 .UNSPECIFIED.);
#244=B_SPLINE_CURVE_WITH_KNOTS('',3,(#7878,#7879,#7880,#7881,#7882),
 .UNSPECIFIED.,.F.,.F.,(4,1,4),(0.,0.0882584433202536,0.204382386377392),
 .UNSPECIFIED.);
#245=B_SPLINE_CURVE_WITH_KNOTS('',3,(#7885,#7886,#7887,#7888,#7889),
 .UNSPECIFIED.,.F.,.F.,(4,1,4),(0.,0.0882584433202536,0.204382386377392),
 .UNSPECIFIED.);
#246=B_SPLINE_CURVE_WITH_KNOTS('',3,(#7901,#7902,#7903,#7904,#7905),
 .UNSPECIFIED.,.F.,.F.,(4,1,4),(0.,0.0942875075274646,0.176221873343863),
 .UNSPECIFIED.);
#247=B_SPLINE_CURVE_WITH_KNOTS('',3,(#7908,#7909,#7910,#7911,#7912),
 .UNSPECIFIED.,.F.,.F.,(4,1,4),(0.,0.0942875075274646,0.176221873343863),
 .UNSPECIFIED.);
#248=B_SPLINE_CURVE_WITH_KNOTS('',3,(#7930,#7931,#7932,#7933,#7934),
 .UNSPECIFIED.,.F.,.F.,(4,1,4),(0.,0.00663988709733551,0.013279887286426),
 .UNSPECIFIED.);
#249=B_SPLINE_CURVE_WITH_KNOTS('',3,(#7937,#7938,#7939,#7940,#7941),
 .UNSPECIFIED.,.F.,.F.,(4,1,4),(0.,0.00663988709733551,0.013279887286426),
 .UNSPECIFIED.);
#250=B_SPLINE_CURVE_WITH_KNOTS('',3,(#7958,#7959,#7960,#7961,#7962),
 .UNSPECIFIED.,.F.,.F.,(4,1,4),(0.,0.0779851028712772,0.162976641015978),
 .UNSPECIFIED.);
#251=B_SPLINE_CURVE_WITH_KNOTS('',3,(#7976,#7977,#7978,#7979,#7980),
 .UNSPECIFIED.,.F.,.F.,(4,1,4),(0.,0.0716813151267363,0.145036149261776),
 .UNSPECIFIED.);
#252=B_SPLINE_CURVE_WITH_KNOTS('',3,(#7993,#7994,#7995,#7996,#7997),
 .UNSPECIFIED.,.F.,.F.,(4,1,4),(0.,0.078824177373265,0.151966530001283),
 .UNSPECIFIED.);
#253=B_SPLINE_CURVE_WITH_KNOTS('',3,(#8010,#8011,#8012,#8013,#8014),
 .UNSPECIFIED.,.F.,.F.,(4,1,4),(0.,0.0961931716482222,0.18295882786005),
 .UNSPECIFIED.);
#254=B_SPLINE_CURVE_WITH_KNOTS('',3,(#8027,#8028,#8029,#8030,#8031),
 .UNSPECIFIED.,.F.,.F.,(4,1,4),(0.,0.147090824134387,0.324580774082228),
 .UNSPECIFIED.);
#255=B_SPLINE_CURVE_WITH_KNOTS('',3,(#8044,#8045,#8046,#8047,#8048),
 .UNSPECIFIED.,.F.,.F.,(4,1,4),(0.,0.171802601097846,0.319147255229541),
 .UNSPECIFIED.);
#256=B_SPLINE_CURVE_WITH_KNOTS('',3,(#8065,#8066,#8067,#8068,#8069),
 .UNSPECIFIED.,.F.,.F.,(4,1,4),(0.,0.0243521610585911,0.0482879100612755),
 .UNSPECIFIED.);
#257=B_SPLINE_CURVE_WITH_KNOTS('',3,(#8082,#8083,#8084,#8085,#8086),
 .UNSPECIFIED.,.F.,.F.,(4,1,4),(0.,0.0239356498194311,0.0482879520490686),
 .UNSPECIFIED.);
#258=B_SPLINE_CURVE_WITH_KNOTS('',3,(#8103,#8104,#8105,#8106,#8107),
 .UNSPECIFIED.,.F.,.F.,(4,1,4),(0.,0.024352326801995,0.0482879473729674),
 .UNSPECIFIED.);
#259=B_SPLINE_CURVE_WITH_KNOTS('',3,(#8120,#8121,#8122,#8123,#8124),
 .UNSPECIFIED.,.F.,.F.,(4,1,4),(0.,0.0239357375648155,0.0482878986234067),
 .UNSPECIFIED.);
#260=B_SPLINE_CURVE_WITH_KNOTS('',3,(#8141,#8142,#8143,#8144,#8145),
 .UNSPECIFIED.,.F.,.F.,(4,1,4),(0.,0.0262520957822053,0.0520807203007142),
 .UNSPECIFIED.);
#261=B_SPLINE_CURVE_WITH_KNOTS('',3,(#8159,#8160,#8161,#8162,#8163),
 .UNSPECIFIED.,.F.,.F.,(4,1,4),(0.,0.0236351350387242,0.0475830075970353),
 .UNSPECIFIED.);
#262=B_SPLINE_CURVE_WITH_KNOTS('',3,(#8180,#8181,#8182,#8183,#8184),
 .UNSPECIFIED.,.F.,.F.,(4,1,4),(0.,0.0236191466118702,0.0464552646555484),
 .UNSPECIFIED.);
#263=B_SPLINE_CURVE_WITH_KNOTS('',3,(#8188,#8189,#8190,#8191,#8192),
 .UNSPECIFIED.,.F.,.F.,(4,1,4),(0.,0.00209969282150269,0.00419944524765015),
 .UNSPECIFIED.);
#264=B_SPLINE_CURVE_WITH_KNOTS('',3,(#8205,#8206,#8207,#8208,#8209),
 .UNSPECIFIED.,.F.,.F.,(4,1,4),(0.,0.0213632467814172,0.043374537184335),
 .UNSPECIFIED.);
#265=B_SPLINE_CURVE_WITH_KNOTS('',3,(#8222,#8223,#8224,#8225,#8226),
 .UNSPECIFIED.,.F.,.F.,(4,1,4),(0.,0.0549760770088147,0.1124946858108),
 .UNSPECIFIED.);
#266=B_SPLINE_CURVE_WITH_KNOTS('',3,(#8239,#8240,#8241,#8242,#8243),
 .UNSPECIFIED.,.F.,.F.,(4,1,4),(0.,0.0772789308853816,0.156095377415973),
 .UNSPECIFIED.);
#267=B_SPLINE_CURVE_WITH_KNOTS('',3,(#8256,#8257,#8258,#8259,#8260),
 .UNSPECIFIED.,.F.,.F.,(4,1,4),(0.,0.106376133800622,0.194378363275683),
 .UNSPECIFIED.);
#268=B_SPLINE_CURVE_WITH_KNOTS('',3,(#8273,#8274,#8275,#8276,#8277),
 .UNSPECIFIED.,.F.,.F.,(4,1,4),(0.,0.0889188829960589,0.19177942528017),
 .UNSPECIFIED.);
#269=B_SPLINE_CURVE_WITH_KNOTS('',3,(#8290,#8291,#8292,#8293,#8294),
 .UNSPECIFIED.,.F.,.F.,(4,1,4),(0.,0.0752876370224765,0.154277824726113),
 .UNSPECIFIED.);
#270=B_SPLINE_CURVE_WITH_KNOTS('',3,(#8307,#8308,#8309,#8310,#8311),
 .UNSPECIFIED.,.F.,.F.,(4,1,4),(0.,0.0472506427169256,0.093612331061731),
 .UNSPECIFIED.);
#271=B_SPLINE_CURVE_WITH_KNOTS('',3,(#8324,#8325,#8326,#8327,#8328),
 .UNSPECIFIED.,.F.,.F.,(4,1,4),(0.,0.0211949139749872,0.0419829138850824),
 .UNSPECIFIED.);
#272=B_SPLINE_CURVE_WITH_KNOTS('',3,(#8332,#8333,#8334,#8335,#8336),
 .UNSPECIFIED.,.F.,.F.,(4,1,4),(0.,0.00393706560134888,0.00734907388687134),
 .UNSPECIFIED.);
#273=B_SPLINE_CURVE_WITH_KNOTS('',3,(#8349,#8350,#8351,#8352,#8353),
 .UNSPECIFIED.,.F.,.F.,(4,1,4),(0.,0.0230881170928496,0.0474989988839201),
 .UNSPECIFIED.);
#274=B_SPLINE_CURVE_WITH_KNOTS('',3,(#8370,#8371,#8372,#8373,#8374),
 .UNSPECIFIED.,.F.,.F.,(4,1,4),(0.,0.022351340535218,0.0451421993489556),
 .UNSPECIFIED.);
#275=B_SPLINE_CURVE_WITH_KNOTS('',3,(#8387,#8388,#8389,#8390,#8391),
 .UNSPECIFIED.,.F.,.F.,(4,1,4),(0.,0.0260253291574901,0.0534126273091185),
 .UNSPECIFIED.);
#276=B_SPLINE_CURVE_WITH_KNOTS('',3,(#8404,#8405,#8406,#8407,#8408),
 .UNSPECIFIED.,.F.,.F.,(4,1,4),(0.,0.103088156024154,0.208148757563552),
 .UNSPECIFIED.);
#277=B_SPLINE_CURVE_WITH_KNOTS('',3,(#8421,#8422,#8423,#8424,#8425),
 .UNSPECIFIED.,.F.,.F.,(4,1,4),(0.,0.073860744789679,0.148868183064792),
 .UNSPECIFIED.);
#278=B_SPLINE_CURVE_WITH_KNOTS('',3,(#8438,#8439,#8440,#8441,#8442),
 .UNSPECIFIED.,.F.,.F.,(4,1,4),(0.,0.0734992635035351,0.14688220044749),
 .UNSPECIFIED.);
#279=B_SPLINE_CURVE_WITH_KNOTS('',3,(#8455,#8456,#8457,#8458,#8459),
 .UNSPECIFIED.,.F.,.F.,(4,1,4),(0.,0.0819306335762895,0.158029489063439),
 .UNSPECIFIED.);
#280=B_SPLINE_CURVE_WITH_KNOTS('',3,(#8472,#8473,#8474,#8475,#8476),
 .UNSPECIFIED.,.F.,.F.,(4,1,4),(0.,0.0928431235393398,0.180364999768224),
 .UNSPECIFIED.);
#281=B_SPLINE_CURVE_WITH_KNOTS('',3,(#8489,#8490,#8491,#8492,#8493),
 .UNSPECIFIED.,.F.,.F.,(4,1,4),(0.,0.0870625393043537,0.18119225013928),
 .UNSPECIFIED.);
#282=B_SPLINE_CURVE_WITH_KNOTS('',3,(#8506,#8507,#8508,#8509,#8510),
 .UNSPECIFIED.,.F.,.F.,(4,1,4),(0.,0.0740089033586041,0.154297802294844),
 .UNSPECIFIED.);
#283=B_SPLINE_CURVE_WITH_KNOTS('',3,(#8523,#8524,#8525,#8526,#8527),
 .UNSPECIFIED.,.F.,.F.,(4,1,4),(0.,0.0711336242358337,0.142395870055875),
 .UNSPECIFIED.);
#284=B_SPLINE_CURVE_WITH_KNOTS('',3,(#8540,#8541,#8542,#8543,#8544),
 .UNSPECIFIED.,.F.,.F.,(4,1,4),(0.,0.0753518203420314,0.14789016040759),
 .UNSPECIFIED.);
#285=B_SPLINE_CURVE_WITH_KNOTS('',3,(#8555,#8556,#8557,#8558,#8559),
 .UNSPECIFIED.,.F.,.F.,(4,1,4),(0.,0.114337248455886,0.232353240081456),
 .UNSPECIFIED.);
#286=ELLIPSE('',#4691,1.41421343277156,1.);
#287=ELLIPSE('',#4693,1.41421353708499,1.);
#288=ELLIPSE('',#4695,2.82842717532241,2.);
#289=ELLIPSE('',#4696,2.82842712474619,2.);
#290=ELLIPSE('',#4702,2.82842712474619,2.);
#291=ELLIPSE('',#4704,2.82842712474619,2.);
#292=ELLIPSE('',#4711,2.82842712474619,2.);
#293=ELLIPSE('',#4713,2.82842738394933,2.);
#294=TOROIDAL_SURFACE('',#4650,2.,1.);
#295=TOROIDAL_SURFACE('',#4657,2.,1.);
#296=TOROIDAL_SURFACE('',#4663,2.,1.);
#297=TOROIDAL_SURFACE('',#4669,2.,1.);
#298=TOROIDAL_SURFACE('',#4821,5.,1.);
#299=TOROIDAL_SURFACE('',#4834,5.,1.);
#300=TOROIDAL_SURFACE('',#4840,5.,1.);
#301=TOROIDAL_SURFACE('',#4846,5.,1.);
#302=FACE_BOUND('',#682,.T.);
#303=FACE_BOUND('',#711,.T.);
#304=FACE_BOUND('',#713,.T.);
#305=FACE_BOUND('',#714,.T.);
#306=FACE_BOUND('',#742,.T.);
#307=FACE_BOUND('',#743,.T.);
#308=FACE_BOUND('',#744,.T.);
#309=FACE_BOUND('',#745,.T.);
#310=FACE_BOUND('',#746,.T.);
#311=FACE_BOUND('',#806,.T.);
#312=FACE_BOUND('',#841,.T.);
#313=FACE_BOUND('',#867,.T.);
#314=FACE_BOUND('',#915,.T.);
#315=FACE_BOUND('',#916,.T.);
#316=FACE_BOUND('',#917,.T.);
#317=FACE_BOUND('',#918,.T.);
#318=FACE_BOUND('',#928,.T.);
#319=FACE_BOUND('',#931,.T.);
#320=FACE_BOUND('',#936,.T.);
#321=FACE_BOUND('',#939,.T.);
#322=FACE_BOUND('',#941,.T.);
#323=FACE_BOUND('',#943,.T.);
#324=FACE_BOUND('',#945,.T.);
#325=PLANE('',#4612);
#326=PLANE('',#4614);
#327=PLANE('',#4620);
#328=PLANE('',#4626);
#329=PLANE('',#4629);
#330=PLANE('',#4636);
#331=PLANE('',#4637);
#332=PLANE('',#4638);
#333=PLANE('',#4639);
#334=PLANE('',#4640);
#335=PLANE('',#4641);
#336=PLANE('',#4643);
#337=PLANE('',#4644);
#338=PLANE('',#4647);
#339=PLANE('',#4674);
#340=PLANE('',#4677);
#341=PLANE('',#4680);
#342=PLANE('',#4685);
#343=PLANE('',#4699);
#344=PLANE('',#4707);
#345=PLANE('',#4708);
#346=PLANE('',#4714);
#347=PLANE('',#4717);
#348=PLANE('',#4721);
#349=PLANE('',#4725);
#350=PLANE('',#4726);
#351=PLANE('',#4727);
#352=PLANE('',#4728);
#353=PLANE('',#4729);
#354=PLANE('',#4730);
#355=PLANE('',#4731);
#356=PLANE('',#4732);
#357=PLANE('',#4737);
#358=PLANE('',#4740);
#359=PLANE('',#4745);
#360=PLANE('',#4746);
#361=PLANE('',#4749);
#362=PLANE('',#4750);
#363=PLANE('',#4751);
#364=PLANE('',#4752);
#365=PLANE('',#4753);
#366=PLANE('',#4754);
#367=PLANE('',#4755);
#368=PLANE('',#4756);
#369=PLANE('',#4757);
#370=PLANE('',#4758);
#371=PLANE('',#4759);
#372=PLANE('',#4762);
#373=PLANE('',#4763);
#374=PLANE('',#4764);
#375=PLANE('',#4765);
#376=PLANE('',#4766);
#377=PLANE('',#4767);
#378=PLANE('',#4768);
#379=PLANE('',#4769);
#380=PLANE('',#4770);
#381=PLANE('',#4771);
#382=PLANE('',#4772);
#383=PLANE('',#4773);
#384=PLANE('',#4774);
#385=PLANE('',#4775);
#386=PLANE('',#4776);
#387=PLANE('',#4777);
#388=PLANE('',#4778);
#389=PLANE('',#4779);
#390=PLANE('',#4780);
#391=PLANE('',#4781);
#392=PLANE('',#4782);
#393=PLANE('',#4783);
#394=PLANE('',#4784);
#395=PLANE('',#4785);
#396=PLANE('',#4786);
#397=PLANE('',#4787);
#398=PLANE('',#4788);
#399=PLANE('',#4789);
#400=PLANE('',#4790);
#401=PLANE('',#4791);
#402=PLANE('',#4792);
#403=PLANE('',#4793);
#404=PLANE('',#4794);
#405=PLANE('',#4795);
#406=PLANE('',#4796);
#407=PLANE('',#4797);
#408=PLANE('',#4798);
#409=PLANE('',#4799);
#410=PLANE('',#4800);
#411=PLANE('',#4801);
#412=PLANE('',#4802);
#413=PLANE('',#4803);
#414=PLANE('',#4805);
#415=PLANE('',#4807);
#416=PLANE('',#4810);
#417=PLANE('',#4811);
#418=PLANE('',#4815);
#419=PLANE('',#4819);
#420=PLANE('',#4820);
#421=PLANE('',#4826);
#422=PLANE('',#4854);
#423=PLANE('',#4858);
#424=PLANE('',#4865);
#425=PLANE('',#4867);
#426=PLANE('',#4868);
#427=PLANE('',#4869);
#428=PLANE('',#4870);
#429=FACE_OUTER_BOUND('',#676,.T.);
#430=FACE_OUTER_BOUND('',#677,.T.);
#431=FACE_OUTER_BOUND('',#678,.T.);
#432=FACE_OUTER_BOUND('',#679,.T.);
#433=FACE_OUTER_BOUND('',#680,.T.);
#434=FACE_OUTER_BOUND('',#681,.T.);
#435=FACE_OUTER_BOUND('',#683,.T.);
#436=FACE_OUTER_BOUND('',#684,.T.);
#437=FACE_OUTER_BOUND('',#685,.T.);
#438=FACE_OUTER_BOUND('',#686,.T.);
#439=FACE_OUTER_BOUND('',#687,.T.);
#440=FACE_OUTER_BOUND('',#688,.T.);
#441=FACE_OUTER_BOUND('',#689,.T.);
#442=FACE_OUTER_BOUND('',#690,.T.);
#443=FACE_OUTER_BOUND('',#691,.T.);
#444=FACE_OUTER_BOUND('',#692,.T.);
#445=FACE_OUTER_BOUND('',#693,.T.);
#446=FACE_OUTER_BOUND('',#694,.T.);
#447=FACE_OUTER_BOUND('',#695,.T.);
#448=FACE_OUTER_BOUND('',#696,.T.);
#449=FACE_OUTER_BOUND('',#697,.T.);
#450=FACE_OUTER_BOUND('',#698,.T.);
#451=FACE_OUTER_BOUND('',#699,.T.);
#452=FACE_OUTER_BOUND('',#700,.T.);
#453=FACE_OUTER_BOUND('',#701,.T.);
#454=FACE_OUTER_BOUND('',#702,.T.);
#455=FACE_OUTER_BOUND('',#703,.T.);
#456=FACE_OUTER_BOUND('',#704,.T.);
#457=FACE_OUTER_BOUND('',#705,.T.);
#458=FACE_OUTER_BOUND('',#706,.T.);
#459=FACE_OUTER_BOUND('',#707,.T.);
#460=FACE_OUTER_BOUND('',#708,.T.);
#461=FACE_OUTER_BOUND('',#709,.T.);
#462=FACE_OUTER_BOUND('',#710,.T.);
#463=FACE_OUTER_BOUND('',#712,.T.);
#464=FACE_OUTER_BOUND('',#715,.T.);
#465=FACE_OUTER_BOUND('',#716,.T.);
#466=FACE_OUTER_BOUND('',#717,.T.);
#467=FACE_OUTER_BOUND('',#718,.T.);
#468=FACE_OUTER_BOUND('',#719,.T.);
#469=FACE_OUTER_BOUND('',#720,.T.);
#470=FACE_OUTER_BOUND('',#721,.T.);
#471=FACE_OUTER_BOUND('',#722,.T.);
#472=FACE_OUTER_BOUND('',#723,.T.);
#473=FACE_OUTER_BOUND('',#724,.T.);
#474=FACE_OUTER_BOUND('',#725,.T.);
#475=FACE_OUTER_BOUND('',#726,.T.);
#476=FACE_OUTER_BOUND('',#727,.T.);
#477=FACE_OUTER_BOUND('',#728,.T.);
#478=FACE_OUTER_BOUND('',#729,.T.);
#479=FACE_OUTER_BOUND('',#730,.T.);
#480=FACE_OUTER_BOUND('',#731,.T.);
#481=FACE_OUTER_BOUND('',#732,.T.);
#482=FACE_OUTER_BOUND('',#733,.T.);
#483=FACE_OUTER_BOUND('',#734,.T.);
#484=FACE_OUTER_BOUND('',#735,.T.);
#485=FACE_OUTER_BOUND('',#736,.T.);
#486=FACE_OUTER_BOUND('',#737,.T.);
#487=FACE_OUTER_BOUND('',#738,.T.);
#488=FACE_OUTER_BOUND('',#739,.T.);
#489=FACE_OUTER_BOUND('',#740,.T.);
#490=FACE_OUTER_BOUND('',#741,.T.);
#491=FACE_OUTER_BOUND('',#747,.T.);
#492=FACE_OUTER_BOUND('',#748,.T.);
#493=FACE_OUTER_BOUND('',#749,.T.);
#494=FACE_OUTER_BOUND('',#750,.T.);
#495=FACE_OUTER_BOUND('',#751,.T.);
#496=FACE_OUTER_BOUND('',#752,.T.);
#497=FACE_OUTER_BOUND('',#753,.T.);
#498=FACE_OUTER_BOUND('',#754,.T.);
#499=FACE_OUTER_BOUND('',#755,.T.);
#500=FACE_OUTER_BOUND('',#756,.T.);
#501=FACE_OUTER_BOUND('',#757,.T.);
#502=FACE_OUTER_BOUND('',#758,.T.);
#503=FACE_OUTER_BOUND('',#759,.T.);
#504=FACE_OUTER_BOUND('',#760,.T.);
#505=FACE_OUTER_BOUND('',#761,.T.);
#506=FACE_OUTER_BOUND('',#762,.T.);
#507=FACE_OUTER_BOUND('',#763,.T.);
#508=FACE_OUTER_BOUND('',#764,.T.);
#509=FACE_OUTER_BOUND('',#765,.T.);
#510=FACE_OUTER_BOUND('',#766,.T.);
#511=FACE_OUTER_BOUND('',#767,.T.);
#512=FACE_OUTER_BOUND('',#768,.T.);
#513=FACE_OUTER_BOUND('',#769,.T.);
#514=FACE_OUTER_BOUND('',#770,.T.);
#515=FACE_OUTER_BOUND('',#771,.T.);
#516=FACE_OUTER_BOUND('',#772,.T.);
#517=FACE_OUTER_BOUND('',#773,.T.);
#518=FACE_OUTER_BOUND('',#774,.T.);
#519=FACE_OUTER_BOUND('',#775,.T.);
#520=FACE_OUTER_BOUND('',#776,.T.);
#521=FACE_OUTER_BOUND('',#777,.T.);
#522=FACE_OUTER_BOUND('',#778,.T.);
#523=FACE_OUTER_BOUND('',#779,.T.);
#524=FACE_OUTER_BOUND('',#780,.T.);
#525=FACE_OUTER_BOUND('',#781,.T.);
#526=FACE_OUTER_BOUND('',#782,.T.);
#527=FACE_OUTER_BOUND('',#783,.T.);
#528=FACE_OUTER_BOUND('',#784,.T.);
#529=FACE_OUTER_BOUND('',#785,.T.);
#530=FACE_OUTER_BOUND('',#786,.T.);
#531=FACE_OUTER_BOUND('',#787,.T.);
#532=FACE_OUTER_BOUND('',#788,.T.);
#533=FACE_OUTER_BOUND('',#789,.T.);
#534=FACE_OUTER_BOUND('',#790,.T.);
#535=FACE_OUTER_BOUND('',#791,.T.);
#536=FACE_OUTER_BOUND('',#792,.T.);
#537=FACE_OUTER_BOUND('',#793,.T.);
#538=FACE_OUTER_BOUND('',#794,.T.);
#539=FACE_OUTER_BOUND('',#795,.T.);
#540=FACE_OUTER_BOUND('',#796,.T.);
#541=FACE_OUTER_BOUND('',#797,.T.);
#542=FACE_OUTER_BOUND('',#798,.T.);
#543=FACE_OUTER_BOUND('',#799,.T.);
#544=FACE_OUTER_BOUND('',#800,.T.);
#545=FACE_OUTER_BOUND('',#801,.T.);
#546=FACE_OUTER_BOUND('',#802,.T.);
#547=FACE_OUTER_BOUND('',#803,.T.);
#548=FACE_OUTER_BOUND('',#804,.T.);
#549=FACE_OUTER_BOUND('',#805,.T.);
#550=FACE_OUTER_BOUND('',#807,.T.);
#551=FACE_OUTER_BOUND('',#808,.T.);
#552=FACE_OUTER_BOUND('',#809,.T.);
#553=FACE_OUTER_BOUND('',#810,.T.);
#554=FACE_OUTER_BOUND('',#811,.T.);
#555=FACE_OUTER_BOUND('',#812,.T.);
#556=FACE_OUTER_BOUND('',#813,.T.);
#557=FACE_OUTER_BOUND('',#814,.T.);
#558=FACE_OUTER_BOUND('',#815,.T.);
#559=FACE_OUTER_BOUND('',#816,.T.);
#560=FACE_OUTER_BOUND('',#817,.T.);
#561=FACE_OUTER_BOUND('',#818,.T.);
#562=FACE_OUTER_BOUND('',#819,.T.);
#563=FACE_OUTER_BOUND('',#820,.T.);
#564=FACE_OUTER_BOUND('',#821,.T.);
#565=FACE_OUTER_BOUND('',#822,.T.);
#566=FACE_OUTER_BOUND('',#823,.T.);
#567=FACE_OUTER_BOUND('',#824,.T.);
#568=FACE_OUTER_BOUND('',#825,.T.);
#569=FACE_OUTER_BOUND('',#826,.T.);
#570=FACE_OUTER_BOUND('',#827,.T.);
#571=FACE_OUTER_BOUND('',#828,.T.);
#572=FACE_OUTER_BOUND('',#829,.T.);
#573=FACE_OUTER_BOUND('',#830,.T.);
#574=FACE_OUTER_BOUND('',#831,.T.);
#575=FACE_OUTER_BOUND('',#832,.T.);
#576=FACE_OUTER_BOUND('',#833,.T.);
#577=FACE_OUTER_BOUND('',#834,.T.);
#578=FACE_OUTER_BOUND('',#835,.T.);
#579=FACE_OUTER_BOUND('',#836,.T.);
#580=FACE_OUTER_BOUND('',#837,.T.);
#581=FACE_OUTER_BOUND('',#838,.T.);
#582=FACE_OUTER_BOUND('',#839,.T.);
#583=FACE_OUTER_BOUND('',#840,.T.);
#584=FACE_OUTER_BOUND('',#842,.T.);
#585=FACE_OUTER_BOUND('',#843,.T.);
#586=FACE_OUTER_BOUND('',#844,.T.);
#587=FACE_OUTER_BOUND('',#845,.T.);
#588=FACE_OUTER_BOUND('',#846,.T.);
#589=FACE_OUTER_BOUND('',#847,.T.);
#590=FACE_OUTER_BOUND('',#848,.T.);
#591=FACE_OUTER_BOUND('',#849,.T.);
#592=FACE_OUTER_BOUND('',#850,.T.);
#593=FACE_OUTER_BOUND('',#851,.T.);
#594=FACE_OUTER_BOUND('',#852,.T.);
#595=FACE_OUTER_BOUND('',#853,.T.);
#596=FACE_OUTER_BOUND('',#854,.T.);
#597=FACE_OUTER_BOUND('',#855,.T.);
#598=FACE_OUTER_BOUND('',#856,.T.);
#599=FACE_OUTER_BOUND('',#857,.T.);
#600=FACE_OUTER_BOUND('',#858,.T.);
#601=FACE_OUTER_BOUND('',#859,.T.);
#602=FACE_OUTER_BOUND('',#860,.T.);
#603=FACE_OUTER_BOUND('',#861,.T.);
#604=FACE_OUTER_BOUND('',#862,.T.);
#605=FACE_OUTER_BOUND('',#863,.T.);
#606=FACE_OUTER_BOUND('',#864,.T.);
#607=FACE_OUTER_BOUND('',#865,.T.);
#608=FACE_OUTER_BOUND('',#866,.T.);
#609=FACE_OUTER_BOUND('',#868,.T.);
#610=FACE_OUTER_BOUND('',#869,.T.);
#611=FACE_OUTER_BOUND('',#870,.T.);
#612=FACE_OUTER_BOUND('',#871,.T.);
#613=FACE_OUTER_BOUND('',#872,.T.);
#614=FACE_OUTER_BOUND('',#873,.T.);
#615=FACE_OUTER_BOUND('',#874,.T.);
#616=FACE_OUTER_BOUND('',#875,.T.);
#617=FACE_OUTER_BOUND('',#876,.T.);
#618=FACE_OUTER_BOUND('',#877,.T.);
#619=FACE_OUTER_BOUND('',#878,.T.);
#620=FACE_OUTER_BOUND('',#879,.T.);
#621=FACE_OUTER_BOUND('',#880,.T.);
#622=FACE_OUTER_BOUND('',#881,.T.);
#623=FACE_OUTER_BOUND('',#882,.T.);
#624=FACE_OUTER_BOUND('',#883,.T.);
#625=FACE_OUTER_BOUND('',#884,.T.);
#626=FACE_OUTER_BOUND('',#885,.T.);
#627=FACE_OUTER_BOUND('',#886,.T.);
#628=FACE_OUTER_BOUND('',#887,.T.);
#629=FACE_OUTER_BOUND('',#888,.T.);
#630=FACE_OUTER_BOUND('',#889,.T.);
#631=FACE_OUTER_BOUND('',#890,.T.);
#632=FACE_OUTER_BOUND('',#891,.T.);
#633=FACE_OUTER_BOUND('',#892,.T.);
#634=FACE_OUTER_BOUND('',#893,.T.);
#635=FACE_OUTER_BOUND('',#894,.T.);
#636=FACE_OUTER_BOUND('',#895,.T.);
#637=FACE_OUTER_BOUND('',#896,.T.);
#638=FACE_OUTER_BOUND('',#897,.T.);
#639=FACE_OUTER_BOUND('',#898,.T.);
#640=FACE_OUTER_BOUND('',#899,.T.);
#641=FACE_OUTER_BOUND('',#900,.T.);
#642=FACE_OUTER_BOUND('',#901,.T.);
#643=FACE_OUTER_BOUND('',#902,.T.);
#644=FACE_OUTER_BOUND('',#903,.T.);
#645=FACE_OUTER_BOUND('',#904,.T.);
#646=FACE_OUTER_BOUND('',#905,.T.);
#647=FACE_OUTER_BOUND('',#906,.T.);
#648=FACE_OUTER_BOUND('',#907,.T.);
#649=FACE_OUTER_BOUND('',#908,.T.);
#650=FACE_OUTER_BOUND('',#909,.T.);
#651=FACE_OUTER_BOUND('',#910,.T.);
#652=FACE_OUTER_BOUND('',#911,.T.);
#653=FACE_OUTER_BOUND('',#912,.T.);
#654=FACE_OUTER_BOUND('',#913,.T.);
#655=FACE_OUTER_BOUND('',#914,.T.);
#656=FACE_OUTER_BOUND('',#919,.T.);
#657=FACE_OUTER_BOUND('',#920,.T.);
#658=FACE_OUTER_BOUND('',#921,.T.);
#659=FACE_OUTER_BOUND('',#922,.T.);
#660=FACE_OUTER_BOUND('',#923,.T.);
#661=FACE_OUTER_BOUND('',#924,.T.);
#662=FACE_OUTER_BOUND('',#925,.T.);
#663=FACE_OUTER_BOUND('',#926,.T.);
#664=FACE_OUTER_BOUND('',#927,.T.);
#665=FACE_OUTER_BOUND('',#929,.T.);
#666=FACE_OUTER_BOUND('',#930,.T.);
#667=FACE_OUTER_BOUND('',#932,.T.);
#668=FACE_OUTER_BOUND('',#933,.T.);
#669=FACE_OUTER_BOUND('',#934,.T.);
#670=FACE_OUTER_BOUND('',#935,.T.);
#671=FACE_OUTER_BOUND('',#937,.T.);
#672=FACE_OUTER_BOUND('',#938,.T.);
#673=FACE_OUTER_BOUND('',#940,.T.);
#674=FACE_OUTER_BOUND('',#942,.T.);
#675=FACE_OUTER_BOUND('',#944,.T.);
#676=EDGE_LOOP('',(#2950,#2951,#2952,#2953));
#677=EDGE_LOOP('',(#2954,#2955,#2956,#2957,#2958,#2959,#2960,#2961,#2962));
#678=EDGE_LOOP('',(#2963,#2964,#2965,#2966));
#679=EDGE_LOOP('',(#2967,#2968,#2969,#2970));
#680=EDGE_LOOP('',(#2971,#2972,#2973,#2974));
#681=EDGE_LOOP('',(#2975,#2976,#2977,#2978,#2979,#2980,#2981,#2982,#2983,
#2984,#2985));
#682=EDGE_LOOP('',(#2986,#2987,#2988,#2989,#2990,#2991,#2992,#2993));
#683=EDGE_LOOP('',(#2994,#2995,#2996,#2997,#2998,#2999));
#684=EDGE_LOOP('',(#3000,#3001,#3002,#3003));
#685=EDGE_LOOP('',(#3004,#3005,#3006,#3007,#3008,#3009,#3010,#3011,#3012,
#3013));
#686=EDGE_LOOP('',(#3014,#3015,#3016,#3017));
#687=EDGE_LOOP('',(#3018,#3019,#3020,#3021));
#688=EDGE_LOOP('',(#3022,#3023,#3024,#3025));
#689=EDGE_LOOP('',(#3026,#3027,#3028,#3029));
#690=EDGE_LOOP('',(#3030,#3031,#3032,#3033,#3034,#3035,#3036,#3037,#3038,
#3039));
#691=EDGE_LOOP('',(#3040,#3041,#3042,#3043));
#692=EDGE_LOOP('',(#3044,#3045,#3046,#3047));
#693=EDGE_LOOP('',(#3048,#3049,#3050,#3051));
#694=EDGE_LOOP('',(#3052,#3053,#3054,#3055));
#695=EDGE_LOOP('',(#3056,#3057,#3058,#3059));
#696=EDGE_LOOP('',(#3060,#3061,#3062,#3063));
#697=EDGE_LOOP('',(#3064,#3065,#3066,#3067,#3068,#3069,#3070,#3071,#3072,
#3073,#3074,#3075,#3076,#3077));
#698=EDGE_LOOP('',(#3078,#3079,#3080,#3081));
#699=EDGE_LOOP('',(#3082,#3083,#3084,#3085));
#700=EDGE_LOOP('',(#3086,#3087,#3088,#3089));
#701=EDGE_LOOP('',(#3090,#3091,#3092,#3093));
#702=EDGE_LOOP('',(#3094,#3095,#3096,#3097));
#703=EDGE_LOOP('',(#3098,#3099,#3100,#3101));
#704=EDGE_LOOP('',(#3102,#3103,#3104,#3105));
#705=EDGE_LOOP('',(#3106,#3107,#3108,#3109));
#706=EDGE_LOOP('',(#3110,#3111,#3112,#3113));
#707=EDGE_LOOP('',(#3114,#3115,#3116,#3117));
#708=EDGE_LOOP('',(#3118,#3119,#3120,#3121));
#709=EDGE_LOOP('',(#3122,#3123,#3124,#3125));
#710=EDGE_LOOP('',(#3126,#3127,#3128,#3129,#3130,#3131,#3132,#3133,#3134,
#3135,#3136,#3137,#3138,#3139,#3140,#3141,#3142,#3143));
#711=EDGE_LOOP('',(#3144,#3145,#3146,#3147,#3148,#3149,#3150,#3151));
#712=EDGE_LOOP('',(#3152,#3153,#3154,#3155,#3156,#3157,#3158,#3159));
#713=EDGE_LOOP('',(#3160));
#714=EDGE_LOOP('',(#3161));
#715=EDGE_LOOP('',(#3162,#3163,#3164,#3165));
#716=EDGE_LOOP('',(#3166,#3167,#3168,#3169));
#717=EDGE_LOOP('',(#3170,#3171,#3172,#3173));
#718=EDGE_LOOP('',(#3174,#3175,#3176,#3177));
#719=EDGE_LOOP('',(#3178,#3179,#3180,#3181));
#720=EDGE_LOOP('',(#3182,#3183,#3184,#3185));
#721=EDGE_LOOP('',(#3186,#3187,#3188,#3189));
#722=EDGE_LOOP('',(#3190,#3191,#3192,#3193));
#723=EDGE_LOOP('',(#3194,#3195,#3196,#3197));
#724=EDGE_LOOP('',(#3198,#3199,#3200,#3201));
#725=EDGE_LOOP('',(#3202,#3203,#3204,#3205));
#726=EDGE_LOOP('',(#3206,#3207,#3208,#3209));
#727=EDGE_LOOP('',(#3210,#3211,#3212,#3213));
#728=EDGE_LOOP('',(#3214,#3215,#3216,#3217));
#729=EDGE_LOOP('',(#3218,#3219,#3220,#3221,#3222,#3223,#3224,#3225,#3226,
#3227,#3228,#3229,#3230,#3231,#3232,#3233,#3234,#3235,#3236,#3237));
#730=EDGE_LOOP('',(#3238,#3239,#3240,#3241));
#731=EDGE_LOOP('',(#3242,#3243,#3244,#3245));
#732=EDGE_LOOP('',(#3246,#3247,#3248,#3249));
#733=EDGE_LOOP('',(#3250,#3251,#3252,#3253));
#734=EDGE_LOOP('',(#3254,#3255,#3256,#3257));
#735=EDGE_LOOP('',(#3258,#3259,#3260,#3261));
#736=EDGE_LOOP('',(#3262,#3263,#3264,#3265,#3266,#3267));
#737=EDGE_LOOP('',(#3268,#3269,#3270,#3271,#3272,#3273,#3274,#3275,#3276));
#738=EDGE_LOOP('',(#3277,#3278,#3279,#3280,#3281,#3282));
#739=EDGE_LOOP('',(#3283,#3284,#3285,#3286,#3287,#3288));
#740=EDGE_LOOP('',(#3289,#3290,#3291));
#741=EDGE_LOOP('',(#3292,#3293,#3294,#3295,#3296,#3297,#3298,#3299,#3300,
#3301,#3302,#3303,#3304));
#742=EDGE_LOOP('',(#3305,#3306,#3307,#3308,#3309,#3310,#3311,#3312,#3313,
#3314,#3315,#3316,#3317,#3318,#3319,#3320,#3321,#3322,#3323,#3324,#3325,
#3326,#3327,#3328));
#743=EDGE_LOOP('',(#3329,#3330,#3331,#3332,#3333,#3334,#3335,#3336,#3337,
#3338,#3339,#3340,#3341,#3342,#3343,#3344,#3345,#3346,#3347,#3348,#3349,
#3350,#3351,#3352));
#744=EDGE_LOOP('',(#3353,#3354,#3355,#3356,#3357,#3358,#3359,#3360,#3361,
#3362,#3363,#3364,#3365));
#745=EDGE_LOOP('',(#3366,#3367,#3368,#3369,#3370,#3371,#3372,#3373,#3374,
#3375,#3376,#3377,#3378,#3379,#3380,#3381,#3382,#3383,#3384,#3385,#3386,
#3387,#3388,#3389,#3390,#3391,#3392,#3393));
#746=EDGE_LOOP('',(#3394,#3395,#3396,#3397,#3398,#3399,#3400,#3401));
#747=EDGE_LOOP('',(#3402,#3403,#3404,#3405));
#748=EDGE_LOOP('',(#3406,#3407,#3408,#3409));
#749=EDGE_LOOP('',(#3410,#3411,#3412,#3413));
#750=EDGE_LOOP('',(#3414,#3415,#3416,#3417));
#751=EDGE_LOOP('',(#3418,#3419,#3420,#3421));
#752=EDGE_LOOP('',(#3422,#3423,#3424,#3425));
#753=EDGE_LOOP('',(#3426,#3427,#3428,#3429));
#754=EDGE_LOOP('',(#3430,#3431,#3432,#3433));
#755=EDGE_LOOP('',(#3434,#3435,#3436,#3437));
#756=EDGE_LOOP('',(#3438,#3439,#3440,#3441));
#757=EDGE_LOOP('',(#3442,#3443,#3444,#3445));
#758=EDGE_LOOP('',(#3446,#3447,#3448,#3449));
#759=EDGE_LOOP('',(#3450,#3451,#3452,#3453));
#760=EDGE_LOOP('',(#3454,#3455,#3456,#3457));
#761=EDGE_LOOP('',(#3458,#3459,#3460,#3461,#3462,#3463,#3464,#3465,#3466,
#3467,#3468,#3469,#3470,#3471));
#762=EDGE_LOOP('',(#3472,#3473,#3474,#3475));
#763=EDGE_LOOP('',(#3476,#3477,#3478,#3479));
#764=EDGE_LOOP('',(#3480,#3481,#3482,#3483,#3484,#3485,#3486,#3487));
#765=EDGE_LOOP('',(#3488,#3489,#3490,#3491,#3492,#3493,#3494));
#766=EDGE_LOOP('',(#3495,#3496,#3497,#3498));
#767=EDGE_LOOP('',(#3499,#3500,#3501,#3502,#3503,#3504,#3505,#3506,#3507,
#3508,#3509,#3510,#3511,#3512,#3513,#3514,#3515,#3516,#3517,#3518));
#768=EDGE_LOOP('',(#3519,#3520,#3521,#3522));
#769=EDGE_LOOP('',(#3523,#3524,#3525,#3526));
#770=EDGE_LOOP('',(#3527,#3528,#3529,#3530));
#771=EDGE_LOOP('',(#3531,#3532,#3533,#3534));
#772=EDGE_LOOP('',(#3535,#3536,#3537,#3538));
#773=EDGE_LOOP('',(#3539,#3540,#3541,#3542));
#774=EDGE_LOOP('',(#3543,#3544,#3545,#3546));
#775=EDGE_LOOP('',(#3547,#3548,#3549,#3550));
#776=EDGE_LOOP('',(#3551,#3552,#3553,#3554));
#777=EDGE_LOOP('',(#3555,#3556,#3557,#3558));
#778=EDGE_LOOP('',(#3559,#3560,#3561,#3562));
#779=EDGE_LOOP('',(#3563,#3564,#3565,#3566));
#780=EDGE_LOOP('',(#3567,#3568,#3569,#3570));
#781=EDGE_LOOP('',(#3571,#3572,#3573,#3574));
#782=EDGE_LOOP('',(#3575,#3576,#3577,#3578));
#783=EDGE_LOOP('',(#3579,#3580,#3581,#3582));
#784=EDGE_LOOP('',(#3583,#3584,#3585,#3586));
#785=EDGE_LOOP('',(#3587,#3588,#3589,#3590));
#786=EDGE_LOOP('',(#3591,#3592,#3593,#3594));
#787=EDGE_LOOP('',(#3595,#3596,#3597,#3598));
#788=EDGE_LOOP('',(#3599,#3600,#3601,#3602));
#789=EDGE_LOOP('',(#3603,#3604,#3605,#3606));
#790=EDGE_LOOP('',(#3607,#3608,#3609,#3610));
#791=EDGE_LOOP('',(#3611,#3612,#3613,#3614));
#792=EDGE_LOOP('',(#3615,#3616,#3617,#3618));
#793=EDGE_LOOP('',(#3619,#3620,#3621,#3622));
#794=EDGE_LOOP('',(#3623,#3624,#3625,#3626));
#795=EDGE_LOOP('',(#3627,#3628,#3629,#3630));
#796=EDGE_LOOP('',(#3631,#3632,#3633,#3634));
#797=EDGE_LOOP('',(#3635,#3636,#3637,#3638));
#798=EDGE_LOOP('',(#3639,#3640,#3641,#3642));
#799=EDGE_LOOP('',(#3643,#3644,#3645,#3646));
#800=EDGE_LOOP('',(#3647,#3648,#3649,#3650));
#801=EDGE_LOOP('',(#3651,#3652,#3653,#3654));
#802=EDGE_LOOP('',(#3655,#3656,#3657,#3658));
#803=EDGE_LOOP('',(#3659,#3660,#3661,#3662));
#804=EDGE_LOOP('',(#3663,#3664,#3665,#3666));
#805=EDGE_LOOP('',(#3667,#3668,#3669,#3670,#3671,#3672,#3673,#3674,#3675,
#3676,#3677,#3678,#3679,#3680,#3681,#3682,#3683,#3684,#3685,#3686,#3687,
#3688,#3689,#3690));
#806=EDGE_LOOP('',(#3691,#3692,#3693,#3694,#3695,#3696,#3697,#3698,#3699,
#3700,#3701,#3702));
#807=EDGE_LOOP('',(#3703,#3704,#3705,#3706));
#808=EDGE_LOOP('',(#3707,#3708,#3709,#3710));
#809=EDGE_LOOP('',(#3711,#3712,#3713,#3714));
#810=EDGE_LOOP('',(#3715,#3716,#3717,#3718));
#811=EDGE_LOOP('',(#3719,#3720,#3721,#3722));
#812=EDGE_LOOP('',(#3723,#3724,#3725,#3726));
#813=EDGE_LOOP('',(#3727,#3728,#3729,#3730));
#814=EDGE_LOOP('',(#3731,#3732,#3733,#3734));
#815=EDGE_LOOP('',(#3735,#3736,#3737,#3738));
#816=EDGE_LOOP('',(#3739,#3740,#3741,#3742));
#817=EDGE_LOOP('',(#3743,#3744,#3745,#3746));
#818=EDGE_LOOP('',(#3747,#3748,#3749,#3750));
#819=EDGE_LOOP('',(#3751,#3752,#3753,#3754));
#820=EDGE_LOOP('',(#3755,#3756,#3757,#3758));
#821=EDGE_LOOP('',(#3759,#3760,#3761,#3762));
#822=EDGE_LOOP('',(#3763,#3764,#3765,#3766));
#823=EDGE_LOOP('',(#3767,#3768,#3769,#3770));
#824=EDGE_LOOP('',(#3771,#3772,#3773,#3774));
#825=EDGE_LOOP('',(#3775,#3776,#3777,#3778));
#826=EDGE_LOOP('',(#3779,#3780,#3781,#3782));
#827=EDGE_LOOP('',(#3783,#3784,#3785,#3786));
#828=EDGE_LOOP('',(#3787,#3788,#3789,#3790));
#829=EDGE_LOOP('',(#3791,#3792,#3793,#3794));
#830=EDGE_LOOP('',(#3795,#3796,#3797,#3798));
#831=EDGE_LOOP('',(#3799,#3800,#3801,#3802));
#832=EDGE_LOOP('',(#3803,#3804,#3805,#3806));
#833=EDGE_LOOP('',(#3807,#3808,#3809,#3810));
#834=EDGE_LOOP('',(#3811,#3812,#3813,#3814));
#835=EDGE_LOOP('',(#3815,#3816,#3817,#3818));
#836=EDGE_LOOP('',(#3819,#3820,#3821,#3822));
#837=EDGE_LOOP('',(#3823,#3824,#3825,#3826));
#838=EDGE_LOOP('',(#3827,#3828,#3829,#3830));
#839=EDGE_LOOP('',(#3831,#3832,#3833,#3834));
#840=EDGE_LOOP('',(#3835,#3836,#3837,#3838,#3839,#3840,#3841,#3842,#3843,
#3844,#3845,#3846,#3847,#3848,#3849,#3850,#3851,#3852,#3853,#3854,#3855,
#3856,#3857,#3858));
#841=EDGE_LOOP('',(#3859,#3860,#3861,#3862,#3863,#3864,#3865,#3866,#3867));
#842=EDGE_LOOP('',(#3868,#3869,#3870,#3871));
#843=EDGE_LOOP('',(#3872,#3873,#3874,#3875));
#844=EDGE_LOOP('',(#3876,#3877,#3878,#3879));
#845=EDGE_LOOP('',(#3880,#3881,#3882,#3883));
#846=EDGE_LOOP('',(#3884,#3885,#3886,#3887));
#847=EDGE_LOOP('',(#3888,#3889,#3890,#3891));
#848=EDGE_LOOP('',(#3892,#3893,#3894,#3895));
#849=EDGE_LOOP('',(#3896,#3897,#3898,#3899));
#850=EDGE_LOOP('',(#3900,#3901,#3902,#3903));
#851=EDGE_LOOP('',(#3904,#3905,#3906,#3907));
#852=EDGE_LOOP('',(#3908,#3909,#3910,#3911));
#853=EDGE_LOOP('',(#3912,#3913,#3914,#3915));
#854=EDGE_LOOP('',(#3916,#3917,#3918,#3919));
#855=EDGE_LOOP('',(#3920,#3921,#3922,#3923));
#856=EDGE_LOOP('',(#3924,#3925,#3926,#3927));
#857=EDGE_LOOP('',(#3928,#3929,#3930,#3931));
#858=EDGE_LOOP('',(#3932,#3933,#3934,#3935));
#859=EDGE_LOOP('',(#3936,#3937,#3938,#3939));
#860=EDGE_LOOP('',(#3940,#3941,#3942,#3943));
#861=EDGE_LOOP('',(#3944,#3945,#3946,#3947));
#862=EDGE_LOOP('',(#3948,#3949,#3950,#3951));
#863=EDGE_LOOP('',(#3952,#3953,#3954,#3955));
#864=EDGE_LOOP('',(#3956,#3957,#3958,#3959));
#865=EDGE_LOOP('',(#3960,#3961,#3962,#3963));
#866=EDGE_LOOP('',(#3964,#3965,#3966,#3967,#3968,#3969,#3970,#3971,#3972,
#3973,#3974,#3975,#3976));
#867=EDGE_LOOP('',(#3977,#3978,#3979,#3980,#3981,#3982,#3983,#3984,#3985,
#3986,#3987));
#868=EDGE_LOOP('',(#3988,#3989,#3990,#3991));
#869=EDGE_LOOP('',(#3992,#3993,#3994,#3995));
#870=EDGE_LOOP('',(#3996,#3997,#3998,#3999));
#871=EDGE_LOOP('',(#4000,#4001,#4002,#4003));
#872=EDGE_LOOP('',(#4004,#4005,#4006,#4007));
#873=EDGE_LOOP('',(#4008,#4009,#4010,#4011));
#874=EDGE_LOOP('',(#4012,#4013,#4014,#4015));
#875=EDGE_LOOP('',(#4016,#4017,#4018,#4019));
#876=EDGE_LOOP('',(#4020,#4021,#4022,#4023));
#877=EDGE_LOOP('',(#4024,#4025,#4026,#4027));
#878=EDGE_LOOP('',(#4028,#4029,#4030,#4031));
#879=EDGE_LOOP('',(#4032,#4033,#4034,#4035));
#880=EDGE_LOOP('',(#4036,#4037,#4038,#4039));
#881=EDGE_LOOP('',(#4040,#4041,#4042,#4043));
#882=EDGE_LOOP('',(#4044,#4045,#4046,#4047));
#883=EDGE_LOOP('',(#4048,#4049,#4050,#4051));
#884=EDGE_LOOP('',(#4052,#4053,#4054,#4055));
#885=EDGE_LOOP('',(#4056,#4057,#4058,#4059));
#886=EDGE_LOOP('',(#4060,#4061,#4062,#4063));
#887=EDGE_LOOP('',(#4064,#4065,#4066,#4067));
#888=EDGE_LOOP('',(#4068,#4069,#4070,#4071));
#889=EDGE_LOOP('',(#4072,#4073,#4074,#4075));
#890=EDGE_LOOP('',(#4076,#4077,#4078,#4079));
#891=EDGE_LOOP('',(#4080,#4081,#4082,#4083));
#892=EDGE_LOOP('',(#4084,#4085,#4086,#4087));
#893=EDGE_LOOP('',(#4088,#4089,#4090,#4091));
#894=EDGE_LOOP('',(#4092,#4093,#4094,#4095));
#895=EDGE_LOOP('',(#4096,#4097,#4098,#4099));
#896=EDGE_LOOP('',(#4100,#4101,#4102,#4103,#4104,#4105,#4106,#4107,#4108,
#4109,#4110,#4111,#4112,#4113,#4114,#4115,#4116,#4117,#4118,#4119,#4120,
#4121,#4122,#4123,#4124,#4125,#4126,#4127));
#897=EDGE_LOOP('',(#4128,#4129,#4130,#4131,#4132,#4133,#4134,#4135,#4136,
#4137,#4138));
#898=EDGE_LOOP('',(#4139,#4140,#4141,#4142,#4143,#4144,#4145,#4146,#4147));
#899=EDGE_LOOP('',(#4148,#4149,#4150,#4151,#4152,#4153,#4154,#4155,#4156,
#4157,#4158,#4159));
#900=EDGE_LOOP('',(#4160,#4161,#4162,#4163));
#901=EDGE_LOOP('',(#4164,#4165,#4166,#4167));
#902=EDGE_LOOP('',(#4168,#4169,#4170,#4171));
#903=EDGE_LOOP('',(#4172,#4173,#4174,#4175));
#904=EDGE_LOOP('',(#4176,#4177,#4178,#4179));
#905=EDGE_LOOP('',(#4180,#4181,#4182,#4183));
#906=EDGE_LOOP('',(#4184,#4185,#4186,#4187));
#907=EDGE_LOOP('',(#4188,#4189,#4190,#4191));
#908=EDGE_LOOP('',(#4192,#4193,#4194,#4195));
#909=EDGE_LOOP('',(#4196));
#910=EDGE_LOOP('',(#4197,#4198,#4199,#4200));
#911=EDGE_LOOP('',(#4201));
#912=EDGE_LOOP('',(#4202,#4203,#4204,#4205));
#913=EDGE_LOOP('',(#4206,#4207,#4208,#4209,#4210));
#914=EDGE_LOOP('',(#4211,#4212,#4213,#4214,#4215,#4216));
#915=EDGE_LOOP('',(#4217));
#916=EDGE_LOOP('',(#4218));
#917=EDGE_LOOP('',(#4219));
#918=EDGE_LOOP('',(#4220));
#919=EDGE_LOOP('',(#4221,#4222,#4223,#4224,#4225));
#920=EDGE_LOOP('',(#4226,#4227,#4228,#4229,#4230));
#921=EDGE_LOOP('',(#4231,#4232,#4233,#4234,#4235));
#922=EDGE_LOOP('',(#4236,#4237,#4238,#4239,#4240));
#923=EDGE_LOOP('',(#4241,#4242,#4243,#4244,#4245));
#924=EDGE_LOOP('',(#4246,#4247,#4248,#4249,#4250));
#925=EDGE_LOOP('',(#4251,#4252,#4253,#4254,#4255));
#926=EDGE_LOOP('',(#4256,#4257,#4258,#4259));
#927=EDGE_LOOP('',(#4260));
#928=EDGE_LOOP('',(#4261));
#929=EDGE_LOOP('',(#4262,#4263,#4264,#4265));
#930=EDGE_LOOP('',(#4266));
#931=EDGE_LOOP('',(#4267));
#932=EDGE_LOOP('',(#4268,#4269,#4270,#4271));
#933=EDGE_LOOP('',(#4272,#4273,#4274,#4275));
#934=EDGE_LOOP('',(#4276,#4277,#4278,#4279));
#935=EDGE_LOOP('',(#4280,#4281,#4282,#4283));
#936=EDGE_LOOP('',(#4284,#4285,#4286,#4287,#4288,#4289,#4290,#4291));
#937=EDGE_LOOP('',(#4292,#4293,#4294,#4295));
#938=EDGE_LOOP('',(#4296));
#939=EDGE_LOOP('',(#4297));
#940=EDGE_LOOP('',(#4298));
#941=EDGE_LOOP('',(#4299));
#942=EDGE_LOOP('',(#4300));
#943=EDGE_LOOP('',(#4301));
#944=EDGE_LOOP('',(#4302));
#945=EDGE_LOOP('',(#4303));
#946=LINE('',#5794,#1337);
#947=LINE('',#5797,#1338);
#948=LINE('',#5800,#1339);
#949=LINE('',#5804,#1340);
#950=LINE('',#5806,#1341);
#951=LINE('',#5808,#1342);
#952=LINE('',#5810,#1343);
#953=LINE('',#5812,#1344);
#954=LINE('',#5813,#1345);
#955=LINE('',#5816,#1346);
#956=LINE('',#5817,#1347);
#957=LINE('',#5821,#1348);
#958=LINE('',#5827,#1349);
#959=LINE('',#5830,#1350);
#960=LINE('',#5833,#1351);
#961=LINE('',#5835,#1352);
#962=LINE('',#5837,#1353);
#963=LINE('',#5839,#1354);
#964=LINE('',#5841,#1355);
#965=LINE('',#5843,#1356);
#966=LINE('',#5845,#1357);
#967=LINE('',#5847,#1358);
#968=LINE('',#5850,#1359);
#969=LINE('',#5853,#1360);
#970=LINE('',#5857,#1361);
#971=LINE('',#5861,#1362);
#972=LINE('',#5865,#1363);
#973=LINE('',#5869,#1364);
#974=LINE('',#5871,#1365);
#975=LINE('',#5872,#1366);
#976=LINE('',#5875,#1367);
#977=LINE('',#5878,#1368);
#978=LINE('',#5881,#1369);
#979=LINE('',#5885,#1370);
#980=LINE('',#5888,#1371);
#981=LINE('',#5889,#1372);
#982=LINE('',#5892,#1373);
#983=LINE('',#5895,#1374);
#984=LINE('',#5898,#1375);
#985=LINE('',#5901,#1376);
#986=LINE('',#5903,#1377);
#987=LINE('',#5905,#1378);
#988=LINE('',#5908,#1379);
#989=LINE('',#5910,#1380);
#990=LINE('',#5912,#1381);
#991=LINE('',#5914,#1382);
#992=LINE('',#5915,#1383);
#993=LINE('',#5917,#1384);
#994=LINE('',#5921,#1385);
#995=LINE('',#5923,#1386);
#996=LINE('',#5925,#1387);
#997=LINE('',#5926,#1388);
#998=LINE('',#5929,#1389);
#999=LINE('',#5932,#1390);
#1000=LINE('',#5935,#1391);
#1001=LINE('',#5936,#1392);
#1002=LINE('',#5939,#1393);
#1003=LINE('',#5942,#1394);
#1004=LINE('',#5945,#1395);
#1005=LINE('',#5949,#1396);
#1006=LINE('',#5951,#1397);
#1007=LINE('',#5953,#1398);
#1008=LINE('',#5955,#1399);
#1009=LINE('',#5957,#1400);
#1010=LINE('',#5959,#1401);
#1011=LINE('',#5961,#1402);
#1012=LINE('',#5964,#1403);
#1013=LINE('',#5978,#1404);
#1014=LINE('',#5979,#1405);
#1015=LINE('',#5990,#1406);
#1016=LINE('',#5991,#1407);
#1017=LINE('',#6002,#1408);
#1018=LINE('',#6003,#1409);
#1019=LINE('',#6011,#1410);
#1020=LINE('',#6012,#1411);
#1021=LINE('',#6015,#1412);
#1022=LINE('',#6017,#1413);
#1023=LINE('',#6018,#1414);
#1024=LINE('',#6021,#1415);
#1025=LINE('',#6025,#1416);
#1026=LINE('',#6026,#1417);
#1027=LINE('',#6029,#1418);
#1028=LINE('',#6034,#1419);
#1029=LINE('',#6036,#1420);
#1030=LINE('',#6038,#1421);
#1031=LINE('',#6040,#1422);
#1032=LINE('',#6042,#1423);
#1033=LINE('',#6044,#1424);
#1034=LINE('',#6046,#1425);
#1035=LINE('',#6050,#1426);
#1036=LINE('',#6054,#1427);
#1037=LINE('',#6056,#1428);
#1038=LINE('',#6058,#1429);
#1039=LINE('',#6062,#1430);
#1040=LINE('',#6066,#1431);
#1041=LINE('',#6067,#1432);
#1042=LINE('',#6072,#1433);
#1043=LINE('',#6080,#1434);
#1044=LINE('',#6087,#1435);
#1045=LINE('',#6091,#1436);
#1046=LINE('',#6094,#1437);
#1047=LINE('',#6097,#1438);
#1048=LINE('',#6098,#1439);
#1049=LINE('',#6101,#1440);
#1050=LINE('',#6105,#1441);
#1051=LINE('',#6109,#1442);
#1052=LINE('',#6113,#1443);
#1053=LINE('',#6116,#1444);
#1054=LINE('',#6119,#1445);
#1055=LINE('',#6120,#1446);
#1056=LINE('',#6123,#1447);
#1057=LINE('',#6124,#1448);
#1058=LINE('',#6127,#1449);
#1059=LINE('',#6131,#1450);
#1060=LINE('',#6135,#1451);
#1061=LINE('',#6139,#1452);
#1062=LINE('',#6140,#1453);
#1063=LINE('',#6144,#1454);
#1064=LINE('',#6147,#1455);
#1065=LINE('',#6149,#1456);
#1066=LINE('',#6153,#1457);
#1067=LINE('',#6156,#1458);
#1068=LINE('',#6158,#1459);
#1069=LINE('',#6160,#1460);
#1070=LINE('',#6162,#1461);
#1071=LINE('',#6163,#1462);
#1072=LINE('',#6165,#1463);
#1073=LINE('',#6168,#1464);
#1074=LINE('',#6170,#1465);
#1075=LINE('',#6175,#1466);
#1076=LINE('',#6177,#1467);
#1077=LINE('',#6178,#1468);
#1078=LINE('',#6181,#1469);
#1079=LINE('',#6182,#1470);
#1080=LINE('',#6184,#1471);
#1081=LINE('',#6186,#1472);
#1082=LINE('',#6188,#1473);
#1083=LINE('',#6189,#1474);
#1084=LINE('',#6191,#1475);
#1085=LINE('',#6194,#1476);
#1086=LINE('',#6195,#1477);
#1087=LINE('',#6197,#1478);
#1088=LINE('',#6207,#1479);
#1089=LINE('',#6221,#1480);
#1090=LINE('',#6229,#1481);
#1091=LINE('',#6237,#1482);
#1092=LINE('',#6251,#1483);
#1093=LINE('',#6271,#1484);
#1094=LINE('',#6285,#1485);
#1095=LINE('',#6299,#1486);
#1096=LINE('',#6319,#1487);
#1097=LINE('',#6339,#1488);
#1098=LINE('',#6353,#1489);
#1099=LINE('',#6361,#1490);
#1100=LINE('',#6369,#1491);
#1101=LINE('',#6383,#1492);
#1102=LINE('',#6397,#1493);
#1103=LINE('',#6411,#1494);
#1104=LINE('',#6431,#1495);
#1105=LINE('',#6445,#1496);
#1106=LINE('',#6459,#1497);
#1107=LINE('',#6569,#1498);
#1108=LINE('',#6577,#1499);
#1109=LINE('',#6627,#1500);
#1110=LINE('',#6635,#1501);
#1111=LINE('',#6643,#1502);
#1112=LINE('',#6647,#1503);
#1113=LINE('',#6651,#1504);
#1114=LINE('',#6655,#1505);
#1115=LINE('',#6659,#1506);
#1116=LINE('',#6661,#1507);
#1117=LINE('',#6662,#1508);
#1118=LINE('',#6666,#1509);
#1119=LINE('',#6668,#1510);
#1120=LINE('',#6675,#1511);
#1121=LINE('',#6676,#1512);
#1122=LINE('',#6679,#1513);
#1123=LINE('',#6680,#1514);
#1124=LINE('',#6683,#1515);
#1125=LINE('',#6684,#1516);
#1126=LINE('',#6687,#1517);
#1127=LINE('',#6690,#1518);
#1128=LINE('',#6693,#1519);
#1129=LINE('',#6694,#1520);
#1130=LINE('',#6697,#1521);
#1131=LINE('',#6698,#1522);
#1132=LINE('',#6702,#1523);
#1133=LINE('',#6704,#1524);
#1134=LINE('',#6706,#1525);
#1135=LINE('',#6707,#1526);
#1136=LINE('',#6710,#1527);
#1137=LINE('',#6711,#1528);
#1138=LINE('',#6714,#1529);
#1139=LINE('',#6716,#1530);
#1140=LINE('',#6717,#1531);
#1141=LINE('',#6720,#1532);
#1142=LINE('',#6722,#1533);
#1143=LINE('',#6723,#1534);
#1144=LINE('',#6725,#1535);
#1145=LINE('',#6726,#1536);
#1146=LINE('',#6728,#1537);
#1147=LINE('',#6729,#1538);
#1148=LINE('',#6731,#1539);
#1149=LINE('',#6735,#1540);
#1150=LINE('',#6736,#1541);
#1151=LINE('',#6738,#1542);
#1152=LINE('',#6739,#1543);
#1153=LINE('',#6741,#1544);
#1154=LINE('',#6745,#1545);
#1155=LINE('',#6748,#1546);
#1156=LINE('',#6750,#1547);
#1157=LINE('',#6770,#1548);
#1158=LINE('',#6777,#1549);
#1159=LINE('',#6795,#1550);
#1160=LINE('',#6818,#1551);
#1161=LINE('',#6841,#1552);
#1162=LINE('',#6864,#1553);
#1163=LINE('',#6872,#1554);
#1164=LINE('',#6874,#1555);
#1165=LINE('',#6875,#1556);
#1166=LINE('',#6893,#1557);
#1167=LINE('',#6916,#1558);
#1168=LINE('',#6924,#1559);
#1169=LINE('',#6926,#1560);
#1170=LINE('',#6927,#1561);
#1171=LINE('',#6945,#1562);
#1172=LINE('',#6968,#1563);
#1173=LINE('',#6975,#1564);
#1174=LINE('',#6976,#1565);
#1175=LINE('',#6988,#1566);
#1176=LINE('',#6995,#1567);
#1177=LINE('',#7007,#1568);
#1178=LINE('',#7024,#1569);
#1179=LINE('',#7032,#1570);
#1180=LINE('',#7033,#1571);
#1181=LINE('',#7045,#1572);
#1182=LINE('',#7062,#1573);
#1183=LINE('',#7070,#1574);
#1184=LINE('',#7071,#1575);
#1185=LINE('',#7083,#1576);
#1186=LINE('',#7100,#1577);
#1187=LINE('',#7108,#1578);
#1188=LINE('',#7109,#1579);
#1189=LINE('',#7121,#1580);
#1190=LINE('',#7138,#1581);
#1191=LINE('',#7155,#1582);
#1192=LINE('',#7163,#1583);
#1193=LINE('',#7164,#1584);
#1194=LINE('',#7176,#1585);
#1195=LINE('',#7193,#1586);
#1196=LINE('',#7201,#1587);
#1197=LINE('',#7202,#1588);
#1198=LINE('',#7214,#1589);
#1199=LINE('',#7222,#1590);
#1200=LINE('',#7223,#1591);
#1201=LINE('',#7235,#1592);
#1202=LINE('',#7243,#1593);
#1203=LINE('',#7244,#1594);
#1204=LINE('',#7256,#1595);
#1205=LINE('',#7273,#1596);
#1206=LINE('',#7280,#1597);
#1207=LINE('',#7300,#1598);
#1208=LINE('',#7307,#1599);
#1209=LINE('',#7325,#1600);
#1210=LINE('',#7348,#1601);
#1211=LINE('',#7371,#1602);
#1212=LINE('',#7379,#1603);
#1213=LINE('',#7381,#1604);
#1214=LINE('',#7382,#1605);
#1215=LINE('',#7400,#1606);
#1216=LINE('',#7408,#1607);
#1217=LINE('',#7410,#1608);
#1218=LINE('',#7411,#1609);
#1219=LINE('',#7429,#1610);
#1220=LINE('',#7436,#1611);
#1221=LINE('',#7437,#1612);
#1222=LINE('',#7449,#1613);
#1223=LINE('',#7456,#1614);
#1224=LINE('',#7468,#1615);
#1225=LINE('',#7485,#1616);
#1226=LINE('',#7493,#1617);
#1227=LINE('',#7494,#1618);
#1228=LINE('',#7506,#1619);
#1229=LINE('',#7523,#1620);
#1230=LINE('',#7531,#1621);
#1231=LINE('',#7532,#1622);
#1232=LINE('',#7544,#1623);
#1233=LINE('',#7561,#1624);
#1234=LINE('',#7569,#1625);
#1235=LINE('',#7570,#1626);
#1236=LINE('',#7582,#1627);
#1237=LINE('',#7599,#1628);
#1238=LINE('',#7607,#1629);
#1239=LINE('',#7608,#1630);
#1240=LINE('',#7620,#1631);
#1241=LINE('',#7628,#1632);
#1242=LINE('',#7629,#1633);
#1243=LINE('',#7641,#1634);
#1244=LINE('',#7649,#1635);
#1245=LINE('',#7650,#1636);
#1246=LINE('',#7662,#1637);
#1247=LINE('',#7679,#1638);
#1248=LINE('',#7687,#1639);
#1249=LINE('',#7688,#1640);
#1250=LINE('',#7700,#1641);
#1251=LINE('',#7717,#1642);
#1252=LINE('',#7734,#1643);
#1253=LINE('',#7741,#1644);
#1254=LINE('',#7761,#1645);
#1255=LINE('',#7768,#1646);
#1256=LINE('',#7771,#1647);
#1257=LINE('',#7773,#1648);
#1258=LINE('',#7774,#1649);
#1259=LINE('',#7792,#1650);
#1260=LINE('',#7815,#1651);
#1261=LINE('',#7838,#1652);
#1262=LINE('',#7861,#1653);
#1263=LINE('',#7884,#1654);
#1264=LINE('',#7907,#1655);
#1265=LINE('',#7915,#1656);
#1266=LINE('',#7917,#1657);
#1267=LINE('',#7918,#1658);
#1268=LINE('',#7936,#1659);
#1269=LINE('',#7943,#1660);
#1270=LINE('',#7944,#1661);
#1271=LINE('',#7956,#1662);
#1272=LINE('',#7963,#1663);
#1273=LINE('',#7975,#1664);
#1274=LINE('',#7992,#1665);
#1275=LINE('',#8009,#1666);
#1276=LINE('',#8026,#1667);
#1277=LINE('',#8043,#1668);
#1278=LINE('',#8051,#1669);
#1279=LINE('',#8052,#1670);
#1280=LINE('',#8064,#1671);
#1281=LINE('',#8081,#1672);
#1282=LINE('',#8089,#1673);
#1283=LINE('',#8090,#1674);
#1284=LINE('',#8102,#1675);
#1285=LINE('',#8119,#1676);
#1286=LINE('',#8126,#1677);
#1287=LINE('',#8139,#1678);
#1288=LINE('',#8146,#1679);
#1289=LINE('',#8158,#1680);
#1290=LINE('',#8166,#1681);
#1291=LINE('',#8167,#1682);
#1292=LINE('',#8179,#1683);
#1293=LINE('',#8187,#1684);
#1294=LINE('',#8204,#1685);
#1295=LINE('',#8221,#1686);
#1296=LINE('',#8238,#1687);
#1297=LINE('',#8255,#1688);
#1298=LINE('',#8272,#1689);
#1299=LINE('',#8289,#1690);
#1300=LINE('',#8306,#1691);
#1301=LINE('',#8323,#1692);
#1302=LINE('',#8331,#1693);
#1303=LINE('',#8348,#1694);
#1304=LINE('',#8356,#1695);
#1305=LINE('',#8357,#1696);
#1306=LINE('',#8369,#1697);
#1307=LINE('',#8386,#1698);
#1308=LINE('',#8403,#1699);
#1309=LINE('',#8420,#1700);
#1310=LINE('',#8437,#1701);
#1311=LINE('',#8454,#1702);
#1312=LINE('',#8471,#1703);
#1313=LINE('',#8488,#1704);
#1314=LINE('',#8505,#1705);
#1315=LINE('',#8522,#1706);
#1316=LINE('',#8539,#1707);
#1317=LINE('',#8565,#1708);
#1318=LINE('',#8566,#1709);
#1319=LINE('',#8568,#1710);
#1320=LINE('',#8570,#1711);
#1321=LINE('',#8571,#1712);
#1322=LINE('',#8573,#1713);
#1323=LINE('',#8575,#1714);
#1324=LINE('',#8577,#1715);
#1325=LINE('',#8647,#1716);
#1326=LINE('',#8661,#1717);
#1327=LINE('',#8671,#1718);
#1328=LINE('',#8681,#1719);
#1329=LINE('',#8691,#1720);
#1330=LINE('',#8701,#1721);
#1331=LINE('',#8704,#1722);
#1332=LINE('',#8711,#1723);
#1333=LINE('',#8719,#1724);
#1334=LINE('',#8723,#1725);
#1335=LINE('',#8725,#1726);
#1336=LINE('',#8727,#1727);
#1337=VECTOR('',#4877,10.);
#1338=VECTOR('',#4880,10.);
#1339=VECTOR('',#4883,10.);
#1340=VECTOR('',#4886,10.);
#1341=VECTOR('',#4887,10.);
#1342=VECTOR('',#4888,10.);
#1343=VECTOR('',#4889,10.);
#1344=VECTOR('',#4890,10.);
#1345=VECTOR('',#4891,10.);
#1346=VECTOR('',#4894,10.);
#1347=VECTOR('',#4895,10.);
#1348=VECTOR('',#4900,10.);
#1349=VECTOR('',#4905,10.);
#1350=VECTOR('',#4908,10.);
#1351=VECTOR('',#4911,10.);
#1352=VECTOR('',#4912,10.);
#1353=VECTOR('',#4913,10.);
#1354=VECTOR('',#4914,10.);
#1355=VECTOR('',#4915,10.);
#1356=VECTOR('',#4916,10.);
#1357=VECTOR('',#4917,10.);
#1358=VECTOR('',#4918,10.);
#1359=VECTOR('',#4921,10.);
#1360=VECTOR('',#4922,10.);
#1361=VECTOR('',#4925,10.);
#1362=VECTOR('',#4928,10.);
#1363=VECTOR('',#4931,10.);
#1364=VECTOR('',#4936,10.);
#1365=VECTOR('',#4937,10.);
#1366=VECTOR('',#4938,10.);
#1367=VECTOR('',#4941,10.);
#1368=VECTOR('',#4944,10.);
#1369=VECTOR('',#4947,10.);
#1370=VECTOR('',#4950,10.);
#1371=VECTOR('',#4953,10.);
#1372=VECTOR('',#4954,10.);
#1373=VECTOR('',#4957,10.);
#1374=VECTOR('',#4960,10.);
#1375=VECTOR('',#4963,10.);
#1376=VECTOR('',#4966,10.);
#1377=VECTOR('',#4969,10.);
#1378=VECTOR('',#4972,10.);
#1379=VECTOR('',#4975,10.);
#1380=VECTOR('',#4976,10.);
#1381=VECTOR('',#4977,10.);
#1382=VECTOR('',#4978,10.);
#1383=VECTOR('',#4979,10.);
#1384=VECTOR('',#4982,10.);
#1385=VECTOR('',#4985,10.);
#1386=VECTOR('',#4986,10.);
#1387=VECTOR('',#4987,10.);
#1388=VECTOR('',#4988,10.);
#1389=VECTOR('',#4991,10.);
#1390=VECTOR('',#4994,10.);
#1391=VECTOR('',#4997,10.);
#1392=VECTOR('',#4998,10.);
#1393=VECTOR('',#5001,10.);
#1394=VECTOR('',#5006,10.);
#1395=VECTOR('',#5009,10.);
#1396=VECTOR('',#5012,10.);
#1397=VECTOR('',#5013,10.);
#1398=VECTOR('',#5014,10.);
#1399=VECTOR('',#5015,10.);
#1400=VECTOR('',#5016,10.);
#1401=VECTOR('',#5017,10.);
#1402=VECTOR('',#5018,10.);
#1403=VECTOR('',#5021,10.);
#1404=VECTOR('',#5036,10.);
#1405=VECTOR('',#5037,10.);
#1406=VECTOR('',#5050,10.);
#1407=VECTOR('',#5051,10.);
#1408=VECTOR('',#5064,10.);
#1409=VECTOR('',#5065,10.);
#1410=VECTOR('',#5076,10.);
#1411=VECTOR('',#5077,10.);
#1412=VECTOR('',#5080,10.);
#1413=VECTOR('',#5081,10.);
#1414=VECTOR('',#5082,10.);
#1415=VECTOR('',#5085,10.);
#1416=VECTOR('',#5090,10.);
#1417=VECTOR('',#5091,10.);
#1418=VECTOR('',#5094,10.);
#1419=VECTOR('',#5099,10.);
#1420=VECTOR('',#5100,10.);
#1421=VECTOR('',#5101,10.);
#1422=VECTOR('',#5102,10.);
#1423=VECTOR('',#5103,10.);
#1424=VECTOR('',#5104,10.);
#1425=VECTOR('',#5105,10.);
#1426=VECTOR('',#5108,10.);
#1427=VECTOR('',#5111,10.);
#1428=VECTOR('',#5112,10.);
#1429=VECTOR('',#5113,10.);
#1430=VECTOR('',#5116,10.);
#1431=VECTOR('',#5119,10.);
#1432=VECTOR('',#5120,10.);
#1433=VECTOR('',#5127,10.);
#1434=VECTOR('',#5136,10.);
#1435=VECTOR('',#5145,10.);
#1436=VECTOR('',#5150,10.);
#1437=VECTOR('',#5153,10.);
#1438=VECTOR('',#5156,10.);
#1439=VECTOR('',#5157,10.);
#1440=VECTOR('',#5160,10.);
#1441=VECTOR('',#5163,10.);
#1442=VECTOR('',#5168,10.);
#1443=VECTOR('',#5173,10.);
#1444=VECTOR('',#5176,10.);
#1445=VECTOR('',#5179,10.);
#1446=VECTOR('',#5180,10.);
#1447=VECTOR('',#5183,10.);
#1448=VECTOR('',#5184,10.);
#1449=VECTOR('',#5187,10.);
#1450=VECTOR('',#5190,10.);
#1451=VECTOR('',#5195,10.);
#1452=VECTOR('',#5200,10.);
#1453=VECTOR('',#5201,10.);
#1454=VECTOR('',#5206,10.);
#1455=VECTOR('',#5209,10.);
#1456=VECTOR('',#5212,10.);
#1457=VECTOR('',#5215,10.);
#1458=VECTOR('',#5218,10.);
#1459=VECTOR('',#5219,10.);
#1460=VECTOR('',#5220,10.);
#1461=VECTOR('',#5221,10.);
#1462=VECTOR('',#5222,10.);
#1463=VECTOR('',#5225,10.);
#1464=VECTOR('',#5230,10.);
#1465=VECTOR('',#5233,10.);
#1466=VECTOR('',#5240,10.);
#1467=VECTOR('',#5241,10.);
#1468=VECTOR('',#5242,10.);
#1469=VECTOR('',#5245,10.);
#1470=VECTOR('',#5246,10.);
#1471=VECTOR('',#5247,10.);
#1472=VECTOR('',#5248,10.);
#1473=VECTOR('',#5249,10.);
#1474=VECTOR('',#5250,10.);
#1475=VECTOR('',#5253,10.);
#1476=VECTOR('',#5256,10.);
#1477=VECTOR('',#5257,10.);
#1478=VECTOR('',#5260,10.);
#1479=VECTOR('',#5263,10.);
#1480=VECTOR('',#5264,10.);
#1481=VECTOR('',#5265,10.);
#1482=VECTOR('',#5266,10.);
#1483=VECTOR('',#5267,10.);
#1484=VECTOR('',#5268,10.);
#1485=VECTOR('',#5269,10.);
#1486=VECTOR('',#5270,10.);
#1487=VECTOR('',#5271,10.);
#1488=VECTOR('',#5272,10.);
#1489=VECTOR('',#5273,10.);
#1490=VECTOR('',#5274,10.);
#1491=VECTOR('',#5275,10.);
#1492=VECTOR('',#5276,10.);
#1493=VECTOR('',#5277,10.);
#1494=VECTOR('',#5278,10.);
#1495=VECTOR('',#5279,10.);
#1496=VECTOR('',#5280,10.);
#1497=VECTOR('',#5281,10.);
#1498=VECTOR('',#5282,10.);
#1499=VECTOR('',#5283,10.);
#1500=VECTOR('',#5284,10.);
#1501=VECTOR('',#5285,10.);
#1502=VECTOR('',#5286,10.);
#1503=VECTOR('',#5289,10.);
#1504=VECTOR('',#5292,10.);
#1505=VECTOR('',#5295,10.);
#1506=VECTOR('',#5300,10.);
#1507=VECTOR('',#5301,10.);
#1508=VECTOR('',#5302,10.);
#1509=VECTOR('',#5307,10.);
#1510=VECTOR('',#5310,10.);
#1511=VECTOR('',#5319,10.);
#1512=VECTOR('',#5320,10.);
#1513=VECTOR('',#5323,10.);
#1514=VECTOR('',#5324,10.);
#1515=VECTOR('',#5327,10.);
#1516=VECTOR('',#5328,10.);
#1517=VECTOR('',#5331,10.);
#1518=VECTOR('',#5334,10.);
#1519=VECTOR('',#5337,10.);
#1520=VECTOR('',#5338,10.);
#1521=VECTOR('',#5341,10.);
#1522=VECTOR('',#5342,10.);
#1523=VECTOR('',#5345,10.);
#1524=VECTOR('',#5346,10.);
#1525=VECTOR('',#5347,10.);
#1526=VECTOR('',#5348,10.);
#1527=VECTOR('',#5351,10.);
#1528=VECTOR('',#5352,10.);
#1529=VECTOR('',#5355,10.);
#1530=VECTOR('',#5356,10.);
#1531=VECTOR('',#5357,10.);
#1532=VECTOR('',#5360,10.);
#1533=VECTOR('',#5361,10.);
#1534=VECTOR('',#5362,10.);
#1535=VECTOR('',#5365,10.);
#1536=VECTOR('',#5366,10.);
#1537=VECTOR('',#5367,10.);
#1538=VECTOR('',#5368,10.);
#1539=VECTOR('',#5371,10.);
#1540=VECTOR('',#5376,10.);
#1541=VECTOR('',#5377,10.);
#1542=VECTOR('',#5378,10.);
#1543=VECTOR('',#5379,10.);
#1544=VECTOR('',#5382,10.);
#1545=VECTOR('',#5385,10.);
#1546=VECTOR('',#5390,10.);
#1547=VECTOR('',#5393,10.);
#1548=VECTOR('',#5396,10.);
#1549=VECTOR('',#5397,10.);
#1550=VECTOR('',#5398,10.);
#1551=VECTOR('',#5399,10.);
#1552=VECTOR('',#5400,10.);
#1553=VECTOR('',#5401,10.);
#1554=VECTOR('',#5404,10.);
#1555=VECTOR('',#5405,10.);
#1556=VECTOR('',#5406,10.);
#1557=VECTOR('',#5407,10.);
#1558=VECTOR('',#5408,10.);
#1559=VECTOR('',#5411,10.);
#1560=VECTOR('',#5412,10.);
#1561=VECTOR('',#5413,10.);
#1562=VECTOR('',#5414,10.);
#1563=VECTOR('',#5415,10.);
#1564=VECTOR('',#5418,10.);
#1565=VECTOR('',#5419,10.);
#1566=VECTOR('',#5420,10.);
#1567=VECTOR('',#5421,10.);
#1568=VECTOR('',#5422,10.);
#1569=VECTOR('',#5423,10.);
#1570=VECTOR('',#5426,10.);
#1571=VECTOR('',#5427,10.);
#1572=VECTOR('',#5428,10.);
#1573=VECTOR('',#5429,10.);
#1574=VECTOR('',#5432,10.);
#1575=VECTOR('',#5433,10.);
#1576=VECTOR('',#5434,10.);
#1577=VECTOR('',#5435,10.);
#1578=VECTOR('',#5438,10.);
#1579=VECTOR('',#5439,10.);
#1580=VECTOR('',#5440,10.);
#1581=VECTOR('',#5441,10.);
#1582=VECTOR('',#5442,10.);
#1583=VECTOR('',#5445,10.);
#1584=VECTOR('',#5446,10.);
#1585=VECTOR('',#5447,10.);
#1586=VECTOR('',#5448,10.);
#1587=VECTOR('',#5451,10.);
#1588=VECTOR('',#5452,10.);
#1589=VECTOR('',#5453,10.);
#1590=VECTOR('',#5456,10.);
#1591=VECTOR('',#5457,10.);
#1592=VECTOR('',#5458,10.);
#1593=VECTOR('',#5461,10.);
#1594=VECTOR('',#5462,10.);
#1595=VECTOR('',#5463,10.);
#1596=VECTOR('',#5464,10.);
#1597=VECTOR('',#5467,10.);
#1598=VECTOR('',#5470,10.);
#1599=VECTOR('',#5471,10.);
#1600=VECTOR('',#5472,10.);
#1601=VECTOR('',#5473,10.);
#1602=VECTOR('',#5474,10.);
#1603=VECTOR('',#5477,10.);
#1604=VECTOR('',#5478,10.);
#1605=VECTOR('',#5479,10.);
#1606=VECTOR('',#5480,10.);
#1607=VECTOR('',#5483,10.);
#1608=VECTOR('',#5484,10.);
#1609=VECTOR('',#5485,10.);
#1610=VECTOR('',#5486,10.);
#1611=VECTOR('',#5489,10.);
#1612=VECTOR('',#5490,10.);
#1613=VECTOR('',#5491,10.);
#1614=VECTOR('',#5492,10.);
#1615=VECTOR('',#5493,10.);
#1616=VECTOR('',#5494,10.);
#1617=VECTOR('',#5497,10.);
#1618=VECTOR('',#5498,10.);
#1619=VECTOR('',#5499,10.);
#1620=VECTOR('',#5500,10.);
#1621=VECTOR('',#5503,10.);
#1622=VECTOR('',#5504,10.);
#1623=VECTOR('',#5505,10.);
#1624=VECTOR('',#5506,10.);
#1625=VECTOR('',#5509,10.);
#1626=VECTOR('',#5510,10.);
#1627=VECTOR('',#5511,10.);
#1628=VECTOR('',#5512,10.);
#1629=VECTOR('',#5515,10.);
#1630=VECTOR('',#5516,10.);
#1631=VECTOR('',#5517,10.);
#1632=VECTOR('',#5520,10.);
#1633=VECTOR('',#5521,10.);
#1634=VECTOR('',#5522,10.);
#1635=VECTOR('',#5525,10.);
#1636=VECTOR('',#5526,10.);
#1637=VECTOR('',#5527,10.);
#1638=VECTOR('',#5528,10.);
#1639=VECTOR('',#5531,10.);
#1640=VECTOR('',#5532,10.);
#1641=VECTOR('',#5533,10.);
#1642=VECTOR('',#5534,10.);
#1643=VECTOR('',#5535,10.);
#1644=VECTOR('',#5538,10.);
#1645=VECTOR('',#5541,10.);
#1646=VECTOR('',#5542,10.);
#1647=VECTOR('',#5545,10.);
#1648=VECTOR('',#5546,10.);
#1649=VECTOR('',#5547,10.);
#1650=VECTOR('',#5548,10.);
#1651=VECTOR('',#5549,10.);
#1652=VECTOR('',#5550,10.);
#1653=VECTOR('',#5551,10.);
#1654=VECTOR('',#5552,10.);
#1655=VECTOR('',#5553,10.);
#1656=VECTOR('',#5556,10.);
#1657=VECTOR('',#5557,10.);
#1658=VECTOR('',#5558,10.);
#1659=VECTOR('',#5559,10.);
#1660=VECTOR('',#5562,10.);
#1661=VECTOR('',#5563,10.);
#1662=VECTOR('',#5564,10.);
#1663=VECTOR('',#5565,10.);
#1664=VECTOR('',#5566,10.);
#1665=VECTOR('',#5567,10.);
#1666=VECTOR('',#5568,10.);
#1667=VECTOR('',#5569,10.);
#1668=VECTOR('',#5570,10.);
#1669=VECTOR('',#5573,10.);
#1670=VECTOR('',#5574,10.);
#1671=VECTOR('',#5575,10.);
#1672=VECTOR('',#5576,10.);
#1673=VECTOR('',#5579,10.);
#1674=VECTOR('',#5580,10.);
#1675=VECTOR('',#5581,10.);
#1676=VECTOR('',#5582,10.);
#1677=VECTOR('',#5585,10.);
#1678=VECTOR('',#5588,10.);
#1679=VECTOR('',#5589,10.);
#1680=VECTOR('',#5590,10.);
#1681=VECTOR('',#5593,10.);
#1682=VECTOR('',#5594,10.);
#1683=VECTOR('',#5595,10.);
#1684=VECTOR('',#5598,10.);
#1685=VECTOR('',#5599,10.);
#1686=VECTOR('',#5600,10.);
#1687=VECTOR('',#5601,10.);
#1688=VECTOR('',#5602,10.);
#1689=VECTOR('',#5603,10.);
#1690=VECTOR('',#5604,10.);
#1691=VECTOR('',#5605,10.);
#1692=VECTOR('',#5606,10.);
#1693=VECTOR('',#5609,10.);
#1694=VECTOR('',#5610,10.);
#1695=VECTOR('',#5613,10.);
#1696=VECTOR('',#5614,10.);
#1697=VECTOR('',#5615,10.);
#1698=VECTOR('',#5616,10.);
#1699=VECTOR('',#5617,10.);
#1700=VECTOR('',#5618,10.);
#1701=VECTOR('',#5619,10.);
#1702=VECTOR('',#5620,10.);
#1703=VECTOR('',#5621,10.);
#1704=VECTOR('',#5622,10.);
#1705=VECTOR('',#5623,10.);
#1706=VECTOR('',#5624,10.);
#1707=VECTOR('',#5625,10.);
#1708=VECTOR('',#5636,10.);
#1709=VECTOR('',#5637,10.);
#1710=VECTOR('',#5640,10.);
#1711=VECTOR('',#5643,10.);
#1712=VECTOR('',#5644,10.);
#1713=VECTOR('',#5647,10.);
#1714=VECTOR('',#5650,10.);
#1715=VECTOR('',#5653,10.);
#1716=VECTOR('',#5676,10.);
#1717=VECTOR('',#5693,10.);
#1718=VECTOR('',#5704,4.);
#1719=VECTOR('',#5717,4.);
#1720=VECTOR('',#5730,4.);
#1721=VECTOR('',#5743,4.);
#1722=VECTOR('',#5746,3.);
#1723=VECTOR('',#5755,3.);
#1724=VECTOR('',#5766,1.6);
#1725=VECTOR('',#5771,1.6);
#1726=VECTOR('',#5774,10.);
#1727=VECTOR('',#5777,10.);
#1728=CIRCLE('',#4610,3.);
#1729=CIRCLE('',#4611,3.);
#1730=CIRCLE('',#4613,3.);
#1731=CIRCLE('',#4616,3.);
#1732=CIRCLE('',#4618,3.);
#1733=CIRCLE('',#4619,3.);
#1734=CIRCLE('',#4621,3.);
#1735=CIRCLE('',#4622,1.);
#1736=CIRCLE('',#4623,1.);
#1737=CIRCLE('',#4624,1.);
#1738=CIRCLE('',#4625,1.);
#1739=CIRCLE('',#4628,3.);
#1740=CIRCLE('',#4630,1.);
#1741=CIRCLE('',#4631,1.);
#1742=CIRCLE('',#4633,1.);
#1743=CIRCLE('',#4635,1.);
#1744=CIRCLE('',#4642,1.);
#1745=CIRCLE('',#4645,1.);
#1746=CIRCLE('',#4648,1.);
#1747=CIRCLE('',#4649,1.);
#1748=CIRCLE('',#4651,0.999999999999996);
#1749=CIRCLE('',#4652,2.);
#1750=CIRCLE('',#4653,0.999999999999996);
#1751=CIRCLE('',#4654,1.);
#1752=CIRCLE('',#4656,0.999999999999996);
#1753=CIRCLE('',#4658,0.999999999999996);
#1754=CIRCLE('',#4659,1.);
#1755=CIRCLE('',#4660,2.);
#1756=CIRCLE('',#4662,0.999999999999996);
#1757=CIRCLE('',#4664,0.999999999999996);
#1758=CIRCLE('',#4665,1.);
#1759=CIRCLE('',#4666,2.);
#1760=CIRCLE('',#4668,0.999999999999996);
#1761=CIRCLE('',#4670,0.999999999999996);
#1762=CIRCLE('',#4671,1.);
#1763=CIRCLE('',#4672,2.);
#1764=CIRCLE('',#4676,1.);
#1765=CIRCLE('',#4679,1.);
#1766=CIRCLE('',#4681,1.);
#1767=CIRCLE('',#4682,1.);
#1768=CIRCLE('',#4683,1.);
#1769=CIRCLE('',#4684,1.);
#1770=CIRCLE('',#4686,1.);
#1771=CIRCLE('',#4687,1.);
#1772=CIRCLE('',#4688,3.);
#1773=CIRCLE('',#4689,3.);
#1774=CIRCLE('',#4698,2.);
#1775=CIRCLE('',#4701,2.);
#1776=CIRCLE('',#4706,2.);
#1777=CIRCLE('',#4710,2.);
#1778=CIRCLE('',#4716,1.);
#1779=CIRCLE('',#4718,1.);
#1780=CIRCLE('',#4719,1.);
#1781=CIRCLE('',#4720,1.);
#1782=CIRCLE('',#4733,1.);
#1783=CIRCLE('',#4734,1.);
#1784=CIRCLE('',#4735,1.);
#1785=CIRCLE('',#4736,1.);
#1786=CIRCLE('',#4739,1.);
#1787=CIRCLE('',#4742,1.);
#1788=CIRCLE('',#4744,1.);
#1789=CIRCLE('',#4748,1.);
#1790=CIRCLE('',#4760,1.);
#1791=CIRCLE('',#4761,1.);
#1792=CIRCLE('',#4812,0.4);
#1793=CIRCLE('',#4813,1.);
#1794=CIRCLE('',#4814,1.4);
#1795=CIRCLE('',#4816,0.4);
#1796=CIRCLE('',#4817,1.);
#1797=CIRCLE('',#4818,1.4);
#1798=CIRCLE('',#4822,4.);
#1799=CIRCLE('',#4823,4.);
#1800=CIRCLE('',#4824,1.);
#1801=CIRCLE('',#4825,5.);
#1802=CIRCLE('',#4827,1.);
#1803=CIRCLE('',#4828,1.);
#1804=CIRCLE('',#4829,5.);
#1805=CIRCLE('',#4830,5.);
#1806=CIRCLE('',#4831,5.);
#1807=CIRCLE('',#4833,4.);
#1808=CIRCLE('',#4835,4.);
#1809=CIRCLE('',#4836,4.);
#1810=CIRCLE('',#4837,1.);
#1811=CIRCLE('',#4839,4.);
#1812=CIRCLE('',#4841,4.);
#1813=CIRCLE('',#4842,4.);
#1814=CIRCLE('',#4843,1.);
#1815=CIRCLE('',#4845,4.);
#1816=CIRCLE('',#4847,4.);
#1817=CIRCLE('',#4848,4.);
#1818=CIRCLE('',#4849,1.);
#1819=CIRCLE('',#4851,4.);
#1820=CIRCLE('',#4853,3.);
#1821=CIRCLE('',#4855,1.6);
#1822=CIRCLE('',#4857,3.);
#1823=CIRCLE('',#4859,1.6);
#1824=CIRCLE('',#4861,1.6);
#1825=CIRCLE('',#4863,1.6);
#1826=VERTEX_POINT('',#5790);
#1827=VERTEX_POINT('',#5791);
#1828=VERTEX_POINT('',#5793);
#1829=VERTEX_POINT('',#5795);
#1830=VERTEX_POINT('',#5799);
#1831=VERTEX_POINT('',#5801);
#1832=VERTEX_POINT('',#5803);
#1833=VERTEX_POINT('',#5805);
#1834=VERTEX_POINT('',#5807);
#1835=VERTEX_POINT('',#5809);
#1836=VERTEX_POINT('',#5811);
#1837=VERTEX_POINT('',#5815);
#1838=VERTEX_POINT('',#5819);
#1839=VERTEX_POINT('',#5823);
#1840=VERTEX_POINT('',#5824);
#1841=VERTEX_POINT('',#5826);
#1842=VERTEX_POINT('',#5828);
#1843=VERTEX_POINT('',#5832);
#1844=VERTEX_POINT('',#5834);
#1845=VERTEX_POINT('',#5836);
#1846=VERTEX_POINT('',#5838);
#1847=VERTEX_POINT('',#5840);
#1848=VERTEX_POINT('',#5842);
#1849=VERTEX_POINT('',#5844);
#1850=VERTEX_POINT('',#5846);
#1851=VERTEX_POINT('',#5848);
#1852=VERTEX_POINT('',#5851);
#1853=VERTEX_POINT('',#5852);
#1854=VERTEX_POINT('',#5854);
#1855=VERTEX_POINT('',#5856);
#1856=VERTEX_POINT('',#5858);
#1857=VERTEX_POINT('',#5860);
#1858=VERTEX_POINT('',#5862);
#1859=VERTEX_POINT('',#5864);
#1860=VERTEX_POINT('',#5868);
#1861=VERTEX_POINT('',#5870);
#1862=VERTEX_POINT('',#5874);
#1863=VERTEX_POINT('',#5876);
#1864=VERTEX_POINT('',#5880);
#1865=VERTEX_POINT('',#5882);
#1866=VERTEX_POINT('',#5884);
#1867=VERTEX_POINT('',#5886);
#1868=VERTEX_POINT('',#5891);
#1869=VERTEX_POINT('',#5893);
#1870=VERTEX_POINT('',#5897);
#1871=VERTEX_POINT('',#5899);
#1872=VERTEX_POINT('',#5907);
#1873=VERTEX_POINT('',#5909);
#1874=VERTEX_POINT('',#5911);
#1875=VERTEX_POINT('',#5913);
#1876=VERTEX_POINT('',#5919);
#1877=VERTEX_POINT('',#5920);
#1878=VERTEX_POINT('',#5922);
#1879=VERTEX_POINT('',#5924);
#1880=VERTEX_POINT('',#5928);
#1881=VERTEX_POINT('',#5930);
#1882=VERTEX_POINT('',#5934);
#1883=VERTEX_POINT('',#5938);
#1884=VERTEX_POINT('',#5944);
#1885=VERTEX_POINT('',#5946);
#1886=VERTEX_POINT('',#5948);
#1887=VERTEX_POINT('',#5950);
#1888=VERTEX_POINT('',#5952);
#1889=VERTEX_POINT('',#5954);
#1890=VERTEX_POINT('',#5956);
#1891=VERTEX_POINT('',#5958);
#1892=VERTEX_POINT('',#5960);
#1893=VERTEX_POINT('',#5962);
#1894=VERTEX_POINT('',#5966);
#1895=VERTEX_POINT('',#5967);
#1896=VERTEX_POINT('',#5969);
#1897=VERTEX_POINT('',#5971);
#1898=VERTEX_POINT('',#5975);
#1899=VERTEX_POINT('',#5976);
#1900=VERTEX_POINT('',#5981);
#1901=VERTEX_POINT('',#5982);
#1902=VERTEX_POINT('',#5987);
#1903=VERTEX_POINT('',#5988);
#1904=VERTEX_POINT('',#5993);
#1905=VERTEX_POINT('',#5994);
#1906=VERTEX_POINT('',#5999);
#1907=VERTEX_POINT('',#6000);
#1908=VERTEX_POINT('',#6005);
#1909=VERTEX_POINT('',#6006);
#1910=VERTEX_POINT('',#6014);
#1911=VERTEX_POINT('',#6016);
#1912=VERTEX_POINT('',#6020);
#1913=VERTEX_POINT('',#6024);
#1914=VERTEX_POINT('',#6028);
#1915=VERTEX_POINT('',#6032);
#1916=VERTEX_POINT('',#6033);
#1917=VERTEX_POINT('',#6035);
#1918=VERTEX_POINT('',#6037);
#1919=VERTEX_POINT('',#6039);
#1920=VERTEX_POINT('',#6041);
#1921=VERTEX_POINT('',#6043);
#1922=VERTEX_POINT('',#6045);
#1923=VERTEX_POINT('',#6047);
#1924=VERTEX_POINT('',#6049);
#1925=VERTEX_POINT('',#6051);
#1926=VERTEX_POINT('',#6053);
#1927=VERTEX_POINT('',#6055);
#1928=VERTEX_POINT('',#6057);
#1929=VERTEX_POINT('',#6059);
#1930=VERTEX_POINT('',#6061);
#1931=VERTEX_POINT('',#6063);
#1932=VERTEX_POINT('',#6065);
#1933=VERTEX_POINT('',#6070);
#1934=VERTEX_POINT('',#6073);
#1935=VERTEX_POINT('',#6075);
#1936=VERTEX_POINT('',#6078);
#1937=VERTEX_POINT('',#6084);
#1938=VERTEX_POINT('',#6086);
#1939=VERTEX_POINT('',#6090);
#1940=VERTEX_POINT('',#6092);
#1941=VERTEX_POINT('',#6096);
#1942=VERTEX_POINT('',#6100);
#1943=VERTEX_POINT('',#6102);
#1944=VERTEX_POINT('',#6104);
#1945=VERTEX_POINT('',#6108);
#1946=VERTEX_POINT('',#6112);
#1947=VERTEX_POINT('',#6114);
#1948=VERTEX_POINT('',#6118);
#1949=VERTEX_POINT('',#6122);
#1950=VERTEX_POINT('',#6126);
#1951=VERTEX_POINT('',#6128);
#1952=VERTEX_POINT('',#6130);
#1953=VERTEX_POINT('',#6134);
#1954=VERTEX_POINT('',#6138);
#1955=VERTEX_POINT('',#6142);
#1956=VERTEX_POINT('',#6146);
#1957=VERTEX_POINT('',#6150);
#1958=VERTEX_POINT('',#6152);
#1959=VERTEX_POINT('',#6155);
#1960=VERTEX_POINT('',#6157);
#1961=VERTEX_POINT('',#6159);
#1962=VERTEX_POINT('',#6161);
#1963=VERTEX_POINT('',#6174);
#1964=VERTEX_POINT('',#6176);
#1965=VERTEX_POINT('',#6180);
#1966=VERTEX_POINT('',#6183);
#1967=VERTEX_POINT('',#6185);
#1968=VERTEX_POINT('',#6187);
#1969=VERTEX_POINT('',#6193);
#1970=VERTEX_POINT('',#6199);
#1971=VERTEX_POINT('',#6200);
#1972=VERTEX_POINT('',#6206);
#1973=VERTEX_POINT('',#6208);
#1974=VERTEX_POINT('',#6214);
#1975=VERTEX_POINT('',#6220);
#1976=VERTEX_POINT('',#6222);
#1977=VERTEX_POINT('',#6228);
#1978=VERTEX_POINT('',#6230);
#1979=VERTEX_POINT('',#6236);
#1980=VERTEX_POINT('',#6238);
#1981=VERTEX_POINT('',#6244);
#1982=VERTEX_POINT('',#6250);
#1983=VERTEX_POINT('',#6252);
#1984=VERTEX_POINT('',#6258);
#1985=VERTEX_POINT('',#6264);
#1986=VERTEX_POINT('',#6270);
#1987=VERTEX_POINT('',#6272);
#1988=VERTEX_POINT('',#6278);
#1989=VERTEX_POINT('',#6284);
#1990=VERTEX_POINT('',#6286);
#1991=VERTEX_POINT('',#6292);
#1992=VERTEX_POINT('',#6298);
#1993=VERTEX_POINT('',#6300);
#1994=VERTEX_POINT('',#6311);
#1995=VERTEX_POINT('',#6312);
#1996=VERTEX_POINT('',#6318);
#1997=VERTEX_POINT('',#6320);
#1998=VERTEX_POINT('',#6326);
#1999=VERTEX_POINT('',#6332);
#2000=VERTEX_POINT('',#6338);
#2001=VERTEX_POINT('',#6340);
#2002=VERTEX_POINT('',#6346);
#2003=VERTEX_POINT('',#6352);
#2004=VERTEX_POINT('',#6354);
#2005=VERTEX_POINT('',#6360);
#2006=VERTEX_POINT('',#6362);
#2007=VERTEX_POINT('',#6368);
#2008=VERTEX_POINT('',#6370);
#2009=VERTEX_POINT('',#6376);
#2010=VERTEX_POINT('',#6382);
#2011=VERTEX_POINT('',#6384);
#2012=VERTEX_POINT('',#6390);
#2013=VERTEX_POINT('',#6396);
#2014=VERTEX_POINT('',#6398);
#2015=VERTEX_POINT('',#6404);
#2016=VERTEX_POINT('',#6410);
#2017=VERTEX_POINT('',#6412);
#2018=VERTEX_POINT('',#6423);
#2019=VERTEX_POINT('',#6424);
#2020=VERTEX_POINT('',#6430);
#2021=VERTEX_POINT('',#6432);
#2022=VERTEX_POINT('',#6438);
#2023=VERTEX_POINT('',#6444);
#2024=VERTEX_POINT('',#6446);
#2025=VERTEX_POINT('',#6452);
#2026=VERTEX_POINT('',#6458);
#2027=VERTEX_POINT('',#6460);
#2028=VERTEX_POINT('',#6466);
#2029=VERTEX_POINT('',#6472);
#2030=VERTEX_POINT('',#6478);
#2031=VERTEX_POINT('',#6489);
#2032=VERTEX_POINT('',#6490);
#2033=VERTEX_POINT('',#6496);
#2034=VERTEX_POINT('',#6502);
#2035=VERTEX_POINT('',#6508);
#2036=VERTEX_POINT('',#6514);
#2037=VERTEX_POINT('',#6520);
#2038=VERTEX_POINT('',#6526);
#2039=VERTEX_POINT('',#6532);
#2040=VERTEX_POINT('',#6538);
#2041=VERTEX_POINT('',#6544);
#2042=VERTEX_POINT('',#6550);
#2043=VERTEX_POINT('',#6556);
#2044=VERTEX_POINT('',#6562);
#2045=VERTEX_POINT('',#6568);
#2046=VERTEX_POINT('',#6570);
#2047=VERTEX_POINT('',#6576);
#2048=VERTEX_POINT('',#6578);
#2049=VERTEX_POINT('',#6584);
#2050=VERTEX_POINT('',#6590);
#2051=VERTEX_POINT('',#6596);
#2052=VERTEX_POINT('',#6602);
#2053=VERTEX_POINT('',#6608);
#2054=VERTEX_POINT('',#6614);
#2055=VERTEX_POINT('',#6620);
#2056=VERTEX_POINT('',#6626);
#2057=VERTEX_POINT('',#6628);
#2058=VERTEX_POINT('',#6634);
#2059=VERTEX_POINT('',#6641);
#2060=VERTEX_POINT('',#6642);
#2061=VERTEX_POINT('',#6644);
#2062=VERTEX_POINT('',#6646);
#2063=VERTEX_POINT('',#6648);
#2064=VERTEX_POINT('',#6650);
#2065=VERTEX_POINT('',#6652);
#2066=VERTEX_POINT('',#6654);
#2067=VERTEX_POINT('',#6658);
#2068=VERTEX_POINT('',#6660);
#2069=VERTEX_POINT('',#6664);
#2070=VERTEX_POINT('',#6672);
#2071=VERTEX_POINT('',#6673);
#2072=VERTEX_POINT('',#6678);
#2073=VERTEX_POINT('',#6682);
#2074=VERTEX_POINT('',#6686);
#2075=VERTEX_POINT('',#6688);
#2076=VERTEX_POINT('',#6692);
#2077=VERTEX_POINT('',#6696);
#2078=VERTEX_POINT('',#6700);
#2079=VERTEX_POINT('',#6701);
#2080=VERTEX_POINT('',#6703);
#2081=VERTEX_POINT('',#6705);
#2082=VERTEX_POINT('',#6709);
#2083=VERTEX_POINT('',#6713);
#2084=VERTEX_POINT('',#6715);
#2085=VERTEX_POINT('',#6719);
#2086=VERTEX_POINT('',#6721);
#2087=VERTEX_POINT('',#6727);
#2088=VERTEX_POINT('',#6734);
#2089=VERTEX_POINT('',#6737);
#2090=VERTEX_POINT('',#6742);
#2091=VERTEX_POINT('',#6744);
#2092=VERTEX_POINT('',#6762);
#2093=VERTEX_POINT('',#6763);
#2094=VERTEX_POINT('',#6769);
#2095=VERTEX_POINT('',#6771);
#2096=VERTEX_POINT('',#6788);
#2097=VERTEX_POINT('',#6794);
#2098=VERTEX_POINT('',#6811);
#2099=VERTEX_POINT('',#6817);
#2100=VERTEX_POINT('',#6834);
#2101=VERTEX_POINT('',#6840);
#2102=VERTEX_POINT('',#6857);
#2103=VERTEX_POINT('',#6863);
#2104=VERTEX_POINT('',#6871);
#2105=VERTEX_POINT('',#6873);
#2106=VERTEX_POINT('',#6886);
#2107=VERTEX_POINT('',#6892);
#2108=VERTEX_POINT('',#6909);
#2109=VERTEX_POINT('',#6915);
#2110=VERTEX_POINT('',#6923);
#2111=VERTEX_POINT('',#6925);
#2112=VERTEX_POINT('',#6938);
#2113=VERTEX_POINT('',#6944);
#2114=VERTEX_POINT('',#6961);
#2115=VERTEX_POINT('',#6967);
#2116=VERTEX_POINT('',#6987);
#2117=VERTEX_POINT('',#6989);
#2118=VERTEX_POINT('',#7006);
#2119=VERTEX_POINT('',#7023);
#2120=VERTEX_POINT('',#7031);
#2121=VERTEX_POINT('',#7044);
#2122=VERTEX_POINT('',#7061);
#2123=VERTEX_POINT('',#7069);
#2124=VERTEX_POINT('',#7082);
#2125=VERTEX_POINT('',#7099);
#2126=VERTEX_POINT('',#7107);
#2127=VERTEX_POINT('',#7120);
#2128=VERTEX_POINT('',#7137);
#2129=VERTEX_POINT('',#7154);
#2130=VERTEX_POINT('',#7162);
#2131=VERTEX_POINT('',#7175);
#2132=VERTEX_POINT('',#7192);
#2133=VERTEX_POINT('',#7200);
#2134=VERTEX_POINT('',#7213);
#2135=VERTEX_POINT('',#7221);
#2136=VERTEX_POINT('',#7234);
#2137=VERTEX_POINT('',#7242);
#2138=VERTEX_POINT('',#7255);
#2139=VERTEX_POINT('',#7272);
#2140=VERTEX_POINT('',#7292);
#2141=VERTEX_POINT('',#7293);
#2142=VERTEX_POINT('',#7299);
#2143=VERTEX_POINT('',#7301);
#2144=VERTEX_POINT('',#7318);
#2145=VERTEX_POINT('',#7324);
#2146=VERTEX_POINT('',#7341);
#2147=VERTEX_POINT('',#7347);
#2148=VERTEX_POINT('',#7364);
#2149=VERTEX_POINT('',#7370);
#2150=VERTEX_POINT('',#7378);
#2151=VERTEX_POINT('',#7380);
#2152=VERTEX_POINT('',#7393);
#2153=VERTEX_POINT('',#7399);
#2154=VERTEX_POINT('',#7407);
#2155=VERTEX_POINT('',#7409);
#2156=VERTEX_POINT('',#7422);
#2157=VERTEX_POINT('',#7428);
#2158=VERTEX_POINT('',#7448);
#2159=VERTEX_POINT('',#7450);
#2160=VERTEX_POINT('',#7467);
#2161=VERTEX_POINT('',#7484);
#2162=VERTEX_POINT('',#7492);
#2163=VERTEX_POINT('',#7505);
#2164=VERTEX_POINT('',#7522);
#2165=VERTEX_POINT('',#7530);
#2166=VERTEX_POINT('',#7543);
#2167=VERTEX_POINT('',#7560);
#2168=VERTEX_POINT('',#7568);
#2169=VERTEX_POINT('',#7581);
#2170=VERTEX_POINT('',#7598);
#2171=VERTEX_POINT('',#7606);
#2172=VERTEX_POINT('',#7619);
#2173=VERTEX_POINT('',#7627);
#2174=VERTEX_POINT('',#7640);
#2175=VERTEX_POINT('',#7648);
#2176=VERTEX_POINT('',#7661);
#2177=VERTEX_POINT('',#7678);
#2178=VERTEX_POINT('',#7686);
#2179=VERTEX_POINT('',#7699);
#2180=VERTEX_POINT('',#7716);
#2181=VERTEX_POINT('',#7733);
#2182=VERTEX_POINT('',#7753);
#2183=VERTEX_POINT('',#7754);
#2184=VERTEX_POINT('',#7760);
#2185=VERTEX_POINT('',#7762);
#2186=VERTEX_POINT('',#7770);
#2187=VERTEX_POINT('',#7772);
#2188=VERTEX_POINT('',#7785);
#2189=VERTEX_POINT('',#7791);
#2190=VERTEX_POINT('',#7808);
#2191=VERTEX_POINT('',#7814);
#2192=VERTEX_POINT('',#7831);
#2193=VERTEX_POINT('',#7837);
#2194=VERTEX_POINT('',#7854);
#2195=VERTEX_POINT('',#7860);
#2196=VERTEX_POINT('',#7877);
#2197=VERTEX_POINT('',#7883);
#2198=VERTEX_POINT('',#7900);
#2199=VERTEX_POINT('',#7906);
#2200=VERTEX_POINT('',#7914);
#2201=VERTEX_POINT('',#7916);
#2202=VERTEX_POINT('',#7929);
#2203=VERTEX_POINT('',#7935);
#2204=VERTEX_POINT('',#7955);
#2205=VERTEX_POINT('',#7957);
#2206=VERTEX_POINT('',#7974);
#2207=VERTEX_POINT('',#7991);
#2208=VERTEX_POINT('',#8008);
#2209=VERTEX_POINT('',#8025);
#2210=VERTEX_POINT('',#8042);
#2211=VERTEX_POINT('',#8050);
#2212=VERTEX_POINT('',#8063);
#2213=VERTEX_POINT('',#8080);
#2214=VERTEX_POINT('',#8088);
#2215=VERTEX_POINT('',#8101);
#2216=VERTEX_POINT('',#8118);
#2217=VERTEX_POINT('',#8138);
#2218=VERTEX_POINT('',#8140);
#2219=VERTEX_POINT('',#8157);
#2220=VERTEX_POINT('',#8165);
#2221=VERTEX_POINT('',#8178);
#2222=VERTEX_POINT('',#8186);
#2223=VERTEX_POINT('',#8203);
#2224=VERTEX_POINT('',#8220);
#2225=VERTEX_POINT('',#8237);
#2226=VERTEX_POINT('',#8254);
#2227=VERTEX_POINT('',#8271);
#2228=VERTEX_POINT('',#8288);
#2229=VERTEX_POINT('',#8305);
#2230=VERTEX_POINT('',#8322);
#2231=VERTEX_POINT('',#8330);
#2232=VERTEX_POINT('',#8347);
#2233=VERTEX_POINT('',#8355);
#2234=VERTEX_POINT('',#8368);
#2235=VERTEX_POINT('',#8385);
#2236=VERTEX_POINT('',#8402);
#2237=VERTEX_POINT('',#8419);
#2238=VERTEX_POINT('',#8436);
#2239=VERTEX_POINT('',#8453);
#2240=VERTEX_POINT('',#8470);
#2241=VERTEX_POINT('',#8487);
#2242=VERTEX_POINT('',#8504);
#2243=VERTEX_POINT('',#8521);
#2244=VERTEX_POINT('',#8538);
#2245=VERTEX_POINT('',#8607);
#2246=VERTEX_POINT('',#8609);
#2247=VERTEX_POINT('',#8640);
#2248=VERTEX_POINT('',#8642);
#2249=VERTEX_POINT('',#8649);
#2250=VERTEX_POINT('',#8650);
#2251=VERTEX_POINT('',#8653);
#2252=VERTEX_POINT('',#8657);
#2253=VERTEX_POINT('',#8659);
#2254=VERTEX_POINT('',#8662);
#2255=VERTEX_POINT('',#8664);
#2256=VERTEX_POINT('',#8666);
#2257=VERTEX_POINT('',#8669);
#2258=VERTEX_POINT('',#8673);
#2259=VERTEX_POINT('',#8674);
#2260=VERTEX_POINT('',#8679);
#2261=VERTEX_POINT('',#8683);
#2262=VERTEX_POINT('',#8684);
#2263=VERTEX_POINT('',#8689);
#2264=VERTEX_POINT('',#8693);
#2265=VERTEX_POINT('',#8694);
#2266=VERTEX_POINT('',#8699);
#2267=VERTEX_POINT('',#8703);
#2268=VERTEX_POINT('',#8707);
#2269=VERTEX_POINT('',#8710);
#2270=VERTEX_POINT('',#8714);
#2271=VERTEX_POINT('',#8717);
#2272=VERTEX_POINT('',#8721);
#2273=EDGE_CURVE('',#1826,#1827,#1728,.T.);
#2274=EDGE_CURVE('',#1827,#1828,#946,.T.);
#2275=EDGE_CURVE('',#1828,#1829,#1729,.T.);
#2276=EDGE_CURVE('',#1829,#1826,#947,.T.);
#2277=EDGE_CURVE('',#1826,#1830,#948,.T.);
#2278=EDGE_CURVE('',#1831,#1830,#1730,.T.);
#2279=EDGE_CURVE('',#1831,#1832,#949,.T.);
#2280=EDGE_CURVE('',#1833,#1832,#950,.T.);
#2281=EDGE_CURVE('',#1833,#1834,#951,.T.);
#2282=EDGE_CURVE('',#1835,#1834,#952,.T.);
#2283=EDGE_CURVE('',#1836,#1835,#953,.T.);
#2284=EDGE_CURVE('',#1827,#1836,#954,.T.);
#2285=EDGE_CURVE('',#1837,#1829,#955,.T.);
#2286=EDGE_CURVE('',#1830,#1837,#956,.T.);
#2287=EDGE_CURVE('',#1837,#1838,#1731,.T.);
#2288=EDGE_CURVE('',#1838,#1831,#957,.T.);
#2289=EDGE_CURVE('',#1839,#1840,#1732,.T.);
#2290=EDGE_CURVE('',#1840,#1841,#958,.T.);
#2291=EDGE_CURVE('',#1841,#1842,#1733,.T.);
#2292=EDGE_CURVE('',#1842,#1839,#959,.T.);
#2293=EDGE_CURVE('',#1843,#1841,#960,.T.);
#2294=EDGE_CURVE('',#1844,#1843,#961,.T.);
#2295=EDGE_CURVE('',#1845,#1844,#962,.T.);
#2296=EDGE_CURVE('',#1846,#1845,#963,.T.);
#2297=EDGE_CURVE('',#1847,#1846,#964,.T.);
#2298=EDGE_CURVE('',#1847,#1848,#965,.T.);
#2299=EDGE_CURVE('',#1848,#1849,#966,.T.);
#2300=EDGE_CURVE('',#1849,#1850,#967,.T.);
#2301=EDGE_CURVE('',#1851,#1850,#1734,.T.);
#2302=EDGE_CURVE('',#1851,#1842,#968,.T.);
#2303=EDGE_CURVE('',#1852,#1853,#969,.T.);
#2304=EDGE_CURVE('',#1854,#1853,#1735,.T.);
#2305=EDGE_CURVE('',#1854,#1855,#970,.T.);
#2306=EDGE_CURVE('',#1856,#1855,#1736,.T.);
#2307=EDGE_CURVE('',#1856,#1857,#971,.T.);
#2308=EDGE_CURVE('',#1858,#1857,#1737,.T.);
#2309=EDGE_CURVE('',#1859,#1858,#972,.T.);
#2310=EDGE_CURVE('',#1852,#1859,#1738,.T.);
#2311=EDGE_CURVE('',#1840,#1860,#973,.T.);
#2312=EDGE_CURVE('',#1860,#1861,#974,.T.);
#2313=EDGE_CURVE('',#1861,#1844,#975,.T.);
#2314=EDGE_CURVE('',#1850,#1862,#976,.T.);
#2315=EDGE_CURVE('',#1862,#1863,#1739,.T.);
#2316=EDGE_CURVE('',#1863,#1851,#977,.T.);
#2317=EDGE_CURVE('',#1864,#1838,#978,.T.);
#2318=EDGE_CURVE('',#1865,#1864,#1740,.T.);
#2319=EDGE_CURVE('',#1866,#1865,#979,.T.);
#2320=EDGE_CURVE('',#1867,#1866,#1741,.T.);
#2321=EDGE_CURVE('',#1862,#1867,#980,.T.);
#2322=EDGE_CURVE('',#1832,#1849,#981,.T.);
#2323=EDGE_CURVE('',#1866,#1868,#982,.T.);
#2324=EDGE_CURVE('',#1868,#1869,#1742,.T.);
#2325=EDGE_CURVE('',#1869,#1867,#983,.T.);
#2326=EDGE_CURVE('',#1864,#1870,#984,.T.);
#2327=EDGE_CURVE('',#1870,#1871,#1743,.T.);
#2328=EDGE_CURVE('',#1871,#1865,#985,.T.);
#2329=EDGE_CURVE('',#1868,#1871,#986,.T.);
#2330=EDGE_CURVE('',#1839,#1863,#987,.T.);
#2331=EDGE_CURVE('',#1872,#1828,#988,.T.);
#2332=EDGE_CURVE('',#1872,#1873,#989,.T.);
#2333=EDGE_CURVE('',#1873,#1874,#990,.T.);
#2334=EDGE_CURVE('',#1875,#1874,#991,.T.);
#2335=EDGE_CURVE('',#1870,#1875,#992,.T.);
#2336=EDGE_CURVE('',#1836,#1872,#993,.T.);
#2337=EDGE_CURVE('',#1876,#1877,#994,.T.);
#2338=EDGE_CURVE('',#1876,#1878,#995,.T.);
#2339=EDGE_CURVE('',#1879,#1878,#996,.T.);
#2340=EDGE_CURVE('',#1877,#1879,#997,.T.);
#2341=EDGE_CURVE('',#1880,#1877,#998,.T.);
#2342=EDGE_CURVE('',#1881,#1880,#1744,.T.);
#2343=EDGE_CURVE('',#1876,#1881,#999,.T.);
#2344=EDGE_CURVE('',#1879,#1882,#1000,.T.);
#2345=EDGE_CURVE('',#1880,#1882,#1001,.T.);
#2346=EDGE_CURVE('',#1883,#1878,#1002,.T.);
#2347=EDGE_CURVE('',#1882,#1883,#1745,.T.);
#2348=EDGE_CURVE('',#1883,#1881,#1003,.T.);
#2349=EDGE_CURVE('',#1881,#1884,#1004,.T.);
#2350=EDGE_CURVE('',#1885,#1884,#1746,.F.);
#2351=EDGE_CURVE('',#1885,#1886,#1005,.T.);
#2352=EDGE_CURVE('',#1886,#1887,#1006,.T.);
#2353=EDGE_CURVE('',#1887,#1888,#1007,.T.);
#2354=EDGE_CURVE('',#1888,#1889,#1008,.T.);
#2355=EDGE_CURVE('',#1889,#1890,#1009,.T.);
#2356=EDGE_CURVE('',#1890,#1891,#1010,.T.);
#2357=EDGE_CURVE('',#1891,#1892,#1011,.T.);
#2358=EDGE_CURVE('',#1893,#1892,#1747,.F.);
#2359=EDGE_CURVE('',#1893,#1883,#1012,.T.);
#2360=EDGE_CURVE('',#1894,#1895,#1748,.T.);
#2361=EDGE_CURVE('',#1895,#1896,#1749,.T.);
#2362=EDGE_CURVE('',#1896,#1897,#1750,.T.);
#2363=EDGE_CURVE('',#1897,#1894,#1751,.T.);
#2364=EDGE_CURVE('',#1898,#1899,#1752,.T.);
#2365=EDGE_CURVE('',#1899,#1897,#1013,.T.);
#2366=EDGE_CURVE('',#1896,#1898,#1014,.T.);
#2367=EDGE_CURVE('',#1900,#1901,#1753,.T.);
#2368=EDGE_CURVE('',#1901,#1899,#1754,.T.);
#2369=EDGE_CURVE('',#1898,#1900,#1755,.T.);
#2370=EDGE_CURVE('',#1902,#1903,#1756,.T.);
#2371=EDGE_CURVE('',#1903,#1901,#1015,.T.);
#2372=EDGE_CURVE('',#1900,#1902,#1016,.T.);
#2373=EDGE_CURVE('',#1904,#1905,#1757,.T.);
#2374=EDGE_CURVE('',#1905,#1903,#1758,.T.);
#2375=EDGE_CURVE('',#1902,#1904,#1759,.T.);
#2376=EDGE_CURVE('',#1906,#1907,#1760,.T.);
#2377=EDGE_CURVE('',#1907,#1905,#1017,.T.);
#2378=EDGE_CURVE('',#1904,#1906,#1018,.T.);
#2379=EDGE_CURVE('',#1908,#1909,#1761,.T.);
#2380=EDGE_CURVE('',#1909,#1907,#1762,.T.);
#2381=EDGE_CURVE('',#1906,#1908,#1763,.T.);
#2382=EDGE_CURVE('',#1908,#1895,#1019,.T.);
#2383=EDGE_CURVE('',#1894,#1909,#1020,.T.);
#2384=EDGE_CURVE('',#1907,#1910,#1021,.T.);
#2385=EDGE_CURVE('',#1911,#1910,#1022,.T.);
#2386=EDGE_CURVE('',#1905,#1911,#1023,.T.);
#2387=EDGE_CURVE('',#1909,#1912,#1024,.T.);
#2388=EDGE_CURVE('',#1910,#1912,#1764,.T.);
#2389=EDGE_CURVE('',#1894,#1913,#1025,.T.);
#2390=EDGE_CURVE('',#1912,#1913,#1026,.T.);
#2391=EDGE_CURVE('',#1897,#1914,#1027,.T.);
#2392=EDGE_CURVE('',#1913,#1914,#1765,.T.);
#2393=EDGE_CURVE('',#1915,#1916,#1028,.T.);
#2394=EDGE_CURVE('',#1917,#1916,#1029,.T.);
#2395=EDGE_CURVE('',#1918,#1917,#1030,.T.);
#2396=EDGE_CURVE('',#1919,#1918,#1031,.T.);
#2397=EDGE_CURVE('',#1920,#1919,#1032,.T.);
#2398=EDGE_CURVE('',#1921,#1920,#1033,.T.);
#2399=EDGE_CURVE('',#1921,#1922,#1034,.T.);
#2400=EDGE_CURVE('',#1923,#1922,#1766,.F.);
#2401=EDGE_CURVE('',#1923,#1924,#1035,.T.);
#2402=EDGE_CURVE('',#1925,#1924,#1767,.F.);
#2403=EDGE_CURVE('',#1925,#1926,#1036,.T.);
#2404=EDGE_CURVE('',#1927,#1926,#1037,.T.);
#2405=EDGE_CURVE('',#1927,#1928,#1038,.T.);
#2406=EDGE_CURVE('',#1929,#1928,#1768,.F.);
#2407=EDGE_CURVE('',#1929,#1930,#1039,.T.);
#2408=EDGE_CURVE('',#1931,#1930,#1769,.F.);
#2409=EDGE_CURVE('',#1931,#1932,#1040,.T.);
#2410=EDGE_CURVE('',#1915,#1932,#1041,.T.);
#2411=EDGE_CURVE('',#1918,#1875,#1770,.T.);
#2412=EDGE_CURVE('',#1933,#1917,#1771,.T.);
#2413=EDGE_CURVE('',#1933,#1869,#1042,.T.);
#2414=EDGE_CURVE('',#1934,#1934,#1772,.T.);
#2415=EDGE_CURVE('',#1935,#1935,#1773,.T.);
#2416=EDGE_CURVE('',#1916,#1936,#286,.F.);
#2417=EDGE_CURVE('',#1936,#1933,#1043,.T.);
#2418=EDGE_CURVE('',#1874,#1919,#287,.F.);
#2419=EDGE_CURVE('',#1920,#1937,#288,.T.);
#2420=EDGE_CURVE('',#1937,#1938,#1044,.T.);
#2421=EDGE_CURVE('',#1938,#1921,#289,.T.);
#2422=EDGE_CURVE('',#1938,#1939,#1045,.T.);
#2423=EDGE_CURVE('',#1939,#1940,#1774,.T.);
#2424=EDGE_CURVE('',#1940,#1921,#1046,.T.);
#2425=EDGE_CURVE('',#1941,#1940,#1047,.T.);
#2426=EDGE_CURVE('',#1922,#1941,#1048,.T.);
#2427=EDGE_CURVE('',#1926,#1942,#1049,.T.);
#2428=EDGE_CURVE('',#1942,#1943,#1775,.T.);
#2429=EDGE_CURVE('',#1943,#1944,#1050,.T.);
#2430=EDGE_CURVE('',#1944,#1926,#290,.T.);
#2431=EDGE_CURVE('',#1944,#1945,#1051,.T.);
#2432=EDGE_CURVE('',#1945,#1927,#291,.T.);
#2433=EDGE_CURVE('',#1945,#1946,#1052,.T.);
#2434=EDGE_CURVE('',#1946,#1947,#1776,.T.);
#2435=EDGE_CURVE('',#1947,#1927,#1053,.T.);
#2436=EDGE_CURVE('',#1948,#1925,#1054,.T.);
#2437=EDGE_CURVE('',#1942,#1948,#1055,.T.);
#2438=EDGE_CURVE('',#1949,#1947,#1056,.T.);
#2439=EDGE_CURVE('',#1928,#1949,#1057,.T.);
#2440=EDGE_CURVE('',#1932,#1950,#1058,.T.);
#2441=EDGE_CURVE('',#1950,#1951,#1777,.T.);
#2442=EDGE_CURVE('',#1951,#1952,#1059,.T.);
#2443=EDGE_CURVE('',#1952,#1932,#292,.T.);
#2444=EDGE_CURVE('',#1952,#1953,#1060,.T.);
#2445=EDGE_CURVE('',#1953,#1915,#293,.T.);
#2446=EDGE_CURVE('',#1954,#1931,#1061,.T.);
#2447=EDGE_CURVE('',#1950,#1954,#1062,.T.);
#2448=EDGE_CURVE('',#1955,#1954,#1778,.T.);
#2449=EDGE_CURVE('',#1930,#1955,#1063,.T.);
#2450=EDGE_CURVE('',#1955,#1956,#1064,.T.);
#2451=EDGE_CURVE('',#1949,#1956,#1779,.T.);
#2452=EDGE_CURVE('',#1943,#1946,#1065,.T.);
#2453=EDGE_CURVE('',#1957,#1948,#1780,.T.);
#2454=EDGE_CURVE('',#1957,#1958,#1066,.T.);
#2455=EDGE_CURVE('',#1941,#1958,#1781,.T.);
#2456=EDGE_CURVE('',#1959,#1939,#1067,.T.);
#2457=EDGE_CURVE('',#1960,#1959,#1068,.T.);
#2458=EDGE_CURVE('',#1961,#1960,#1069,.T.);
#2459=EDGE_CURVE('',#1961,#1962,#1070,.T.);
#2460=EDGE_CURVE('',#1951,#1962,#1071,.T.);
#2461=EDGE_CURVE('',#1956,#1929,#1072,.T.);
#2462=EDGE_CURVE('',#1924,#1957,#1073,.T.);
#2463=EDGE_CURVE('',#1958,#1923,#1074,.T.);
#2464=EDGE_CURVE('',#1937,#1963,#1075,.T.);
#2465=EDGE_CURVE('',#1963,#1964,#1076,.T.);
#2466=EDGE_CURVE('',#1964,#1959,#1077,.T.);
#2467=EDGE_CURVE('',#1962,#1965,#1078,.T.);
#2468=EDGE_CURVE('',#1965,#1861,#1079,.T.);
#2469=EDGE_CURVE('',#1861,#1966,#1080,.T.);
#2470=EDGE_CURVE('',#1966,#1967,#1081,.T.);
#2471=EDGE_CURVE('',#1967,#1968,#1082,.T.);
#2472=EDGE_CURVE('',#1968,#1953,#1083,.T.);
#2473=EDGE_CURVE('',#1963,#1873,#1084,.T.);
#2474=EDGE_CURVE('',#1969,#1968,#1085,.T.);
#2475=EDGE_CURVE('',#1936,#1969,#1086,.T.);
#2476=EDGE_CURVE('',#1969,#1967,#1087,.T.);
#2477=EDGE_CURVE('',#1970,#1971,#106,.T.);
#2478=EDGE_CURVE('',#1971,#1972,#1088,.T.);
#2479=EDGE_CURVE('',#1972,#1973,#107,.T.);
#2480=EDGE_CURVE('',#1973,#1974,#108,.T.);
#2481=EDGE_CURVE('',#1974,#1975,#1089,.T.);
#2482=EDGE_CURVE('',#1975,#1976,#109,.T.);
#2483=EDGE_CURVE('',#1976,#1977,#1090,.T.);
#2484=EDGE_CURVE('',#1977,#1978,#110,.T.);
#2485=EDGE_CURVE('',#1978,#1979,#1091,.T.);
#2486=EDGE_CURVE('',#1979,#1980,#111,.T.);
#2487=EDGE_CURVE('',#1980,#1981,#112,.T.);
#2488=EDGE_CURVE('',#1981,#1982,#1092,.T.);
#2489=EDGE_CURVE('',#1982,#1983,#113,.T.);
#2490=EDGE_CURVE('',#1983,#1984,#114,.T.);
#2491=EDGE_CURVE('',#1984,#1985,#115,.T.);
#2492=EDGE_CURVE('',#1985,#1986,#1093,.T.);
#2493=EDGE_CURVE('',#1986,#1987,#116,.T.);
#2494=EDGE_CURVE('',#1987,#1988,#117,.T.);
#2495=EDGE_CURVE('',#1988,#1989,#1094,.T.);
#2496=EDGE_CURVE('',#1989,#1990,#118,.T.);
#2497=EDGE_CURVE('',#1990,#1991,#119,.T.);
#2498=EDGE_CURVE('',#1991,#1992,#1095,.T.);
#2499=EDGE_CURVE('',#1992,#1993,#120,.T.);
#2500=EDGE_CURVE('',#1993,#1970,#121,.T.);
#2501=EDGE_CURVE('',#1994,#1995,#122,.T.);
#2502=EDGE_CURVE('',#1995,#1996,#1096,.T.);
#2503=EDGE_CURVE('',#1996,#1997,#123,.T.);
#2504=EDGE_CURVE('',#1997,#1998,#124,.T.);
#2505=EDGE_CURVE('',#1998,#1999,#125,.T.);
#2506=EDGE_CURVE('',#1999,#2000,#1097,.T.);
#2507=EDGE_CURVE('',#2000,#2001,#126,.T.);
#2508=EDGE_CURVE('',#2001,#2002,#127,.T.);
#2509=EDGE_CURVE('',#2002,#2003,#1098,.T.);
#2510=EDGE_CURVE('',#2003,#2004,#128,.T.);
#2511=EDGE_CURVE('',#2004,#2005,#1099,.T.);
#2512=EDGE_CURVE('',#2005,#2006,#129,.T.);
#2513=EDGE_CURVE('',#2006,#2007,#1100,.T.);
#2514=EDGE_CURVE('',#2007,#2008,#130,.T.);
#2515=EDGE_CURVE('',#2008,#2009,#131,.T.);
#2516=EDGE_CURVE('',#2009,#2010,#1101,.T.);
#2517=EDGE_CURVE('',#2010,#2011,#132,.T.);
#2518=EDGE_CURVE('',#2011,#2012,#133,.T.);
#2519=EDGE_CURVE('',#2012,#2013,#1102,.T.);
#2520=EDGE_CURVE('',#2013,#2014,#134,.T.);
#2521=EDGE_CURVE('',#2014,#2015,#135,.T.);
#2522=EDGE_CURVE('',#2015,#2016,#1103,.T.);
#2523=EDGE_CURVE('',#2016,#2017,#136,.T.);
#2524=EDGE_CURVE('',#2017,#1994,#137,.T.);
#2525=EDGE_CURVE('',#2018,#2019,#138,.T.);
#2526=EDGE_CURVE('',#2019,#2020,#1104,.T.);
#2527=EDGE_CURVE('',#2020,#2021,#139,.T.);
#2528=EDGE_CURVE('',#2021,#2022,#140,.T.);
#2529=EDGE_CURVE('',#2022,#2023,#1105,.T.);
#2530=EDGE_CURVE('',#2023,#2024,#141,.T.);
#2531=EDGE_CURVE('',#2024,#2025,#142,.T.);
#2532=EDGE_CURVE('',#2025,#2026,#1106,.T.);
#2533=EDGE_CURVE('',#2026,#2027,#143,.T.);
#2534=EDGE_CURVE('',#2027,#2028,#144,.T.);
#2535=EDGE_CURVE('',#2028,#2029,#145,.T.);
#2536=EDGE_CURVE('',#2029,#2030,#146,.T.);
#2537=EDGE_CURVE('',#2030,#2018,#147,.T.);
#2538=EDGE_CURVE('',#2031,#2032,#148,.T.);
#2539=EDGE_CURVE('',#2032,#2033,#149,.T.);
#2540=EDGE_CURVE('',#2033,#2034,#150,.T.);
#2541=EDGE_CURVE('',#2034,#2035,#151,.T.);
#2542=EDGE_CURVE('',#2035,#2036,#152,.T.);
#2543=EDGE_CURVE('',#2036,#2037,#153,.T.);
#2544=EDGE_CURVE('',#2037,#2038,#154,.T.);
#2545=EDGE_CURVE('',#2038,#2039,#155,.T.);
#2546=EDGE_CURVE('',#2039,#2040,#156,.T.);
#2547=EDGE_CURVE('',#2040,#2041,#157,.T.);
#2548=EDGE_CURVE('',#2041,#2042,#158,.T.);
#2549=EDGE_CURVE('',#2042,#2043,#159,.T.);
#2550=EDGE_CURVE('',#2043,#2044,#160,.T.);
#2551=EDGE_CURVE('',#2044,#2045,#1107,.T.);
#2552=EDGE_CURVE('',#2045,#2046,#161,.T.);
#2553=EDGE_CURVE('',#2046,#2047,#1108,.T.);
#2554=EDGE_CURVE('',#2047,#2048,#162,.T.);
#2555=EDGE_CURVE('',#2048,#2049,#163,.T.);
#2556=EDGE_CURVE('',#2049,#2050,#164,.T.);
#2557=EDGE_CURVE('',#2050,#2051,#165,.T.);
#2558=EDGE_CURVE('',#2051,#2052,#166,.T.);
#2559=EDGE_CURVE('',#2052,#2053,#167,.T.);
#2560=EDGE_CURVE('',#2053,#2054,#168,.T.);
#2561=EDGE_CURVE('',#2054,#2055,#169,.T.);
#2562=EDGE_CURVE('',#2055,#2056,#1109,.T.);
#2563=EDGE_CURVE('',#2056,#2057,#170,.T.);
#2564=EDGE_CURVE('',#2057,#2058,#1110,.T.);
#2565=EDGE_CURVE('',#2058,#2031,#171,.T.);
#2566=EDGE_CURVE('',#2059,#2060,#1111,.T.);
#2567=EDGE_CURVE('',#2061,#2060,#1782,.T.);
#2568=EDGE_CURVE('',#2061,#2062,#1112,.T.);
#2569=EDGE_CURVE('',#2063,#2062,#1783,.T.);
#2570=EDGE_CURVE('',#2063,#2064,#1113,.T.);
#2571=EDGE_CURVE('',#2065,#2064,#1784,.T.);
#2572=EDGE_CURVE('',#2066,#2065,#1114,.T.);
#2573=EDGE_CURVE('',#2059,#2066,#1785,.T.);
#2574=EDGE_CURVE('',#1903,#2067,#1115,.T.);
#2575=EDGE_CURVE('',#2068,#2067,#1116,.T.);
#2576=EDGE_CURVE('',#1901,#2068,#1117,.T.);
#2577=EDGE_CURVE('',#2069,#2068,#1786,.T.);
#2578=EDGE_CURVE('',#1899,#2069,#1118,.T.);
#2579=EDGE_CURVE('',#1914,#2069,#1119,.T.);
#2580=EDGE_CURVE('',#2067,#1911,#1787,.T.);
#2581=EDGE_CURVE('',#2070,#2071,#1788,.F.);
#2582=EDGE_CURVE('',#2071,#1885,#1120,.T.);
#2583=EDGE_CURVE('',#1884,#2070,#1121,.T.);
#2584=EDGE_CURVE('',#2072,#2071,#1122,.T.);
#2585=EDGE_CURVE('',#1886,#2072,#1123,.T.);
#2586=EDGE_CURVE('',#2073,#2072,#1124,.T.);
#2587=EDGE_CURVE('',#1887,#2073,#1125,.T.);
#2588=EDGE_CURVE('',#1892,#2074,#1126,.T.);
#2589=EDGE_CURVE('',#2074,#2075,#1789,.F.);
#2590=EDGE_CURVE('',#2075,#1893,#1127,.T.);
#2591=EDGE_CURVE('',#2076,#1891,#1128,.T.);
#2592=EDGE_CURVE('',#2074,#2076,#1129,.T.);
#2593=EDGE_CURVE('',#2077,#1890,#1130,.T.);
#2594=EDGE_CURVE('',#2076,#2077,#1131,.T.);
#2595=EDGE_CURVE('',#2078,#2079,#1132,.T.);
#2596=EDGE_CURVE('',#2080,#2079,#1133,.T.);
#2597=EDGE_CURVE('',#2081,#2080,#1134,.T.);
#2598=EDGE_CURVE('',#2078,#2081,#1135,.T.);
#2599=EDGE_CURVE('',#2073,#2082,#1136,.T.);
#2600=EDGE_CURVE('',#1888,#2082,#1137,.T.);
#2601=EDGE_CURVE('',#2083,#2080,#1138,.T.);
#2602=EDGE_CURVE('',#2083,#2084,#1139,.T.);
#2603=EDGE_CURVE('',#2081,#2084,#1140,.T.);
#2604=EDGE_CURVE('',#2085,#2083,#1141,.T.);
#2605=EDGE_CURVE('',#2086,#2085,#1142,.T.);
#2606=EDGE_CURVE('',#2084,#2086,#1143,.T.);
#2607=EDGE_CURVE('',#2070,#2078,#1144,.T.);
#2608=EDGE_CURVE('',#2086,#2075,#1145,.T.);
#2609=EDGE_CURVE('',#2087,#2077,#1146,.T.);
#2610=EDGE_CURVE('',#2082,#2087,#1147,.T.);
#2611=EDGE_CURVE('',#2087,#1889,#1148,.T.);
#2612=EDGE_CURVE('',#2079,#2088,#1149,.T.);
#2613=EDGE_CURVE('',#2088,#1961,#1150,.T.);
#2614=EDGE_CURVE('',#1960,#2089,#1151,.T.);
#2615=EDGE_CURVE('',#2089,#2085,#1152,.T.);
#2616=EDGE_CURVE('',#1844,#1836,#1153,.T.);
#2617=EDGE_CURVE('',#2090,#1835,#1790,.T.);
#2618=EDGE_CURVE('',#2090,#2091,#1154,.T.);
#2619=EDGE_CURVE('',#1846,#2091,#1791,.T.);
#2620=EDGE_CURVE('',#2088,#1965,#1155,.T.);
#2621=EDGE_CURVE('',#2089,#1964,#1156,.T.);
#2622=EDGE_CURVE('',#2092,#2093,#172,.T.);
#2623=EDGE_CURVE('',#2092,#2094,#1157,.T.);
#2624=EDGE_CURVE('',#2094,#2095,#173,.T.);
#2625=EDGE_CURVE('',#2093,#2095,#1158,.T.);
#2626=EDGE_CURVE('',#2096,#2092,#174,.T.);
#2627=EDGE_CURVE('',#2096,#2097,#1159,.T.);
#2628=EDGE_CURVE('',#2097,#2094,#175,.T.);
#2629=EDGE_CURVE('',#2098,#2096,#176,.T.);
#2630=EDGE_CURVE('',#2098,#2099,#1160,.T.);
#2631=EDGE_CURVE('',#2099,#2097,#177,.T.);
#2632=EDGE_CURVE('',#2100,#2098,#178,.T.);
#2633=EDGE_CURVE('',#2100,#2101,#1161,.T.);
#2634=EDGE_CURVE('',#2101,#2099,#179,.T.);
#2635=EDGE_CURVE('',#2102,#2100,#180,.T.);
#2636=EDGE_CURVE('',#2102,#2103,#1162,.T.);
#2637=EDGE_CURVE('',#2103,#2101,#181,.T.);
#2638=EDGE_CURVE('',#2104,#2102,#1163,.T.);
#2639=EDGE_CURVE('',#2104,#2105,#1164,.T.);
#2640=EDGE_CURVE('',#2105,#2103,#1165,.T.);
#2641=EDGE_CURVE('',#2106,#2104,#182,.T.);
#2642=EDGE_CURVE('',#2106,#2107,#1166,.T.);
#2643=EDGE_CURVE('',#2107,#2105,#183,.T.);
#2644=EDGE_CURVE('',#2108,#2106,#184,.T.);
#2645=EDGE_CURVE('',#2108,#2109,#1167,.T.);
#2646=EDGE_CURVE('',#2109,#2107,#185,.T.);
#2647=EDGE_CURVE('',#2110,#2108,#1168,.T.);
#2648=EDGE_CURVE('',#2110,#2111,#1169,.T.);
#2649=EDGE_CURVE('',#2111,#2109,#1170,.T.);
#2650=EDGE_CURVE('',#2112,#2110,#186,.T.);
#2651=EDGE_CURVE('',#2112,#2113,#1171,.T.);
#2652=EDGE_CURVE('',#2113,#2111,#187,.T.);
#2653=EDGE_CURVE('',#2114,#2112,#188,.T.);
#2654=EDGE_CURVE('',#2114,#2115,#1172,.T.);
#2655=EDGE_CURVE('',#2115,#2113,#189,.T.);
#2656=EDGE_CURVE('',#2093,#2114,#1173,.T.);
#2657=EDGE_CURVE('',#2095,#2115,#1174,.T.);
#2658=EDGE_CURVE('',#1970,#2116,#1175,.T.);
#2659=EDGE_CURVE('',#2116,#2117,#190,.T.);
#2660=EDGE_CURVE('',#1971,#2117,#1176,.T.);
#2661=EDGE_CURVE('',#1993,#2118,#1177,.T.);
#2662=EDGE_CURVE('',#2118,#2116,#191,.T.);
#2663=EDGE_CURVE('',#1992,#2119,#1178,.T.);
#2664=EDGE_CURVE('',#2119,#2118,#192,.T.);
#2665=EDGE_CURVE('',#1991,#2120,#1179,.T.);
#2666=EDGE_CURVE('',#2120,#2119,#1180,.T.);
#2667=EDGE_CURVE('',#1990,#2121,#1181,.T.);
#2668=EDGE_CURVE('',#2121,#2120,#193,.T.);
#2669=EDGE_CURVE('',#1989,#2122,#1182,.T.);
#2670=EDGE_CURVE('',#2122,#2121,#194,.T.);
#2671=EDGE_CURVE('',#1988,#2123,#1183,.T.);
#2672=EDGE_CURVE('',#2123,#2122,#1184,.T.);
#2673=EDGE_CURVE('',#1987,#2124,#1185,.T.);
#2674=EDGE_CURVE('',#2124,#2123,#195,.T.);
#2675=EDGE_CURVE('',#1986,#2125,#1186,.T.);
#2676=EDGE_CURVE('',#2125,#2124,#196,.T.);
#2677=EDGE_CURVE('',#1985,#2126,#1187,.T.);
#2678=EDGE_CURVE('',#2126,#2125,#1188,.T.);
#2679=EDGE_CURVE('',#1984,#2127,#1189,.T.);
#2680=EDGE_CURVE('',#2127,#2126,#197,.T.);
#2681=EDGE_CURVE('',#1983,#2128,#1190,.T.);
#2682=EDGE_CURVE('',#2128,#2127,#198,.T.);
#2683=EDGE_CURVE('',#1982,#2129,#1191,.T.);
#2684=EDGE_CURVE('',#2129,#2128,#199,.T.);
#2685=EDGE_CURVE('',#1981,#2130,#1192,.T.);
#2686=EDGE_CURVE('',#2130,#2129,#1193,.T.);
#2687=EDGE_CURVE('',#1980,#2131,#1194,.T.);
#2688=EDGE_CURVE('',#2131,#2130,#200,.T.);
#2689=EDGE_CURVE('',#1979,#2132,#1195,.T.);
#2690=EDGE_CURVE('',#2132,#2131,#201,.T.);
#2691=EDGE_CURVE('',#1978,#2133,#1196,.T.);
#2692=EDGE_CURVE('',#2133,#2132,#1197,.T.);
#2693=EDGE_CURVE('',#1977,#2134,#1198,.T.);
#2694=EDGE_CURVE('',#2134,#2133,#202,.T.);
#2695=EDGE_CURVE('',#1976,#2135,#1199,.T.);
#2696=EDGE_CURVE('',#2135,#2134,#1200,.T.);
#2697=EDGE_CURVE('',#1975,#2136,#1201,.T.);
#2698=EDGE_CURVE('',#2136,#2135,#203,.T.);
#2699=EDGE_CURVE('',#1974,#2137,#1202,.T.);
#2700=EDGE_CURVE('',#2137,#2136,#1203,.T.);
#2701=EDGE_CURVE('',#1973,#2138,#1204,.T.);
#2702=EDGE_CURVE('',#2138,#2137,#204,.T.);
#2703=EDGE_CURVE('',#1972,#2139,#1205,.T.);
#2704=EDGE_CURVE('',#2139,#2138,#205,.T.);
#2705=EDGE_CURVE('',#2117,#2139,#1206,.T.);
#2706=EDGE_CURVE('',#2140,#2141,#206,.T.);
#2707=EDGE_CURVE('',#2140,#2142,#1207,.T.);
#2708=EDGE_CURVE('',#2142,#2143,#207,.T.);
#2709=EDGE_CURVE('',#2141,#2143,#1208,.T.);
#2710=EDGE_CURVE('',#2144,#2140,#208,.T.);
#2711=EDGE_CURVE('',#2144,#2145,#1209,.T.);
#2712=EDGE_CURVE('',#2145,#2142,#209,.T.);
#2713=EDGE_CURVE('',#2146,#2144,#210,.T.);
#2714=EDGE_CURVE('',#2146,#2147,#1210,.T.);
#2715=EDGE_CURVE('',#2147,#2145,#211,.T.);
#2716=EDGE_CURVE('',#2148,#2146,#212,.T.);
#2717=EDGE_CURVE('',#2148,#2149,#1211,.T.);
#2718=EDGE_CURVE('',#2149,#2147,#213,.T.);
#2719=EDGE_CURVE('',#2150,#2148,#1212,.T.);
#2720=EDGE_CURVE('',#2150,#2151,#1213,.T.);
#2721=EDGE_CURVE('',#2151,#2149,#1214,.T.);
#2722=EDGE_CURVE('',#2152,#2150,#214,.T.);
#2723=EDGE_CURVE('',#2152,#2153,#1215,.T.);
#2724=EDGE_CURVE('',#2153,#2151,#215,.T.);
#2725=EDGE_CURVE('',#2154,#2152,#1216,.T.);
#2726=EDGE_CURVE('',#2154,#2155,#1217,.T.);
#2727=EDGE_CURVE('',#2155,#2153,#1218,.T.);
#2728=EDGE_CURVE('',#2156,#2154,#216,.T.);
#2729=EDGE_CURVE('',#2156,#2157,#1219,.T.);
#2730=EDGE_CURVE('',#2157,#2155,#217,.T.);
#2731=EDGE_CURVE('',#2141,#2156,#1220,.T.);
#2732=EDGE_CURVE('',#2143,#2157,#1221,.T.);
#2733=EDGE_CURVE('',#1994,#2158,#1222,.T.);
#2734=EDGE_CURVE('',#2158,#2159,#218,.T.);
#2735=EDGE_CURVE('',#1995,#2159,#1223,.T.);
#2736=EDGE_CURVE('',#2017,#2160,#1224,.T.);
#2737=EDGE_CURVE('',#2160,#2158,#219,.T.);
#2738=EDGE_CURVE('',#2016,#2161,#1225,.T.);
#2739=EDGE_CURVE('',#2161,#2160,#220,.T.);
#2740=EDGE_CURVE('',#2015,#2162,#1226,.T.);
#2741=EDGE_CURVE('',#2162,#2161,#1227,.T.);
#2742=EDGE_CURVE('',#2014,#2163,#1228,.T.);
#2743=EDGE_CURVE('',#2163,#2162,#221,.T.);
#2744=EDGE_CURVE('',#2013,#2164,#1229,.T.);
#2745=EDGE_CURVE('',#2164,#2163,#222,.T.);
#2746=EDGE_CURVE('',#2012,#2165,#1230,.T.);
#2747=EDGE_CURVE('',#2165,#2164,#1231,.T.);
#2748=EDGE_CURVE('',#2011,#2166,#1232,.T.);
#2749=EDGE_CURVE('',#2166,#2165,#223,.T.);
#2750=EDGE_CURVE('',#2010,#2167,#1233,.T.);
#2751=EDGE_CURVE('',#2167,#2166,#224,.T.);
#2752=EDGE_CURVE('',#2009,#2168,#1234,.T.);
#2753=EDGE_CURVE('',#2168,#2167,#1235,.T.);
#2754=EDGE_CURVE('',#2008,#2169,#1236,.T.);
#2755=EDGE_CURVE('',#2169,#2168,#225,.T.);
#2756=EDGE_CURVE('',#2007,#2170,#1237,.T.);
#2757=EDGE_CURVE('',#2170,#2169,#226,.T.);
#2758=EDGE_CURVE('',#2006,#2171,#1238,.T.);
#2759=EDGE_CURVE('',#2171,#2170,#1239,.T.);
#2760=EDGE_CURVE('',#2005,#2172,#1240,.T.);
#2761=EDGE_CURVE('',#2172,#2171,#227,.T.);
#2762=EDGE_CURVE('',#2004,#2173,#1241,.T.);
#2763=EDGE_CURVE('',#2173,#2172,#1242,.T.);
#2764=EDGE_CURVE('',#2003,#2174,#1243,.T.);
#2765=EDGE_CURVE('',#2174,#2173,#228,.T.);
#2766=EDGE_CURVE('',#2002,#2175,#1244,.T.);
#2767=EDGE_CURVE('',#2175,#2174,#1245,.T.);
#2768=EDGE_CURVE('',#2001,#2176,#1246,.T.);
#2769=EDGE_CURVE('',#2176,#2175,#229,.T.);
#2770=EDGE_CURVE('',#2000,#2177,#1247,.T.);
#2771=EDGE_CURVE('',#2177,#2176,#230,.T.);
#2772=EDGE_CURVE('',#1999,#2178,#1248,.T.);
#2773=EDGE_CURVE('',#2178,#2177,#1249,.T.);
#2774=EDGE_CURVE('',#1998,#2179,#1250,.T.);
#2775=EDGE_CURVE('',#2179,#2178,#231,.T.);
#2776=EDGE_CURVE('',#1997,#2180,#1251,.T.);
#2777=EDGE_CURVE('',#2180,#2179,#232,.T.);
#2778=EDGE_CURVE('',#1996,#2181,#1252,.T.);
#2779=EDGE_CURVE('',#2181,#2180,#233,.T.);
#2780=EDGE_CURVE('',#2159,#2181,#1253,.T.);
#2781=EDGE_CURVE('',#2182,#2183,#234,.T.);
#2782=EDGE_CURVE('',#2182,#2184,#1254,.T.);
#2783=EDGE_CURVE('',#2184,#2185,#235,.T.);
#2784=EDGE_CURVE('',#2183,#2185,#1255,.T.);
#2785=EDGE_CURVE('',#2186,#2182,#1256,.T.);
#2786=EDGE_CURVE('',#2186,#2187,#1257,.T.);
#2787=EDGE_CURVE('',#2187,#2184,#1258,.T.);
#2788=EDGE_CURVE('',#2188,#2186,#236,.T.);
#2789=EDGE_CURVE('',#2188,#2189,#1259,.T.);
#2790=EDGE_CURVE('',#2189,#2187,#237,.T.);
#2791=EDGE_CURVE('',#2190,#2188,#238,.T.);
#2792=EDGE_CURVE('',#2190,#2191,#1260,.T.);
#2793=EDGE_CURVE('',#2191,#2189,#239,.T.);
#2794=EDGE_CURVE('',#2192,#2190,#240,.T.);
#2795=EDGE_CURVE('',#2192,#2193,#1261,.T.);
#2796=EDGE_CURVE('',#2193,#2191,#241,.T.);
#2797=EDGE_CURVE('',#2194,#2192,#242,.T.);
#2798=EDGE_CURVE('',#2194,#2195,#1262,.T.);
#2799=EDGE_CURVE('',#2195,#2193,#243,.T.);
#2800=EDGE_CURVE('',#2196,#2194,#244,.T.);
#2801=EDGE_CURVE('',#2196,#2197,#1263,.T.);
#2802=EDGE_CURVE('',#2197,#2195,#245,.T.);
#2803=EDGE_CURVE('',#2198,#2196,#246,.T.);
#2804=EDGE_CURVE('',#2198,#2199,#1264,.T.);
#2805=EDGE_CURVE('',#2199,#2197,#247,.T.);
#2806=EDGE_CURVE('',#2200,#2198,#1265,.T.);
#2807=EDGE_CURVE('',#2200,#2201,#1266,.T.);
#2808=EDGE_CURVE('',#2201,#2199,#1267,.T.);
#2809=EDGE_CURVE('',#2202,#2200,#248,.T.);
#2810=EDGE_CURVE('',#2202,#2203,#1268,.T.);
#2811=EDGE_CURVE('',#2203,#2201,#249,.T.);
#2812=EDGE_CURVE('',#2183,#2202,#1269,.T.);
#2813=EDGE_CURVE('',#2185,#2203,#1270,.T.);
#2814=EDGE_CURVE('',#2018,#2204,#1271,.T.);
#2815=EDGE_CURVE('',#2204,#2205,#250,.T.);
#2816=EDGE_CURVE('',#2019,#2205,#1272,.T.);
#2817=EDGE_CURVE('',#2030,#2206,#1273,.T.);
#2818=EDGE_CURVE('',#2206,#2204,#251,.T.);
#2819=EDGE_CURVE('',#2029,#2207,#1274,.T.);
#2820=EDGE_CURVE('',#2207,#2206,#252,.T.);
#2821=EDGE_CURVE('',#2028,#2208,#1275,.T.);
#2822=EDGE_CURVE('',#2208,#2207,#253,.T.);
#2823=EDGE_CURVE('',#2027,#2209,#1276,.T.);
#2824=EDGE_CURVE('',#2209,#2208,#254,.T.);
#2825=EDGE_CURVE('',#2026,#2210,#1277,.T.);
#2826=EDGE_CURVE('',#2210,#2209,#255,.T.);
#2827=EDGE_CURVE('',#2025,#2211,#1278,.T.);
#2828=EDGE_CURVE('',#2211,#2210,#1279,.T.);
#2829=EDGE_CURVE('',#2024,#2212,#1280,.T.);
#2830=EDGE_CURVE('',#2212,#2211,#256,.T.);
#2831=EDGE_CURVE('',#2023,#2213,#1281,.T.);
#2832=EDGE_CURVE('',#2213,#2212,#257,.T.);
#2833=EDGE_CURVE('',#2022,#2214,#1282,.T.);
#2834=EDGE_CURVE('',#2214,#2213,#1283,.T.);
#2835=EDGE_CURVE('',#2021,#2215,#1284,.T.);
#2836=EDGE_CURVE('',#2215,#2214,#258,.T.);
#2837=EDGE_CURVE('',#2020,#2216,#1285,.T.);
#2838=EDGE_CURVE('',#2216,#2215,#259,.T.);
#2839=EDGE_CURVE('',#2205,#2216,#1286,.T.);
#2840=EDGE_CURVE('',#2031,#2217,#1287,.T.);
#2841=EDGE_CURVE('',#2217,#2218,#260,.T.);
#2842=EDGE_CURVE('',#2032,#2218,#1288,.T.);
#2843=EDGE_CURVE('',#2058,#2219,#1289,.T.);
#2844=EDGE_CURVE('',#2219,#2217,#261,.T.);
#2845=EDGE_CURVE('',#2057,#2220,#1290,.T.);
#2846=EDGE_CURVE('',#2220,#2219,#1291,.T.);
#2847=EDGE_CURVE('',#2056,#2221,#1292,.T.);
#2848=EDGE_CURVE('',#2221,#2220,#262,.T.);
#2849=EDGE_CURVE('',#2055,#2222,#1293,.T.);
#2850=EDGE_CURVE('',#2222,#2221,#263,.T.);
#2851=EDGE_CURVE('',#2054,#2223,#1294,.T.);
#2852=EDGE_CURVE('',#2223,#2222,#264,.T.);
#2853=EDGE_CURVE('',#2053,#2224,#1295,.T.);
#2854=EDGE_CURVE('',#2224,#2223,#265,.T.);
#2855=EDGE_CURVE('',#2052,#2225,#1296,.T.);
#2856=EDGE_CURVE('',#2225,#2224,#266,.T.);
#2857=EDGE_CURVE('',#2051,#2226,#1297,.T.);
#2858=EDGE_CURVE('',#2226,#2225,#267,.T.);
#2859=EDGE_CURVE('',#2050,#2227,#1298,.T.);
#2860=EDGE_CURVE('',#2227,#2226,#268,.T.);
#2861=EDGE_CURVE('',#2049,#2228,#1299,.T.);
#2862=EDGE_CURVE('',#2228,#2227,#269,.T.);
#2863=EDGE_CURVE('',#2048,#2229,#1300,.T.);
#2864=EDGE_CURVE('',#2229,#2228,#270,.T.);
#2865=EDGE_CURVE('',#2047,#2230,#1301,.T.);
#2866=EDGE_CURVE('',#2230,#2229,#271,.T.);
#2867=EDGE_CURVE('',#2046,#2231,#1302,.T.);
#2868=EDGE_CURVE('',#2231,#2230,#272,.T.);
#2869=EDGE_CURVE('',#2045,#2232,#1303,.T.);
#2870=EDGE_CURVE('',#2232,#2231,#273,.T.);
#2871=EDGE_CURVE('',#2044,#2233,#1304,.T.);
#2872=EDGE_CURVE('',#2233,#2232,#1305,.T.);
#2873=EDGE_CURVE('',#2043,#2234,#1306,.T.);
#2874=EDGE_CURVE('',#2234,#2233,#274,.T.);
#2875=EDGE_CURVE('',#2042,#2235,#1307,.T.);
#2876=EDGE_CURVE('',#2235,#2234,#275,.T.);
#2877=EDGE_CURVE('',#2041,#2236,#1308,.T.);
#2878=EDGE_CURVE('',#2236,#2235,#276,.T.);
#2879=EDGE_CURVE('',#2040,#2237,#1309,.T.);
#2880=EDGE_CURVE('',#2237,#2236,#277,.T.);
#2881=EDGE_CURVE('',#2039,#2238,#1310,.T.);
#2882=EDGE_CURVE('',#2238,#2237,#278,.T.);
#2883=EDGE_CURVE('',#2038,#2239,#1311,.T.);
#2884=EDGE_CURVE('',#2239,#2238,#279,.T.);
#2885=EDGE_CURVE('',#2037,#2240,#1312,.T.);
#2886=EDGE_CURVE('',#2240,#2239,#280,.T.);
#2887=EDGE_CURVE('',#2036,#2241,#1313,.T.);
#2888=EDGE_CURVE('',#2241,#2240,#281,.T.);
#2889=EDGE_CURVE('',#2035,#2242,#1314,.T.);
#2890=EDGE_CURVE('',#2242,#2241,#282,.T.);
#2891=EDGE_CURVE('',#2034,#2243,#1315,.T.);
#2892=EDGE_CURVE('',#2243,#2242,#283,.T.);
#2893=EDGE_CURVE('',#2033,#2244,#1316,.T.);
#2894=EDGE_CURVE('',#2244,#2243,#284,.T.);
#2895=EDGE_CURVE('',#2218,#2244,#285,.T.);
#2896=EDGE_CURVE('',#1855,#2061,#1317,.T.);
#2897=EDGE_CURVE('',#2060,#1856,#1318,.T.);
#2898=EDGE_CURVE('',#2062,#1854,#1319,.T.);
#2899=EDGE_CURVE('',#2066,#1858,#1320,.T.);
#2900=EDGE_CURVE('',#1857,#2059,#1321,.T.);
#2901=EDGE_CURVE('',#1859,#2065,#1322,.T.);
#2902=EDGE_CURVE('',#2064,#1852,#1323,.T.);
#2903=EDGE_CURVE('',#1853,#2063,#1324,.T.);
#2904=EDGE_CURVE('',#2245,#2245,#1792,.T.);
#2905=EDGE_CURVE('',#2245,#2246,#1793,.T.);
#2906=EDGE_CURVE('',#2246,#2246,#1794,.T.);
#2907=EDGE_CURVE('',#2247,#2247,#1795,.T.);
#2908=EDGE_CURVE('',#2247,#2248,#1796,.T.);
#2909=EDGE_CURVE('',#2248,#2248,#1797,.T.);
#2910=EDGE_CURVE('',#1848,#1833,#1325,.T.);
#2911=EDGE_CURVE('',#2249,#2250,#1798,.T.);
#2912=EDGE_CURVE('',#2250,#2249,#1799,.T.);
#2913=EDGE_CURVE('',#2249,#2251,#1800,.T.);
#2914=EDGE_CURVE('',#2251,#2251,#1801,.T.);
#2915=EDGE_CURVE('',#2252,#1834,#1802,.T.);
#2916=EDGE_CURVE('',#1847,#2253,#1803,.T.);
#2917=EDGE_CURVE('',#2252,#2253,#1326,.T.);
#2918=EDGE_CURVE('',#2254,#2254,#1804,.T.);
#2919=EDGE_CURVE('',#2255,#2255,#1805,.T.);
#2920=EDGE_CURVE('',#2256,#2256,#1806,.T.);
#2921=EDGE_CURVE('',#2257,#2257,#1807,.T.);
#2922=EDGE_CURVE('',#2257,#2250,#1327,.T.);
#2923=EDGE_CURVE('',#2258,#2259,#1808,.T.);
#2924=EDGE_CURVE('',#2259,#2258,#1809,.T.);
#2925=EDGE_CURVE('',#2258,#2254,#1810,.T.);
#2926=EDGE_CURVE('',#2260,#2260,#1811,.T.);
#2927=EDGE_CURVE('',#2260,#2259,#1328,.T.);
#2928=EDGE_CURVE('',#2261,#2262,#1812,.T.);
#2929=EDGE_CURVE('',#2262,#2261,#1813,.T.);
#2930=EDGE_CURVE('',#2261,#2256,#1814,.T.);
#2931=EDGE_CURVE('',#2263,#2263,#1815,.T.);
#2932=EDGE_CURVE('',#2263,#2262,#1329,.T.);
#2933=EDGE_CURVE('',#2264,#2265,#1816,.T.);
#2934=EDGE_CURVE('',#2265,#2264,#1817,.T.);
#2935=EDGE_CURVE('',#2264,#2255,#1818,.T.);
#2936=EDGE_CURVE('',#2266,#2266,#1819,.T.);
#2937=EDGE_CURVE('',#2266,#2265,#1330,.T.);
#2938=EDGE_CURVE('',#1934,#2267,#1331,.T.);
#2939=EDGE_CURVE('',#2267,#2267,#1820,.T.);
#2940=EDGE_CURVE('',#2268,#2268,#1821,.T.);
#2941=EDGE_CURVE('',#1935,#2269,#1332,.T.);
#2942=EDGE_CURVE('',#2269,#2269,#1822,.T.);
#2943=EDGE_CURVE('',#2270,#2270,#1823,.T.);
#2944=EDGE_CURVE('',#2271,#2271,#1824,.T.);
#2945=EDGE_CURVE('',#2271,#2270,#1333,.T.);
#2946=EDGE_CURVE('',#2272,#2272,#1825,.T.);
#2947=EDGE_CURVE('',#2272,#2268,#1334,.T.);
#2948=EDGE_CURVE('',#2252,#2090,#1335,.T.);
#2949=EDGE_CURVE('',#2091,#2253,#1336,.T.);
#2950=ORIENTED_EDGE('',*,*,#2273,.T.);
#2951=ORIENTED_EDGE('',*,*,#2274,.T.);
#2952=ORIENTED_EDGE('',*,*,#2275,.T.);
#2953=ORIENTED_EDGE('',*,*,#2276,.T.);
#2954=ORIENTED_EDGE('',*,*,#2273,.F.);
#2955=ORIENTED_EDGE('',*,*,#2277,.T.);
#2956=ORIENTED_EDGE('',*,*,#2278,.F.);
#2957=ORIENTED_EDGE('',*,*,#2279,.T.);
#2958=ORIENTED_EDGE('',*,*,#2280,.F.);
#2959=ORIENTED_EDGE('',*,*,#2281,.T.);
#2960=ORIENTED_EDGE('',*,*,#2282,.F.);
#2961=ORIENTED_EDGE('',*,*,#2283,.F.);
#2962=ORIENTED_EDGE('',*,*,#2284,.F.);
#2963=ORIENTED_EDGE('',*,*,#2276,.F.);
#2964=ORIENTED_EDGE('',*,*,#2285,.F.);
#2965=ORIENTED_EDGE('',*,*,#2286,.F.);
#2966=ORIENTED_EDGE('',*,*,#2277,.F.);
#2967=ORIENTED_EDGE('',*,*,#2278,.T.);
#2968=ORIENTED_EDGE('',*,*,#2286,.T.);
#2969=ORIENTED_EDGE('',*,*,#2287,.T.);
#2970=ORIENTED_EDGE('',*,*,#2288,.T.);
#2971=ORIENTED_EDGE('',*,*,#2289,.T.);
#2972=ORIENTED_EDGE('',*,*,#2290,.T.);
#2973=ORIENTED_EDGE('',*,*,#2291,.T.);
#2974=ORIENTED_EDGE('',*,*,#2292,.T.);
#2975=ORIENTED_EDGE('',*,*,#2291,.F.);
#2976=ORIENTED_EDGE('',*,*,#2293,.F.);
#2977=ORIENTED_EDGE('',*,*,#2294,.F.);
#2978=ORIENTED_EDGE('',*,*,#2295,.F.);
#2979=ORIENTED_EDGE('',*,*,#2296,.F.);
#2980=ORIENTED_EDGE('',*,*,#2297,.F.);
#2981=ORIENTED_EDGE('',*,*,#2298,.T.);
#2982=ORIENTED_EDGE('',*,*,#2299,.T.);
#2983=ORIENTED_EDGE('',*,*,#2300,.T.);
#2984=ORIENTED_EDGE('',*,*,#2301,.F.);
#2985=ORIENTED_EDGE('',*,*,#2302,.T.);
#2986=ORIENTED_EDGE('',*,*,#2303,.T.);
#2987=ORIENTED_EDGE('',*,*,#2304,.F.);
#2988=ORIENTED_EDGE('',*,*,#2305,.T.);
#2989=ORIENTED_EDGE('',*,*,#2306,.F.);
#2990=ORIENTED_EDGE('',*,*,#2307,.T.);
#2991=ORIENTED_EDGE('',*,*,#2308,.F.);
#2992=ORIENTED_EDGE('',*,*,#2309,.F.);
#2993=ORIENTED_EDGE('',*,*,#2310,.F.);
#2994=ORIENTED_EDGE('',*,*,#2290,.F.);
#2995=ORIENTED_EDGE('',*,*,#2311,.T.);
#2996=ORIENTED_EDGE('',*,*,#2312,.T.);
#2997=ORIENTED_EDGE('',*,*,#2313,.T.);
#2998=ORIENTED_EDGE('',*,*,#2294,.T.);
#2999=ORIENTED_EDGE('',*,*,#2293,.T.);
#3000=ORIENTED_EDGE('',*,*,#2301,.T.);
#3001=ORIENTED_EDGE('',*,*,#2314,.T.);
#3002=ORIENTED_EDGE('',*,*,#2315,.T.);
#3003=ORIENTED_EDGE('',*,*,#2316,.T.);
#3004=ORIENTED_EDGE('',*,*,#2288,.F.);
#3005=ORIENTED_EDGE('',*,*,#2317,.F.);
#3006=ORIENTED_EDGE('',*,*,#2318,.F.);
#3007=ORIENTED_EDGE('',*,*,#2319,.F.);
#3008=ORIENTED_EDGE('',*,*,#2320,.F.);
#3009=ORIENTED_EDGE('',*,*,#2321,.F.);
#3010=ORIENTED_EDGE('',*,*,#2314,.F.);
#3011=ORIENTED_EDGE('',*,*,#2300,.F.);
#3012=ORIENTED_EDGE('',*,*,#2322,.F.);
#3013=ORIENTED_EDGE('',*,*,#2279,.F.);
#3014=ORIENTED_EDGE('',*,*,#2320,.T.);
#3015=ORIENTED_EDGE('',*,*,#2323,.T.);
#3016=ORIENTED_EDGE('',*,*,#2324,.T.);
#3017=ORIENTED_EDGE('',*,*,#2325,.T.);
#3018=ORIENTED_EDGE('',*,*,#2318,.T.);
#3019=ORIENTED_EDGE('',*,*,#2326,.T.);
#3020=ORIENTED_EDGE('',*,*,#2327,.T.);
#3021=ORIENTED_EDGE('',*,*,#2328,.T.);
#3022=ORIENTED_EDGE('',*,*,#2319,.T.);
#3023=ORIENTED_EDGE('',*,*,#2328,.F.);
#3024=ORIENTED_EDGE('',*,*,#2329,.F.);
#3025=ORIENTED_EDGE('',*,*,#2323,.F.);
#3026=ORIENTED_EDGE('',*,*,#2292,.F.);
#3027=ORIENTED_EDGE('',*,*,#2302,.F.);
#3028=ORIENTED_EDGE('',*,*,#2316,.F.);
#3029=ORIENTED_EDGE('',*,*,#2330,.F.);
#3030=ORIENTED_EDGE('',*,*,#2275,.F.);
#3031=ORIENTED_EDGE('',*,*,#2331,.F.);
#3032=ORIENTED_EDGE('',*,*,#2332,.T.);
#3033=ORIENTED_EDGE('',*,*,#2333,.T.);
#3034=ORIENTED_EDGE('',*,*,#2334,.F.);
#3035=ORIENTED_EDGE('',*,*,#2335,.F.);
#3036=ORIENTED_EDGE('',*,*,#2326,.F.);
#3037=ORIENTED_EDGE('',*,*,#2317,.T.);
#3038=ORIENTED_EDGE('',*,*,#2287,.F.);
#3039=ORIENTED_EDGE('',*,*,#2285,.T.);
#3040=ORIENTED_EDGE('',*,*,#2274,.F.);
#3041=ORIENTED_EDGE('',*,*,#2284,.T.);
#3042=ORIENTED_EDGE('',*,*,#2336,.T.);
#3043=ORIENTED_EDGE('',*,*,#2331,.T.);
#3044=ORIENTED_EDGE('',*,*,#2337,.F.);
#3045=ORIENTED_EDGE('',*,*,#2338,.T.);
#3046=ORIENTED_EDGE('',*,*,#2339,.F.);
#3047=ORIENTED_EDGE('',*,*,#2340,.F.);
#3048=ORIENTED_EDGE('',*,*,#2337,.T.);
#3049=ORIENTED_EDGE('',*,*,#2341,.F.);
#3050=ORIENTED_EDGE('',*,*,#2342,.F.);
#3051=ORIENTED_EDGE('',*,*,#2343,.F.);
#3052=ORIENTED_EDGE('',*,*,#2340,.T.);
#3053=ORIENTED_EDGE('',*,*,#2344,.T.);
#3054=ORIENTED_EDGE('',*,*,#2345,.F.);
#3055=ORIENTED_EDGE('',*,*,#2341,.T.);
#3056=ORIENTED_EDGE('',*,*,#2339,.T.);
#3057=ORIENTED_EDGE('',*,*,#2346,.F.);
#3058=ORIENTED_EDGE('',*,*,#2347,.F.);
#3059=ORIENTED_EDGE('',*,*,#2344,.F.);
#3060=ORIENTED_EDGE('',*,*,#2342,.T.);
#3061=ORIENTED_EDGE('',*,*,#2345,.T.);
#3062=ORIENTED_EDGE('',*,*,#2347,.T.);
#3063=ORIENTED_EDGE('',*,*,#2348,.T.);
#3064=ORIENTED_EDGE('',*,*,#2343,.T.);
#3065=ORIENTED_EDGE('',*,*,#2349,.T.);
#3066=ORIENTED_EDGE('',*,*,#2350,.F.);
#3067=ORIENTED_EDGE('',*,*,#2351,.T.);
#3068=ORIENTED_EDGE('',*,*,#2352,.T.);
#3069=ORIENTED_EDGE('',*,*,#2353,.T.);
#3070=ORIENTED_EDGE('',*,*,#2354,.T.);
#3071=ORIENTED_EDGE('',*,*,#2355,.T.);
#3072=ORIENTED_EDGE('',*,*,#2356,.T.);
#3073=ORIENTED_EDGE('',*,*,#2357,.T.);
#3074=ORIENTED_EDGE('',*,*,#2358,.F.);
#3075=ORIENTED_EDGE('',*,*,#2359,.T.);
#3076=ORIENTED_EDGE('',*,*,#2346,.T.);
#3077=ORIENTED_EDGE('',*,*,#2338,.F.);
#3078=ORIENTED_EDGE('',*,*,#2360,.T.);
#3079=ORIENTED_EDGE('',*,*,#2361,.T.);
#3080=ORIENTED_EDGE('',*,*,#2362,.T.);
#3081=ORIENTED_EDGE('',*,*,#2363,.T.);
#3082=ORIENTED_EDGE('',*,*,#2364,.T.);
#3083=ORIENTED_EDGE('',*,*,#2365,.T.);
#3084=ORIENTED_EDGE('',*,*,#2362,.F.);
#3085=ORIENTED_EDGE('',*,*,#2366,.T.);
#3086=ORIENTED_EDGE('',*,*,#2367,.T.);
#3087=ORIENTED_EDGE('',*,*,#2368,.T.);
#3088=ORIENTED_EDGE('',*,*,#2364,.F.);
#3089=ORIENTED_EDGE('',*,*,#2369,.T.);
#3090=ORIENTED_EDGE('',*,*,#2370,.T.);
#3091=ORIENTED_EDGE('',*,*,#2371,.T.);
#3092=ORIENTED_EDGE('',*,*,#2367,.F.);
#3093=ORIENTED_EDGE('',*,*,#2372,.T.);
#3094=ORIENTED_EDGE('',*,*,#2373,.T.);
#3095=ORIENTED_EDGE('',*,*,#2374,.T.);
#3096=ORIENTED_EDGE('',*,*,#2370,.F.);
#3097=ORIENTED_EDGE('',*,*,#2375,.T.);
#3098=ORIENTED_EDGE('',*,*,#2376,.T.);
#3099=ORIENTED_EDGE('',*,*,#2377,.T.);
#3100=ORIENTED_EDGE('',*,*,#2373,.F.);
#3101=ORIENTED_EDGE('',*,*,#2378,.T.);
#3102=ORIENTED_EDGE('',*,*,#2379,.T.);
#3103=ORIENTED_EDGE('',*,*,#2380,.T.);
#3104=ORIENTED_EDGE('',*,*,#2376,.F.);
#3105=ORIENTED_EDGE('',*,*,#2381,.T.);
#3106=ORIENTED_EDGE('',*,*,#2379,.F.);
#3107=ORIENTED_EDGE('',*,*,#2382,.T.);
#3108=ORIENTED_EDGE('',*,*,#2360,.F.);
#3109=ORIENTED_EDGE('',*,*,#2383,.T.);
#3110=ORIENTED_EDGE('',*,*,#2377,.F.);
#3111=ORIENTED_EDGE('',*,*,#2384,.T.);
#3112=ORIENTED_EDGE('',*,*,#2385,.F.);
#3113=ORIENTED_EDGE('',*,*,#2386,.F.);
#3114=ORIENTED_EDGE('',*,*,#2380,.F.);
#3115=ORIENTED_EDGE('',*,*,#2387,.T.);
#3116=ORIENTED_EDGE('',*,*,#2388,.F.);
#3117=ORIENTED_EDGE('',*,*,#2384,.F.);
#3118=ORIENTED_EDGE('',*,*,#2383,.F.);
#3119=ORIENTED_EDGE('',*,*,#2389,.T.);
#3120=ORIENTED_EDGE('',*,*,#2390,.F.);
#3121=ORIENTED_EDGE('',*,*,#2387,.F.);
#3122=ORIENTED_EDGE('',*,*,#2363,.F.);
#3123=ORIENTED_EDGE('',*,*,#2391,.T.);
#3124=ORIENTED_EDGE('',*,*,#2392,.F.);
#3125=ORIENTED_EDGE('',*,*,#2389,.F.);
#3126=ORIENTED_EDGE('',*,*,#2393,.T.);
#3127=ORIENTED_EDGE('',*,*,#2394,.F.);
#3128=ORIENTED_EDGE('',*,*,#2395,.F.);
#3129=ORIENTED_EDGE('',*,*,#2396,.F.);
#3130=ORIENTED_EDGE('',*,*,#2397,.F.);
#3131=ORIENTED_EDGE('',*,*,#2398,.F.);
#3132=ORIENTED_EDGE('',*,*,#2399,.T.);
#3133=ORIENTED_EDGE('',*,*,#2400,.F.);
#3134=ORIENTED_EDGE('',*,*,#2401,.T.);
#3135=ORIENTED_EDGE('',*,*,#2402,.F.);
#3136=ORIENTED_EDGE('',*,*,#2403,.T.);
#3137=ORIENTED_EDGE('',*,*,#2404,.F.);
#3138=ORIENTED_EDGE('',*,*,#2405,.T.);
#3139=ORIENTED_EDGE('',*,*,#2406,.F.);
#3140=ORIENTED_EDGE('',*,*,#2407,.T.);
#3141=ORIENTED_EDGE('',*,*,#2408,.F.);
#3142=ORIENTED_EDGE('',*,*,#2409,.T.);
#3143=ORIENTED_EDGE('',*,*,#2410,.F.);
#3144=ORIENTED_EDGE('',*,*,#2361,.F.);
#3145=ORIENTED_EDGE('',*,*,#2382,.F.);
#3146=ORIENTED_EDGE('',*,*,#2381,.F.);
#3147=ORIENTED_EDGE('',*,*,#2378,.F.);
#3148=ORIENTED_EDGE('',*,*,#2375,.F.);
#3149=ORIENTED_EDGE('',*,*,#2372,.F.);
#3150=ORIENTED_EDGE('',*,*,#2369,.F.);
#3151=ORIENTED_EDGE('',*,*,#2366,.F.);
#3152=ORIENTED_EDGE('',*,*,#2324,.F.);
#3153=ORIENTED_EDGE('',*,*,#2329,.T.);
#3154=ORIENTED_EDGE('',*,*,#2327,.F.);
#3155=ORIENTED_EDGE('',*,*,#2335,.T.);
#3156=ORIENTED_EDGE('',*,*,#2411,.F.);
#3157=ORIENTED_EDGE('',*,*,#2395,.T.);
#3158=ORIENTED_EDGE('',*,*,#2412,.F.);
#3159=ORIENTED_EDGE('',*,*,#2413,.T.);
#3160=ORIENTED_EDGE('',*,*,#2414,.T.);
#3161=ORIENTED_EDGE('',*,*,#2415,.T.);
#3162=ORIENTED_EDGE('',*,*,#2412,.T.);
#3163=ORIENTED_EDGE('',*,*,#2394,.T.);
#3164=ORIENTED_EDGE('',*,*,#2416,.T.);
#3165=ORIENTED_EDGE('',*,*,#2417,.T.);
#3166=ORIENTED_EDGE('',*,*,#2411,.T.);
#3167=ORIENTED_EDGE('',*,*,#2334,.T.);
#3168=ORIENTED_EDGE('',*,*,#2418,.T.);
#3169=ORIENTED_EDGE('',*,*,#2396,.T.);
#3170=ORIENTED_EDGE('',*,*,#2398,.T.);
#3171=ORIENTED_EDGE('',*,*,#2419,.T.);
#3172=ORIENTED_EDGE('',*,*,#2420,.T.);
#3173=ORIENTED_EDGE('',*,*,#2421,.T.);
#3174=ORIENTED_EDGE('',*,*,#2422,.T.);
#3175=ORIENTED_EDGE('',*,*,#2423,.T.);
#3176=ORIENTED_EDGE('',*,*,#2424,.T.);
#3177=ORIENTED_EDGE('',*,*,#2421,.F.);
#3178=ORIENTED_EDGE('',*,*,#2424,.F.);
#3179=ORIENTED_EDGE('',*,*,#2425,.F.);
#3180=ORIENTED_EDGE('',*,*,#2426,.F.);
#3181=ORIENTED_EDGE('',*,*,#2399,.F.);
#3182=ORIENTED_EDGE('',*,*,#2427,.T.);
#3183=ORIENTED_EDGE('',*,*,#2428,.T.);
#3184=ORIENTED_EDGE('',*,*,#2429,.T.);
#3185=ORIENTED_EDGE('',*,*,#2430,.T.);
#3186=ORIENTED_EDGE('',*,*,#2431,.T.);
#3187=ORIENTED_EDGE('',*,*,#2432,.T.);
#3188=ORIENTED_EDGE('',*,*,#2404,.T.);
#3189=ORIENTED_EDGE('',*,*,#2430,.F.);
#3190=ORIENTED_EDGE('',*,*,#2433,.T.);
#3191=ORIENTED_EDGE('',*,*,#2434,.T.);
#3192=ORIENTED_EDGE('',*,*,#2435,.T.);
#3193=ORIENTED_EDGE('',*,*,#2432,.F.);
#3194=ORIENTED_EDGE('',*,*,#2427,.F.);
#3195=ORIENTED_EDGE('',*,*,#2403,.F.);
#3196=ORIENTED_EDGE('',*,*,#2436,.F.);
#3197=ORIENTED_EDGE('',*,*,#2437,.F.);
#3198=ORIENTED_EDGE('',*,*,#2435,.F.);
#3199=ORIENTED_EDGE('',*,*,#2438,.F.);
#3200=ORIENTED_EDGE('',*,*,#2439,.F.);
#3201=ORIENTED_EDGE('',*,*,#2405,.F.);
#3202=ORIENTED_EDGE('',*,*,#2440,.T.);
#3203=ORIENTED_EDGE('',*,*,#2441,.T.);
#3204=ORIENTED_EDGE('',*,*,#2442,.T.);
#3205=ORIENTED_EDGE('',*,*,#2443,.T.);
#3206=ORIENTED_EDGE('',*,*,#2444,.T.);
#3207=ORIENTED_EDGE('',*,*,#2445,.T.);
#3208=ORIENTED_EDGE('',*,*,#2410,.T.);
#3209=ORIENTED_EDGE('',*,*,#2443,.F.);
#3210=ORIENTED_EDGE('',*,*,#2440,.F.);
#3211=ORIENTED_EDGE('',*,*,#2409,.F.);
#3212=ORIENTED_EDGE('',*,*,#2446,.F.);
#3213=ORIENTED_EDGE('',*,*,#2447,.F.);
#3214=ORIENTED_EDGE('',*,*,#2448,.T.);
#3215=ORIENTED_EDGE('',*,*,#2446,.T.);
#3216=ORIENTED_EDGE('',*,*,#2408,.T.);
#3217=ORIENTED_EDGE('',*,*,#2449,.T.);
#3218=ORIENTED_EDGE('',*,*,#2448,.F.);
#3219=ORIENTED_EDGE('',*,*,#2450,.T.);
#3220=ORIENTED_EDGE('',*,*,#2451,.F.);
#3221=ORIENTED_EDGE('',*,*,#2438,.T.);
#3222=ORIENTED_EDGE('',*,*,#2434,.F.);
#3223=ORIENTED_EDGE('',*,*,#2452,.F.);
#3224=ORIENTED_EDGE('',*,*,#2428,.F.);
#3225=ORIENTED_EDGE('',*,*,#2437,.T.);
#3226=ORIENTED_EDGE('',*,*,#2453,.F.);
#3227=ORIENTED_EDGE('',*,*,#2454,.T.);
#3228=ORIENTED_EDGE('',*,*,#2455,.F.);
#3229=ORIENTED_EDGE('',*,*,#2425,.T.);
#3230=ORIENTED_EDGE('',*,*,#2423,.F.);
#3231=ORIENTED_EDGE('',*,*,#2456,.F.);
#3232=ORIENTED_EDGE('',*,*,#2457,.F.);
#3233=ORIENTED_EDGE('',*,*,#2458,.F.);
#3234=ORIENTED_EDGE('',*,*,#2459,.T.);
#3235=ORIENTED_EDGE('',*,*,#2460,.F.);
#3236=ORIENTED_EDGE('',*,*,#2441,.F.);
#3237=ORIENTED_EDGE('',*,*,#2447,.T.);
#3238=ORIENTED_EDGE('',*,*,#2449,.F.);
#3239=ORIENTED_EDGE('',*,*,#2407,.F.);
#3240=ORIENTED_EDGE('',*,*,#2461,.F.);
#3241=ORIENTED_EDGE('',*,*,#2450,.F.);
#3242=ORIENTED_EDGE('',*,*,#2451,.T.);
#3243=ORIENTED_EDGE('',*,*,#2461,.T.);
#3244=ORIENTED_EDGE('',*,*,#2406,.T.);
#3245=ORIENTED_EDGE('',*,*,#2439,.T.);
#3246=ORIENTED_EDGE('',*,*,#2453,.T.);
#3247=ORIENTED_EDGE('',*,*,#2436,.T.);
#3248=ORIENTED_EDGE('',*,*,#2402,.T.);
#3249=ORIENTED_EDGE('',*,*,#2462,.T.);
#3250=ORIENTED_EDGE('',*,*,#2455,.T.);
#3251=ORIENTED_EDGE('',*,*,#2463,.T.);
#3252=ORIENTED_EDGE('',*,*,#2400,.T.);
#3253=ORIENTED_EDGE('',*,*,#2426,.T.);
#3254=ORIENTED_EDGE('',*,*,#2462,.F.);
#3255=ORIENTED_EDGE('',*,*,#2401,.F.);
#3256=ORIENTED_EDGE('',*,*,#2463,.F.);
#3257=ORIENTED_EDGE('',*,*,#2454,.F.);
#3258=ORIENTED_EDGE('',*,*,#2429,.F.);
#3259=ORIENTED_EDGE('',*,*,#2452,.T.);
#3260=ORIENTED_EDGE('',*,*,#2433,.F.);
#3261=ORIENTED_EDGE('',*,*,#2431,.F.);
#3262=ORIENTED_EDGE('',*,*,#2464,.T.);
#3263=ORIENTED_EDGE('',*,*,#2465,.T.);
#3264=ORIENTED_EDGE('',*,*,#2466,.T.);
#3265=ORIENTED_EDGE('',*,*,#2456,.T.);
#3266=ORIENTED_EDGE('',*,*,#2422,.F.);
#3267=ORIENTED_EDGE('',*,*,#2420,.F.);
#3268=ORIENTED_EDGE('',*,*,#2442,.F.);
#3269=ORIENTED_EDGE('',*,*,#2460,.T.);
#3270=ORIENTED_EDGE('',*,*,#2467,.T.);
#3271=ORIENTED_EDGE('',*,*,#2468,.T.);
#3272=ORIENTED_EDGE('',*,*,#2469,.T.);
#3273=ORIENTED_EDGE('',*,*,#2470,.T.);
#3274=ORIENTED_EDGE('',*,*,#2471,.T.);
#3275=ORIENTED_EDGE('',*,*,#2472,.T.);
#3276=ORIENTED_EDGE('',*,*,#2444,.F.);
#3277=ORIENTED_EDGE('',*,*,#2397,.T.);
#3278=ORIENTED_EDGE('',*,*,#2418,.F.);
#3279=ORIENTED_EDGE('',*,*,#2333,.F.);
#3280=ORIENTED_EDGE('',*,*,#2473,.F.);
#3281=ORIENTED_EDGE('',*,*,#2464,.F.);
#3282=ORIENTED_EDGE('',*,*,#2419,.F.);
#3283=ORIENTED_EDGE('',*,*,#2472,.F.);
#3284=ORIENTED_EDGE('',*,*,#2474,.F.);
#3285=ORIENTED_EDGE('',*,*,#2475,.F.);
#3286=ORIENTED_EDGE('',*,*,#2416,.F.);
#3287=ORIENTED_EDGE('',*,*,#2393,.F.);
#3288=ORIENTED_EDGE('',*,*,#2445,.F.);
#3289=ORIENTED_EDGE('',*,*,#2471,.F.);
#3290=ORIENTED_EDGE('',*,*,#2476,.F.);
#3291=ORIENTED_EDGE('',*,*,#2474,.T.);
#3292=ORIENTED_EDGE('',*,*,#2289,.F.);
#3293=ORIENTED_EDGE('',*,*,#2330,.T.);
#3294=ORIENTED_EDGE('',*,*,#2315,.F.);
#3295=ORIENTED_EDGE('',*,*,#2321,.T.);
#3296=ORIENTED_EDGE('',*,*,#2325,.F.);
#3297=ORIENTED_EDGE('',*,*,#2413,.F.);
#3298=ORIENTED_EDGE('',*,*,#2417,.F.);
#3299=ORIENTED_EDGE('',*,*,#2475,.T.);
#3300=ORIENTED_EDGE('',*,*,#2476,.T.);
#3301=ORIENTED_EDGE('',*,*,#2470,.F.);
#3302=ORIENTED_EDGE('',*,*,#2469,.F.);
#3303=ORIENTED_EDGE('',*,*,#2312,.F.);
#3304=ORIENTED_EDGE('',*,*,#2311,.F.);
#3305=ORIENTED_EDGE('',*,*,#2477,.T.);
#3306=ORIENTED_EDGE('',*,*,#2478,.T.);
#3307=ORIENTED_EDGE('',*,*,#2479,.T.);
#3308=ORIENTED_EDGE('',*,*,#2480,.T.);
#3309=ORIENTED_EDGE('',*,*,#2481,.T.);
#3310=ORIENTED_EDGE('',*,*,#2482,.T.);
#3311=ORIENTED_EDGE('',*,*,#2483,.T.);
#3312=ORIENTED_EDGE('',*,*,#2484,.T.);
#3313=ORIENTED_EDGE('',*,*,#2485,.T.);
#3314=ORIENTED_EDGE('',*,*,#2486,.T.);
#3315=ORIENTED_EDGE('',*,*,#2487,.T.);
#3316=ORIENTED_EDGE('',*,*,#2488,.T.);
#3317=ORIENTED_EDGE('',*,*,#2489,.T.);
#3318=ORIENTED_EDGE('',*,*,#2490,.T.);
#3319=ORIENTED_EDGE('',*,*,#2491,.T.);
#3320=ORIENTED_EDGE('',*,*,#2492,.T.);
#3321=ORIENTED_EDGE('',*,*,#2493,.T.);
#3322=ORIENTED_EDGE('',*,*,#2494,.T.);
#3323=ORIENTED_EDGE('',*,*,#2495,.T.);
#3324=ORIENTED_EDGE('',*,*,#2496,.T.);
#3325=ORIENTED_EDGE('',*,*,#2497,.T.);
#3326=ORIENTED_EDGE('',*,*,#2498,.T.);
#3327=ORIENTED_EDGE('',*,*,#2499,.T.);
#3328=ORIENTED_EDGE('',*,*,#2500,.T.);
#3329=ORIENTED_EDGE('',*,*,#2501,.T.);
#3330=ORIENTED_EDGE('',*,*,#2502,.T.);
#3331=ORIENTED_EDGE('',*,*,#2503,.T.);
#3332=ORIENTED_EDGE('',*,*,#2504,.T.);
#3333=ORIENTED_EDGE('',*,*,#2505,.T.);
#3334=ORIENTED_EDGE('',*,*,#2506,.T.);
#3335=ORIENTED_EDGE('',*,*,#2507,.T.);
#3336=ORIENTED_EDGE('',*,*,#2508,.T.);
#3337=ORIENTED_EDGE('',*,*,#2509,.T.);
#3338=ORIENTED_EDGE('',*,*,#2510,.T.);
#3339=ORIENTED_EDGE('',*,*,#2511,.T.);
#3340=ORIENTED_EDGE('',*,*,#2512,.T.);
#3341=ORIENTED_EDGE('',*,*,#2513,.T.);
#3342=ORIENTED_EDGE('',*,*,#2514,.T.);
#3343=ORIENTED_EDGE('',*,*,#2515,.T.);
#3344=ORIENTED_EDGE('',*,*,#2516,.T.);
#3345=ORIENTED_EDGE('',*,*,#2517,.T.);
#3346=ORIENTED_EDGE('',*,*,#2518,.T.);
#3347=ORIENTED_EDGE('',*,*,#2519,.T.);
#3348=ORIENTED_EDGE('',*,*,#2520,.T.);
#3349=ORIENTED_EDGE('',*,*,#2521,.T.);
#3350=ORIENTED_EDGE('',*,*,#2522,.T.);
#3351=ORIENTED_EDGE('',*,*,#2523,.T.);
#3352=ORIENTED_EDGE('',*,*,#2524,.T.);
#3353=ORIENTED_EDGE('',*,*,#2525,.T.);
#3354=ORIENTED_EDGE('',*,*,#2526,.T.);
#3355=ORIENTED_EDGE('',*,*,#2527,.T.);
#3356=ORIENTED_EDGE('',*,*,#2528,.T.);
#3357=ORIENTED_EDGE('',*,*,#2529,.T.);
#3358=ORIENTED_EDGE('',*,*,#2530,.T.);
#3359=ORIENTED_EDGE('',*,*,#2531,.T.);
#3360=ORIENTED_EDGE('',*,*,#2532,.T.);
#3361=ORIENTED_EDGE('',*,*,#2533,.T.);
#3362=ORIENTED_EDGE('',*,*,#2534,.T.);
#3363=ORIENTED_EDGE('',*,*,#2535,.T.);
#3364=ORIENTED_EDGE('',*,*,#2536,.T.);
#3365=ORIENTED_EDGE('',*,*,#2537,.T.);
#3366=ORIENTED_EDGE('',*,*,#2538,.T.);
#3367=ORIENTED_EDGE('',*,*,#2539,.T.);
#3368=ORIENTED_EDGE('',*,*,#2540,.T.);
#3369=ORIENTED_EDGE('',*,*,#2541,.T.);
#3370=ORIENTED_EDGE('',*,*,#2542,.T.);
#3371=ORIENTED_EDGE('',*,*,#2543,.T.);
#3372=ORIENTED_EDGE('',*,*,#2544,.T.);
#3373=ORIENTED_EDGE('',*,*,#2545,.T.);
#3374=ORIENTED_EDGE('',*,*,#2546,.T.);
#3375=ORIENTED_EDGE('',*,*,#2547,.T.);
#3376=ORIENTED_EDGE('',*,*,#2548,.T.);
#3377=ORIENTED_EDGE('',*,*,#2549,.T.);
#3378=ORIENTED_EDGE('',*,*,#2550,.T.);
#3379=ORIENTED_EDGE('',*,*,#2551,.T.);
#3380=ORIENTED_EDGE('',*,*,#2552,.T.);
#3381=ORIENTED_EDGE('',*,*,#2553,.T.);
#3382=ORIENTED_EDGE('',*,*,#2554,.T.);
#3383=ORIENTED_EDGE('',*,*,#2555,.T.);
#3384=ORIENTED_EDGE('',*,*,#2556,.T.);
#3385=ORIENTED_EDGE('',*,*,#2557,.T.);
#3386=ORIENTED_EDGE('',*,*,#2558,.T.);
#3387=ORIENTED_EDGE('',*,*,#2559,.T.);
#3388=ORIENTED_EDGE('',*,*,#2560,.T.);
#3389=ORIENTED_EDGE('',*,*,#2561,.T.);
#3390=ORIENTED_EDGE('',*,*,#2562,.T.);
#3391=ORIENTED_EDGE('',*,*,#2563,.T.);
#3392=ORIENTED_EDGE('',*,*,#2564,.T.);
#3393=ORIENTED_EDGE('',*,*,#2565,.T.);
#3394=ORIENTED_EDGE('',*,*,#2566,.T.);
#3395=ORIENTED_EDGE('',*,*,#2567,.F.);
#3396=ORIENTED_EDGE('',*,*,#2568,.T.);
#3397=ORIENTED_EDGE('',*,*,#2569,.F.);
#3398=ORIENTED_EDGE('',*,*,#2570,.T.);
#3399=ORIENTED_EDGE('',*,*,#2571,.F.);
#3400=ORIENTED_EDGE('',*,*,#2572,.F.);
#3401=ORIENTED_EDGE('',*,*,#2573,.F.);
#3402=ORIENTED_EDGE('',*,*,#2371,.F.);
#3403=ORIENTED_EDGE('',*,*,#2574,.T.);
#3404=ORIENTED_EDGE('',*,*,#2575,.F.);
#3405=ORIENTED_EDGE('',*,*,#2576,.F.);
#3406=ORIENTED_EDGE('',*,*,#2368,.F.);
#3407=ORIENTED_EDGE('',*,*,#2576,.T.);
#3408=ORIENTED_EDGE('',*,*,#2577,.F.);
#3409=ORIENTED_EDGE('',*,*,#2578,.F.);
#3410=ORIENTED_EDGE('',*,*,#2365,.F.);
#3411=ORIENTED_EDGE('',*,*,#2578,.T.);
#3412=ORIENTED_EDGE('',*,*,#2579,.F.);
#3413=ORIENTED_EDGE('',*,*,#2391,.F.);
#3414=ORIENTED_EDGE('',*,*,#2374,.F.);
#3415=ORIENTED_EDGE('',*,*,#2386,.T.);
#3416=ORIENTED_EDGE('',*,*,#2580,.F.);
#3417=ORIENTED_EDGE('',*,*,#2574,.F.);
#3418=ORIENTED_EDGE('',*,*,#2581,.T.);
#3419=ORIENTED_EDGE('',*,*,#2582,.T.);
#3420=ORIENTED_EDGE('',*,*,#2350,.T.);
#3421=ORIENTED_EDGE('',*,*,#2583,.T.);
#3422=ORIENTED_EDGE('',*,*,#2582,.F.);
#3423=ORIENTED_EDGE('',*,*,#2584,.F.);
#3424=ORIENTED_EDGE('',*,*,#2585,.F.);
#3425=ORIENTED_EDGE('',*,*,#2351,.F.);
#3426=ORIENTED_EDGE('',*,*,#2586,.F.);
#3427=ORIENTED_EDGE('',*,*,#2587,.F.);
#3428=ORIENTED_EDGE('',*,*,#2352,.F.);
#3429=ORIENTED_EDGE('',*,*,#2585,.T.);
#3430=ORIENTED_EDGE('',*,*,#2358,.T.);
#3431=ORIENTED_EDGE('',*,*,#2588,.T.);
#3432=ORIENTED_EDGE('',*,*,#2589,.T.);
#3433=ORIENTED_EDGE('',*,*,#2590,.T.);
#3434=ORIENTED_EDGE('',*,*,#2588,.F.);
#3435=ORIENTED_EDGE('',*,*,#2357,.F.);
#3436=ORIENTED_EDGE('',*,*,#2591,.F.);
#3437=ORIENTED_EDGE('',*,*,#2592,.F.);
#3438=ORIENTED_EDGE('',*,*,#2356,.F.);
#3439=ORIENTED_EDGE('',*,*,#2593,.F.);
#3440=ORIENTED_EDGE('',*,*,#2594,.F.);
#3441=ORIENTED_EDGE('',*,*,#2591,.T.);
#3442=ORIENTED_EDGE('',*,*,#2595,.T.);
#3443=ORIENTED_EDGE('',*,*,#2596,.F.);
#3444=ORIENTED_EDGE('',*,*,#2597,.F.);
#3445=ORIENTED_EDGE('',*,*,#2598,.F.);
#3446=ORIENTED_EDGE('',*,*,#2587,.T.);
#3447=ORIENTED_EDGE('',*,*,#2599,.T.);
#3448=ORIENTED_EDGE('',*,*,#2600,.F.);
#3449=ORIENTED_EDGE('',*,*,#2353,.F.);
#3450=ORIENTED_EDGE('',*,*,#2597,.T.);
#3451=ORIENTED_EDGE('',*,*,#2601,.F.);
#3452=ORIENTED_EDGE('',*,*,#2602,.T.);
#3453=ORIENTED_EDGE('',*,*,#2603,.F.);
#3454=ORIENTED_EDGE('',*,*,#2602,.F.);
#3455=ORIENTED_EDGE('',*,*,#2604,.F.);
#3456=ORIENTED_EDGE('',*,*,#2605,.F.);
#3457=ORIENTED_EDGE('',*,*,#2606,.F.);
#3458=ORIENTED_EDGE('',*,*,#2584,.T.);
#3459=ORIENTED_EDGE('',*,*,#2581,.F.);
#3460=ORIENTED_EDGE('',*,*,#2607,.T.);
#3461=ORIENTED_EDGE('',*,*,#2598,.T.);
#3462=ORIENTED_EDGE('',*,*,#2603,.T.);
#3463=ORIENTED_EDGE('',*,*,#2606,.T.);
#3464=ORIENTED_EDGE('',*,*,#2608,.T.);
#3465=ORIENTED_EDGE('',*,*,#2589,.F.);
#3466=ORIENTED_EDGE('',*,*,#2592,.T.);
#3467=ORIENTED_EDGE('',*,*,#2594,.T.);
#3468=ORIENTED_EDGE('',*,*,#2609,.F.);
#3469=ORIENTED_EDGE('',*,*,#2610,.F.);
#3470=ORIENTED_EDGE('',*,*,#2599,.F.);
#3471=ORIENTED_EDGE('',*,*,#2586,.T.);
#3472=ORIENTED_EDGE('',*,*,#2610,.T.);
#3473=ORIENTED_EDGE('',*,*,#2611,.T.);
#3474=ORIENTED_EDGE('',*,*,#2354,.F.);
#3475=ORIENTED_EDGE('',*,*,#2600,.T.);
#3476=ORIENTED_EDGE('',*,*,#2593,.T.);
#3477=ORIENTED_EDGE('',*,*,#2355,.F.);
#3478=ORIENTED_EDGE('',*,*,#2611,.F.);
#3479=ORIENTED_EDGE('',*,*,#2609,.T.);
#3480=ORIENTED_EDGE('',*,*,#2612,.T.);
#3481=ORIENTED_EDGE('',*,*,#2613,.T.);
#3482=ORIENTED_EDGE('',*,*,#2458,.T.);
#3483=ORIENTED_EDGE('',*,*,#2614,.T.);
#3484=ORIENTED_EDGE('',*,*,#2615,.T.);
#3485=ORIENTED_EDGE('',*,*,#2604,.T.);
#3486=ORIENTED_EDGE('',*,*,#2601,.T.);
#3487=ORIENTED_EDGE('',*,*,#2596,.T.);
#3488=ORIENTED_EDGE('',*,*,#2295,.T.);
#3489=ORIENTED_EDGE('',*,*,#2616,.T.);
#3490=ORIENTED_EDGE('',*,*,#2283,.T.);
#3491=ORIENTED_EDGE('',*,*,#2617,.F.);
#3492=ORIENTED_EDGE('',*,*,#2618,.T.);
#3493=ORIENTED_EDGE('',*,*,#2619,.F.);
#3494=ORIENTED_EDGE('',*,*,#2296,.T.);
#3495=ORIENTED_EDGE('',*,*,#2620,.T.);
#3496=ORIENTED_EDGE('',*,*,#2467,.F.);
#3497=ORIENTED_EDGE('',*,*,#2459,.F.);
#3498=ORIENTED_EDGE('',*,*,#2613,.F.);
#3499=ORIENTED_EDGE('',*,*,#2348,.F.);
#3500=ORIENTED_EDGE('',*,*,#2359,.F.);
#3501=ORIENTED_EDGE('',*,*,#2590,.F.);
#3502=ORIENTED_EDGE('',*,*,#2608,.F.);
#3503=ORIENTED_EDGE('',*,*,#2605,.T.);
#3504=ORIENTED_EDGE('',*,*,#2615,.F.);
#3505=ORIENTED_EDGE('',*,*,#2621,.T.);
#3506=ORIENTED_EDGE('',*,*,#2465,.F.);
#3507=ORIENTED_EDGE('',*,*,#2473,.T.);
#3508=ORIENTED_EDGE('',*,*,#2332,.F.);
#3509=ORIENTED_EDGE('',*,*,#2336,.F.);
#3510=ORIENTED_EDGE('',*,*,#2616,.F.);
#3511=ORIENTED_EDGE('',*,*,#2313,.F.);
#3512=ORIENTED_EDGE('',*,*,#2468,.F.);
#3513=ORIENTED_EDGE('',*,*,#2620,.F.);
#3514=ORIENTED_EDGE('',*,*,#2612,.F.);
#3515=ORIENTED_EDGE('',*,*,#2595,.F.);
#3516=ORIENTED_EDGE('',*,*,#2607,.F.);
#3517=ORIENTED_EDGE('',*,*,#2583,.F.);
#3518=ORIENTED_EDGE('',*,*,#2349,.F.);
#3519=ORIENTED_EDGE('',*,*,#2457,.T.);
#3520=ORIENTED_EDGE('',*,*,#2466,.F.);
#3521=ORIENTED_EDGE('',*,*,#2621,.F.);
#3522=ORIENTED_EDGE('',*,*,#2614,.F.);
#3523=ORIENTED_EDGE('',*,*,#2622,.F.);
#3524=ORIENTED_EDGE('',*,*,#2623,.T.);
#3525=ORIENTED_EDGE('',*,*,#2624,.T.);
#3526=ORIENTED_EDGE('',*,*,#2625,.F.);
#3527=ORIENTED_EDGE('',*,*,#2626,.F.);
#3528=ORIENTED_EDGE('',*,*,#2627,.T.);
#3529=ORIENTED_EDGE('',*,*,#2628,.T.);
#3530=ORIENTED_EDGE('',*,*,#2623,.F.);
#3531=ORIENTED_EDGE('',*,*,#2629,.F.);
#3532=ORIENTED_EDGE('',*,*,#2630,.T.);
#3533=ORIENTED_EDGE('',*,*,#2631,.T.);
#3534=ORIENTED_EDGE('',*,*,#2627,.F.);
#3535=ORIENTED_EDGE('',*,*,#2632,.F.);
#3536=ORIENTED_EDGE('',*,*,#2633,.T.);
#3537=ORIENTED_EDGE('',*,*,#2634,.T.);
#3538=ORIENTED_EDGE('',*,*,#2630,.F.);
#3539=ORIENTED_EDGE('',*,*,#2635,.F.);
#3540=ORIENTED_EDGE('',*,*,#2636,.T.);
#3541=ORIENTED_EDGE('',*,*,#2637,.T.);
#3542=ORIENTED_EDGE('',*,*,#2633,.F.);
#3543=ORIENTED_EDGE('',*,*,#2638,.F.);
#3544=ORIENTED_EDGE('',*,*,#2639,.T.);
#3545=ORIENTED_EDGE('',*,*,#2640,.T.);
#3546=ORIENTED_EDGE('',*,*,#2636,.F.);
#3547=ORIENTED_EDGE('',*,*,#2641,.F.);
#3548=ORIENTED_EDGE('',*,*,#2642,.T.);
#3549=ORIENTED_EDGE('',*,*,#2643,.T.);
#3550=ORIENTED_EDGE('',*,*,#2639,.F.);
#3551=ORIENTED_EDGE('',*,*,#2644,.F.);
#3552=ORIENTED_EDGE('',*,*,#2645,.T.);
#3553=ORIENTED_EDGE('',*,*,#2646,.T.);
#3554=ORIENTED_EDGE('',*,*,#2642,.F.);
#3555=ORIENTED_EDGE('',*,*,#2647,.F.);
#3556=ORIENTED_EDGE('',*,*,#2648,.T.);
#3557=ORIENTED_EDGE('',*,*,#2649,.T.);
#3558=ORIENTED_EDGE('',*,*,#2645,.F.);
#3559=ORIENTED_EDGE('',*,*,#2650,.F.);
#3560=ORIENTED_EDGE('',*,*,#2651,.T.);
#3561=ORIENTED_EDGE('',*,*,#2652,.T.);
#3562=ORIENTED_EDGE('',*,*,#2648,.F.);
#3563=ORIENTED_EDGE('',*,*,#2653,.F.);
#3564=ORIENTED_EDGE('',*,*,#2654,.T.);
#3565=ORIENTED_EDGE('',*,*,#2655,.T.);
#3566=ORIENTED_EDGE('',*,*,#2651,.F.);
#3567=ORIENTED_EDGE('',*,*,#2656,.F.);
#3568=ORIENTED_EDGE('',*,*,#2625,.T.);
#3569=ORIENTED_EDGE('',*,*,#2657,.T.);
#3570=ORIENTED_EDGE('',*,*,#2654,.F.);
#3571=ORIENTED_EDGE('',*,*,#2477,.F.);
#3572=ORIENTED_EDGE('',*,*,#2658,.T.);
#3573=ORIENTED_EDGE('',*,*,#2659,.T.);
#3574=ORIENTED_EDGE('',*,*,#2660,.F.);
#3575=ORIENTED_EDGE('',*,*,#2500,.F.);
#3576=ORIENTED_EDGE('',*,*,#2661,.T.);
#3577=ORIENTED_EDGE('',*,*,#2662,.T.);
#3578=ORIENTED_EDGE('',*,*,#2658,.F.);
#3579=ORIENTED_EDGE('',*,*,#2499,.F.);
#3580=ORIENTED_EDGE('',*,*,#2663,.T.);
#3581=ORIENTED_EDGE('',*,*,#2664,.T.);
#3582=ORIENTED_EDGE('',*,*,#2661,.F.);
#3583=ORIENTED_EDGE('',*,*,#2498,.F.);
#3584=ORIENTED_EDGE('',*,*,#2665,.T.);
#3585=ORIENTED_EDGE('',*,*,#2666,.T.);
#3586=ORIENTED_EDGE('',*,*,#2663,.F.);
#3587=ORIENTED_EDGE('',*,*,#2497,.F.);
#3588=ORIENTED_EDGE('',*,*,#2667,.T.);
#3589=ORIENTED_EDGE('',*,*,#2668,.T.);
#3590=ORIENTED_EDGE('',*,*,#2665,.F.);
#3591=ORIENTED_EDGE('',*,*,#2496,.F.);
#3592=ORIENTED_EDGE('',*,*,#2669,.T.);
#3593=ORIENTED_EDGE('',*,*,#2670,.T.);
#3594=ORIENTED_EDGE('',*,*,#2667,.F.);
#3595=ORIENTED_EDGE('',*,*,#2495,.F.);
#3596=ORIENTED_EDGE('',*,*,#2671,.T.);
#3597=ORIENTED_EDGE('',*,*,#2672,.T.);
#3598=ORIENTED_EDGE('',*,*,#2669,.F.);
#3599=ORIENTED_EDGE('',*,*,#2494,.F.);
#3600=ORIENTED_EDGE('',*,*,#2673,.T.);
#3601=ORIENTED_EDGE('',*,*,#2674,.T.);
#3602=ORIENTED_EDGE('',*,*,#2671,.F.);
#3603=ORIENTED_EDGE('',*,*,#2493,.F.);
#3604=ORIENTED_EDGE('',*,*,#2675,.T.);
#3605=ORIENTED_EDGE('',*,*,#2676,.T.);
#3606=ORIENTED_EDGE('',*,*,#2673,.F.);
#3607=ORIENTED_EDGE('',*,*,#2492,.F.);
#3608=ORIENTED_EDGE('',*,*,#2677,.T.);
#3609=ORIENTED_EDGE('',*,*,#2678,.T.);
#3610=ORIENTED_EDGE('',*,*,#2675,.F.);
#3611=ORIENTED_EDGE('',*,*,#2491,.F.);
#3612=ORIENTED_EDGE('',*,*,#2679,.T.);
#3613=ORIENTED_EDGE('',*,*,#2680,.T.);
#3614=ORIENTED_EDGE('',*,*,#2677,.F.);
#3615=ORIENTED_EDGE('',*,*,#2490,.F.);
#3616=ORIENTED_EDGE('',*,*,#2681,.T.);
#3617=ORIENTED_EDGE('',*,*,#2682,.T.);
#3618=ORIENTED_EDGE('',*,*,#2679,.F.);
#3619=ORIENTED_EDGE('',*,*,#2489,.F.);
#3620=ORIENTED_EDGE('',*,*,#2683,.T.);
#3621=ORIENTED_EDGE('',*,*,#2684,.T.);
#3622=ORIENTED_EDGE('',*,*,#2681,.F.);
#3623=ORIENTED_EDGE('',*,*,#2488,.F.);
#3624=ORIENTED_EDGE('',*,*,#2685,.T.);
#3625=ORIENTED_EDGE('',*,*,#2686,.T.);
#3626=ORIENTED_EDGE('',*,*,#2683,.F.);
#3627=ORIENTED_EDGE('',*,*,#2487,.F.);
#3628=ORIENTED_EDGE('',*,*,#2687,.T.);
#3629=ORIENTED_EDGE('',*,*,#2688,.T.);
#3630=ORIENTED_EDGE('',*,*,#2685,.F.);
#3631=ORIENTED_EDGE('',*,*,#2486,.F.);
#3632=ORIENTED_EDGE('',*,*,#2689,.T.);
#3633=ORIENTED_EDGE('',*,*,#2690,.T.);
#3634=ORIENTED_EDGE('',*,*,#2687,.F.);
#3635=ORIENTED_EDGE('',*,*,#2485,.F.);
#3636=ORIENTED_EDGE('',*,*,#2691,.T.);
#3637=ORIENTED_EDGE('',*,*,#2692,.T.);
#3638=ORIENTED_EDGE('',*,*,#2689,.F.);
#3639=ORIENTED_EDGE('',*,*,#2484,.F.);
#3640=ORIENTED_EDGE('',*,*,#2693,.T.);
#3641=ORIENTED_EDGE('',*,*,#2694,.T.);
#3642=ORIENTED_EDGE('',*,*,#2691,.F.);
#3643=ORIENTED_EDGE('',*,*,#2483,.F.);
#3644=ORIENTED_EDGE('',*,*,#2695,.T.);
#3645=ORIENTED_EDGE('',*,*,#2696,.T.);
#3646=ORIENTED_EDGE('',*,*,#2693,.F.);
#3647=ORIENTED_EDGE('',*,*,#2482,.F.);
#3648=ORIENTED_EDGE('',*,*,#2697,.T.);
#3649=ORIENTED_EDGE('',*,*,#2698,.T.);
#3650=ORIENTED_EDGE('',*,*,#2695,.F.);
#3651=ORIENTED_EDGE('',*,*,#2481,.F.);
#3652=ORIENTED_EDGE('',*,*,#2699,.T.);
#3653=ORIENTED_EDGE('',*,*,#2700,.T.);
#3654=ORIENTED_EDGE('',*,*,#2697,.F.);
#3655=ORIENTED_EDGE('',*,*,#2480,.F.);
#3656=ORIENTED_EDGE('',*,*,#2701,.T.);
#3657=ORIENTED_EDGE('',*,*,#2702,.T.);
#3658=ORIENTED_EDGE('',*,*,#2699,.F.);
#3659=ORIENTED_EDGE('',*,*,#2479,.F.);
#3660=ORIENTED_EDGE('',*,*,#2703,.T.);
#3661=ORIENTED_EDGE('',*,*,#2704,.T.);
#3662=ORIENTED_EDGE('',*,*,#2701,.F.);
#3663=ORIENTED_EDGE('',*,*,#2478,.F.);
#3664=ORIENTED_EDGE('',*,*,#2660,.T.);
#3665=ORIENTED_EDGE('',*,*,#2705,.T.);
#3666=ORIENTED_EDGE('',*,*,#2703,.F.);
#3667=ORIENTED_EDGE('',*,*,#2705,.F.);
#3668=ORIENTED_EDGE('',*,*,#2659,.F.);
#3669=ORIENTED_EDGE('',*,*,#2662,.F.);
#3670=ORIENTED_EDGE('',*,*,#2664,.F.);
#3671=ORIENTED_EDGE('',*,*,#2666,.F.);
#3672=ORIENTED_EDGE('',*,*,#2668,.F.);
#3673=ORIENTED_EDGE('',*,*,#2670,.F.);
#3674=ORIENTED_EDGE('',*,*,#2672,.F.);
#3675=ORIENTED_EDGE('',*,*,#2674,.F.);
#3676=ORIENTED_EDGE('',*,*,#2676,.F.);
#3677=ORIENTED_EDGE('',*,*,#2678,.F.);
#3678=ORIENTED_EDGE('',*,*,#2680,.F.);
#3679=ORIENTED_EDGE('',*,*,#2682,.F.);
#3680=ORIENTED_EDGE('',*,*,#2684,.F.);
#3681=ORIENTED_EDGE('',*,*,#2686,.F.);
#3682=ORIENTED_EDGE('',*,*,#2688,.F.);
#3683=ORIENTED_EDGE('',*,*,#2690,.F.);
#3684=ORIENTED_EDGE('',*,*,#2692,.F.);
#3685=ORIENTED_EDGE('',*,*,#2694,.F.);
#3686=ORIENTED_EDGE('',*,*,#2696,.F.);
#3687=ORIENTED_EDGE('',*,*,#2698,.F.);
#3688=ORIENTED_EDGE('',*,*,#2700,.F.);
#3689=ORIENTED_EDGE('',*,*,#2702,.F.);
#3690=ORIENTED_EDGE('',*,*,#2704,.F.);
#3691=ORIENTED_EDGE('',*,*,#2657,.F.);
#3692=ORIENTED_EDGE('',*,*,#2624,.F.);
#3693=ORIENTED_EDGE('',*,*,#2628,.F.);
#3694=ORIENTED_EDGE('',*,*,#2631,.F.);
#3695=ORIENTED_EDGE('',*,*,#2634,.F.);
#3696=ORIENTED_EDGE('',*,*,#2637,.F.);
#3697=ORIENTED_EDGE('',*,*,#2640,.F.);
#3698=ORIENTED_EDGE('',*,*,#2643,.F.);
#3699=ORIENTED_EDGE('',*,*,#2646,.F.);
#3700=ORIENTED_EDGE('',*,*,#2649,.F.);
#3701=ORIENTED_EDGE('',*,*,#2652,.F.);
#3702=ORIENTED_EDGE('',*,*,#2655,.F.);
#3703=ORIENTED_EDGE('',*,*,#2706,.F.);
#3704=ORIENTED_EDGE('',*,*,#2707,.T.);
#3705=ORIENTED_EDGE('',*,*,#2708,.T.);
#3706=ORIENTED_EDGE('',*,*,#2709,.F.);
#3707=ORIENTED_EDGE('',*,*,#2710,.F.);
#3708=ORIENTED_EDGE('',*,*,#2711,.T.);
#3709=ORIENTED_EDGE('',*,*,#2712,.T.);
#3710=ORIENTED_EDGE('',*,*,#2707,.F.);
#3711=ORIENTED_EDGE('',*,*,#2713,.F.);
#3712=ORIENTED_EDGE('',*,*,#2714,.T.);
#3713=ORIENTED_EDGE('',*,*,#2715,.T.);
#3714=ORIENTED_EDGE('',*,*,#2711,.F.);
#3715=ORIENTED_EDGE('',*,*,#2716,.F.);
#3716=ORIENTED_EDGE('',*,*,#2717,.T.);
#3717=ORIENTED_EDGE('',*,*,#2718,.T.);
#3718=ORIENTED_EDGE('',*,*,#2714,.F.);
#3719=ORIENTED_EDGE('',*,*,#2719,.F.);
#3720=ORIENTED_EDGE('',*,*,#2720,.T.);
#3721=ORIENTED_EDGE('',*,*,#2721,.T.);
#3722=ORIENTED_EDGE('',*,*,#2717,.F.);
#3723=ORIENTED_EDGE('',*,*,#2722,.F.);
#3724=ORIENTED_EDGE('',*,*,#2723,.T.);
#3725=ORIENTED_EDGE('',*,*,#2724,.T.);
#3726=ORIENTED_EDGE('',*,*,#2720,.F.);
#3727=ORIENTED_EDGE('',*,*,#2725,.F.);
#3728=ORIENTED_EDGE('',*,*,#2726,.T.);
#3729=ORIENTED_EDGE('',*,*,#2727,.T.);
#3730=ORIENTED_EDGE('',*,*,#2723,.F.);
#3731=ORIENTED_EDGE('',*,*,#2728,.F.);
#3732=ORIENTED_EDGE('',*,*,#2729,.T.);
#3733=ORIENTED_EDGE('',*,*,#2730,.T.);
#3734=ORIENTED_EDGE('',*,*,#2726,.F.);
#3735=ORIENTED_EDGE('',*,*,#2731,.F.);
#3736=ORIENTED_EDGE('',*,*,#2709,.T.);
#3737=ORIENTED_EDGE('',*,*,#2732,.T.);
#3738=ORIENTED_EDGE('',*,*,#2729,.F.);
#3739=ORIENTED_EDGE('',*,*,#2501,.F.);
#3740=ORIENTED_EDGE('',*,*,#2733,.T.);
#3741=ORIENTED_EDGE('',*,*,#2734,.T.);
#3742=ORIENTED_EDGE('',*,*,#2735,.F.);
#3743=ORIENTED_EDGE('',*,*,#2524,.F.);
#3744=ORIENTED_EDGE('',*,*,#2736,.T.);
#3745=ORIENTED_EDGE('',*,*,#2737,.T.);
#3746=ORIENTED_EDGE('',*,*,#2733,.F.);
#3747=ORIENTED_EDGE('',*,*,#2523,.F.);
#3748=ORIENTED_EDGE('',*,*,#2738,.T.);
#3749=ORIENTED_EDGE('',*,*,#2739,.T.);
#3750=ORIENTED_EDGE('',*,*,#2736,.F.);
#3751=ORIENTED_EDGE('',*,*,#2522,.F.);
#3752=ORIENTED_EDGE('',*,*,#2740,.T.);
#3753=ORIENTED_EDGE('',*,*,#2741,.T.);
#3754=ORIENTED_EDGE('',*,*,#2738,.F.);
#3755=ORIENTED_EDGE('',*,*,#2521,.F.);
#3756=ORIENTED_EDGE('',*,*,#2742,.T.);
#3757=ORIENTED_EDGE('',*,*,#2743,.T.);
#3758=ORIENTED_EDGE('',*,*,#2740,.F.);
#3759=ORIENTED_EDGE('',*,*,#2520,.F.);
#3760=ORIENTED_EDGE('',*,*,#2744,.T.);
#3761=ORIENTED_EDGE('',*,*,#2745,.T.);
#3762=ORIENTED_EDGE('',*,*,#2742,.F.);
#3763=ORIENTED_EDGE('',*,*,#2519,.F.);
#3764=ORIENTED_EDGE('',*,*,#2746,.T.);
#3765=ORIENTED_EDGE('',*,*,#2747,.T.);
#3766=ORIENTED_EDGE('',*,*,#2744,.F.);
#3767=ORIENTED_EDGE('',*,*,#2518,.F.);
#3768=ORIENTED_EDGE('',*,*,#2748,.T.);
#3769=ORIENTED_EDGE('',*,*,#2749,.T.);
#3770=ORIENTED_EDGE('',*,*,#2746,.F.);
#3771=ORIENTED_EDGE('',*,*,#2517,.F.);
#3772=ORIENTED_EDGE('',*,*,#2750,.T.);
#3773=ORIENTED_EDGE('',*,*,#2751,.T.);
#3774=ORIENTED_EDGE('',*,*,#2748,.F.);
#3775=ORIENTED_EDGE('',*,*,#2516,.F.);
#3776=ORIENTED_EDGE('',*,*,#2752,.T.);
#3777=ORIENTED_EDGE('',*,*,#2753,.T.);
#3778=ORIENTED_EDGE('',*,*,#2750,.F.);
#3779=ORIENTED_EDGE('',*,*,#2515,.F.);
#3780=ORIENTED_EDGE('',*,*,#2754,.T.);
#3781=ORIENTED_EDGE('',*,*,#2755,.T.);
#3782=ORIENTED_EDGE('',*,*,#2752,.F.);
#3783=ORIENTED_EDGE('',*,*,#2514,.F.);
#3784=ORIENTED_EDGE('',*,*,#2756,.T.);
#3785=ORIENTED_EDGE('',*,*,#2757,.T.);
#3786=ORIENTED_EDGE('',*,*,#2754,.F.);
#3787=ORIENTED_EDGE('',*,*,#2513,.F.);
#3788=ORIENTED_EDGE('',*,*,#2758,.T.);
#3789=ORIENTED_EDGE('',*,*,#2759,.T.);
#3790=ORIENTED_EDGE('',*,*,#2756,.F.);
#3791=ORIENTED_EDGE('',*,*,#2512,.F.);
#3792=ORIENTED_EDGE('',*,*,#2760,.T.);
#3793=ORIENTED_EDGE('',*,*,#2761,.T.);
#3794=ORIENTED_EDGE('',*,*,#2758,.F.);
#3795=ORIENTED_EDGE('',*,*,#2511,.F.);
#3796=ORIENTED_EDGE('',*,*,#2762,.T.);
#3797=ORIENTED_EDGE('',*,*,#2763,.T.);
#3798=ORIENTED_EDGE('',*,*,#2760,.F.);
#3799=ORIENTED_EDGE('',*,*,#2510,.F.);
#3800=ORIENTED_EDGE('',*,*,#2764,.T.);
#3801=ORIENTED_EDGE('',*,*,#2765,.T.);
#3802=ORIENTED_EDGE('',*,*,#2762,.F.);
#3803=ORIENTED_EDGE('',*,*,#2509,.F.);
#3804=ORIENTED_EDGE('',*,*,#2766,.T.);
#3805=ORIENTED_EDGE('',*,*,#2767,.T.);
#3806=ORIENTED_EDGE('',*,*,#2764,.F.);
#3807=ORIENTED_EDGE('',*,*,#2508,.F.);
#3808=ORIENTED_EDGE('',*,*,#2768,.T.);
#3809=ORIENTED_EDGE('',*,*,#2769,.T.);
#3810=ORIENTED_EDGE('',*,*,#2766,.F.);
#3811=ORIENTED_EDGE('',*,*,#2507,.F.);
#3812=ORIENTED_EDGE('',*,*,#2770,.T.);
#3813=ORIENTED_EDGE('',*,*,#2771,.T.);
#3814=ORIENTED_EDGE('',*,*,#2768,.F.);
#3815=ORIENTED_EDGE('',*,*,#2506,.F.);
#3816=ORIENTED_EDGE('',*,*,#2772,.T.);
#3817=ORIENTED_EDGE('',*,*,#2773,.T.);
#3818=ORIENTED_EDGE('',*,*,#2770,.F.);
#3819=ORIENTED_EDGE('',*,*,#2505,.F.);
#3820=ORIENTED_EDGE('',*,*,#2774,.T.);
#3821=ORIENTED_EDGE('',*,*,#2775,.T.);
#3822=ORIENTED_EDGE('',*,*,#2772,.F.);
#3823=ORIENTED_EDGE('',*,*,#2504,.F.);
#3824=ORIENTED_EDGE('',*,*,#2776,.T.);
#3825=ORIENTED_EDGE('',*,*,#2777,.T.);
#3826=ORIENTED_EDGE('',*,*,#2774,.F.);
#3827=ORIENTED_EDGE('',*,*,#2503,.F.);
#3828=ORIENTED_EDGE('',*,*,#2778,.T.);
#3829=ORIENTED_EDGE('',*,*,#2779,.T.);
#3830=ORIENTED_EDGE('',*,*,#2776,.F.);
#3831=ORIENTED_EDGE('',*,*,#2502,.F.);
#3832=ORIENTED_EDGE('',*,*,#2735,.T.);
#3833=ORIENTED_EDGE('',*,*,#2780,.T.);
#3834=ORIENTED_EDGE('',*,*,#2778,.F.);
#3835=ORIENTED_EDGE('',*,*,#2780,.F.);
#3836=ORIENTED_EDGE('',*,*,#2734,.F.);
#3837=ORIENTED_EDGE('',*,*,#2737,.F.);
#3838=ORIENTED_EDGE('',*,*,#2739,.F.);
#3839=ORIENTED_EDGE('',*,*,#2741,.F.);
#3840=ORIENTED_EDGE('',*,*,#2743,.F.);
#3841=ORIENTED_EDGE('',*,*,#2745,.F.);
#3842=ORIENTED_EDGE('',*,*,#2747,.F.);
#3843=ORIENTED_EDGE('',*,*,#2749,.F.);
#3844=ORIENTED_EDGE('',*,*,#2751,.F.);
#3845=ORIENTED_EDGE('',*,*,#2753,.F.);
#3846=ORIENTED_EDGE('',*,*,#2755,.F.);
#3847=ORIENTED_EDGE('',*,*,#2757,.F.);
#3848=ORIENTED_EDGE('',*,*,#2759,.F.);
#3849=ORIENTED_EDGE('',*,*,#2761,.F.);
#3850=ORIENTED_EDGE('',*,*,#2763,.F.);
#3851=ORIENTED_EDGE('',*,*,#2765,.F.);
#3852=ORIENTED_EDGE('',*,*,#2767,.F.);
#3853=ORIENTED_EDGE('',*,*,#2769,.F.);
#3854=ORIENTED_EDGE('',*,*,#2771,.F.);
#3855=ORIENTED_EDGE('',*,*,#2773,.F.);
#3856=ORIENTED_EDGE('',*,*,#2775,.F.);
#3857=ORIENTED_EDGE('',*,*,#2777,.F.);
#3858=ORIENTED_EDGE('',*,*,#2779,.F.);
#3859=ORIENTED_EDGE('',*,*,#2732,.F.);
#3860=ORIENTED_EDGE('',*,*,#2708,.F.);
#3861=ORIENTED_EDGE('',*,*,#2712,.F.);
#3862=ORIENTED_EDGE('',*,*,#2715,.F.);
#3863=ORIENTED_EDGE('',*,*,#2718,.F.);
#3864=ORIENTED_EDGE('',*,*,#2721,.F.);
#3865=ORIENTED_EDGE('',*,*,#2724,.F.);
#3866=ORIENTED_EDGE('',*,*,#2727,.F.);
#3867=ORIENTED_EDGE('',*,*,#2730,.F.);
#3868=ORIENTED_EDGE('',*,*,#2781,.F.);
#3869=ORIENTED_EDGE('',*,*,#2782,.T.);
#3870=ORIENTED_EDGE('',*,*,#2783,.T.);
#3871=ORIENTED_EDGE('',*,*,#2784,.F.);
#3872=ORIENTED_EDGE('',*,*,#2785,.F.);
#3873=ORIENTED_EDGE('',*,*,#2786,.T.);
#3874=ORIENTED_EDGE('',*,*,#2787,.T.);
#3875=ORIENTED_EDGE('',*,*,#2782,.F.);
#3876=ORIENTED_EDGE('',*,*,#2788,.F.);
#3877=ORIENTED_EDGE('',*,*,#2789,.T.);
#3878=ORIENTED_EDGE('',*,*,#2790,.T.);
#3879=ORIENTED_EDGE('',*,*,#2786,.F.);
#3880=ORIENTED_EDGE('',*,*,#2791,.F.);
#3881=ORIENTED_EDGE('',*,*,#2792,.T.);
#3882=ORIENTED_EDGE('',*,*,#2793,.T.);
#3883=ORIENTED_EDGE('',*,*,#2789,.F.);
#3884=ORIENTED_EDGE('',*,*,#2794,.F.);
#3885=ORIENTED_EDGE('',*,*,#2795,.T.);
#3886=ORIENTED_EDGE('',*,*,#2796,.T.);
#3887=ORIENTED_EDGE('',*,*,#2792,.F.);
#3888=ORIENTED_EDGE('',*,*,#2797,.F.);
#3889=ORIENTED_EDGE('',*,*,#2798,.T.);
#3890=ORIENTED_EDGE('',*,*,#2799,.T.);
#3891=ORIENTED_EDGE('',*,*,#2795,.F.);
#3892=ORIENTED_EDGE('',*,*,#2800,.F.);
#3893=ORIENTED_EDGE('',*,*,#2801,.T.);
#3894=ORIENTED_EDGE('',*,*,#2802,.T.);
#3895=ORIENTED_EDGE('',*,*,#2798,.F.);
#3896=ORIENTED_EDGE('',*,*,#2803,.F.);
#3897=ORIENTED_EDGE('',*,*,#2804,.T.);
#3898=ORIENTED_EDGE('',*,*,#2805,.T.);
#3899=ORIENTED_EDGE('',*,*,#2801,.F.);
#3900=ORIENTED_EDGE('',*,*,#2806,.F.);
#3901=ORIENTED_EDGE('',*,*,#2807,.T.);
#3902=ORIENTED_EDGE('',*,*,#2808,.T.);
#3903=ORIENTED_EDGE('',*,*,#2804,.F.);
#3904=ORIENTED_EDGE('',*,*,#2809,.F.);
#3905=ORIENTED_EDGE('',*,*,#2810,.T.);
#3906=ORIENTED_EDGE('',*,*,#2811,.T.);
#3907=ORIENTED_EDGE('',*,*,#2807,.F.);
#3908=ORIENTED_EDGE('',*,*,#2812,.F.);
#3909=ORIENTED_EDGE('',*,*,#2784,.T.);
#3910=ORIENTED_EDGE('',*,*,#2813,.T.);
#3911=ORIENTED_EDGE('',*,*,#2810,.F.);
#3912=ORIENTED_EDGE('',*,*,#2525,.F.);
#3913=ORIENTED_EDGE('',*,*,#2814,.T.);
#3914=ORIENTED_EDGE('',*,*,#2815,.T.);
#3915=ORIENTED_EDGE('',*,*,#2816,.F.);
#3916=ORIENTED_EDGE('',*,*,#2537,.F.);
#3917=ORIENTED_EDGE('',*,*,#2817,.T.);
#3918=ORIENTED_EDGE('',*,*,#2818,.T.);
#3919=ORIENTED_EDGE('',*,*,#2814,.F.);
#3920=ORIENTED_EDGE('',*,*,#2536,.F.);
#3921=ORIENTED_EDGE('',*,*,#2819,.T.);
#3922=ORIENTED_EDGE('',*,*,#2820,.T.);
#3923=ORIENTED_EDGE('',*,*,#2817,.F.);
#3924=ORIENTED_EDGE('',*,*,#2535,.F.);
#3925=ORIENTED_EDGE('',*,*,#2821,.T.);
#3926=ORIENTED_EDGE('',*,*,#2822,.T.);
#3927=ORIENTED_EDGE('',*,*,#2819,.F.);
#3928=ORIENTED_EDGE('',*,*,#2534,.F.);
#3929=ORIENTED_EDGE('',*,*,#2823,.T.);
#3930=ORIENTED_EDGE('',*,*,#2824,.T.);
#3931=ORIENTED_EDGE('',*,*,#2821,.F.);
#3932=ORIENTED_EDGE('',*,*,#2533,.F.);
#3933=ORIENTED_EDGE('',*,*,#2825,.T.);
#3934=ORIENTED_EDGE('',*,*,#2826,.T.);
#3935=ORIENTED_EDGE('',*,*,#2823,.F.);
#3936=ORIENTED_EDGE('',*,*,#2532,.F.);
#3937=ORIENTED_EDGE('',*,*,#2827,.T.);
#3938=ORIENTED_EDGE('',*,*,#2828,.T.);
#3939=ORIENTED_EDGE('',*,*,#2825,.F.);
#3940=ORIENTED_EDGE('',*,*,#2531,.F.);
#3941=ORIENTED_EDGE('',*,*,#2829,.T.);
#3942=ORIENTED_EDGE('',*,*,#2830,.T.);
#3943=ORIENTED_EDGE('',*,*,#2827,.F.);
#3944=ORIENTED_EDGE('',*,*,#2530,.F.);
#3945=ORIENTED_EDGE('',*,*,#2831,.T.);
#3946=ORIENTED_EDGE('',*,*,#2832,.T.);
#3947=ORIENTED_EDGE('',*,*,#2829,.F.);
#3948=ORIENTED_EDGE('',*,*,#2529,.F.);
#3949=ORIENTED_EDGE('',*,*,#2833,.T.);
#3950=ORIENTED_EDGE('',*,*,#2834,.T.);
#3951=ORIENTED_EDGE('',*,*,#2831,.F.);
#3952=ORIENTED_EDGE('',*,*,#2528,.F.);
#3953=ORIENTED_EDGE('',*,*,#2835,.T.);
#3954=ORIENTED_EDGE('',*,*,#2836,.T.);
#3955=ORIENTED_EDGE('',*,*,#2833,.F.);
#3956=ORIENTED_EDGE('',*,*,#2527,.F.);
#3957=ORIENTED_EDGE('',*,*,#2837,.T.);
#3958=ORIENTED_EDGE('',*,*,#2838,.T.);
#3959=ORIENTED_EDGE('',*,*,#2835,.F.);
#3960=ORIENTED_EDGE('',*,*,#2526,.F.);
#3961=ORIENTED_EDGE('',*,*,#2816,.T.);
#3962=ORIENTED_EDGE('',*,*,#2839,.T.);
#3963=ORIENTED_EDGE('',*,*,#2837,.F.);
#3964=ORIENTED_EDGE('',*,*,#2839,.F.);
#3965=ORIENTED_EDGE('',*,*,#2815,.F.);
#3966=ORIENTED_EDGE('',*,*,#2818,.F.);
#3967=ORIENTED_EDGE('',*,*,#2820,.F.);
#3968=ORIENTED_EDGE('',*,*,#2822,.F.);
#3969=ORIENTED_EDGE('',*,*,#2824,.F.);
#3970=ORIENTED_EDGE('',*,*,#2826,.F.);
#3971=ORIENTED_EDGE('',*,*,#2828,.F.);
#3972=ORIENTED_EDGE('',*,*,#2830,.F.);
#3973=ORIENTED_EDGE('',*,*,#2832,.F.);
#3974=ORIENTED_EDGE('',*,*,#2834,.F.);
#3975=ORIENTED_EDGE('',*,*,#2836,.F.);
#3976=ORIENTED_EDGE('',*,*,#2838,.F.);
#3977=ORIENTED_EDGE('',*,*,#2813,.F.);
#3978=ORIENTED_EDGE('',*,*,#2783,.F.);
#3979=ORIENTED_EDGE('',*,*,#2787,.F.);
#3980=ORIENTED_EDGE('',*,*,#2790,.F.);
#3981=ORIENTED_EDGE('',*,*,#2793,.F.);
#3982=ORIENTED_EDGE('',*,*,#2796,.F.);
#3983=ORIENTED_EDGE('',*,*,#2799,.F.);
#3984=ORIENTED_EDGE('',*,*,#2802,.F.);
#3985=ORIENTED_EDGE('',*,*,#2805,.F.);
#3986=ORIENTED_EDGE('',*,*,#2808,.F.);
#3987=ORIENTED_EDGE('',*,*,#2811,.F.);
#3988=ORIENTED_EDGE('',*,*,#2538,.F.);
#3989=ORIENTED_EDGE('',*,*,#2840,.T.);
#3990=ORIENTED_EDGE('',*,*,#2841,.T.);
#3991=ORIENTED_EDGE('',*,*,#2842,.F.);
#3992=ORIENTED_EDGE('',*,*,#2565,.F.);
#3993=ORIENTED_EDGE('',*,*,#2843,.T.);
#3994=ORIENTED_EDGE('',*,*,#2844,.T.);
#3995=ORIENTED_EDGE('',*,*,#2840,.F.);
#3996=ORIENTED_EDGE('',*,*,#2564,.F.);
#3997=ORIENTED_EDGE('',*,*,#2845,.T.);
#3998=ORIENTED_EDGE('',*,*,#2846,.T.);
#3999=ORIENTED_EDGE('',*,*,#2843,.F.);
#4000=ORIENTED_EDGE('',*,*,#2563,.F.);
#4001=ORIENTED_EDGE('',*,*,#2847,.T.);
#4002=ORIENTED_EDGE('',*,*,#2848,.T.);
#4003=ORIENTED_EDGE('',*,*,#2845,.F.);
#4004=ORIENTED_EDGE('',*,*,#2562,.F.);
#4005=ORIENTED_EDGE('',*,*,#2849,.T.);
#4006=ORIENTED_EDGE('',*,*,#2850,.T.);
#4007=ORIENTED_EDGE('',*,*,#2847,.F.);
#4008=ORIENTED_EDGE('',*,*,#2561,.F.);
#4009=ORIENTED_EDGE('',*,*,#2851,.T.);
#4010=ORIENTED_EDGE('',*,*,#2852,.T.);
#4011=ORIENTED_EDGE('',*,*,#2849,.F.);
#4012=ORIENTED_EDGE('',*,*,#2560,.F.);
#4013=ORIENTED_EDGE('',*,*,#2853,.T.);
#4014=ORIENTED_EDGE('',*,*,#2854,.T.);
#4015=ORIENTED_EDGE('',*,*,#2851,.F.);
#4016=ORIENTED_EDGE('',*,*,#2559,.F.);
#4017=ORIENTED_EDGE('',*,*,#2855,.T.);
#4018=ORIENTED_EDGE('',*,*,#2856,.T.);
#4019=ORIENTED_EDGE('',*,*,#2853,.F.);
#4020=ORIENTED_EDGE('',*,*,#2558,.F.);
#4021=ORIENTED_EDGE('',*,*,#2857,.T.);
#4022=ORIENTED_EDGE('',*,*,#2858,.T.);
#4023=ORIENTED_EDGE('',*,*,#2855,.F.);
#4024=ORIENTED_EDGE('',*,*,#2557,.F.);
#4025=ORIENTED_EDGE('',*,*,#2859,.T.);
#4026=ORIENTED_EDGE('',*,*,#2860,.T.);
#4027=ORIENTED_EDGE('',*,*,#2857,.F.);
#4028=ORIENTED_EDGE('',*,*,#2556,.F.);
#4029=ORIENTED_EDGE('',*,*,#2861,.T.);
#4030=ORIENTED_EDGE('',*,*,#2862,.T.);
#4031=ORIENTED_EDGE('',*,*,#2859,.F.);
#4032=ORIENTED_EDGE('',*,*,#2555,.F.);
#4033=ORIENTED_EDGE('',*,*,#2863,.T.);
#4034=ORIENTED_EDGE('',*,*,#2864,.T.);
#4035=ORIENTED_EDGE('',*,*,#2861,.F.);
#4036=ORIENTED_EDGE('',*,*,#2554,.F.);
#4037=ORIENTED_EDGE('',*,*,#2865,.T.);
#4038=ORIENTED_EDGE('',*,*,#2866,.T.);
#4039=ORIENTED_EDGE('',*,*,#2863,.F.);
#4040=ORIENTED_EDGE('',*,*,#2553,.F.);
#4041=ORIENTED_EDGE('',*,*,#2867,.T.);
#4042=ORIENTED_EDGE('',*,*,#2868,.T.);
#4043=ORIENTED_EDGE('',*,*,#2865,.F.);
#4044=ORIENTED_EDGE('',*,*,#2552,.F.);
#4045=ORIENTED_EDGE('',*,*,#2869,.T.);
#4046=ORIENTED_EDGE('',*,*,#2870,.T.);
#4047=ORIENTED_EDGE('',*,*,#2867,.F.);
#4048=ORIENTED_EDGE('',*,*,#2551,.F.);
#4049=ORIENTED_EDGE('',*,*,#2871,.T.);
#4050=ORIENTED_EDGE('',*,*,#2872,.T.);
#4051=ORIENTED_EDGE('',*,*,#2869,.F.);
#4052=ORIENTED_EDGE('',*,*,#2550,.F.);
#4053=ORIENTED_EDGE('',*,*,#2873,.T.);
#4054=ORIENTED_EDGE('',*,*,#2874,.T.);
#4055=ORIENTED_EDGE('',*,*,#2871,.F.);
#4056=ORIENTED_EDGE('',*,*,#2549,.F.);
#4057=ORIENTED_EDGE('',*,*,#2875,.T.);
#4058=ORIENTED_EDGE('',*,*,#2876,.T.);
#4059=ORIENTED_EDGE('',*,*,#2873,.F.);
#4060=ORIENTED_EDGE('',*,*,#2548,.F.);
#4061=ORIENTED_EDGE('',*,*,#2877,.T.);
#4062=ORIENTED_EDGE('',*,*,#2878,.T.);
#4063=ORIENTED_EDGE('',*,*,#2875,.F.);
#4064=ORIENTED_EDGE('',*,*,#2547,.F.);
#4065=ORIENTED_EDGE('',*,*,#2879,.T.);
#4066=ORIENTED_EDGE('',*,*,#2880,.T.);
#4067=ORIENTED_EDGE('',*,*,#2877,.F.);
#4068=ORIENTED_EDGE('',*,*,#2546,.F.);
#4069=ORIENTED_EDGE('',*,*,#2881,.T.);
#4070=ORIENTED_EDGE('',*,*,#2882,.T.);
#4071=ORIENTED_EDGE('',*,*,#2879,.F.);
#4072=ORIENTED_EDGE('',*,*,#2545,.F.);
#4073=ORIENTED_EDGE('',*,*,#2883,.T.);
#4074=ORIENTED_EDGE('',*,*,#2884,.T.);
#4075=ORIENTED_EDGE('',*,*,#2881,.F.);
#4076=ORIENTED_EDGE('',*,*,#2544,.F.);
#4077=ORIENTED_EDGE('',*,*,#2885,.T.);
#4078=ORIENTED_EDGE('',*,*,#2886,.T.);
#4079=ORIENTED_EDGE('',*,*,#2883,.F.);
#4080=ORIENTED_EDGE('',*,*,#2543,.F.);
#4081=ORIENTED_EDGE('',*,*,#2887,.T.);
#4082=ORIENTED_EDGE('',*,*,#2888,.T.);
#4083=ORIENTED_EDGE('',*,*,#2885,.F.);
#4084=ORIENTED_EDGE('',*,*,#2542,.F.);
#4085=ORIENTED_EDGE('',*,*,#2889,.T.);
#4086=ORIENTED_EDGE('',*,*,#2890,.T.);
#4087=ORIENTED_EDGE('',*,*,#2887,.F.);
#4088=ORIENTED_EDGE('',*,*,#2541,.F.);
#4089=ORIENTED_EDGE('',*,*,#2891,.T.);
#4090=ORIENTED_EDGE('',*,*,#2892,.T.);
#4091=ORIENTED_EDGE('',*,*,#2889,.F.);
#4092=ORIENTED_EDGE('',*,*,#2540,.F.);
#4093=ORIENTED_EDGE('',*,*,#2893,.T.);
#4094=ORIENTED_EDGE('',*,*,#2894,.T.);
#4095=ORIENTED_EDGE('',*,*,#2891,.F.);
#4096=ORIENTED_EDGE('',*,*,#2539,.F.);
#4097=ORIENTED_EDGE('',*,*,#2842,.T.);
#4098=ORIENTED_EDGE('',*,*,#2895,.T.);
#4099=ORIENTED_EDGE('',*,*,#2893,.F.);
#4100=ORIENTED_EDGE('',*,*,#2895,.F.);
#4101=ORIENTED_EDGE('',*,*,#2841,.F.);
#4102=ORIENTED_EDGE('',*,*,#2844,.F.);
#4103=ORIENTED_EDGE('',*,*,#2846,.F.);
#4104=ORIENTED_EDGE('',*,*,#2848,.F.);
#4105=ORIENTED_EDGE('',*,*,#2850,.F.);
#4106=ORIENTED_EDGE('',*,*,#2852,.F.);
#4107=ORIENTED_EDGE('',*,*,#2854,.F.);
#4108=ORIENTED_EDGE('',*,*,#2856,.F.);
#4109=ORIENTED_EDGE('',*,*,#2858,.F.);
#4110=ORIENTED_EDGE('',*,*,#2860,.F.);
#4111=ORIENTED_EDGE('',*,*,#2862,.F.);
#4112=ORIENTED_EDGE('',*,*,#2864,.F.);
#4113=ORIENTED_EDGE('',*,*,#2866,.F.);
#4114=ORIENTED_EDGE('',*,*,#2868,.F.);
#4115=ORIENTED_EDGE('',*,*,#2870,.F.);
#4116=ORIENTED_EDGE('',*,*,#2872,.F.);
#4117=ORIENTED_EDGE('',*,*,#2874,.F.);
#4118=ORIENTED_EDGE('',*,*,#2876,.F.);
#4119=ORIENTED_EDGE('',*,*,#2878,.F.);
#4120=ORIENTED_EDGE('',*,*,#2880,.F.);
#4121=ORIENTED_EDGE('',*,*,#2882,.F.);
#4122=ORIENTED_EDGE('',*,*,#2884,.F.);
#4123=ORIENTED_EDGE('',*,*,#2886,.F.);
#4124=ORIENTED_EDGE('',*,*,#2888,.F.);
#4125=ORIENTED_EDGE('',*,*,#2890,.F.);
#4126=ORIENTED_EDGE('',*,*,#2892,.F.);
#4127=ORIENTED_EDGE('',*,*,#2894,.F.);
#4128=ORIENTED_EDGE('',*,*,#2781,.T.);
#4129=ORIENTED_EDGE('',*,*,#2812,.T.);
#4130=ORIENTED_EDGE('',*,*,#2809,.T.);
#4131=ORIENTED_EDGE('',*,*,#2806,.T.);
#4132=ORIENTED_EDGE('',*,*,#2803,.T.);
#4133=ORIENTED_EDGE('',*,*,#2800,.T.);
#4134=ORIENTED_EDGE('',*,*,#2797,.T.);
#4135=ORIENTED_EDGE('',*,*,#2794,.T.);
#4136=ORIENTED_EDGE('',*,*,#2791,.T.);
#4137=ORIENTED_EDGE('',*,*,#2788,.T.);
#4138=ORIENTED_EDGE('',*,*,#2785,.T.);
#4139=ORIENTED_EDGE('',*,*,#2706,.T.);
#4140=ORIENTED_EDGE('',*,*,#2731,.T.);
#4141=ORIENTED_EDGE('',*,*,#2728,.T.);
#4142=ORIENTED_EDGE('',*,*,#2725,.T.);
#4143=ORIENTED_EDGE('',*,*,#2722,.T.);
#4144=ORIENTED_EDGE('',*,*,#2719,.T.);
#4145=ORIENTED_EDGE('',*,*,#2716,.T.);
#4146=ORIENTED_EDGE('',*,*,#2713,.T.);
#4147=ORIENTED_EDGE('',*,*,#2710,.T.);
#4148=ORIENTED_EDGE('',*,*,#2622,.T.);
#4149=ORIENTED_EDGE('',*,*,#2656,.T.);
#4150=ORIENTED_EDGE('',*,*,#2653,.T.);
#4151=ORIENTED_EDGE('',*,*,#2650,.T.);
#4152=ORIENTED_EDGE('',*,*,#2647,.T.);
#4153=ORIENTED_EDGE('',*,*,#2644,.T.);
#4154=ORIENTED_EDGE('',*,*,#2641,.T.);
#4155=ORIENTED_EDGE('',*,*,#2638,.T.);
#4156=ORIENTED_EDGE('',*,*,#2635,.T.);
#4157=ORIENTED_EDGE('',*,*,#2632,.T.);
#4158=ORIENTED_EDGE('',*,*,#2629,.T.);
#4159=ORIENTED_EDGE('',*,*,#2626,.T.);
#4160=ORIENTED_EDGE('',*,*,#2306,.T.);
#4161=ORIENTED_EDGE('',*,*,#2896,.T.);
#4162=ORIENTED_EDGE('',*,*,#2567,.T.);
#4163=ORIENTED_EDGE('',*,*,#2897,.T.);
#4164=ORIENTED_EDGE('',*,*,#2896,.F.);
#4165=ORIENTED_EDGE('',*,*,#2305,.F.);
#4166=ORIENTED_EDGE('',*,*,#2898,.F.);
#4167=ORIENTED_EDGE('',*,*,#2568,.F.);
#4168=ORIENTED_EDGE('',*,*,#2573,.T.);
#4169=ORIENTED_EDGE('',*,*,#2899,.T.);
#4170=ORIENTED_EDGE('',*,*,#2308,.T.);
#4171=ORIENTED_EDGE('',*,*,#2900,.T.);
#4172=ORIENTED_EDGE('',*,*,#2899,.F.);
#4173=ORIENTED_EDGE('',*,*,#2572,.T.);
#4174=ORIENTED_EDGE('',*,*,#2901,.F.);
#4175=ORIENTED_EDGE('',*,*,#2309,.T.);
#4176=ORIENTED_EDGE('',*,*,#2310,.T.);
#4177=ORIENTED_EDGE('',*,*,#2901,.T.);
#4178=ORIENTED_EDGE('',*,*,#2571,.T.);
#4179=ORIENTED_EDGE('',*,*,#2902,.T.);
#4180=ORIENTED_EDGE('',*,*,#2569,.T.);
#4181=ORIENTED_EDGE('',*,*,#2898,.T.);
#4182=ORIENTED_EDGE('',*,*,#2304,.T.);
#4183=ORIENTED_EDGE('',*,*,#2903,.T.);
#4184=ORIENTED_EDGE('',*,*,#2897,.F.);
#4185=ORIENTED_EDGE('',*,*,#2566,.F.);
#4186=ORIENTED_EDGE('',*,*,#2900,.F.);
#4187=ORIENTED_EDGE('',*,*,#2307,.F.);
#4188=ORIENTED_EDGE('',*,*,#2902,.F.);
#4189=ORIENTED_EDGE('',*,*,#2570,.F.);
#4190=ORIENTED_EDGE('',*,*,#2903,.F.);
#4191=ORIENTED_EDGE('',*,*,#2303,.F.);
#4192=ORIENTED_EDGE('',*,*,#2904,.T.);
#4193=ORIENTED_EDGE('',*,*,#2905,.T.);
#4194=ORIENTED_EDGE('',*,*,#2906,.F.);
#4195=ORIENTED_EDGE('',*,*,#2905,.F.);
#4196=ORIENTED_EDGE('',*,*,#2904,.F.);
#4197=ORIENTED_EDGE('',*,*,#2907,.T.);
#4198=ORIENTED_EDGE('',*,*,#2908,.T.);
#4199=ORIENTED_EDGE('',*,*,#2909,.F.);
#4200=ORIENTED_EDGE('',*,*,#2908,.F.);
#4201=ORIENTED_EDGE('',*,*,#2907,.F.);
#4202=ORIENTED_EDGE('',*,*,#2322,.T.);
#4203=ORIENTED_EDGE('',*,*,#2299,.F.);
#4204=ORIENTED_EDGE('',*,*,#2910,.T.);
#4205=ORIENTED_EDGE('',*,*,#2280,.T.);
#4206=ORIENTED_EDGE('',*,*,#2911,.T.);
#4207=ORIENTED_EDGE('',*,*,#2912,.T.);
#4208=ORIENTED_EDGE('',*,*,#2913,.T.);
#4209=ORIENTED_EDGE('',*,*,#2914,.T.);
#4210=ORIENTED_EDGE('',*,*,#2913,.F.);
#4211=ORIENTED_EDGE('',*,*,#2915,.T.);
#4212=ORIENTED_EDGE('',*,*,#2281,.F.);
#4213=ORIENTED_EDGE('',*,*,#2910,.F.);
#4214=ORIENTED_EDGE('',*,*,#2298,.F.);
#4215=ORIENTED_EDGE('',*,*,#2916,.T.);
#4216=ORIENTED_EDGE('',*,*,#2917,.F.);
#4217=ORIENTED_EDGE('',*,*,#2918,.F.);
#4218=ORIENTED_EDGE('',*,*,#2919,.F.);
#4219=ORIENTED_EDGE('',*,*,#2920,.F.);
#4220=ORIENTED_EDGE('',*,*,#2914,.F.);
#4221=ORIENTED_EDGE('',*,*,#2921,.F.);
#4222=ORIENTED_EDGE('',*,*,#2922,.T.);
#4223=ORIENTED_EDGE('',*,*,#2911,.F.);
#4224=ORIENTED_EDGE('',*,*,#2912,.F.);
#4225=ORIENTED_EDGE('',*,*,#2922,.F.);
#4226=ORIENTED_EDGE('',*,*,#2923,.T.);
#4227=ORIENTED_EDGE('',*,*,#2924,.T.);
#4228=ORIENTED_EDGE('',*,*,#2925,.T.);
#4229=ORIENTED_EDGE('',*,*,#2918,.T.);
#4230=ORIENTED_EDGE('',*,*,#2925,.F.);
#4231=ORIENTED_EDGE('',*,*,#2926,.F.);
#4232=ORIENTED_EDGE('',*,*,#2927,.T.);
#4233=ORIENTED_EDGE('',*,*,#2923,.F.);
#4234=ORIENTED_EDGE('',*,*,#2924,.F.);
#4235=ORIENTED_EDGE('',*,*,#2927,.F.);
#4236=ORIENTED_EDGE('',*,*,#2928,.T.);
#4237=ORIENTED_EDGE('',*,*,#2929,.T.);
#4238=ORIENTED_EDGE('',*,*,#2930,.T.);
#4239=ORIENTED_EDGE('',*,*,#2920,.T.);
#4240=ORIENTED_EDGE('',*,*,#2930,.F.);
#4241=ORIENTED_EDGE('',*,*,#2931,.F.);
#4242=ORIENTED_EDGE('',*,*,#2932,.T.);
#4243=ORIENTED_EDGE('',*,*,#2928,.F.);
#4244=ORIENTED_EDGE('',*,*,#2929,.F.);
#4245=ORIENTED_EDGE('',*,*,#2932,.F.);
#4246=ORIENTED_EDGE('',*,*,#2933,.T.);
#4247=ORIENTED_EDGE('',*,*,#2934,.T.);
#4248=ORIENTED_EDGE('',*,*,#2935,.T.);
#4249=ORIENTED_EDGE('',*,*,#2919,.T.);
#4250=ORIENTED_EDGE('',*,*,#2935,.F.);
#4251=ORIENTED_EDGE('',*,*,#2936,.F.);
#4252=ORIENTED_EDGE('',*,*,#2937,.T.);
#4253=ORIENTED_EDGE('',*,*,#2933,.F.);
#4254=ORIENTED_EDGE('',*,*,#2934,.F.);
#4255=ORIENTED_EDGE('',*,*,#2937,.F.);
#4256=ORIENTED_EDGE('',*,*,#2414,.F.);
#4257=ORIENTED_EDGE('',*,*,#2938,.T.);
#4258=ORIENTED_EDGE('',*,*,#2939,.T.);
#4259=ORIENTED_EDGE('',*,*,#2938,.F.);
#4260=ORIENTED_EDGE('',*,*,#2939,.F.);
#4261=ORIENTED_EDGE('',*,*,#2940,.F.);
#4262=ORIENTED_EDGE('',*,*,#2415,.F.);
#4263=ORIENTED_EDGE('',*,*,#2941,.T.);
#4264=ORIENTED_EDGE('',*,*,#2942,.T.);
#4265=ORIENTED_EDGE('',*,*,#2941,.F.);
#4266=ORIENTED_EDGE('',*,*,#2942,.F.);
#4267=ORIENTED_EDGE('',*,*,#2943,.F.);
#4268=ORIENTED_EDGE('',*,*,#2944,.F.);
#4269=ORIENTED_EDGE('',*,*,#2945,.T.);
#4270=ORIENTED_EDGE('',*,*,#2943,.T.);
#4271=ORIENTED_EDGE('',*,*,#2945,.F.);
#4272=ORIENTED_EDGE('',*,*,#2946,.F.);
#4273=ORIENTED_EDGE('',*,*,#2947,.T.);
#4274=ORIENTED_EDGE('',*,*,#2940,.T.);
#4275=ORIENTED_EDGE('',*,*,#2947,.F.);
#4276=ORIENTED_EDGE('',*,*,#2915,.F.);
#4277=ORIENTED_EDGE('',*,*,#2948,.T.);
#4278=ORIENTED_EDGE('',*,*,#2617,.T.);
#4279=ORIENTED_EDGE('',*,*,#2282,.T.);
#4280=ORIENTED_EDGE('',*,*,#2948,.F.);
#4281=ORIENTED_EDGE('',*,*,#2917,.T.);
#4282=ORIENTED_EDGE('',*,*,#2949,.F.);
#4283=ORIENTED_EDGE('',*,*,#2618,.F.);
#4284=ORIENTED_EDGE('',*,*,#2579,.T.);
#4285=ORIENTED_EDGE('',*,*,#2577,.T.);
#4286=ORIENTED_EDGE('',*,*,#2575,.T.);
#4287=ORIENTED_EDGE('',*,*,#2580,.T.);
#4288=ORIENTED_EDGE('',*,*,#2385,.T.);
#4289=ORIENTED_EDGE('',*,*,#2388,.T.);
#4290=ORIENTED_EDGE('',*,*,#2390,.T.);
#4291=ORIENTED_EDGE('',*,*,#2392,.T.);
#4292=ORIENTED_EDGE('',*,*,#2916,.F.);
#4293=ORIENTED_EDGE('',*,*,#2297,.T.);
#4294=ORIENTED_EDGE('',*,*,#2619,.T.);
#4295=ORIENTED_EDGE('',*,*,#2949,.T.);
#4296=ORIENTED_EDGE('',*,*,#2936,.T.);
#4297=ORIENTED_EDGE('',*,*,#2909,.T.);
#4298=ORIENTED_EDGE('',*,*,#2921,.T.);
#4299=ORIENTED_EDGE('',*,*,#2944,.T.);
#4300=ORIENTED_EDGE('',*,*,#2926,.T.);
#4301=ORIENTED_EDGE('',*,*,#2946,.T.);
#4302=ORIENTED_EDGE('',*,*,#2931,.T.);
#4303=ORIENTED_EDGE('',*,*,#2906,.T.);
#4304=CYLINDRICAL_SURFACE('',#4609,3.);
#4305=CYLINDRICAL_SURFACE('',#4615,3.);
#4306=CYLINDRICAL_SURFACE('',#4617,3.);
#4307=CYLINDRICAL_SURFACE('',#4627,3.);
#4308=CYLINDRICAL_SURFACE('',#4632,1.);
#4309=CYLINDRICAL_SURFACE('',#4634,1.);
#4310=CYLINDRICAL_SURFACE('',#4646,1.);
#4311=CYLINDRICAL_SURFACE('',#4655,1.);
#4312=CYLINDRICAL_SURFACE('',#4661,1.);
#4313=CYLINDRICAL_SURFACE('',#4667,1.);
#4314=CYLINDRICAL_SURFACE('',#4673,1.);
#4315=CYLINDRICAL_SURFACE('',#4675,1.);
#4316=CYLINDRICAL_SURFACE('',#4678,1.);
#4317=CYLINDRICAL_SURFACE('',#4690,1.);
#4318=CYLINDRICAL_SURFACE('',#4692,1.);
#4319=CYLINDRICAL_SURFACE('',#4694,2.);
#4320=CYLINDRICAL_SURFACE('',#4697,2.);
#4321=CYLINDRICAL_SURFACE('',#4700,2.);
#4322=CYLINDRICAL_SURFACE('',#4703,2.);
#4323=CYLINDRICAL_SURFACE('',#4705,2.);
#4324=CYLINDRICAL_SURFACE('',#4709,2.);
#4325=CYLINDRICAL_SURFACE('',#4712,2.);
#4326=CYLINDRICAL_SURFACE('',#4715,1.);
#4327=CYLINDRICAL_SURFACE('',#4722,1.);
#4328=CYLINDRICAL_SURFACE('',#4723,1.);
#4329=CYLINDRICAL_SURFACE('',#4724,1.);
#4330=CYLINDRICAL_SURFACE('',#4738,1.);
#4331=CYLINDRICAL_SURFACE('',#4741,1.);
#4332=CYLINDRICAL_SURFACE('',#4743,1.);
#4333=CYLINDRICAL_SURFACE('',#4747,1.);
#4334=CYLINDRICAL_SURFACE('',#4804,1.);
#4335=CYLINDRICAL_SURFACE('',#4806,1.);
#4336=CYLINDRICAL_SURFACE('',#4808,1.);
#4337=CYLINDRICAL_SURFACE('',#4809,1.);
#4338=CYLINDRICAL_SURFACE('',#4832,4.);
#4339=CYLINDRICAL_SURFACE('',#4838,4.);
#4340=CYLINDRICAL_SURFACE('',#4844,4.);
#4341=CYLINDRICAL_SURFACE('',#4850,4.);
#4342=CYLINDRICAL_SURFACE('',#4852,3.);
#4343=CYLINDRICAL_SURFACE('',#4856,3.);
#4344=CYLINDRICAL_SURFACE('',#4860,1.6);
#4345=CYLINDRICAL_SURFACE('',#4862,1.6);
#4346=CYLINDRICAL_SURFACE('',#4864,1.);
#4347=CYLINDRICAL_SURFACE('',#4866,1.);
#4348=ADVANCED_FACE('',(#429),#4304,.T.);
#4349=ADVANCED_FACE('',(#430),#325,.T.);
#4350=ADVANCED_FACE('',(#431),#326,.F.);
#4351=ADVANCED_FACE('',(#432),#4305,.F.);
#4352=ADVANCED_FACE('',(#433),#4306,.T.);
#4353=ADVANCED_FACE('',(#434,#302),#327,.T.);
#4354=ADVANCED_FACE('',(#435),#328,.T.);
#4355=ADVANCED_FACE('',(#436),#4307,.F.);
#4356=ADVANCED_FACE('',(#437),#329,.F.);
#4357=ADVANCED_FACE('',(#438),#4308,.T.);
#4358=ADVANCED_FACE('',(#439),#4309,.T.);
#4359=ADVANCED_FACE('',(#440),#330,.F.);
#4360=ADVANCED_FACE('',(#441),#331,.F.);
#4361=ADVANCED_FACE('',(#442),#332,.F.);
#4362=ADVANCED_FACE('',(#443),#333,.T.);
#4363=ADVANCED_FACE('',(#444),#334,.T.);
#4364=ADVANCED_FACE('',(#445),#335,.F.);
#4365=ADVANCED_FACE('',(#446),#336,.T.);
#4366=ADVANCED_FACE('',(#447),#337,.F.);
#4367=ADVANCED_FACE('',(#448),#4310,.T.);
#4368=ADVANCED_FACE('',(#449),#338,.T.);
#4369=ADVANCED_FACE('',(#450),#294,.T.);
#4370=ADVANCED_FACE('',(#451),#4311,.T.);
#4371=ADVANCED_FACE('',(#452),#295,.T.);
#4372=ADVANCED_FACE('',(#453),#4312,.T.);
#4373=ADVANCED_FACE('',(#454),#296,.T.);
#4374=ADVANCED_FACE('',(#455),#4313,.T.);
#4375=ADVANCED_FACE('',(#456),#297,.T.);
#4376=ADVANCED_FACE('',(#457),#4314,.T.);
#4377=ADVANCED_FACE('',(#458),#339,.F.);
#4378=ADVANCED_FACE('',(#459),#4315,.F.);
#4379=ADVANCED_FACE('',(#460),#340,.F.);
#4380=ADVANCED_FACE('',(#461),#4316,.F.);
#4381=ADVANCED_FACE('',(#462,#303),#341,.F.);
#4382=ADVANCED_FACE('',(#463,#304,#305),#342,.F.);
#4383=ADVANCED_FACE('',(#464),#4317,.T.);
#4384=ADVANCED_FACE('',(#465),#4318,.T.);
#4385=ADVANCED_FACE('',(#466),#4319,.F.);
#4386=ADVANCED_FACE('',(#467),#4320,.F.);
#4387=ADVANCED_FACE('',(#468),#343,.F.);
#4388=ADVANCED_FACE('',(#469),#4321,.F.);
#4389=ADVANCED_FACE('',(#470),#4322,.F.);
#4390=ADVANCED_FACE('',(#471),#4323,.F.);
#4391=ADVANCED_FACE('',(#472),#344,.F.);
#4392=ADVANCED_FACE('',(#473),#345,.F.);
#4393=ADVANCED_FACE('',(#474),#4324,.F.);
#4394=ADVANCED_FACE('',(#475),#4325,.F.);
#4395=ADVANCED_FACE('',(#476),#346,.F.);
#4396=ADVANCED_FACE('',(#477),#4326,.T.);
#4397=ADVANCED_FACE('',(#478),#347,.F.);
#4398=ADVANCED_FACE('',(#479),#348,.F.);
#4399=ADVANCED_FACE('',(#480),#4327,.T.);
#4400=ADVANCED_FACE('',(#481),#4328,.T.);
#4401=ADVANCED_FACE('',(#482),#4329,.T.);
#4402=ADVANCED_FACE('',(#483),#349,.F.);
#4403=ADVANCED_FACE('',(#484),#350,.F.);
#4404=ADVANCED_FACE('',(#485),#351,.F.);
#4405=ADVANCED_FACE('',(#486),#352,.F.);
#4406=ADVANCED_FACE('',(#487),#353,.T.);
#4407=ADVANCED_FACE('',(#488),#354,.T.);
#4408=ADVANCED_FACE('',(#489),#355,.T.);
#4409=ADVANCED_FACE('',(#490,#306,#307,#308,#309,#310),#356,.F.);
#4410=ADVANCED_FACE('',(#491),#357,.F.);
#4411=ADVANCED_FACE('',(#492),#4330,.F.);
#4412=ADVANCED_FACE('',(#493),#358,.F.);
#4413=ADVANCED_FACE('',(#494),#4331,.F.);
#4414=ADVANCED_FACE('',(#495),#4332,.T.);
#4415=ADVANCED_FACE('',(#496),#359,.F.);
#4416=ADVANCED_FACE('',(#497),#360,.T.);
#4417=ADVANCED_FACE('',(#498),#4333,.T.);
#4418=ADVANCED_FACE('',(#499),#361,.F.);
#4419=ADVANCED_FACE('',(#500),#362,.T.);
#4420=ADVANCED_FACE('',(#501),#363,.F.);
#4421=ADVANCED_FACE('',(#502),#364,.F.);
#4422=ADVANCED_FACE('',(#503),#365,.F.);
#4423=ADVANCED_FACE('',(#504),#366,.F.);
#4424=ADVANCED_FACE('',(#505),#367,.T.);
#4425=ADVANCED_FACE('',(#506),#368,.F.);
#4426=ADVANCED_FACE('',(#507),#369,.F.);
#4427=ADVANCED_FACE('',(#508),#370,.T.);
#4428=ADVANCED_FACE('',(#509),#371,.F.);
#4429=ADVANCED_FACE('',(#510),#372,.F.);
#4430=ADVANCED_FACE('',(#511),#373,.F.);
#4431=ADVANCED_FACE('',(#512),#374,.F.);
#4432=ADVANCED_FACE('',(#513),#17,.F.);
#4433=ADVANCED_FACE('',(#514),#18,.F.);
#4434=ADVANCED_FACE('',(#515),#19,.F.);
#4435=ADVANCED_FACE('',(#516),#20,.F.);
#4436=ADVANCED_FACE('',(#517),#21,.F.);
#4437=ADVANCED_FACE('',(#518),#375,.F.);
#4438=ADVANCED_FACE('',(#519),#22,.F.);
#4439=ADVANCED_FACE('',(#520),#23,.F.);
#4440=ADVANCED_FACE('',(#521),#376,.F.);
#4441=ADVANCED_FACE('',(#522),#24,.F.);
#4442=ADVANCED_FACE('',(#523),#25,.F.);
#4443=ADVANCED_FACE('',(#524),#377,.F.);
#4444=ADVANCED_FACE('',(#525),#26,.F.);
#4445=ADVANCED_FACE('',(#526),#27,.F.);
#4446=ADVANCED_FACE('',(#527),#28,.F.);
#4447=ADVANCED_FACE('',(#528),#378,.F.);
#4448=ADVANCED_FACE('',(#529),#29,.F.);
#4449=ADVANCED_FACE('',(#530),#30,.F.);
#4450=ADVANCED_FACE('',(#531),#379,.F.);
#4451=ADVANCED_FACE('',(#532),#31,.F.);
#4452=ADVANCED_FACE('',(#533),#32,.F.);
#4453=ADVANCED_FACE('',(#534),#380,.F.);
#4454=ADVANCED_FACE('',(#535),#33,.F.);
#4455=ADVANCED_FACE('',(#536),#34,.F.);
#4456=ADVANCED_FACE('',(#537),#35,.F.);
#4457=ADVANCED_FACE('',(#538),#381,.F.);
#4458=ADVANCED_FACE('',(#539),#36,.F.);
#4459=ADVANCED_FACE('',(#540),#37,.F.);
#4460=ADVANCED_FACE('',(#541),#382,.F.);
#4461=ADVANCED_FACE('',(#542),#38,.F.);
#4462=ADVANCED_FACE('',(#543),#383,.F.);
#4463=ADVANCED_FACE('',(#544),#39,.F.);
#4464=ADVANCED_FACE('',(#545),#384,.F.);
#4465=ADVANCED_FACE('',(#546),#40,.F.);
#4466=ADVANCED_FACE('',(#547),#41,.F.);
#4467=ADVANCED_FACE('',(#548),#385,.F.);
#4468=ADVANCED_FACE('',(#549,#311),#386,.T.);
#4469=ADVANCED_FACE('',(#550),#42,.F.);
#4470=ADVANCED_FACE('',(#551),#43,.F.);
#4471=ADVANCED_FACE('',(#552),#44,.F.);
#4472=ADVANCED_FACE('',(#553),#45,.F.);
#4473=ADVANCED_FACE('',(#554),#387,.F.);
#4474=ADVANCED_FACE('',(#555),#46,.F.);
#4475=ADVANCED_FACE('',(#556),#388,.F.);
#4476=ADVANCED_FACE('',(#557),#47,.F.);
#4477=ADVANCED_FACE('',(#558),#389,.F.);
#4478=ADVANCED_FACE('',(#559),#48,.F.);
#4479=ADVANCED_FACE('',(#560),#49,.F.);
#4480=ADVANCED_FACE('',(#561),#50,.F.);
#4481=ADVANCED_FACE('',(#562),#390,.F.);
#4482=ADVANCED_FACE('',(#563),#51,.F.);
#4483=ADVANCED_FACE('',(#564),#52,.F.);
#4484=ADVANCED_FACE('',(#565),#391,.F.);
#4485=ADVANCED_FACE('',(#566),#53,.F.);
#4486=ADVANCED_FACE('',(#567),#54,.F.);
#4487=ADVANCED_FACE('',(#568),#392,.F.);
#4488=ADVANCED_FACE('',(#569),#55,.F.);
#4489=ADVANCED_FACE('',(#570),#56,.F.);
#4490=ADVANCED_FACE('',(#571),#393,.F.);
#4491=ADVANCED_FACE('',(#572),#57,.F.);
#4492=ADVANCED_FACE('',(#573),#394,.F.);
#4493=ADVANCED_FACE('',(#574),#58,.F.);
#4494=ADVANCED_FACE('',(#575),#395,.F.);
#4495=ADVANCED_FACE('',(#576),#59,.F.);
#4496=ADVANCED_FACE('',(#577),#60,.F.);
#4497=ADVANCED_FACE('',(#578),#396,.F.);
#4498=ADVANCED_FACE('',(#579),#61,.F.);
#4499=ADVANCED_FACE('',(#580),#62,.F.);
#4500=ADVANCED_FACE('',(#581),#63,.F.);
#4501=ADVANCED_FACE('',(#582),#397,.F.);
#4502=ADVANCED_FACE('',(#583,#312),#398,.T.);
#4503=ADVANCED_FACE('',(#584),#64,.F.);
#4504=ADVANCED_FACE('',(#585),#399,.F.);
#4505=ADVANCED_FACE('',(#586),#65,.F.);
#4506=ADVANCED_FACE('',(#587),#66,.F.);
#4507=ADVANCED_FACE('',(#588),#67,.F.);
#4508=ADVANCED_FACE('',(#589),#68,.F.);
#4509=ADVANCED_FACE('',(#590),#69,.F.);
#4510=ADVANCED_FACE('',(#591),#70,.F.);
#4511=ADVANCED_FACE('',(#592),#400,.F.);
#4512=ADVANCED_FACE('',(#593),#71,.F.);
#4513=ADVANCED_FACE('',(#594),#401,.F.);
#4514=ADVANCED_FACE('',(#595),#72,.F.);
#4515=ADVANCED_FACE('',(#596),#73,.F.);
#4516=ADVANCED_FACE('',(#597),#74,.F.);
#4517=ADVANCED_FACE('',(#598),#75,.F.);
#4518=ADVANCED_FACE('',(#599),#76,.F.);
#4519=ADVANCED_FACE('',(#600),#77,.F.);
#4520=ADVANCED_FACE('',(#601),#402,.F.);
#4521=ADVANCED_FACE('',(#602),#78,.F.);
#4522=ADVANCED_FACE('',(#603),#79,.F.);
#4523=ADVANCED_FACE('',(#604),#403,.F.);
#4524=ADVANCED_FACE('',(#605),#80,.F.);
#4525=ADVANCED_FACE('',(#606),#81,.F.);
#4526=ADVANCED_FACE('',(#607),#404,.F.);
#4527=ADVANCED_FACE('',(#608,#313),#405,.T.);
#4528=ADVANCED_FACE('',(#609),#82,.F.);
#4529=ADVANCED_FACE('',(#610),#83,.F.);
#4530=ADVANCED_FACE('',(#611),#406,.F.);
#4531=ADVANCED_FACE('',(#612),#84,.F.);
#4532=ADVANCED_FACE('',(#613),#407,.F.);
#4533=ADVANCED_FACE('',(#614),#85,.F.);
#4534=ADVANCED_FACE('',(#615),#86,.F.);
#4535=ADVANCED_FACE('',(#616),#87,.F.);
#4536=ADVANCED_FACE('',(#617),#88,.F.);
#4537=ADVANCED_FACE('',(#618),#89,.F.);
#4538=ADVANCED_FACE('',(#619),#90,.F.);
#4539=ADVANCED_FACE('',(#620),#91,.F.);
#4540=ADVANCED_FACE('',(#621),#92,.F.);
#4541=ADVANCED_FACE('',(#622),#408,.F.);
#4542=ADVANCED_FACE('',(#623),#93,.F.);
#4543=ADVANCED_FACE('',(#624),#409,.F.);
#4544=ADVANCED_FACE('',(#625),#94,.F.);
#4545=ADVANCED_FACE('',(#626),#95,.F.);
#4546=ADVANCED_FACE('',(#627),#96,.F.);
#4547=ADVANCED_FACE('',(#628),#97,.F.);
#4548=ADVANCED_FACE('',(#629),#98,.F.);
#4549=ADVANCED_FACE('',(#630),#99,.F.);
#4550=ADVANCED_FACE('',(#631),#100,.F.);
#4551=ADVANCED_FACE('',(#632),#101,.F.);
#4552=ADVANCED_FACE('',(#633),#102,.F.);
#4553=ADVANCED_FACE('',(#634),#103,.F.);
#4554=ADVANCED_FACE('',(#635),#104,.F.);
#4555=ADVANCED_FACE('',(#636),#105,.F.);
#4556=ADVANCED_FACE('',(#637),#410,.T.);
#4557=ADVANCED_FACE('',(#638),#411,.F.);
#4558=ADVANCED_FACE('',(#639),#412,.F.);
#4559=ADVANCED_FACE('',(#640),#413,.F.);
#4560=ADVANCED_FACE('',(#641),#4334,.F.);
#4561=ADVANCED_FACE('',(#642),#414,.F.);
#4562=ADVANCED_FACE('',(#643),#4335,.F.);
#4563=ADVANCED_FACE('',(#644),#415,.T.);
#4564=ADVANCED_FACE('',(#645),#4336,.F.);
#4565=ADVANCED_FACE('',(#646),#4337,.F.);
#4566=ADVANCED_FACE('',(#647),#416,.T.);
#4567=ADVANCED_FACE('',(#648),#417,.T.);
#4568=ADVANCED_FACE('',(#649),#15,.F.);
#4569=ADVANCED_FACE('',(#650),#418,.T.);
#4570=ADVANCED_FACE('',(#651),#16,.F.);
#4571=ADVANCED_FACE('',(#652),#419,.T.);
#4572=ADVANCED_FACE('',(#653),#420,.T.);
#4573=ADVANCED_FACE('',(#654),#298,.F.);
#4574=ADVANCED_FACE('',(#655,#314,#315,#316,#317),#421,.F.);
#4575=ADVANCED_FACE('',(#656),#4338,.T.);
#4576=ADVANCED_FACE('',(#657),#299,.F.);
#4577=ADVANCED_FACE('',(#658),#4339,.T.);
#4578=ADVANCED_FACE('',(#659),#300,.F.);
#4579=ADVANCED_FACE('',(#660),#4340,.T.);
#4580=ADVANCED_FACE('',(#661),#301,.F.);
#4581=ADVANCED_FACE('',(#662),#4341,.T.);
#4582=ADVANCED_FACE('',(#663),#4342,.F.);
#4583=ADVANCED_FACE('',(#664,#318),#422,.F.);
#4584=ADVANCED_FACE('',(#665),#4343,.F.);
#4585=ADVANCED_FACE('',(#666,#319),#423,.F.);
#4586=ADVANCED_FACE('',(#667),#4344,.F.);
#4587=ADVANCED_FACE('',(#668),#4345,.F.);
#4588=ADVANCED_FACE('',(#669),#4346,.F.);
#4589=ADVANCED_FACE('',(#670,#320),#424,.T.);
#4590=ADVANCED_FACE('',(#671),#4347,.F.);
#4591=ADVANCED_FACE('',(#672,#321),#425,.T.);
#4592=ADVANCED_FACE('',(#673,#322),#426,.T.);
#4593=ADVANCED_FACE('',(#674,#323),#427,.T.);
#4594=ADVANCED_FACE('',(#675,#324),#428,.T.);
#4595=CLOSED_SHELL('',(#4348,#4349,#4350,#4351,#4352,#4353,#4354,#4355,
#4356,#4357,#4358,#4359,#4360,#4361,#4362,#4363,#4364,#4365,#4366,#4367,
#4368,#4369,#4370,#4371,#4372,#4373,#4374,#4375,#4376,#4377,#4378,#4379,
#4380,#4381,#4382,#4383,#4384,#4385,#4386,#4387,#4388,#4389,#4390,#4391,
#4392,#4393,#4394,#4395,#4396,#4397,#4398,#4399,#4400,#4401,#4402,#4403,
#4404,#4405,#4406,#4407,#4408,#4409,#4410,#4411,#4412,#4413,#4414,#4415,
#4416,#4417,#4418,#4419,#4420,#4421,#4422,#4423,#4424,#4425,#4426,#4427,
#4428,#4429,#4430,#4431,#4432,#4433,#4434,#4435,#4436,#4437,#4438,#4439,
#4440,#4441,#4442,#4443,#4444,#4445,#4446,#4447,#4448,#4449,#4450,#4451,
#4452,#4453,#4454,#4455,#4456,#4457,#4458,#4459,#4460,#4461,#4462,#4463,
#4464,#4465,#4466,#4467,#4468,#4469,#4470,#4471,#4472,#4473,#4474,#4475,
#4476,#4477,#4478,#4479,#4480,#4481,#4482,#4483,#4484,#4485,#4486,#4487,
#4488,#4489,#4490,#4491,#4492,#4493,#4494,#4495,#4496,#4497,#4498,#4499,
#4500,#4501,#4502,#4503,#4504,#4505,#4506,#4507,#4508,#4509,#4510,#4511,
#4512,#4513,#4514,#4515,#4516,#4517,#4518,#4519,#4520,#4521,#4522,#4523,
#4524,#4525,#4526,#4527,#4528,#4529,#4530,#4531,#4532,#4533,#4534,#4535,
#4536,#4537,#4538,#4539,#4540,#4541,#4542,#4543,#4544,#4545,#4546,#4547,
#4548,#4549,#4550,#4551,#4552,#4553,#4554,#4555,#4556,#4557,#4558,#4559,
#4560,#4561,#4562,#4563,#4564,#4565,#4566,#4567,#4568,#4569,#4570,#4571,
#4572,#4573,#4574,#4575,#4576,#4577,#4578,#4579,#4580,#4581,#4582,#4583,
#4584,#4585,#4586,#4587,#4588,#4589,#4590,#4591,#4592,#4593,#4594));
#4596=DERIVED_UNIT_ELEMENT(#4598,1.);
#4597=DERIVED_UNIT_ELEMENT(#8738,-3.);
#4598=(
MASS_UNIT()
NAMED_UNIT(*)
SI_UNIT(.KILO.,.GRAM.)
);
#4599=DERIVED_UNIT((#4596,#4597));
#4600=MEASURE_REPRESENTATION_ITEM('density measure',
POSITIVE_RATIO_MEASURE(7850.),#4599);
#4601=PROPERTY_DEFINITION_REPRESENTATION(#4606,#4603);
#4602=PROPERTY_DEFINITION_REPRESENTATION(#4607,#4604);
#4603=REPRESENTATION('material name',(#4605),#8735);
#4604=REPRESENTATION('density',(#4600),#8735);
#4605=DESCRIPTIVE_REPRESENTATION_ITEM('\X2\92FC\X0\','\X2\92FC\X0\');
#4606=PROPERTY_DEFINITION('material property','material name',#8745);
#4607=PROPERTY_DEFINITION('material property','density of part',#8745);
#4608=AXIS2_PLACEMENT_3D('',#5788,#4871,#4872);
#4609=AXIS2_PLACEMENT_3D('',#5789,#4873,#4874);
#4610=AXIS2_PLACEMENT_3D('',#5792,#4875,#4876);
#4611=AXIS2_PLACEMENT_3D('',#5796,#4878,#4879);
#4612=AXIS2_PLACEMENT_3D('',#5798,#4881,#4882);
#4613=AXIS2_PLACEMENT_3D('',#5802,#4884,#4885);
#4614=AXIS2_PLACEMENT_3D('',#5814,#4892,#4893);
#4615=AXIS2_PLACEMENT_3D('',#5818,#4896,#4897);
#4616=AXIS2_PLACEMENT_3D('',#5820,#4898,#4899);
#4617=AXIS2_PLACEMENT_3D('',#5822,#4901,#4902);
#4618=AXIS2_PLACEMENT_3D('',#5825,#4903,#4904);
#4619=AXIS2_PLACEMENT_3D('',#5829,#4906,#4907);
#4620=AXIS2_PLACEMENT_3D('',#5831,#4909,#4910);
#4621=AXIS2_PLACEMENT_3D('',#5849,#4919,#4920);
#4622=AXIS2_PLACEMENT_3D('',#5855,#4923,#4924);
#4623=AXIS2_PLACEMENT_3D('',#5859,#4926,#4927);
#4624=AXIS2_PLACEMENT_3D('',#5863,#4929,#4930);
#4625=AXIS2_PLACEMENT_3D('',#5866,#4932,#4933);
#4626=AXIS2_PLACEMENT_3D('',#5867,#4934,#4935);
#4627=AXIS2_PLACEMENT_3D('',#5873,#4939,#4940);
#4628=AXIS2_PLACEMENT_3D('',#5877,#4942,#4943);
#4629=AXIS2_PLACEMENT_3D('',#5879,#4945,#4946);
#4630=AXIS2_PLACEMENT_3D('',#5883,#4948,#4949);
#4631=AXIS2_PLACEMENT_3D('',#5887,#4951,#4952);
#4632=AXIS2_PLACEMENT_3D('',#5890,#4955,#4956);
#4633=AXIS2_PLACEMENT_3D('',#5894,#4958,#4959);
#4634=AXIS2_PLACEMENT_3D('',#5896,#4961,#4962);
#4635=AXIS2_PLACEMENT_3D('',#5900,#4964,#4965);
#4636=AXIS2_PLACEMENT_3D('',#5902,#4967,#4968);
#4637=AXIS2_PLACEMENT_3D('',#5904,#4970,#4971);
#4638=AXIS2_PLACEMENT_3D('',#5906,#4973,#4974);
#4639=AXIS2_PLACEMENT_3D('',#5916,#4980,#4981);
#4640=AXIS2_PLACEMENT_3D('',#5918,#4983,#4984);
#4641=AXIS2_PLACEMENT_3D('',#5927,#4989,#4990);
#4642=AXIS2_PLACEMENT_3D('',#5931,#4992,#4993);
#4643=AXIS2_PLACEMENT_3D('',#5933,#4995,#4996);
#4644=AXIS2_PLACEMENT_3D('',#5937,#4999,#5000);
#4645=AXIS2_PLACEMENT_3D('',#5940,#5002,#5003);
#4646=AXIS2_PLACEMENT_3D('',#5941,#5004,#5005);
#4647=AXIS2_PLACEMENT_3D('',#5943,#5007,#5008);
#4648=AXIS2_PLACEMENT_3D('',#5947,#5010,#5011);
#4649=AXIS2_PLACEMENT_3D('',#5963,#5019,#5020);
#4650=AXIS2_PLACEMENT_3D('',#5965,#5022,#5023);
#4651=AXIS2_PLACEMENT_3D('',#5968,#5024,#5025);
#4652=AXIS2_PLACEMENT_3D('',#5970,#5026,#5027);
#4653=AXIS2_PLACEMENT_3D('',#5972,#5028,#5029);
#4654=AXIS2_PLACEMENT_3D('',#5973,#5030,#5031);
#4655=AXIS2_PLACEMENT_3D('',#5974,#5032,#5033);
#4656=AXIS2_PLACEMENT_3D('',#5977,#5034,#5035);
#4657=AXIS2_PLACEMENT_3D('',#5980,#5038,#5039);
#4658=AXIS2_PLACEMENT_3D('',#5983,#5040,#5041);
#4659=AXIS2_PLACEMENT_3D('',#5984,#5042,#5043);
#4660=AXIS2_PLACEMENT_3D('',#5985,#5044,#5045);
#4661=AXIS2_PLACEMENT_3D('',#5986,#5046,#5047);
#4662=AXIS2_PLACEMENT_3D('',#5989,#5048,#5049);
#4663=AXIS2_PLACEMENT_3D('',#5992,#5052,#5053);
#4664=AXIS2_PLACEMENT_3D('',#5995,#5054,#5055);
#4665=AXIS2_PLACEMENT_3D('',#5996,#5056,#5057);
#4666=AXIS2_PLACEMENT_3D('',#5997,#5058,#5059);
#4667=AXIS2_PLACEMENT_3D('',#5998,#5060,#5061);
#4668=AXIS2_PLACEMENT_3D('',#6001,#5062,#5063);
#4669=AXIS2_PLACEMENT_3D('',#6004,#5066,#5067);
#4670=AXIS2_PLACEMENT_3D('',#6007,#5068,#5069);
#4671=AXIS2_PLACEMENT_3D('',#6008,#5070,#5071);
#4672=AXIS2_PLACEMENT_3D('',#6009,#5072,#5073);
#4673=AXIS2_PLACEMENT_3D('',#6010,#5074,#5075);
#4674=AXIS2_PLACEMENT_3D('',#6013,#5078,#5079);
#4675=AXIS2_PLACEMENT_3D('',#6019,#5083,#5084);
#4676=AXIS2_PLACEMENT_3D('',#6022,#5086,#5087);
#4677=AXIS2_PLACEMENT_3D('',#6023,#5088,#5089);
#4678=AXIS2_PLACEMENT_3D('',#6027,#5092,#5093);
#4679=AXIS2_PLACEMENT_3D('',#6030,#5095,#5096);
#4680=AXIS2_PLACEMENT_3D('',#6031,#5097,#5098);
#4681=AXIS2_PLACEMENT_3D('',#6048,#5106,#5107);
#4682=AXIS2_PLACEMENT_3D('',#6052,#5109,#5110);
#4683=AXIS2_PLACEMENT_3D('',#6060,#5114,#5115);
#4684=AXIS2_PLACEMENT_3D('',#6064,#5117,#5118);
#4685=AXIS2_PLACEMENT_3D('',#6068,#5121,#5122);
#4686=AXIS2_PLACEMENT_3D('',#6069,#5123,#5124);
#4687=AXIS2_PLACEMENT_3D('',#6071,#5125,#5126);
#4688=AXIS2_PLACEMENT_3D('',#6074,#5128,#5129);
#4689=AXIS2_PLACEMENT_3D('',#6076,#5130,#5131);
#4690=AXIS2_PLACEMENT_3D('',#6077,#5132,#5133);
#4691=AXIS2_PLACEMENT_3D('',#6079,#5134,#5135);
#4692=AXIS2_PLACEMENT_3D('',#6081,#5137,#5138);
#4693=AXIS2_PLACEMENT_3D('',#6082,#5139,#5140);
#4694=AXIS2_PLACEMENT_3D('',#6083,#5141,#5142);
#4695=AXIS2_PLACEMENT_3D('',#6085,#5143,#5144);
#4696=AXIS2_PLACEMENT_3D('',#6088,#5146,#5147);
#4697=AXIS2_PLACEMENT_3D('',#6089,#5148,#5149);
#4698=AXIS2_PLACEMENT_3D('',#6093,#5151,#5152);
#4699=AXIS2_PLACEMENT_3D('',#6095,#5154,#5155);
#4700=AXIS2_PLACEMENT_3D('',#6099,#5158,#5159);
#4701=AXIS2_PLACEMENT_3D('',#6103,#5161,#5162);
#4702=AXIS2_PLACEMENT_3D('',#6106,#5164,#5165);
#4703=AXIS2_PLACEMENT_3D('',#6107,#5166,#5167);
#4704=AXIS2_PLACEMENT_3D('',#6110,#5169,#5170);
#4705=AXIS2_PLACEMENT_3D('',#6111,#5171,#5172);
#4706=AXIS2_PLACEMENT_3D('',#6115,#5174,#5175);
#4707=AXIS2_PLACEMENT_3D('',#6117,#5177,#5178);
#4708=AXIS2_PLACEMENT_3D('',#6121,#5181,#5182);
#4709=AXIS2_PLACEMENT_3D('',#6125,#5185,#5186);
#4710=AXIS2_PLACEMENT_3D('',#6129,#5188,#5189);
#4711=AXIS2_PLACEMENT_3D('',#6132,#5191,#5192);
#4712=AXIS2_PLACEMENT_3D('',#6133,#5193,#5194);
#4713=AXIS2_PLACEMENT_3D('',#6136,#5196,#5197);
#4714=AXIS2_PLACEMENT_3D('',#6137,#5198,#5199);
#4715=AXIS2_PLACEMENT_3D('',#6141,#5202,#5203);
#4716=AXIS2_PLACEMENT_3D('',#6143,#5204,#5205);
#4717=AXIS2_PLACEMENT_3D('',#6145,#5207,#5208);
#4718=AXIS2_PLACEMENT_3D('',#6148,#5210,#5211);
#4719=AXIS2_PLACEMENT_3D('',#6151,#5213,#5214);
#4720=AXIS2_PLACEMENT_3D('',#6154,#5216,#5217);
#4721=AXIS2_PLACEMENT_3D('',#6164,#5223,#5224);
#4722=AXIS2_PLACEMENT_3D('',#6166,#5226,#5227);
#4723=AXIS2_PLACEMENT_3D('',#6167,#5228,#5229);
#4724=AXIS2_PLACEMENT_3D('',#6169,#5231,#5232);
#4725=AXIS2_PLACEMENT_3D('',#6171,#5234,#5235);
#4726=AXIS2_PLACEMENT_3D('',#6172,#5236,#5237);
#4727=AXIS2_PLACEMENT_3D('',#6173,#5238,#5239);
#4728=AXIS2_PLACEMENT_3D('',#6179,#5243,#5244);
#4729=AXIS2_PLACEMENT_3D('',#6190,#5251,#5252);
#4730=AXIS2_PLACEMENT_3D('',#6192,#5254,#5255);
#4731=AXIS2_PLACEMENT_3D('',#6196,#5258,#5259);
#4732=AXIS2_PLACEMENT_3D('',#6198,#5261,#5262);
#4733=AXIS2_PLACEMENT_3D('',#6645,#5287,#5288);
#4734=AXIS2_PLACEMENT_3D('',#6649,#5290,#5291);
#4735=AXIS2_PLACEMENT_3D('',#6653,#5293,#5294);
#4736=AXIS2_PLACEMENT_3D('',#6656,#5296,#5297);
#4737=AXIS2_PLACEMENT_3D('',#6657,#5298,#5299);
#4738=AXIS2_PLACEMENT_3D('',#6663,#5303,#5304);
#4739=AXIS2_PLACEMENT_3D('',#6665,#5305,#5306);
#4740=AXIS2_PLACEMENT_3D('',#6667,#5308,#5309);
#4741=AXIS2_PLACEMENT_3D('',#6669,#5311,#5312);
#4742=AXIS2_PLACEMENT_3D('',#6670,#5313,#5314);
#4743=AXIS2_PLACEMENT_3D('',#6671,#5315,#5316);
#4744=AXIS2_PLACEMENT_3D('',#6674,#5317,#5318);
#4745=AXIS2_PLACEMENT_3D('',#6677,#5321,#5322);
#4746=AXIS2_PLACEMENT_3D('',#6681,#5325,#5326);
#4747=AXIS2_PLACEMENT_3D('',#6685,#5329,#5330);
#4748=AXIS2_PLACEMENT_3D('',#6689,#5332,#5333);
#4749=AXIS2_PLACEMENT_3D('',#6691,#5335,#5336);
#4750=AXIS2_PLACEMENT_3D('',#6695,#5339,#5340);
#4751=AXIS2_PLACEMENT_3D('',#6699,#5343,#5344);
#4752=AXIS2_PLACEMENT_3D('',#6708,#5349,#5350);
#4753=AXIS2_PLACEMENT_3D('',#6712,#5353,#5354);
#4754=AXIS2_PLACEMENT_3D('',#6718,#5358,#5359);
#4755=AXIS2_PLACEMENT_3D('',#6724,#5363,#5364);
#4756=AXIS2_PLACEMENT_3D('',#6730,#5369,#5370);
#4757=AXIS2_PLACEMENT_3D('',#6732,#5372,#5373);
#4758=AXIS2_PLACEMENT_3D('',#6733,#5374,#5375);
#4759=AXIS2_PLACEMENT_3D('',#6740,#5380,#5381);
#4760=AXIS2_PLACEMENT_3D('',#6743,#5383,#5384);
#4761=AXIS2_PLACEMENT_3D('',#6746,#5386,#5387);
#4762=AXIS2_PLACEMENT_3D('',#6747,#5388,#5389);
#4763=AXIS2_PLACEMENT_3D('',#6749,#5391,#5392);
#4764=AXIS2_PLACEMENT_3D('',#6751,#5394,#5395);
#4765=AXIS2_PLACEMENT_3D('',#6870,#5402,#5403);
#4766=AXIS2_PLACEMENT_3D('',#6922,#5409,#5410);
#4767=AXIS2_PLACEMENT_3D('',#6974,#5416,#5417);
#4768=AXIS2_PLACEMENT_3D('',#7030,#5424,#5425);
#4769=AXIS2_PLACEMENT_3D('',#7068,#5430,#5431);
#4770=AXIS2_PLACEMENT_3D('',#7106,#5436,#5437);
#4771=AXIS2_PLACEMENT_3D('',#7161,#5443,#5444);
#4772=AXIS2_PLACEMENT_3D('',#7199,#5449,#5450);
#4773=AXIS2_PLACEMENT_3D('',#7220,#5454,#5455);
#4774=AXIS2_PLACEMENT_3D('',#7241,#5459,#5460);
#4775=AXIS2_PLACEMENT_3D('',#7279,#5465,#5466);
#4776=AXIS2_PLACEMENT_3D('',#7281,#5468,#5469);
#4777=AXIS2_PLACEMENT_3D('',#7377,#5475,#5476);
#4778=AXIS2_PLACEMENT_3D('',#7406,#5481,#5482);
#4779=AXIS2_PLACEMENT_3D('',#7435,#5487,#5488);
#4780=AXIS2_PLACEMENT_3D('',#7491,#5495,#5496);
#4781=AXIS2_PLACEMENT_3D('',#7529,#5501,#5502);
#4782=AXIS2_PLACEMENT_3D('',#7567,#5507,#5508);
#4783=AXIS2_PLACEMENT_3D('',#7605,#5513,#5514);
#4784=AXIS2_PLACEMENT_3D('',#7626,#5518,#5519);
#4785=AXIS2_PLACEMENT_3D('',#7647,#5523,#5524);
#4786=AXIS2_PLACEMENT_3D('',#7685,#5529,#5530);
#4787=AXIS2_PLACEMENT_3D('',#7740,#5536,#5537);
#4788=AXIS2_PLACEMENT_3D('',#7742,#5539,#5540);
#4789=AXIS2_PLACEMENT_3D('',#7769,#5543,#5544);
#4790=AXIS2_PLACEMENT_3D('',#7913,#5554,#5555);
#4791=AXIS2_PLACEMENT_3D('',#7942,#5560,#5561);
#4792=AXIS2_PLACEMENT_3D('',#8049,#5571,#5572);
#4793=AXIS2_PLACEMENT_3D('',#8087,#5577,#5578);
#4794=AXIS2_PLACEMENT_3D('',#8125,#5583,#5584);
#4795=AXIS2_PLACEMENT_3D('',#8127,#5586,#5587);
#4796=AXIS2_PLACEMENT_3D('',#8164,#5591,#5592);
#4797=AXIS2_PLACEMENT_3D('',#8185,#5596,#5597);
#4798=AXIS2_PLACEMENT_3D('',#8329,#5607,#5608);
#4799=AXIS2_PLACEMENT_3D('',#8354,#5611,#5612);
#4800=AXIS2_PLACEMENT_3D('',#8560,#5626,#5627);
#4801=AXIS2_PLACEMENT_3D('',#8561,#5628,#5629);
#4802=AXIS2_PLACEMENT_3D('',#8562,#5630,#5631);
#4803=AXIS2_PLACEMENT_3D('',#8563,#5632,#5633);
#4804=AXIS2_PLACEMENT_3D('',#8564,#5634,#5635);
#4805=AXIS2_PLACEMENT_3D('',#8567,#5638,#5639);
#4806=AXIS2_PLACEMENT_3D('',#8569,#5641,#5642);
#4807=AXIS2_PLACEMENT_3D('',#8572,#5645,#5646);
#4808=AXIS2_PLACEMENT_3D('',#8574,#5648,#5649);
#4809=AXIS2_PLACEMENT_3D('',#8576,#5651,#5652);
#4810=AXIS2_PLACEMENT_3D('',#8578,#5654,#5655);
#4811=AXIS2_PLACEMENT_3D('',#8579,#5656,#5657);
#4812=AXIS2_PLACEMENT_3D('',#8608,#5658,#5659);
#4813=AXIS2_PLACEMENT_3D('',#8610,#5660,#5661);
#4814=AXIS2_PLACEMENT_3D('',#8611,#5662,#5663);
#4815=AXIS2_PLACEMENT_3D('',#8612,#5664,#5665);
#4816=AXIS2_PLACEMENT_3D('',#8641,#5666,#5667);
#4817=AXIS2_PLACEMENT_3D('',#8643,#5668,#5669);
#4818=AXIS2_PLACEMENT_3D('',#8644,#5670,#5671);
#4819=AXIS2_PLACEMENT_3D('',#8645,#5672,#5673);
#4820=AXIS2_PLACEMENT_3D('',#8646,#5674,#5675);
#4821=AXIS2_PLACEMENT_3D('',#8648,#5677,#5678);
#4822=AXIS2_PLACEMENT_3D('',#8651,#5679,#5680);
#4823=AXIS2_PLACEMENT_3D('',#8652,#5681,#5682);
#4824=AXIS2_PLACEMENT_3D('',#8654,#5683,#5684);
#4825=AXIS2_PLACEMENT_3D('',#8655,#5685,#5686);
#4826=AXIS2_PLACEMENT_3D('',#8656,#5687,#5688);
#4827=AXIS2_PLACEMENT_3D('',#8658,#5689,#5690);
#4828=AXIS2_PLACEMENT_3D('',#8660,#5691,#5692);
#4829=AXIS2_PLACEMENT_3D('',#8663,#5694,#5695);
#4830=AXIS2_PLACEMENT_3D('',#8665,#5696,#5697);
#4831=AXIS2_PLACEMENT_3D('',#8667,#5698,#5699);
#4832=AXIS2_PLACEMENT_3D('',#8668,#5700,#5701);
#4833=AXIS2_PLACEMENT_3D('',#8670,#5702,#5703);
#4834=AXIS2_PLACEMENT_3D('',#8672,#5705,#5706);
#4835=AXIS2_PLACEMENT_3D('',#8675,#5707,#5708);
#4836=AXIS2_PLACEMENT_3D('',#8676,#5709,#5710);
#4837=AXIS2_PLACEMENT_3D('',#8677,#5711,#5712);
#4838=AXIS2_PLACEMENT_3D('',#8678,#5713,#5714);
#4839=AXIS2_PLACEMENT_3D('',#8680,#5715,#5716);
#4840=AXIS2_PLACEMENT_3D('',#8682,#5718,#5719);
#4841=AXIS2_PLACEMENT_3D('',#8685,#5720,#5721);
#4842=AXIS2_PLACEMENT_3D('',#8686,#5722,#5723);
#4843=AXIS2_PLACEMENT_3D('',#8687,#5724,#5725);
#4844=AXIS2_PLACEMENT_3D('',#8688,#5726,#5727);
#4845=AXIS2_PLACEMENT_3D('',#8690,#5728,#5729);
#4846=AXIS2_PLACEMENT_3D('',#8692,#5731,#5732);
#4847=AXIS2_PLACEMENT_3D('',#8695,#5733,#5734);
#4848=AXIS2_PLACEMENT_3D('',#8696,#5735,#5736);
#4849=AXIS2_PLACEMENT_3D('',#8697,#5737,#5738);
#4850=AXIS2_PLACEMENT_3D('',#8698,#5739,#5740);
#4851=AXIS2_PLACEMENT_3D('',#8700,#5741,#5742);
#4852=AXIS2_PLACEMENT_3D('',#8702,#5744,#5745);
#4853=AXIS2_PLACEMENT_3D('',#8705,#5747,#5748);
#4854=AXIS2_PLACEMENT_3D('',#8706,#5749,#5750);
#4855=AXIS2_PLACEMENT_3D('',#8708,#5751,#5752);
#4856=AXIS2_PLACEMENT_3D('',#8709,#5753,#5754);
#4857=AXIS2_PLACEMENT_3D('',#8712,#5756,#5757);
#4858=AXIS2_PLACEMENT_3D('',#8713,#5758,#5759);
#4859=AXIS2_PLACEMENT_3D('',#8715,#5760,#5761);
#4860=AXIS2_PLACEMENT_3D('',#8716,#5762,#5763);
#4861=AXIS2_PLACEMENT_3D('',#8718,#5764,#5765);
#4862=AXIS2_PLACEMENT_3D('',#8720,#5767,#5768);
#4863=AXIS2_PLACEMENT_3D('',#8722,#5769,#5770);
#4864=AXIS2_PLACEMENT_3D('',#8724,#5772,#5773);
#4865=AXIS2_PLACEMENT_3D('',#8726,#5775,#5776);
#4866=AXIS2_PLACEMENT_3D('',#8728,#5778,#5779);
#4867=AXIS2_PLACEMENT_3D('',#8729,#5780,#5781);
#4868=AXIS2_PLACEMENT_3D('',#8730,#5782,#5783);
#4869=AXIS2_PLACEMENT_3D('',#8731,#5784,#5785);
#4870=AXIS2_PLACEMENT_3D('',#8732,#5786,#5787);
#4871=DIRECTION('axis',(0.,0.,1.));
#4872=DIRECTION('refdir',(1.,0.,0.));
#4873=DIRECTION('center_axis',(1.,0.,0.));
#4874=DIRECTION('ref_axis',(0.,-0.534749312884531,0.845010752812958));
#4875=DIRECTION('center_axis',(-1.,0.,0.));
#4876=DIRECTION('ref_axis',(0.,-0.534749312884531,0.845010752812958));
#4877=DIRECTION('',(-1.,0.,0.));
#4878=DIRECTION('center_axis',(1.,0.,0.));
#4879=DIRECTION('ref_axis',(0.,-0.534749312884531,0.845010752812958));
#4880=DIRECTION('',(1.,0.,0.));
#4881=DIRECTION('center_axis',(1.,0.,0.));
#4882=DIRECTION('ref_axis',(0.,0.,1.));
#4883=DIRECTION('',(0.,-0.428086344739045,-0.903737838893539));
#4884=DIRECTION('center_axis',(1.,0.,0.));
#4885=DIRECTION('ref_axis',(0.,0.534749312884531,-0.845010752812958));
#4886=DIRECTION('',(0.,-1.,0.));
#4887=DIRECTION('',(0.,0.,1.));
#4888=DIRECTION('',(0.,1.,0.));
#4889=DIRECTION('',(0.,0.,-1.));
#4890=DIRECTION('',(0.,1.,0.));
#4891=DIRECTION('',(0.,1.,0.));
#4892=DIRECTION('center_axis',(0.,0.903737838893539,-0.428086344739045));
#4893=DIRECTION('ref_axis',(0.,-0.428086344739045,-0.903737838893539));
#4894=DIRECTION('',(0.,0.428086344739045,0.903737838893539));
#4895=DIRECTION('',(-1.,0.,0.));
#4896=DIRECTION('center_axis',(-1.,0.,0.));
#4897=DIRECTION('ref_axis',(0.,0.534749312884531,-0.845010752812958));
#4898=DIRECTION('center_axis',(-1.,0.,0.));
#4899=DIRECTION('ref_axis',(0.,0.534749312884531,-0.845010752812958));
#4900=DIRECTION('',(1.,0.,0.));
#4901=DIRECTION('center_axis',(1.,0.,0.));
#4902=DIRECTION('ref_axis',(0.,-0.534749312884531,0.845010752812958));
#4903=DIRECTION('center_axis',(-1.,0.,0.));
#4904=DIRECTION('ref_axis',(0.,-0.534749312884531,0.845010752812958));
#4905=DIRECTION('',(-1.,0.,0.));
#4906=DIRECTION('center_axis',(1.,0.,0.));
#4907=DIRECTION('ref_axis',(0.,-0.534749312884531,0.845010752812958));
#4908=DIRECTION('',(1.,0.,0.));
#4909=DIRECTION('center_axis',(-1.,0.,0.));
#4910=DIRECTION('ref_axis',(0.,0.,-1.));
#4911=DIRECTION('',(0.,-1.,0.));
#4912=DIRECTION('',(0.,-1.,0.));
#4913=DIRECTION('',(0.,-1.,0.));
#4914=DIRECTION('',(0.,-1.,0.));
#4915=DIRECTION('',(0.,0.,1.));
#4916=DIRECTION('',(0.,-1.,0.));
#4917=DIRECTION('',(0.,0.,1.));
#4918=DIRECTION('',(0.,1.,0.));
#4919=DIRECTION('center_axis',(-1.,0.,0.));
#4920=DIRECTION('ref_axis',(0.,0.534749312884531,-0.845010752812958));
#4921=DIRECTION('',(0.,0.428086344739045,0.903737838893539));
#4922=DIRECTION('',(0.,0.,-1.));
#4923=DIRECTION('center_axis',(-1.,0.,0.));
#4924=DIRECTION('ref_axis',(0.,-0.707106781186546,-0.707106781186549));
#4925=DIRECTION('',(0.,1.,0.));
#4926=DIRECTION('center_axis',(-1.,0.,0.));
#4927=DIRECTION('ref_axis',(0.,0.707106781186546,-0.707106781186549));
#4928=DIRECTION('',(0.,0.,1.));
#4929=DIRECTION('center_axis',(-1.,0.,0.));
#4930=DIRECTION('ref_axis',(0.,0.707106781186546,0.707106781186549));
#4931=DIRECTION('',(0.,1.,0.));
#4932=DIRECTION('center_axis',(-1.,0.,0.));
#4933=DIRECTION('ref_axis',(0.,-0.707106781186546,0.707106781186549));
#4934=DIRECTION('center_axis',(0.,0.,1.));
#4935=DIRECTION('ref_axis',(1.,0.,0.));
#4936=DIRECTION('',(0.,1.,0.));
#4937=DIRECTION('',(0.,1.,0.));
#4938=DIRECTION('',(-1.,0.,0.));
#4939=DIRECTION('center_axis',(-1.,0.,0.));
#4940=DIRECTION('ref_axis',(0.,0.534749312884531,-0.845010752812958));
#4941=DIRECTION('',(1.,0.,0.));
#4942=DIRECTION('center_axis',(1.,0.,0.));
#4943=DIRECTION('ref_axis',(0.,0.534749312884531,-0.845010752812958));
#4944=DIRECTION('',(-1.,0.,0.));
#4945=DIRECTION('center_axis',(0.,0.,-1.));
#4946=DIRECTION('ref_axis',(0.,-1.,0.));
#4947=DIRECTION('',(0.,1.,0.));
#4948=DIRECTION('center_axis',(0.,0.,-1.));
#4949=DIRECTION('ref_axis',(-0.707106781186546,-0.707106781186549,0.));
#4950=DIRECTION('',(-1.,0.,0.));
#4951=DIRECTION('center_axis',(0.,0.,-1.));
#4952=DIRECTION('ref_axis',(0.707106781186554,-0.707106781186541,0.));
#4953=DIRECTION('',(0.,-1.,0.));
#4954=DIRECTION('',(1.,0.,0.));
#4955=DIRECTION('center_axis',(0.,0.,1.));
#4956=DIRECTION('ref_axis',(0.707106781186554,-0.707106781186541,0.));
#4957=DIRECTION('',(0.,0.,-1.));
#4958=DIRECTION('center_axis',(0.,0.,1.));
#4959=DIRECTION('ref_axis',(0.707106781186554,-0.707106781186541,0.));
#4960=DIRECTION('',(0.,0.,1.));
#4961=DIRECTION('center_axis',(0.,0.,1.));
#4962=DIRECTION('ref_axis',(-0.707106781186546,-0.707106781186549,0.));
#4963=DIRECTION('',(0.,0.,-1.));
#4964=DIRECTION('center_axis',(0.,0.,1.));
#4965=DIRECTION('ref_axis',(-0.707106781186546,-0.707106781186549,0.));
#4966=DIRECTION('',(0.,0.,1.));
#4967=DIRECTION('center_axis',(0.,1.,0.));
#4968=DIRECTION('ref_axis',(0.,0.,-1.));
#4969=DIRECTION('',(-1.,0.,0.));
#4970=DIRECTION('center_axis',(0.,0.903737838893539,-0.428086344739045));
#4971=DIRECTION('ref_axis',(0.,-0.428086344739045,-0.903737838893539));
#4972=DIRECTION('',(0.,-0.428086344739045,-0.903737838893539));
#4973=DIRECTION('center_axis',(1.,0.,0.));
#4974=DIRECTION('ref_axis',(0.,0.,-1.));
#4975=DIRECTION('',(0.,-1.,0.));
#4976=DIRECTION('',(0.,0.,-1.));
#4977=DIRECTION('',(0.,1.,0.));
#4978=DIRECTION('',(0.,0.,1.));
#4979=DIRECTION('',(0.,1.,0.));
#4980=DIRECTION('center_axis',(0.,0.,1.));
#4981=DIRECTION('ref_axis',(1.,0.,0.));
#4982=DIRECTION('',(-1.,0.,0.));
#4983=DIRECTION('center_axis',(0.,1.,0.));
#4984=DIRECTION('ref_axis',(0.,0.,1.));
#4985=DIRECTION('',(0.,0.,1.));
#4986=DIRECTION('',(-1.,0.,0.));
#4987=DIRECTION('',(0.,0.,-1.));
#4988=DIRECTION('',(-1.,0.,0.));
#4989=DIRECTION('center_axis',(-1.,0.,0.));
#4990=DIRECTION('ref_axis',(0.,0.,-1.));
#4991=DIRECTION('',(0.,1.,0.));
#4992=DIRECTION('center_axis',(-1.,0.,0.));
#4993=DIRECTION('ref_axis',(0.,-0.707106781186544,0.707106781186551));
#4994=DIRECTION('',(0.,-1.,0.));
#4995=DIRECTION('center_axis',(0.,0.,1.));
#4996=DIRECTION('ref_axis',(0.,-1.,0.));
#4997=DIRECTION('',(0.,-1.,0.));
#4998=DIRECTION('',(-1.,0.,0.));
#4999=DIRECTION('center_axis',(1.,0.,0.));
#5000=DIRECTION('ref_axis',(0.,0.,1.));
#5001=DIRECTION('',(0.,1.,0.));
#5002=DIRECTION('center_axis',(1.,0.,0.));
#5003=DIRECTION('ref_axis',(0.,-0.707106781186544,0.707106781186551));
#5004=DIRECTION('center_axis',(1.,0.,0.));
#5005=DIRECTION('ref_axis',(0.,-0.707106781186544,0.707106781186551));
#5006=DIRECTION('',(1.,0.,0.));
#5007=DIRECTION('center_axis',(0.,0.,1.));
#5008=DIRECTION('ref_axis',(0.,1.,0.));
#5009=DIRECTION('',(1.,0.,0.));
#5010=DIRECTION('center_axis',(0.,0.,-1.));
#5011=DIRECTION('ref_axis',(-0.707106781186541,-0.707106781186554,0.));
#5012=DIRECTION('',(0.,1.,0.));
#5013=DIRECTION('',(1.,0.,0.));
#5014=DIRECTION('',(0.,1.,0.));
#5015=DIRECTION('',(-1.,0.,0.));
#5016=DIRECTION('',(0.,-1.,0.));
#5017=DIRECTION('',(1.,0.,0.));
#5018=DIRECTION('',(0.,-1.,0.));
#5019=DIRECTION('center_axis',(0.,0.,-1.));
#5020=DIRECTION('ref_axis',(0.707106781186549,-0.707106781186546,0.));
#5021=DIRECTION('',(1.,0.,0.));
#5022=DIRECTION('center_axis',(0.,1.,0.));
#5023=DIRECTION('ref_axis',(0.,0.,1.));
#5024=DIRECTION('center_axis',(0.,0.,1.));
#5025=DIRECTION('ref_axis',(1.,0.,0.));
#5026=DIRECTION('center_axis',(0.,1.,0.));
#5027=DIRECTION('ref_axis',(-0.707106781186548,0.,0.707106781186548));
#5028=DIRECTION('center_axis',(-1.,0.,0.));
#5029=DIRECTION('ref_axis',(0.,1.,0.));
#5030=DIRECTION('center_axis',(0.,-1.,0.));
#5031=DIRECTION('ref_axis',(-0.707106781186548,0.,0.707106781186548));
#5032=DIRECTION('center_axis',(-1.,0.,0.));
#5033=DIRECTION('ref_axis',(0.,0.707106781186552,-0.707106781186543));
#5034=DIRECTION('center_axis',(-1.,0.,0.));
#5035=DIRECTION('ref_axis',(0.,1.,0.));
#5036=DIRECTION('',(-1.,0.,0.));
#5037=DIRECTION('',(1.,0.,0.));
#5038=DIRECTION('center_axis',(0.,1.,0.));
#5039=DIRECTION('ref_axis',(0.,0.,1.));
#5040=DIRECTION('center_axis',(0.,0.,1.));
#5041=DIRECTION('ref_axis',(0.,1.,0.));
#5042=DIRECTION('center_axis',(0.,-1.,0.));
#5043=DIRECTION('ref_axis',(0.707106781186546,0.,0.707106781186549));
#5044=DIRECTION('center_axis',(0.,1.,0.));
#5045=DIRECTION('ref_axis',(0.707106781186546,0.,0.707106781186549));
#5046=DIRECTION('center_axis',(0.,0.,1.));
#5047=DIRECTION('ref_axis',(-0.707106781186535,0.70710678118656,0.));
#5048=DIRECTION('center_axis',(0.,0.,1.));
#5049=DIRECTION('ref_axis',(0.,1.,0.));
#5050=DIRECTION('',(0.,0.,1.));
#5051=DIRECTION('',(0.,0.,-1.));
#5052=DIRECTION('center_axis',(0.,1.,0.));
#5053=DIRECTION('ref_axis',(0.,0.,1.));
#5054=DIRECTION('center_axis',(1.,0.,0.));
#5055=DIRECTION('ref_axis',(0.,1.,0.));
#5056=DIRECTION('center_axis',(0.,-1.,0.));
#5057=DIRECTION('ref_axis',(0.707106781186547,0.,-0.707106781186548));
#5058=DIRECTION('center_axis',(0.,1.,0.));
#5059=DIRECTION('ref_axis',(0.707106781186547,0.,-0.707106781186548));
#5060=DIRECTION('center_axis',(1.,0.,0.));
#5061=DIRECTION('ref_axis',(0.,0.707106781186553,0.707106781186542));
#5062=DIRECTION('center_axis',(1.,0.,0.));
#5063=DIRECTION('ref_axis',(0.,1.,0.));
#5064=DIRECTION('',(1.,0.,0.));
#5065=DIRECTION('',(-1.,0.,0.));
#5066=DIRECTION('center_axis',(0.,1.,0.));
#5067=DIRECTION('ref_axis',(0.,0.,1.));
#5068=DIRECTION('center_axis',(0.,0.,-1.));
#5069=DIRECTION('ref_axis',(0.,1.,0.));
#5070=DIRECTION('center_axis',(0.,-1.,0.));
#5071=DIRECTION('ref_axis',(-0.707106781186547,0.,-0.707106781186548));
#5072=DIRECTION('center_axis',(0.,1.,0.));
#5073=DIRECTION('ref_axis',(-0.707106781186547,0.,-0.707106781186548));
#5074=DIRECTION('center_axis',(0.,0.,-1.));
#5075=DIRECTION('ref_axis',(0.707106781186541,0.707106781186554,0.));
#5076=DIRECTION('',(0.,0.,1.));
#5077=DIRECTION('',(0.,0.,-1.));
#5078=DIRECTION('center_axis',(0.,0.,-1.));
#5079=DIRECTION('ref_axis',(1.,0.,0.));
#5080=DIRECTION('',(0.,-1.,0.));
#5081=DIRECTION('',(-1.,0.,0.));
#5082=DIRECTION('',(0.,-1.,0.));
#5083=DIRECTION('center_axis',(0.,-1.,0.));
#5084=DIRECTION('ref_axis',(-0.707106781186546,0.,-0.707106781186549));
#5085=DIRECTION('',(0.,-1.,0.));
#5086=DIRECTION('center_axis',(0.,1.,0.));
#5087=DIRECTION('ref_axis',(-0.707106781186546,0.,-0.707106781186549));
#5088=DIRECTION('center_axis',(-1.,0.,0.));
#5089=DIRECTION('ref_axis',(0.,0.,-1.));
#5090=DIRECTION('',(0.,-1.,0.));
#5091=DIRECTION('',(0.,0.,1.));
#5092=DIRECTION('center_axis',(0.,-1.,0.));
#5093=DIRECTION('ref_axis',(-0.707106781186546,0.,0.707106781186549));
#5094=DIRECTION('',(0.,-1.,0.));
#5095=DIRECTION('center_axis',(0.,1.,0.));
#5096=DIRECTION('ref_axis',(-0.707106781186546,0.,0.707106781186549));
#5097=DIRECTION('center_axis',(0.,-1.,0.));
#5098=DIRECTION('ref_axis',(0.,0.,1.));
#5099=DIRECTION('',(-0.707106845987319,0.,-0.70710671638577));
#5100=DIRECTION('',(0.,0.,1.));
#5101=DIRECTION('',(1.,0.,0.));
#5102=DIRECTION('',(0.,0.,-1.));
#5103=DIRECTION('',(0.707106793830602,0.,-0.707106768542493));
#5104=DIRECTION('',(-1.,0.,0.));
#5105=DIRECTION('',(0.,0.,-1.));
#5106=DIRECTION('center_axis',(0.,-1.,0.));
#5107=DIRECTION('ref_axis',(-0.707106781186545,0.,-0.70710678118655));
#5108=DIRECTION('',(1.,0.,0.));
#5109=DIRECTION('center_axis',(0.,-1.,0.));
#5110=DIRECTION('ref_axis',(0.707106781186546,0.,-0.707106781186549));
#5111=DIRECTION('',(0.,0.,1.));
#5112=DIRECTION('',(-1.,0.,0.));
#5113=DIRECTION('',(0.,0.,-1.));
#5114=DIRECTION('center_axis',(0.,-1.,0.));
#5115=DIRECTION('ref_axis',(-0.707106781186538,0.,-0.707106781186557));
#5116=DIRECTION('',(1.,0.,0.));
#5117=DIRECTION('center_axis',(0.,-1.,0.));
#5118=DIRECTION('ref_axis',(0.707106781186538,0.,-0.707106781186557));
#5119=DIRECTION('',(0.,0.,1.));
#5120=DIRECTION('',(-1.,0.,0.));
#5121=DIRECTION('center_axis',(0.,0.,1.));
#5122=DIRECTION('ref_axis',(0.,1.,0.));
#5123=DIRECTION('center_axis',(0.,0.,1.));
#5124=DIRECTION('ref_axis',(-0.707106781186543,0.707106781186552,0.));
#5125=DIRECTION('center_axis',(0.,0.,1.));
#5126=DIRECTION('ref_axis',(0.707106781186548,0.707106781186548,0.));
#5127=DIRECTION('',(0.,-1.,0.));
#5128=DIRECTION('center_axis',(0.,0.,1.));
#5129=DIRECTION('ref_axis',(1.,0.,0.));
#5130=DIRECTION('center_axis',(0.,0.,1.));
#5131=DIRECTION('ref_axis',(1.,0.,0.));
#5132=DIRECTION('center_axis',(0.,0.,-1.));
#5133=DIRECTION('ref_axis',(0.707106781186548,0.707106781186548,0.));
#5134=DIRECTION('center_axis',(-0.70710671638577,0.,0.707106845987319));
#5135=DIRECTION('ref_axis',(0.707106845987319,0.,0.70710671638577));
#5136=DIRECTION('',(0.,0.,-1.));
#5137=DIRECTION('center_axis',(0.,0.,1.));
#5138=DIRECTION('ref_axis',(-0.707106781186543,0.707106781186552,0.));
#5139=DIRECTION('center_axis',(0.707106768542493,0.,0.707106793830602));
#5140=DIRECTION('ref_axis',(-0.707106793830602,-4.90653902112255E-17,0.707106768542493));
#5141=DIRECTION('center_axis',(-1.,0.,0.));
#5142=DIRECTION('ref_axis',(0.,-0.707106781186546,0.707106781186549));
#5143=DIRECTION('center_axis',(-0.707106768542493,0.,-0.707106793830602));
#5144=DIRECTION('ref_axis',(-0.707106793830602,0.,0.707106768542493));
#5145=DIRECTION('',(1.,0.,0.));
#5146=DIRECTION('center_axis',(0.707106781186548,0.707106781186548,1.57009245868377E-15));
#5147=DIRECTION('ref_axis',(0.707106781186548,-0.707106781186548,-1.57009245868377E-15));
#5148=DIRECTION('center_axis',(0.,-1.,0.));
#5149=DIRECTION('ref_axis',(0.707106781186547,0.,0.707106781186548));
#5150=DIRECTION('',(0.,1.,0.));
#5151=DIRECTION('center_axis',(0.,1.,0.));
#5152=DIRECTION('ref_axis',(0.707106781186547,0.,0.707106781186548));
#5153=DIRECTION('',(0.,-1.,0.));
#5154=DIRECTION('center_axis',(1.,0.,0.));
#5155=DIRECTION('ref_axis',(0.,-1.,0.));
#5156=DIRECTION('',(0.,0.,1.));
#5157=DIRECTION('',(0.,1.,0.));
#5158=DIRECTION('center_axis',(0.,1.,0.));
#5159=DIRECTION('ref_axis',(-0.707106781186547,0.,0.707106781186548));
#5160=DIRECTION('',(0.,1.,0.));
#5161=DIRECTION('center_axis',(0.,1.,0.));
#5162=DIRECTION('ref_axis',(-0.707106781186547,0.,0.707106781186548));
#5163=DIRECTION('',(0.,-1.,0.));
#5164=DIRECTION('center_axis',(0.707106781186547,-0.707106781186548,7.85046229341886E-16));
#5165=DIRECTION('ref_axis',(-0.707106781186548,-0.707106781186547,-7.85046229341888E-16));
#5166=DIRECTION('center_axis',(-1.,0.,0.));
#5167=DIRECTION('ref_axis',(0.,-0.707106781186546,0.707106781186549));
#5168=DIRECTION('',(1.,0.,0.));
#5169=DIRECTION('center_axis',(0.707106781186548,0.707106781186548,0.));
#5170=DIRECTION('ref_axis',(0.707106781186548,-0.707106781186548,0.));
#5171=DIRECTION('center_axis',(0.,-1.,0.));
#5172=DIRECTION('ref_axis',(0.707106781186546,0.,0.707106781186549));
#5173=DIRECTION('',(0.,1.,0.));
#5174=DIRECTION('center_axis',(0.,1.,0.));
#5175=DIRECTION('ref_axis',(0.707106781186546,0.,0.707106781186549));
#5176=DIRECTION('',(0.,-1.,0.));
#5177=DIRECTION('center_axis',(-1.,0.,0.));
#5178=DIRECTION('ref_axis',(0.,1.,0.));
#5179=DIRECTION('',(0.,-1.,0.));
#5180=DIRECTION('',(0.,0.,-1.));
#5181=DIRECTION('center_axis',(1.,0.,0.));
#5182=DIRECTION('ref_axis',(0.,-1.,0.));
#5183=DIRECTION('',(0.,0.,1.));
#5184=DIRECTION('',(0.,1.,0.));
#5185=DIRECTION('center_axis',(0.,1.,0.));
#5186=DIRECTION('ref_axis',(-0.707106781186546,0.,0.707106781186549));
#5187=DIRECTION('',(0.,1.,0.));
#5188=DIRECTION('center_axis',(0.,1.,0.));
#5189=DIRECTION('ref_axis',(-0.707106781186546,0.,0.707106781186549));
#5190=DIRECTION('',(0.,-1.,0.));
#5191=DIRECTION('center_axis',(0.707106781186548,-0.707106781186548,0.));
#5192=DIRECTION('ref_axis',(-0.707106781186548,-0.707106781186548,0.));
#5193=DIRECTION('center_axis',(-1.,0.,0.));
#5194=DIRECTION('ref_axis',(0.,-0.707106781186546,0.707106781186549));
#5195=DIRECTION('',(1.,0.,0.));
#5196=DIRECTION('center_axis',(0.70710671638577,0.,-0.707106845987319));
#5197=DIRECTION('ref_axis',(0.707106845987319,-4.90653848374107E-17,0.70710671638577));
#5198=DIRECTION('center_axis',(-1.,0.,0.));
#5199=DIRECTION('ref_axis',(0.,1.,0.));
#5200=DIRECTION('',(0.,-1.,0.));
#5201=DIRECTION('',(0.,0.,-1.));
#5202=DIRECTION('center_axis',(0.,-1.,0.));
#5203=DIRECTION('ref_axis',(0.707106781186538,0.,-0.707106781186557));
#5204=DIRECTION('center_axis',(0.,-1.,0.));
#5205=DIRECTION('ref_axis',(0.707106781186538,0.,-0.707106781186557));
#5206=DIRECTION('',(0.,1.,0.));
#5207=DIRECTION('center_axis',(0.,-1.,0.));
#5208=DIRECTION('ref_axis',(0.,0.,1.));
#5209=DIRECTION('',(-1.,0.,0.));
#5210=DIRECTION('center_axis',(0.,-1.,0.));
#5211=DIRECTION('ref_axis',(-0.707106781186538,0.,-0.707106781186557));
#5212=DIRECTION('',(1.,0.,0.));
#5213=DIRECTION('center_axis',(0.,-1.,0.));
#5214=DIRECTION('ref_axis',(0.707106781186546,0.,-0.707106781186549));
#5215=DIRECTION('',(-1.,0.,0.));
#5216=DIRECTION('center_axis',(0.,-1.,0.));
#5217=DIRECTION('ref_axis',(-0.707106781186545,0.,-0.70710678118655));
#5218=DIRECTION('',(1.,0.,0.));
#5219=DIRECTION('',(0.,0.,-1.));
#5220=DIRECTION('',(-1.,0.,0.));
#5221=DIRECTION('',(0.,0.,-1.));
#5222=DIRECTION('',(1.,0.,0.));
#5223=DIRECTION('center_axis',(0.,0.,1.));
#5224=DIRECTION('ref_axis',(0.,1.,0.));
#5225=DIRECTION('',(0.,-1.,0.));
#5226=DIRECTION('center_axis',(0.,-1.,0.));
#5227=DIRECTION('ref_axis',(-0.707106781186538,0.,-0.707106781186557));
#5228=DIRECTION('center_axis',(0.,-1.,0.));
#5229=DIRECTION('ref_axis',(0.707106781186546,0.,-0.707106781186549));
#5230=DIRECTION('',(0.,1.,0.));
#5231=DIRECTION('center_axis',(0.,-1.,0.));
#5232=DIRECTION('ref_axis',(-0.707106781186545,0.,-0.70710678118655));
#5233=DIRECTION('',(0.,-1.,0.));
#5234=DIRECTION('center_axis',(0.,0.,1.));
#5235=DIRECTION('ref_axis',(0.,1.,0.));
#5236=DIRECTION('center_axis',(0.,0.,1.));
#5237=DIRECTION('ref_axis',(0.,1.,0.));
#5238=DIRECTION('center_axis',(0.,0.,1.));
#5239=DIRECTION('ref_axis',(0.,1.,0.));
#5240=DIRECTION('',(0.,-1.,0.));
#5241=DIRECTION('',(-1.,0.,0.));
#5242=DIRECTION('',(0.,1.,0.));
#5243=DIRECTION('center_axis',(0.,0.,1.));
#5244=DIRECTION('ref_axis',(0.,1.,0.));
#5245=DIRECTION('',(0.,-1.,0.));
#5246=DIRECTION('',(-1.,0.,0.));
#5247=DIRECTION('',(0.,1.,0.));
#5248=DIRECTION('',(0.,1.,0.));
#5249=DIRECTION('',(1.,0.,0.));
#5250=DIRECTION('',(0.,1.,0.));
#5251=DIRECTION('center_axis',(-0.707106768542493,0.,-0.707106793830602));
#5252=DIRECTION('ref_axis',(0.707106793830602,0.,-0.707106768542493));
#5253=DIRECTION('',(0.707106793830602,0.,-0.707106768542493));
#5254=DIRECTION('center_axis',(0.70710671638577,0.,-0.707106845987319));
#5255=DIRECTION('ref_axis',(0.707106845987319,0.,0.70710671638577));
#5256=DIRECTION('',(0.707106845987319,0.,0.70710671638577));
#5257=DIRECTION('',(0.,-1.,0.));
#5258=DIRECTION('center_axis',(0.,-1.,0.));
#5259=DIRECTION('ref_axis',(0.,0.,-1.));
#5260=DIRECTION('',(0.,0.,1.));
#5261=DIRECTION('center_axis',(-1.,0.,0.));
#5262=DIRECTION('ref_axis',(0.,0.,1.));
#5263=DIRECTION('',(0.,-1.,0.));
#5264=DIRECTION('',(0.,-0.236352010320926,0.971667498281823));
#5265=DIRECTION('',(0.,-1.,0.));
#5266=DIRECTION('',(0.,-0.244590009083279,-0.969626591764398));
#5267=DIRECTION('',(0.,-1.,0.));
#5268=DIRECTION('',(0.,0.296768784442456,0.954949364406588));
#5269=DIRECTION('',(0.,1.,0.));
#5270=DIRECTION('',(0.,0.296768936568188,-0.954949317130593));
#5271=DIRECTION('',(0.,0.490767914352006,-0.871290338660186));
#5272=DIRECTION('',(0.,-1.,0.));
#5273=DIRECTION('',(0.,-0.460687230455101,0.887562547483618));
#5274=DIRECTION('',(0.,-1.,0.));
#5275=DIRECTION('',(0.,0.,-1.));
#5276=DIRECTION('',(0.,-1.,0.));
#5277=DIRECTION('',(0.,0.,1.));
#5278=DIRECTION('',(0.,1.,0.));
#5279=DIRECTION('',(0.,-1.,0.));
#5280=DIRECTION('',(0.,0.,1.));
#5281=DIRECTION('',(0.,1.,0.));
#5282=DIRECTION('',(0.,-0.660627549008059,-0.750713821300504));
#5283=DIRECTION('',(0.,-1.,0.));
#5284=DIRECTION('',(0.,1.,3.17252984795483E-13));
#5285=DIRECTION('',(0.,0.643190740677316,-0.765705995214198));
#5286=DIRECTION('',(0.,0.,-1.));
#5287=DIRECTION('center_axis',(1.,0.,0.));
#5288=DIRECTION('ref_axis',(0.,0.707106781186546,-0.707106781186549));
#5289=DIRECTION('',(0.,-1.,0.));
#5290=DIRECTION('center_axis',(1.,0.,0.));
#5291=DIRECTION('ref_axis',(0.,-0.707106781186546,-0.707106781186549));
#5292=DIRECTION('',(0.,0.,1.));
#5293=DIRECTION('center_axis',(1.,0.,0.));
#5294=DIRECTION('ref_axis',(0.,-0.707106781186546,0.707106781186549));
#5295=DIRECTION('',(0.,-1.,0.));
#5296=DIRECTION('center_axis',(1.,0.,0.));
#5297=DIRECTION('ref_axis',(0.,0.707106781186546,0.707106781186549));
#5298=DIRECTION('center_axis',(1.,0.,0.));
#5299=DIRECTION('ref_axis',(0.,0.,1.));
#5300=DIRECTION('',(0.,-1.,0.));
#5301=DIRECTION('',(0.,0.,-1.));
#5302=DIRECTION('',(0.,-1.,0.));
#5303=DIRECTION('center_axis',(0.,-1.,0.));
#5304=DIRECTION('ref_axis',(0.707106781186552,0.,0.707106781186543));
#5305=DIRECTION('center_axis',(0.,1.,0.));
#5306=DIRECTION('ref_axis',(0.707106781186552,0.,0.707106781186543));
#5307=DIRECTION('',(0.,-1.,0.));
#5308=DIRECTION('center_axis',(0.,0.,1.));
#5309=DIRECTION('ref_axis',(-1.,0.,0.));
#5310=DIRECTION('',(1.,0.,0.));
#5311=DIRECTION('center_axis',(0.,-1.,0.));
#5312=DIRECTION('ref_axis',(0.70710678118654,0.,-0.707106781186555));
#5313=DIRECTION('center_axis',(0.,1.,0.));
#5314=DIRECTION('ref_axis',(0.70710678118654,0.,-0.707106781186555));
#5315=DIRECTION('center_axis',(0.,0.,-1.));
#5316=DIRECTION('ref_axis',(-0.707106781186541,-0.707106781186554,0.));
#5317=DIRECTION('center_axis',(0.,0.,1.));
#5318=DIRECTION('ref_axis',(-0.707106781186541,-0.707106781186554,0.));
#5319=DIRECTION('',(0.,0.,-1.));
#5320=DIRECTION('',(0.,0.,1.));
#5321=DIRECTION('center_axis',(1.,0.,0.));
#5322=DIRECTION('ref_axis',(0.,1.,0.));
#5323=DIRECTION('',(0.,-1.,0.));
#5324=DIRECTION('',(0.,0.,1.));
#5325=DIRECTION('center_axis',(0.,1.,0.));
#5326=DIRECTION('ref_axis',(0.,0.,1.));
#5327=DIRECTION('',(-1.,0.,0.));
#5328=DIRECTION('',(0.,0.,1.));
#5329=DIRECTION('center_axis',(0.,0.,1.));
#5330=DIRECTION('ref_axis',(0.707106781186549,-0.707106781186546,0.));
#5331=DIRECTION('',(0.,0.,1.));
#5332=DIRECTION('center_axis',(0.,0.,1.));
#5333=DIRECTION('ref_axis',(0.707106781186549,-0.707106781186546,0.));
#5334=DIRECTION('',(0.,0.,-1.));
#5335=DIRECTION('center_axis',(-1.,0.,0.));
#5336=DIRECTION('ref_axis',(0.,1.,0.));
#5337=DIRECTION('',(0.,0.,-1.));
#5338=DIRECTION('',(0.,1.,0.));
#5339=DIRECTION('center_axis',(0.,1.,0.));
#5340=DIRECTION('ref_axis',(0.,0.,-1.));
#5341=DIRECTION('',(0.,0.,-1.));
#5342=DIRECTION('',(-1.,0.,0.));
#5343=DIRECTION('center_axis',(1.,0.,0.));
#5344=DIRECTION('ref_axis',(0.,0.,-1.));
#5345=DIRECTION('',(0.,0.,1.));
#5346=DIRECTION('',(0.,-1.,0.));
#5347=DIRECTION('',(0.,0.,1.));
#5348=DIRECTION('',(0.,1.,0.));
#5349=DIRECTION('center_axis',(1.,0.,0.));
#5350=DIRECTION('ref_axis',(0.,0.,-1.));
#5351=DIRECTION('',(0.,1.,0.));
#5352=DIRECTION('',(0.,0.,1.));
#5353=DIRECTION('center_axis',(0.,1.,0.));
#5354=DIRECTION('ref_axis',(0.,0.,-1.));
#5355=DIRECTION('',(1.,0.,0.));
#5356=DIRECTION('',(0.,0.,-1.));
#5357=DIRECTION('',(-1.,0.,0.));
#5358=DIRECTION('center_axis',(-1.,0.,0.));
#5359=DIRECTION('ref_axis',(0.,0.,-1.));
#5360=DIRECTION('',(0.,1.,0.));
#5361=DIRECTION('',(0.,0.,1.));
#5362=DIRECTION('',(0.,-1.,0.));
#5363=DIRECTION('center_axis',(0.,0.,-1.));
#5364=DIRECTION('ref_axis',(0.,-1.,0.));
#5365=DIRECTION('',(-1.,0.,0.));
#5366=DIRECTION('',(-1.,0.,0.));
#5367=DIRECTION('',(0.,-1.,0.));
#5368=DIRECTION('',(-1.,0.,0.));
#5369=DIRECTION('center_axis',(0.,1.,0.));
#5370=DIRECTION('ref_axis',(0.,0.,1.));
#5371=DIRECTION('',(0.,0.,-1.));
#5372=DIRECTION('center_axis',(-1.,0.,0.));
#5373=DIRECTION('ref_axis',(0.,0.,1.));
#5374=DIRECTION('center_axis',(0.,0.,1.));
#5375=DIRECTION('ref_axis',(0.,-1.,0.));
#5376=DIRECTION('',(1.,0.,0.));
#5377=DIRECTION('',(0.,1.,0.));
#5378=DIRECTION('',(0.,-1.,0.));
#5379=DIRECTION('',(1.,0.,0.));
#5380=DIRECTION('center_axis',(0.,0.,1.));
#5381=DIRECTION('ref_axis',(0.,1.,0.));
#5382=DIRECTION('',(-1.,0.,0.));
#5383=DIRECTION('center_axis',(0.,0.,1.));
#5384=DIRECTION('ref_axis',(-0.707106781186554,0.707106781186541,0.));
#5385=DIRECTION('',(1.,0.,0.));
#5386=DIRECTION('center_axis',(0.,0.,1.));
#5387=DIRECTION('ref_axis',(0.70710678118656,0.707106781186535,0.));
#5388=DIRECTION('center_axis',(-1.,0.,0.));
#5389=DIRECTION('ref_axis',(0.,0.,1.));
#5390=DIRECTION('',(0.,0.,-1.));
#5391=DIRECTION('center_axis',(0.,1.,0.));
#5392=DIRECTION('ref_axis',(0.,0.,-1.));
#5393=DIRECTION('',(0.,0.,-1.));
#5394=DIRECTION('center_axis',(1.,0.,0.));
#5395=DIRECTION('ref_axis',(0.,0.,-1.));
#5396=DIRECTION('',(-1.,0.,0.));
#5397=DIRECTION('',(-1.,0.,0.));
#5398=DIRECTION('',(-1.,0.,0.));
#5399=DIRECTION('',(-1.,0.,0.));
#5400=DIRECTION('',(-1.,0.,0.));
#5401=DIRECTION('',(-1.,0.,0.));
#5402=DIRECTION('center_axis',(0.,-0.967074512308465,-0.254493394105514));
#5403=DIRECTION('ref_axis',(0.,-0.254493394105514,0.967074512308465));
#5404=DIRECTION('',(0.,-0.254493394105514,0.967074512308465));
#5405=DIRECTION('',(-1.,0.,0.));
#5406=DIRECTION('',(0.,-0.254493394105514,0.967074512308465));
#5407=DIRECTION('',(-1.,0.,0.));
#5408=DIRECTION('',(-1.,0.,0.));
#5409=DIRECTION('center_axis',(0.,0.,1.));
#5410=DIRECTION('ref_axis',(0.,1.,0.));
#5411=DIRECTION('',(0.,1.,0.));
#5412=DIRECTION('',(-1.,0.,0.));
#5413=DIRECTION('',(0.,1.,0.));
#5414=DIRECTION('',(-1.,0.,0.));
#5415=DIRECTION('',(-1.,0.,0.));
#5416=DIRECTION('center_axis',(0.,0.967074512308465,-0.254493394105514));
#5417=DIRECTION('ref_axis',(0.,-0.254493394105514,-0.967074512308465));
#5418=DIRECTION('',(0.,-0.254493394105514,-0.967074512308465));
#5419=DIRECTION('',(0.,-0.254493394105514,-0.967074512308465));
#5420=DIRECTION('',(-1.,0.,0.));
#5421=DIRECTION('',(-1.,0.,0.));
#5422=DIRECTION('',(-1.,0.,0.));
#5423=DIRECTION('',(-1.,0.,0.));
#5424=DIRECTION('center_axis',(0.,0.954949317130593,0.296768936568188));
#5425=DIRECTION('ref_axis',(0.,0.296768936568188,-0.954949317130593));
#5426=DIRECTION('',(-1.,0.,0.));
#5427=DIRECTION('',(0.,0.296768936568188,-0.954949317130593));
#5428=DIRECTION('',(-1.,0.,0.));
#5429=DIRECTION('',(-1.,0.,0.));
#5430=DIRECTION('center_axis',(0.,0.,1.));
#5431=DIRECTION('ref_axis',(0.,1.,0.));
#5432=DIRECTION('',(-1.,0.,0.));
#5433=DIRECTION('',(0.,1.,0.));
#5434=DIRECTION('',(-1.,0.,0.));
#5435=DIRECTION('',(-1.,0.,0.));
#5436=DIRECTION('center_axis',(0.,-0.954949364406588,0.296768784442456));
#5437=DIRECTION('ref_axis',(0.,0.296768784442456,0.954949364406588));
#5438=DIRECTION('',(-1.,0.,0.));
#5439=DIRECTION('',(0.,0.296768784442456,0.954949364406588));
#5440=DIRECTION('',(-1.,0.,0.));
#5441=DIRECTION('',(-1.,0.,0.));
#5442=DIRECTION('',(-1.,0.,0.));
#5443=DIRECTION('center_axis',(0.,0.,-1.));
#5444=DIRECTION('ref_axis',(0.,-1.,0.));
#5445=DIRECTION('',(-1.,0.,0.));
#5446=DIRECTION('',(0.,-1.,0.));
#5447=DIRECTION('',(-1.,0.,0.));
#5448=DIRECTION('',(-1.,0.,0.));
#5449=DIRECTION('center_axis',(0.,0.969626591764398,-0.244590009083279));
#5450=DIRECTION('ref_axis',(0.,-0.244590009083279,-0.969626591764398));
#5451=DIRECTION('',(-1.,0.,0.));
#5452=DIRECTION('',(0.,-0.244590009083279,-0.969626591764398));
#5453=DIRECTION('',(-1.,0.,0.));
#5454=DIRECTION('center_axis',(0.,0.,-1.));
#5455=DIRECTION('ref_axis',(0.,-1.,0.));
#5456=DIRECTION('',(-1.,0.,0.));
#5457=DIRECTION('',(0.,-1.,0.));
#5458=DIRECTION('',(-1.,0.,0.));
#5459=DIRECTION('center_axis',(0.,-0.971667498281823,-0.236352010320926));
#5460=DIRECTION('ref_axis',(0.,-0.236352010320926,0.971667498281823));
#5461=DIRECTION('',(-1.,0.,0.));
#5462=DIRECTION('',(0.,-0.236352010320926,0.971667498281823));
#5463=DIRECTION('',(-1.,0.,0.));
#5464=DIRECTION('',(-1.,0.,0.));
#5465=DIRECTION('center_axis',(0.,0.,-1.));
#5466=DIRECTION('ref_axis',(0.,-1.,0.));
#5467=DIRECTION('',(0.,-1.,0.));
#5468=DIRECTION('center_axis',(1.,0.,0.));
#5469=DIRECTION('ref_axis',(0.,1.,0.));
#5470=DIRECTION('',(-1.,0.,0.));
#5471=DIRECTION('',(-1.,0.,0.));
#5472=DIRECTION('',(-1.,0.,0.));
#5473=DIRECTION('',(-1.,0.,0.));
#5474=DIRECTION('',(-1.,0.,0.));
#5475=DIRECTION('center_axis',(0.,0.,1.));
#5476=DIRECTION('ref_axis',(0.,1.,0.));
#5477=DIRECTION('',(0.,1.,0.));
#5478=DIRECTION('',(-1.,0.,0.));
#5479=DIRECTION('',(0.,1.,0.));
#5480=DIRECTION('',(-1.,0.,0.));
#5481=DIRECTION('center_axis',(0.,1.,0.));
#5482=DIRECTION('ref_axis',(0.,0.,-1.));
#5483=DIRECTION('',(0.,0.,-1.));
#5484=DIRECTION('',(-1.,0.,0.));
#5485=DIRECTION('',(0.,0.,-1.));
#5486=DIRECTION('',(-1.,0.,0.));
#5487=DIRECTION('center_axis',(0.,0.,-1.));
#5488=DIRECTION('ref_axis',(0.,-1.,0.));
#5489=DIRECTION('',(0.,-1.,0.));
#5490=DIRECTION('',(0.,-1.,0.));
#5491=DIRECTION('',(-1.,0.,0.));
#5492=DIRECTION('',(-1.,0.,0.));
#5493=DIRECTION('',(-1.,0.,0.));
#5494=DIRECTION('',(-1.,0.,0.));
#5495=DIRECTION('center_axis',(0.,0.,1.));
#5496=DIRECTION('ref_axis',(0.,1.,0.));
#5497=DIRECTION('',(-1.,0.,0.));
#5498=DIRECTION('',(0.,1.,0.));
#5499=DIRECTION('',(-1.,0.,0.));
#5500=DIRECTION('',(-1.,0.,0.));
#5501=DIRECTION('center_axis',(0.,-1.,0.));
#5502=DIRECTION('ref_axis',(0.,0.,1.));
#5503=DIRECTION('',(-1.,0.,0.));
#5504=DIRECTION('',(0.,0.,1.));
#5505=DIRECTION('',(-1.,0.,0.));
#5506=DIRECTION('',(-1.,0.,0.));
#5507=DIRECTION('center_axis',(0.,0.,-1.));
#5508=DIRECTION('ref_axis',(0.,-1.,0.));
#5509=DIRECTION('',(-1.,0.,0.));
#5510=DIRECTION('',(0.,-1.,0.));
#5511=DIRECTION('',(-1.,0.,0.));
#5512=DIRECTION('',(-1.,0.,0.));
#5513=DIRECTION('center_axis',(0.,1.,0.));
#5514=DIRECTION('ref_axis',(0.,0.,-1.));
#5515=DIRECTION('',(-1.,0.,0.));
#5516=DIRECTION('',(0.,0.,-1.));
#5517=DIRECTION('',(-1.,0.,0.));
#5518=DIRECTION('center_axis',(0.,0.,-1.));
#5519=DIRECTION('ref_axis',(0.,-1.,0.));
#5520=DIRECTION('',(-1.,0.,0.));
#5521=DIRECTION('',(0.,-1.,0.));
#5522=DIRECTION('',(-1.,0.,0.));
#5523=DIRECTION('center_axis',(0.,-0.887562547483618,-0.460687230455101));
#5524=DIRECTION('ref_axis',(0.,-0.460687230455101,0.887562547483618));
#5525=DIRECTION('',(-1.,0.,0.));
#5526=DIRECTION('',(0.,-0.460687230455101,0.887562547483618));
#5527=DIRECTION('',(-1.,0.,0.));
#5528=DIRECTION('',(-1.,0.,0.));
#5529=DIRECTION('center_axis',(0.,0.,-1.));
#5530=DIRECTION('ref_axis',(0.,-1.,0.));
#5531=DIRECTION('',(-1.,0.,0.));
#5532=DIRECTION('',(0.,-1.,0.));
#5533=DIRECTION('',(-1.,0.,0.));
#5534=DIRECTION('',(-1.,0.,0.));
#5535=DIRECTION('',(-1.,0.,0.));
#5536=DIRECTION('center_axis',(0.,0.871290338660186,0.490767914352006));
#5537=DIRECTION('ref_axis',(0.,0.490767914352006,-0.871290338660186));
#5538=DIRECTION('',(0.,0.490767914352006,-0.871290338660186));
#5539=DIRECTION('center_axis',(1.,0.,0.));
#5540=DIRECTION('ref_axis',(0.,1.,0.));
#5541=DIRECTION('',(-1.,0.,0.));
#5542=DIRECTION('',(-1.,0.,0.));
#5543=DIRECTION('center_axis',(0.,0.,-1.));
#5544=DIRECTION('ref_axis',(0.,-1.,0.));
#5545=DIRECTION('',(0.,-1.,0.));
#5546=DIRECTION('',(-1.,0.,0.));
#5547=DIRECTION('',(0.,-1.,0.));
#5548=DIRECTION('',(-1.,0.,0.));
#5549=DIRECTION('',(-1.,0.,0.));
#5550=DIRECTION('',(-1.,0.,0.));
#5551=DIRECTION('',(-1.,0.,0.));
#5552=DIRECTION('',(-1.,0.,0.));
#5553=DIRECTION('',(-1.,0.,0.));
#5554=DIRECTION('center_axis',(0.,0.,1.));
#5555=DIRECTION('ref_axis',(0.,1.,0.));
#5556=DIRECTION('',(0.,1.,0.));
#5557=DIRECTION('',(-1.,0.,0.));
#5558=DIRECTION('',(0.,1.,0.));
#5559=DIRECTION('',(-1.,0.,0.));
#5560=DIRECTION('center_axis',(0.,1.,0.));
#5561=DIRECTION('ref_axis',(0.,0.,-1.));
#5562=DIRECTION('',(0.,0.,-1.));
#5563=DIRECTION('',(0.,0.,-1.));
#5564=DIRECTION('',(-1.,0.,0.));
#5565=DIRECTION('',(-1.,0.,0.));
#5566=DIRECTION('',(-1.,0.,0.));
#5567=DIRECTION('',(-1.,0.,0.));
#5568=DIRECTION('',(-1.,0.,0.));
#5569=DIRECTION('',(-1.,0.,0.));
#5570=DIRECTION('',(-1.,0.,0.));
#5571=DIRECTION('center_axis',(0.,0.,1.));
#5572=DIRECTION('ref_axis',(0.,1.,0.));
#5573=DIRECTION('',(-1.,0.,0.));
#5574=DIRECTION('',(0.,1.,0.));
#5575=DIRECTION('',(-1.,0.,0.));
#5576=DIRECTION('',(-1.,0.,0.));
#5577=DIRECTION('center_axis',(0.,-1.,0.));
#5578=DIRECTION('ref_axis',(0.,0.,1.));
#5579=DIRECTION('',(-1.,0.,0.));
#5580=DIRECTION('',(0.,0.,1.));
#5581=DIRECTION('',(-1.,0.,0.));
#5582=DIRECTION('',(-1.,0.,0.));
#5583=DIRECTION('center_axis',(0.,0.,-1.));
#5584=DIRECTION('ref_axis',(0.,-1.,0.));
#5585=DIRECTION('',(0.,-1.,0.));
#5586=DIRECTION('center_axis',(1.,0.,0.));
#5587=DIRECTION('ref_axis',(0.,1.,0.));
#5588=DIRECTION('',(-1.,0.,0.));
#5589=DIRECTION('',(-1.,0.,0.));
#5590=DIRECTION('',(-1.,0.,0.));
#5591=DIRECTION('center_axis',(0.,0.765705995214198,0.643190740677316));
#5592=DIRECTION('ref_axis',(0.,0.643190740677316,-0.765705995214198));
#5593=DIRECTION('',(-1.,0.,0.));
#5594=DIRECTION('',(0.,0.643190740677316,-0.765705995214198));
#5595=DIRECTION('',(-1.,0.,0.));
#5596=DIRECTION('center_axis',(0.,-3.17252984795483E-13,1.));
#5597=DIRECTION('ref_axis',(0.,1.,3.17252984795483E-13));
#5598=DIRECTION('',(-1.,0.,0.));
#5599=DIRECTION('',(-1.,0.,0.));
#5600=DIRECTION('',(-1.,0.,0.));
#5601=DIRECTION('',(-1.,0.,0.));
#5602=DIRECTION('',(-1.,0.,0.));
#5603=DIRECTION('',(-1.,0.,0.));
#5604=DIRECTION('',(-1.,0.,0.));
#5605=DIRECTION('',(-1.,0.,0.));
#5606=DIRECTION('',(-1.,0.,0.));
#5607=DIRECTION('center_axis',(0.,0.,-1.));
#5608=DIRECTION('ref_axis',(0.,-1.,0.));
#5609=DIRECTION('',(-1.,0.,0.));
#5610=DIRECTION('',(-1.,0.,0.));
#5611=DIRECTION('center_axis',(0.,0.750713821300504,-0.660627549008059));
#5612=DIRECTION('ref_axis',(0.,-0.660627549008059,-0.750713821300504));
#5613=DIRECTION('',(-1.,0.,0.));
#5614=DIRECTION('',(0.,-0.660627549008059,-0.750713821300504));
#5615=DIRECTION('',(-1.,0.,0.));
#5616=DIRECTION('',(-1.,0.,0.));
#5617=DIRECTION('',(-1.,0.,0.));
#5618=DIRECTION('',(-1.,0.,0.));
#5619=DIRECTION('',(-1.,0.,0.));
#5620=DIRECTION('',(-1.,0.,0.));
#5621=DIRECTION('',(-1.,0.,0.));
#5622=DIRECTION('',(-1.,0.,0.));
#5623=DIRECTION('',(-1.,0.,0.));
#5624=DIRECTION('',(-1.,0.,0.));
#5625=DIRECTION('',(-1.,0.,0.));
#5626=DIRECTION('center_axis',(1.,0.,0.));
#5627=DIRECTION('ref_axis',(0.,1.,0.));
#5628=DIRECTION('center_axis',(-1.,0.,0.));
#5629=DIRECTION('ref_axis',(0.,0.,1.));
#5630=DIRECTION('center_axis',(-1.,0.,0.));
#5631=DIRECTION('ref_axis',(0.,0.,1.));
#5632=DIRECTION('center_axis',(-1.,0.,0.));
#5633=DIRECTION('ref_axis',(0.,0.,1.));
#5634=DIRECTION('center_axis',(1.,0.,0.));
#5635=DIRECTION('ref_axis',(0.,0.707106781186546,-0.707106781186549));
#5636=DIRECTION('',(1.,0.,0.));
#5637=DIRECTION('',(-1.,0.,0.));
#5638=DIRECTION('center_axis',(0.,0.,-1.));
#5639=DIRECTION('ref_axis',(0.,1.,0.));
#5640=DIRECTION('',(-1.,0.,0.));
#5641=DIRECTION('center_axis',(-1.,0.,0.));
#5642=DIRECTION('ref_axis',(0.,0.707106781186546,0.707106781186549));
#5643=DIRECTION('',(-1.,0.,0.));
#5644=DIRECTION('',(1.,0.,0.));
#5645=DIRECTION('center_axis',(0.,0.,-1.));
#5646=DIRECTION('ref_axis',(0.,-1.,0.));
#5647=DIRECTION('',(1.,0.,0.));
#5648=DIRECTION('center_axis',(1.,0.,0.));
#5649=DIRECTION('ref_axis',(0.,-0.707106781186546,0.707106781186549));
#5650=DIRECTION('',(-1.,0.,0.));
#5651=DIRECTION('center_axis',(-1.,0.,0.));
#5652=DIRECTION('ref_axis',(0.,-0.707106781186546,-0.707106781186549));
#5653=DIRECTION('',(1.,0.,0.));
#5654=DIRECTION('center_axis',(0.,-1.,0.));
#5655=DIRECTION('ref_axis',(0.,0.,-1.));
#5656=DIRECTION('center_axis',(0.,1.,0.));
#5657=DIRECTION('ref_axis',(0.,0.,1.));
#5658=DIRECTION('center_axis',(0.,0.,-1.));
#5659=DIRECTION('ref_axis',(-1.,0.,0.));
#5660=DIRECTION('center_axis',(0.,-1.,0.));
#5661=DIRECTION('ref_axis',(-1.,0.,0.));
#5662=DIRECTION('center_axis',(0.,0.,-1.));
#5663=DIRECTION('ref_axis',(1.,0.,0.));
#5664=DIRECTION('center_axis',(0.,0.,1.));
#5665=DIRECTION('ref_axis',(1.,0.,0.));
#5666=DIRECTION('center_axis',(0.,0.,-1.));
#5667=DIRECTION('ref_axis',(-1.,0.,0.));
#5668=DIRECTION('center_axis',(0.,-1.,0.));
#5669=DIRECTION('ref_axis',(-1.,0.,0.));
#5670=DIRECTION('center_axis',(0.,0.,-1.));
#5671=DIRECTION('ref_axis',(1.,0.,0.));
#5672=DIRECTION('center_axis',(0.,0.,1.));
#5673=DIRECTION('ref_axis',(1.,0.,0.));
#5674=DIRECTION('center_axis',(0.,1.,0.));
#5675=DIRECTION('ref_axis',(0.,0.,-1.));
#5676=DIRECTION('',(-1.,0.,0.));
#5677=DIRECTION('center_axis',(0.,0.,-1.));
#5678=DIRECTION('ref_axis',(-1.,0.,0.));
#5679=DIRECTION('center_axis',(0.,0.,-1.));
#5680=DIRECTION('ref_axis',(-1.,0.,0.));
#5681=DIRECTION('center_axis',(0.,0.,-1.));
#5682=DIRECTION('ref_axis',(-1.,0.,0.));
#5683=DIRECTION('center_axis',(-1.85037170770859E-16,-1.,0.));
#5684=DIRECTION('ref_axis',(1.,-1.85037170770859E-16,0.));
#5685=DIRECTION('center_axis',(0.,0.,1.));
#5686=DIRECTION('ref_axis',(-1.,0.,0.));
#5687=DIRECTION('center_axis',(0.,0.,-1.));
#5688=DIRECTION('ref_axis',(0.,-1.,0.));
#5689=DIRECTION('center_axis',(0.,0.,1.));
#5690=DIRECTION('ref_axis',(-0.707106781186554,0.707106781186541,0.));
#5691=DIRECTION('center_axis',(0.,0.,1.));
#5692=DIRECTION('ref_axis',(0.70710678118656,0.707106781186535,0.));
#5693=DIRECTION('',(1.,0.,0.));
#5694=DIRECTION('center_axis',(0.,0.,1.));
#5695=DIRECTION('ref_axis',(-1.,0.,0.));
#5696=DIRECTION('center_axis',(0.,0.,1.));
#5697=DIRECTION('ref_axis',(-1.,0.,0.));
#5698=DIRECTION('center_axis',(0.,0.,1.));
#5699=DIRECTION('ref_axis',(-1.,0.,0.));
#5700=DIRECTION('center_axis',(0.,0.,1.));
#5701=DIRECTION('ref_axis',(1.,0.,0.));
#5702=DIRECTION('center_axis',(0.,0.,1.));
#5703=DIRECTION('ref_axis',(1.,0.,0.));
#5704=DIRECTION('',(0.,0.,-1.));
#5705=DIRECTION('center_axis',(0.,0.,-1.));
#5706=DIRECTION('ref_axis',(-1.,0.,0.));
#5707=DIRECTION('center_axis',(0.,0.,-1.));
#5708=DIRECTION('ref_axis',(-1.,0.,0.));
#5709=DIRECTION('center_axis',(0.,0.,-1.));
#5710=DIRECTION('ref_axis',(-1.,0.,0.));
#5711=DIRECTION('center_axis',(-1.8503717077086E-16,-1.,0.));
#5712=DIRECTION('ref_axis',(1.,-1.8503717077086E-16,0.));
#5713=DIRECTION('center_axis',(0.,0.,1.));
#5714=DIRECTION('ref_axis',(1.,0.,0.));
#5715=DIRECTION('center_axis',(0.,0.,1.));
#5716=DIRECTION('ref_axis',(1.,0.,0.));
#5717=DIRECTION('',(0.,0.,-1.));
#5718=DIRECTION('center_axis',(0.,0.,-1.));
#5719=DIRECTION('ref_axis',(-1.,0.,0.));
#5720=DIRECTION('center_axis',(0.,0.,-1.));
#5721=DIRECTION('ref_axis',(-1.,0.,0.));
#5722=DIRECTION('center_axis',(0.,0.,-1.));
#5723=DIRECTION('ref_axis',(-1.,0.,0.));
#5724=DIRECTION('center_axis',(0.,-1.,0.));
#5725=DIRECTION('ref_axis',(1.,0.,0.));
#5726=DIRECTION('center_axis',(0.,0.,1.));
#5727=DIRECTION('ref_axis',(1.,0.,0.));
#5728=DIRECTION('center_axis',(0.,0.,1.));
#5729=DIRECTION('ref_axis',(1.,0.,0.));
#5730=DIRECTION('',(0.,0.,-1.));
#5731=DIRECTION('center_axis',(0.,0.,-1.));
#5732=DIRECTION('ref_axis',(-1.,0.,0.));
#5733=DIRECTION('center_axis',(0.,0.,-1.));
#5734=DIRECTION('ref_axis',(-1.,0.,0.));
#5735=DIRECTION('center_axis',(0.,0.,-1.));
#5736=DIRECTION('ref_axis',(-1.,0.,0.));
#5737=DIRECTION('center_axis',(0.,-1.,0.));
#5738=DIRECTION('ref_axis',(1.,0.,0.));
#5739=DIRECTION('center_axis',(0.,0.,1.));
#5740=DIRECTION('ref_axis',(1.,0.,0.));
#5741=DIRECTION('center_axis',(0.,0.,1.));
#5742=DIRECTION('ref_axis',(1.,0.,0.));
#5743=DIRECTION('',(0.,0.,-1.));
#5744=DIRECTION('center_axis',(0.,0.,1.));
#5745=DIRECTION('ref_axis',(1.,0.,0.));
#5746=DIRECTION('',(0.,0.,1.));
#5747=DIRECTION('center_axis',(0.,0.,1.));
#5748=DIRECTION('ref_axis',(1.,0.,0.));
#5749=DIRECTION('center_axis',(0.,0.,1.));
#5750=DIRECTION('ref_axis',(1.,0.,0.));
#5751=DIRECTION('center_axis',(0.,0.,-1.));
#5752=DIRECTION('ref_axis',(0.,1.,0.));
#5753=DIRECTION('center_axis',(0.,0.,1.));
#5754=DIRECTION('ref_axis',(1.,0.,0.));
#5755=DIRECTION('',(0.,0.,1.));
#5756=DIRECTION('center_axis',(0.,0.,1.));
#5757=DIRECTION('ref_axis',(1.,0.,0.));
#5758=DIRECTION('center_axis',(0.,0.,1.));
#5759=DIRECTION('ref_axis',(1.,0.,0.));
#5760=DIRECTION('center_axis',(0.,0.,-1.));
#5761=DIRECTION('ref_axis',(0.,1.,0.));
#5762=DIRECTION('center_axis',(0.,0.,-1.));
#5763=DIRECTION('ref_axis',(0.,1.,0.));
#5764=DIRECTION('center_axis',(0.,0.,-1.));
#5765=DIRECTION('ref_axis',(0.,1.,0.));
#5766=DIRECTION('',(0.,0.,-1.));
#5767=DIRECTION('center_axis',(0.,0.,-1.));
#5768=DIRECTION('ref_axis',(0.,1.,0.));
#5769=DIRECTION('center_axis',(0.,0.,-1.));
#5770=DIRECTION('ref_axis',(0.,1.,0.));
#5771=DIRECTION('',(0.,0.,-1.));
#5772=DIRECTION('center_axis',(0.,0.,1.));
#5773=DIRECTION('ref_axis',(-0.707106781186554,0.707106781186541,0.));
#5774=DIRECTION('',(0.,0.,1.));
#5775=DIRECTION('center_axis',(0.,-1.,0.));
#5776=DIRECTION('ref_axis',(0.,0.,1.));
#5777=DIRECTION('',(0.,0.,-1.));
#5778=DIRECTION('center_axis',(0.,0.,1.));
#5779=DIRECTION('ref_axis',(0.70710678118656,0.707106781186535,0.));
#5780=DIRECTION('center_axis',(0.,0.,1.));
#5781=DIRECTION('ref_axis',(1.,0.,0.));
#5782=DIRECTION('center_axis',(0.,0.,1.));
#5783=DIRECTION('ref_axis',(1.,0.,0.));
#5784=DIRECTION('center_axis',(0.,0.,1.));
#5785=DIRECTION('ref_axis',(1.,0.,0.));
#5786=DIRECTION('center_axis',(0.,0.,1.));
#5787=DIRECTION('ref_axis',(1.,0.,0.));
#5788=CARTESIAN_POINT('',(0.,0.,0.));
#5789=CARTESIAN_POINT('Origin',(74.25,28.42481012718,21.));
#5790=CARTESIAN_POINT('',(4.00000005960464,25.7135966104994,22.2842590342171));
#5791=CARTESIAN_POINT('',(4.00000005960464,28.42481012718,24.));
#5792=CARTESIAN_POINT('Origin',(4.00000005960464,28.42481012718,21.));
#5793=CARTESIAN_POINT('',(0.,28.42481012718,24.));
#5794=CARTESIAN_POINT('',(74.25,28.42481012718,24.));
#5795=CARTESIAN_POINT('',(0.,25.7135966104994,22.2842590342171));
#5796=CARTESIAN_POINT('Origin',(0.,28.42481012718,21.));
#5797=CARTESIAN_POINT('',(74.25,25.7135966104994,22.2842590342171));
#5798=CARTESIAN_POINT('Origin',(4.00000005960464,49.5000014156103,12.));
#5799=CARTESIAN_POINT('',(4.00000005960464,18.8127196307147,7.71574096578287));
#5800=CARTESIAN_POINT('',(4.00000005960464,26.3101039309792,23.5435522663411));
#5801=CARTESIAN_POINT('',(4.00000005960464,16.1015061140341,6.00000008940697));
#5802=CARTESIAN_POINT('Origin',(4.00000005960464,16.1015061140341,9.));
#5803=CARTESIAN_POINT('',(4.00000005960464,4.00000141561032,6.));
#5804=CARTESIAN_POINT('',(4.00000005960464,33.7500008419156,6.00000008940697));
#5805=CARTESIAN_POINT('',(4.00000005960464,4.00000141561032,2.));
#5806=CARTESIAN_POINT('',(4.00000005960464,4.00000141561032,12.));
#5807=CARTESIAN_POINT('',(4.00000005960464,94.0000014156103,2.));
#5808=CARTESIAN_POINT('',(4.00000005960464,49.5000014156103,2.));
#5809=CARTESIAN_POINT('',(4.00000005960464,94.0000014156103,24.));
#5810=CARTESIAN_POINT('',(4.00000005960464,94.0000014156103,12.));
#5811=CARTESIAN_POINT('',(4.00000005960464,56.000000834465,24.));
#5812=CARTESIAN_POINT('',(4.00000005960464,49.5000007078052,24.));
#5813=CARTESIAN_POINT('',(4.00000005960464,49.5000007078052,24.));
#5814=CARTESIAN_POINT('Origin',(99.,26.5263160153439,24.));
#5815=CARTESIAN_POINT('',(0.,18.8127196307147,7.71574096578287));
#5816=CARTESIAN_POINT('',(0.,26.1166648872411,23.135180951783));
#5817=CARTESIAN_POINT('',(74.2499989382923,18.8127196307147,7.71574096578287));
#5818=CARTESIAN_POINT('Origin',(74.2499989382923,16.1015061140341,9.));
#5819=CARTESIAN_POINT('',(0.,16.1015061140341,6.00000008940697));
#5820=CARTESIAN_POINT('Origin',(0.,16.1015061140341,9.));
#5821=CARTESIAN_POINT('',(74.2499989382923,16.1015061140341,6.));
#5822=CARTESIAN_POINT('Origin',(74.25,28.42481012718,21.));
#5823=CARTESIAN_POINT('',(99.,25.7135966104994,22.2842590342171));
#5824=CARTESIAN_POINT('',(99.,28.42481012718,24.));
#5825=CARTESIAN_POINT('Origin',(99.,28.42481012718,21.));
#5826=CARTESIAN_POINT('',(95.0000000596046,28.42481012718,24.));
#5827=CARTESIAN_POINT('',(74.25,28.42481012718,24.));
#5828=CARTESIAN_POINT('',(95.0000000596046,25.7135966104994,22.2842590342171));
#5829=CARTESIAN_POINT('Origin',(95.0000000596046,28.42481012718,21.));
#5830=CARTESIAN_POINT('',(74.25,25.7135966104994,22.2842590342171));
#5831=CARTESIAN_POINT('Origin',(95.0000000596046,49.5000014156103,12.));
#5832=CARTESIAN_POINT('',(95.0000000596046,32.0000008791685,24.));
#5833=CARTESIAN_POINT('',(95.0000000596046,49.5000007078052,24.));
#5834=CARTESIAN_POINT('',(95.0000000596046,56.000000834465,24.));
#5835=CARTESIAN_POINT('',(94.9999977871776,45.4999992847443,24.));
#5836=CARTESIAN_POINT('',(95.0000000596046,59.0000008791685,24.));
#5837=CARTESIAN_POINT('',(94.9999977871776,45.4999992847443,24.));
#5838=CARTESIAN_POINT('',(95.0000000596046,94.0000014156103,24.));
#5839=CARTESIAN_POINT('',(95.0000000596046,49.5000007078052,24.));
#5840=CARTESIAN_POINT('',(95.0000000596046,94.0000014156103,2.));
#5841=CARTESIAN_POINT('',(95.0000000596046,94.0000014156103,12.));
#5842=CARTESIAN_POINT('',(95.0000000596046,4.00000141561032,2.));
#5843=CARTESIAN_POINT('',(95.0000000596046,49.5000014156103,2.));
#5844=CARTESIAN_POINT('',(95.0000000596046,4.00000141561032,6.00000000000001));
#5845=CARTESIAN_POINT('',(95.0000000596046,4.00000141561032,22.));
#5846=CARTESIAN_POINT('',(95.0000000596046,16.1015061140341,6.00000008940697));
#5847=CARTESIAN_POINT('',(95.0000000596046,33.7500008419156,6.00000008940697));
#5848=CARTESIAN_POINT('',(95.0000000596046,18.8127196307147,7.71574096578287));
#5849=CARTESIAN_POINT('Origin',(95.0000000596046,16.1015061140341,9.));
#5850=CARTESIAN_POINT('',(95.0000000596046,26.3101039309792,23.5435522663411));
#5851=CARTESIAN_POINT('',(95.0000000596046,32.0000008791685,11.));
#5852=CARTESIAN_POINT('',(95.0000000596046,32.0000008791685,6.));
#5853=CARTESIAN_POINT('',(95.0000000596046,32.0000008791685,13.25));
#5854=CARTESIAN_POINT('',(95.0000000596046,33.0000008791685,5.));
#5855=CARTESIAN_POINT('Origin',(95.0000000596046,33.0000008791685,6.));
#5856=CARTESIAN_POINT('',(95.0000000596046,58.0000008791685,5.));
#5857=CARTESIAN_POINT('',(95.0000000596046,47.5000011473894,5.));
#5858=CARTESIAN_POINT('',(95.0000000596046,59.0000008791685,6.));
#5859=CARTESIAN_POINT('Origin',(95.0000000596046,58.0000008791685,6.));
#5860=CARTESIAN_POINT('',(95.0000000596046,59.0000008791685,11.));
#5861=CARTESIAN_POINT('',(95.0000000596046,59.0000008791685,13.25));
#5862=CARTESIAN_POINT('',(94.9999977871776,58.0000008791685,12.));
#5863=CARTESIAN_POINT('Origin',(95.0000000596046,58.0000008791685,11.));
#5864=CARTESIAN_POINT('',(94.9999977871776,33.0000008791685,12.));
#5865=CARTESIAN_POINT('',(94.9999977871776,45.4999992847443,12.));
#5866=CARTESIAN_POINT('Origin',(95.0000000596046,33.0000008791685,11.));
#5867=CARTESIAN_POINT('Origin',(49.5,49.5,24.));
#5868=CARTESIAN_POINT('',(99.,32.0000008791685,24.));
#5869=CARTESIAN_POINT('',(99.,49.5,24.));
#5870=CARTESIAN_POINT('',(99.,56.000000834465,24.));
#5871=CARTESIAN_POINT('',(98.9999977871776,45.4999992847443,24.));
#5872=CARTESIAN_POINT('',(49.7499999031425,56.000000834465,24.));
#5873=CARTESIAN_POINT('Origin',(74.2499989382923,16.1015061140341,9.));
#5874=CARTESIAN_POINT('',(99.,16.1015061140341,6.00000008940697));
#5875=CARTESIAN_POINT('',(74.2499989382923,16.1015061140341,6.));
#5876=CARTESIAN_POINT('',(99.,18.8127196307147,7.71574096578287));
#5877=CARTESIAN_POINT('Origin',(99.,16.1015061140341,9.));
#5878=CARTESIAN_POINT('',(74.2499989382923,18.8127196307147,7.71574096578287));
#5879=CARTESIAN_POINT('Origin',(49.4999978765845,2.00000000223517,6.));
#5880=CARTESIAN_POINT('',(-3.60822483003176E-15,0.999999999999996,6.00000008940697));
#5881=CARTESIAN_POINT('',(0.,33.7500001341105,6.00000008940697));
#5882=CARTESIAN_POINT('',(0.999999999999996,0.,6.00000008940697));
#5883=CARTESIAN_POINT('Origin',(0.999999999999996,1.,6.00000008940697));
#5884=CARTESIAN_POINT('',(98.,0.,6.00000008940697));
#5885=CARTESIAN_POINT('',(49.4999989382923,0.,6.00000000000001));
#5886=CARTESIAN_POINT('',(99.,0.999999999999996,6.00000008940697));
#5887=CARTESIAN_POINT('Origin',(98.,0.999999999999996,6.00000008940697));
#5888=CARTESIAN_POINT('',(99.,33.7500001341105,6.00000008940697));
#5889=CARTESIAN_POINT('',(49.4999989680946,4.00000141561032,6.00000000000001));
#5890=CARTESIAN_POINT('Origin',(98.,0.999999999999996,11.));
#5891=CARTESIAN_POINT('',(98.,0.,0.));
#5892=CARTESIAN_POINT('',(98.,0.,11.));
#5893=CARTESIAN_POINT('',(99.,0.999999999999996,0.));
#5894=CARTESIAN_POINT('Origin',(98.,0.999999999999996,0.));
#5895=CARTESIAN_POINT('',(99.,0.999999999999996,11.));
#5896=CARTESIAN_POINT('Origin',(0.999999999999996,1.,11.));
#5897=CARTESIAN_POINT('',(0.,1.00000000000001,0.));
#5898=CARTESIAN_POINT('',(0.,1.,11.));
#5899=CARTESIAN_POINT('',(0.999999999999996,0.,0.));
#5900=CARTESIAN_POINT('Origin',(0.999999999999996,1.,0.));
#5901=CARTESIAN_POINT('',(0.999999999999996,0.,11.));
#5902=CARTESIAN_POINT('Origin',(49.5,0.,11.));
#5903=CARTESIAN_POINT('',(49.5,0.,0.));
#5904=CARTESIAN_POINT('Origin',(99.,26.5263160153439,24.));
#5905=CARTESIAN_POINT('',(99.,26.1166648872411,23.135180951783));
#5906=CARTESIAN_POINT('Origin',(0.,49.5,11.));
#5907=CARTESIAN_POINT('',(0.,56.000000834465,24.));
#5908=CARTESIAN_POINT('',(0.,49.5,24.));
#5909=CARTESIAN_POINT('',(0.,56.,14.0000002086163));
#5910=CARTESIAN_POINT('',(0.,56.,15.0000000521541));
#5911=CARTESIAN_POINT('',(5.55111512312578E-16,98.,14.0000002086163));
#5912=CARTESIAN_POINT('',(5.55111512312578E-16,74.25,14.0000002086163));
#5913=CARTESIAN_POINT('',(0.,98.,0.));
#5914=CARTESIAN_POINT('',(0.,98.,11.));
#5915=CARTESIAN_POINT('',(0.,49.5,0.));
#5916=CARTESIAN_POINT('Origin',(49.5,49.5,24.));
#5917=CARTESIAN_POINT('',(49.7499999031425,56.000000834465,24.));
#5918=CARTESIAN_POINT('Origin',(49.5815004172325,57.7000008642674,26.5));
#5919=CARTESIAN_POINT('',(71.0000004172325,57.7000008642674,26.));
#5920=CARTESIAN_POINT('',(71.0000004172325,57.7000008642674,27.));
#5921=CARTESIAN_POINT('',(71.0000004172325,57.7000008642674,26.5));
#5922=CARTESIAN_POINT('',(28.0000004172325,57.7000008642674,26.));
#5923=CARTESIAN_POINT('',(49.5815004172325,57.7000008642674,26.));
#5924=CARTESIAN_POINT('',(28.0000004172325,57.7000008642674,27.));
#5925=CARTESIAN_POINT('',(28.0000004172325,57.7000008642674,26.5));
#5926=CARTESIAN_POINT('',(49.5407504172325,57.7000008642674,27.));
#5927=CARTESIAN_POINT('Origin',(71.0000004172325,57.0000008642673,26.5));
#5928=CARTESIAN_POINT('',(71.0000004172325,57.000000834465,27.));
#5929=CARTESIAN_POINT('',(71.0000004172325,57.0000008642673,27.));
#5930=CARTESIAN_POINT('',(71.0000004172325,56.0000008642674,26.));
#5931=CARTESIAN_POINT('Origin',(71.0000004172325,57.000000834465,26.));
#5932=CARTESIAN_POINT('',(71.0000004172325,77.0000008493662,26.));
#5933=CARTESIAN_POINT('Origin',(49.5000004172325,57.0000008642673,27.));
#5934=CARTESIAN_POINT('',(28.0000004172325,57.000000834465,27.));
#5935=CARTESIAN_POINT('',(28.0000004172325,57.0000008642673,27.));
#5936=CARTESIAN_POINT('',(49.7500001117587,57.000000834465,27.));
#5937=CARTESIAN_POINT('Origin',(28.0000004172325,57.0000008642673,26.5));
#5938=CARTESIAN_POINT('',(28.0000004172325,56.0000008642674,26.));
#5939=CARTESIAN_POINT('',(28.0000004172325,77.0000008493662,26.));
#5940=CARTESIAN_POINT('Origin',(28.0000004172325,57.000000834465,26.));
#5941=CARTESIAN_POINT('Origin',(49.7500001117587,57.000000834465,26.));
#5942=CARTESIAN_POINT('',(49.7500001117587,56.000000834465,26.));
#5943=CARTESIAN_POINT('Origin',(49.9999998062849,97.000000834465,26.));
#5944=CARTESIAN_POINT('',(111.000001639128,56.000000834465,26.));
#5945=CARTESIAN_POINT('',(49.9999998062849,56.000000834465,26.));
#5946=CARTESIAN_POINT('',(110.000001639128,57.000000834465,26.));
#5947=CARTESIAN_POINT('Origin',(111.000001639128,57.000000834465,26.));
#5948=CARTESIAN_POINT('',(110.000001639128,58.000000834465,26.));
#5949=CARTESIAN_POINT('',(110.000001639128,77.000000834465,26.));
#5950=CARTESIAN_POINT('',(111.000001639128,58.000000834465,26.));
#5951=CARTESIAN_POINT('',(80.2500007227063,58.000000834465,26.));
#5952=CARTESIAN_POINT('',(110.999999806285,136.000000834465,26.));
#5953=CARTESIAN_POINT('',(110.999999806285,96.500000834465,26.));
#5954=CARTESIAN_POINT('',(-11.0000001937151,136.000000834465,26.));
#5955=CARTESIAN_POINT('',(49.9999998062849,136.000000834465,26.));
#5956=CARTESIAN_POINT('',(-11.0000001490116,58.000000834465,26.0000003874302));
#5957=CARTESIAN_POINT('',(-11.0000001937151,96.500000834465,26.));
#5958=CARTESIAN_POINT('',(-10.0000001490116,58.000000834465,26.0000003874302));
#5959=CARTESIAN_POINT('',(19.7499998286366,58.000000834465,26.));
#5960=CARTESIAN_POINT('',(-10.0000001490116,57.000000834465,26.));
#5961=CARTESIAN_POINT('',(-10.0000001490116,77.000000834465,26.));
#5962=CARTESIAN_POINT('',(-11.0000001490116,56.000000834465,26.));
#5963=CARTESIAN_POINT('Origin',(-11.0000001490116,57.000000834465,26.));
#5964=CARTESIAN_POINT('',(49.9999998062849,56.000000834465,26.));
#5965=CARTESIAN_POINT('Origin',(68.000001296401,98.,11.0000000596046));
#5966=CARTESIAN_POINT('',(67.000001296401,98.,11.0000000596046));
#5967=CARTESIAN_POINT('',(66.000001296401,99.,11.0000000596046));
#5968=CARTESIAN_POINT('Origin',(66.000001296401,98.,11.0000000596046));
#5969=CARTESIAN_POINT('',(68.000001296401,99.,13.0000000596046));
#5970=CARTESIAN_POINT('Origin',(68.000001296401,99.,11.0000000596046));
#5971=CARTESIAN_POINT('',(68.000001296401,98.,12.0000000596046));
#5972=CARTESIAN_POINT('Origin',(68.000001296401,98.,13.0000000596046));
#5973=CARTESIAN_POINT('Origin',(68.000001296401,98.,11.0000000596046));
#5974=CARTESIAN_POINT('Origin',(67.7500006482005,98.,13.0000000596046));
#5975=CARTESIAN_POINT('',(86.000001296401,99.,13.0000000596046));
#5976=CARTESIAN_POINT('',(86.000001296401,98.,12.0000000596046));
#5977=CARTESIAN_POINT('Origin',(86.000001296401,98.,13.0000000596046));
#5978=CARTESIAN_POINT('',(67.7500006482005,98.,12.0000000596046));
#5979=CARTESIAN_POINT('',(67.7500006482005,99.,13.0000000596046));
#5980=CARTESIAN_POINT('Origin',(86.000001296401,98.,11.0000000596046));
#5981=CARTESIAN_POINT('',(88.000001296401,99.,11.0000000596046));
#5982=CARTESIAN_POINT('',(87.000001296401,98.,11.0000000596046));
#5983=CARTESIAN_POINT('Origin',(88.000001296401,98.,11.0000000596046));
#5984=CARTESIAN_POINT('Origin',(86.000001296401,98.,11.0000000596046));
#5985=CARTESIAN_POINT('Origin',(86.000001296401,99.,11.0000000596046));
#5986=CARTESIAN_POINT('Origin',(88.000001296401,98.,8.00000002980232));
#5987=CARTESIAN_POINT('',(88.000001296401,99.,5.00000005960464));
#5988=CARTESIAN_POINT('',(87.000001296401,98.,5.00000005960464));
#5989=CARTESIAN_POINT('Origin',(88.000001296401,98.,5.00000005960464));
#5990=CARTESIAN_POINT('',(87.000001296401,98.,8.00000002980232));
#5991=CARTESIAN_POINT('',(88.000001296401,99.,8.00000002980232));
#5992=CARTESIAN_POINT('Origin',(86.000001296401,98.,5.00000005960464));
#5993=CARTESIAN_POINT('',(86.000001296401,99.,3.00000005960464));
#5994=CARTESIAN_POINT('',(86.000001296401,98.,4.00000005960464));
#5995=CARTESIAN_POINT('Origin',(86.000001296401,98.,3.00000005960464));
#5996=CARTESIAN_POINT('Origin',(86.000001296401,98.,5.00000005960464));
#5997=CARTESIAN_POINT('Origin',(86.000001296401,99.,5.00000005960464));
#5998=CARTESIAN_POINT('Origin',(58.7500006482005,98.,3.00000005960464));
#5999=CARTESIAN_POINT('',(68.000001296401,99.,3.00000005960464));
#6000=CARTESIAN_POINT('',(68.000001296401,98.,4.00000005960464));
#6001=CARTESIAN_POINT('Origin',(68.000001296401,98.,3.00000005960464));
#6002=CARTESIAN_POINT('',(58.7500006482005,98.,4.00000005960464));
#6003=CARTESIAN_POINT('',(58.7500006482005,99.,3.00000005960464));
#6004=CARTESIAN_POINT('Origin',(68.000001296401,98.,5.00000005960464));
#6005=CARTESIAN_POINT('',(66.000001296401,99.,5.00000005960464));
#6006=CARTESIAN_POINT('',(67.000001296401,98.,5.00000005960464));
#6007=CARTESIAN_POINT('Origin',(66.000001296401,98.,5.00000005960464));
#6008=CARTESIAN_POINT('Origin',(68.000001296401,98.,5.00000005960464));
#6009=CARTESIAN_POINT('Origin',(68.000001296401,99.,5.00000005960464));
#6010=CARTESIAN_POINT('Origin',(66.000001296401,98.,11.0000000298023));
#6011=CARTESIAN_POINT('',(66.000001296401,99.,11.0000000298023));
#6012=CARTESIAN_POINT('',(67.000001296401,98.,11.0000000298023));
#6013=CARTESIAN_POINT('Origin',(68.000001296401,100.,4.00000005960464));
#6014=CARTESIAN_POINT('',(68.000001296401,95.,4.00000005960464));
#6015=CARTESIAN_POINT('',(68.000001296401,100.,4.00000005960464));
#6016=CARTESIAN_POINT('',(86.000001296401,95.,4.00000005960464));
#6017=CARTESIAN_POINT('',(58.7500006780028,95.0000014156103,4.00000005960464));
#6018=CARTESIAN_POINT('',(86.000001296401,100.,4.00000005960464));
#6019=CARTESIAN_POINT('Origin',(68.000001296401,100.,5.00000005960464));
#6020=CARTESIAN_POINT('',(67.000001296401,95.,5.00000005960464));
#6021=CARTESIAN_POINT('',(67.000001296401,100.,5.00000005960464));
#6022=CARTESIAN_POINT('Origin',(68.000001296401,95.0000014156103,5.00000005960464));
#6023=CARTESIAN_POINT('Origin',(67.000001296401,100.,11.0000000596046));
#6024=CARTESIAN_POINT('',(67.000001296401,95.,11.0000000596046));
#6025=CARTESIAN_POINT('',(67.000001296401,100.,11.0000000596046));
#6026=CARTESIAN_POINT('',(67.000001296401,95.0000014156103,11.5000000298023));
#6027=CARTESIAN_POINT('Origin',(68.000001296401,100.,11.0000000596046));
#6028=CARTESIAN_POINT('',(68.000001296401,95.,12.0000000596046));
#6029=CARTESIAN_POINT('',(68.000001296401,100.,12.0000000596046));
#6030=CARTESIAN_POINT('Origin',(68.000001296401,95.0000014156103,11.0000000596046));
#6031=CARTESIAN_POINT('Origin',(49.5,99.,11.));
#6032=CARTESIAN_POINT('',(107.000001257658,99.,22.));
#6033=CARTESIAN_POINT('',(98.,99.,13.0000003919005));
#6034=CARTESIAN_POINT('',(109.000001624227,99.,24.));
#6035=CARTESIAN_POINT('',(98.,99.,0.));
#6036=CARTESIAN_POINT('',(98.,99.,11.));
#6037=CARTESIAN_POINT('',(1.00000000000001,99.,0.));
#6038=CARTESIAN_POINT('',(49.5,99.,0.));
#6039=CARTESIAN_POINT('',(1.,99.,13.000000244379));
#6040=CARTESIAN_POINT('',(1.,99.,11.));
#6041=CARTESIAN_POINT('',(-8.00000007748604,99.,22.));
#6042=CARTESIAN_POINT('',(-10.0000001490116,99.,24.));
#6043=CARTESIAN_POINT('',(8.00000011920929,99.,22.));
#6044=CARTESIAN_POINT('',(49.7499999031425,99.,22.));
#6045=CARTESIAN_POINT('',(8.00000011920929,99.,21.0000003576279));
#6046=CARTESIAN_POINT('',(8.00000011920929,99.,16.5000001788139));
#6047=CARTESIAN_POINT('',(9.00000011920929,99.,20.0000003576279));
#6048=CARTESIAN_POINT('Origin',(9.00000011920929,99.,21.0000003576279));
#6049=CARTESIAN_POINT('',(13.0000001192093,99.,20.0000003576279));
#6050=CARTESIAN_POINT('',(30.2500000596046,99.,20.0000003576279));
#6051=CARTESIAN_POINT('',(14.0000001192093,99.,21.0000003576279));
#6052=CARTESIAN_POINT('Origin',(13.0000001192093,99.,21.0000003576279));
#6053=CARTESIAN_POINT('',(14.0000001192093,99.,22.));
#6054=CARTESIAN_POINT('',(14.0000001192093,99.,16.5000001788139));
#6055=CARTESIAN_POINT('',(85.0000013560057,99.,22.));
#6056=CARTESIAN_POINT('',(49.7499999031425,99.,22.));
#6057=CARTESIAN_POINT('',(85.0000013560057,99.,21.0000003576279));
#6058=CARTESIAN_POINT('',(85.0000013560057,99.,16.5000001788139));
#6059=CARTESIAN_POINT('',(86.0000013560056,99.,20.0000003576279));
#6060=CARTESIAN_POINT('Origin',(86.0000013560056,99.,21.0000003576279));
#6061=CARTESIAN_POINT('',(90.0000013560057,99.,20.0000003576279));
#6062=CARTESIAN_POINT('',(68.7500006780028,99.,20.0000003576279));
#6063=CARTESIAN_POINT('',(91.0000013560057,99.,21.0000003576279));
#6064=CARTESIAN_POINT('Origin',(90.0000013560057,99.,21.0000003576279));
#6065=CARTESIAN_POINT('',(91.0000013560057,99.,22.));
#6066=CARTESIAN_POINT('',(91.0000013560057,99.,16.5000001788139));
#6067=CARTESIAN_POINT('',(49.7499999031425,99.,22.));
#6068=CARTESIAN_POINT('Origin',(49.5,49.5,0.));
#6069=CARTESIAN_POINT('Origin',(1.,98.,0.));
#6070=CARTESIAN_POINT('',(99.,98.,0.));
#6071=CARTESIAN_POINT('Origin',(98.,98.,0.));
#6072=CARTESIAN_POINT('',(99.,49.5,0.));
#6073=CARTESIAN_POINT('',(86.5000013336539,9.50000014156103,0.));
#6074=CARTESIAN_POINT('Origin',(89.5000013336539,9.50000014156103,0.));
#6075=CARTESIAN_POINT('',(6.50000014156103,9.50000014156103,0.));
#6076=CARTESIAN_POINT('Origin',(9.50000014156103,9.50000014156103,0.));
#6077=CARTESIAN_POINT('Origin',(98.,98.,11.));
#6078=CARTESIAN_POINT('',(99.,98.,14.0000002086162));
#6079=CARTESIAN_POINT('Origin',(98.,98.,13.0000003919005));
#6080=CARTESIAN_POINT('',(99.,98.,11.));
#6081=CARTESIAN_POINT('Origin',(1.,98.,11.));
#6082=CARTESIAN_POINT('Origin',(1.,98.,13.000000244379));
#6083=CARTESIAN_POINT('Origin',(49.7499999031425,101.,22.));
#6084=CARTESIAN_POINT('',(-10.0000001490116,101.,24.));
#6085=CARTESIAN_POINT('Origin',(-8.00000007748604,101.,22.));
#6086=CARTESIAN_POINT('',(6.00000011920929,101.,24.));
#6087=CARTESIAN_POINT('',(49.7499999031425,101.,24.));
#6088=CARTESIAN_POINT('Origin',(6.0000001192093,101.,22.));
#6089=CARTESIAN_POINT('Origin',(6.00000011920929,107.750000417233,22.));
#6090=CARTESIAN_POINT('',(6.0000001192093,138.000000834465,24.));
#6091=CARTESIAN_POINT('',(6.00000011920929,107.750000417233,24.));
#6092=CARTESIAN_POINT('',(8.00000011920929,138.,22.));
#6093=CARTESIAN_POINT('Origin',(6.00000011920929,138.000000834465,22.));
#6094=CARTESIAN_POINT('',(8.00000011920929,107.750000417233,22.));
#6095=CARTESIAN_POINT('Origin',(8.00000011920929,118.5,22.0000003576279));
#6096=CARTESIAN_POINT('',(8.00000011920929,138.,21.0000003576279));
#6097=CARTESIAN_POINT('',(8.00000011920929,138.,22.0000003576279));
#6098=CARTESIAN_POINT('',(8.00000011920929,118.5,21.0000003576279));
#6099=CARTESIAN_POINT('Origin',(16.0000001192093,107.750000417233,22.));
#6100=CARTESIAN_POINT('',(14.0000001192093,138.,22.));
#6101=CARTESIAN_POINT('',(14.0000001192093,107.750000417233,22.));
#6102=CARTESIAN_POINT('',(16.0000001192093,138.000000834465,24.));
#6103=CARTESIAN_POINT('Origin',(16.0000001192093,138.000000834465,22.));
#6104=CARTESIAN_POINT('',(16.0000001192093,101.,24.));
#6105=CARTESIAN_POINT('',(16.0000001192093,107.750000417233,24.));
#6106=CARTESIAN_POINT('Origin',(16.0000001192093,101.,22.));
#6107=CARTESIAN_POINT('Origin',(49.7499999031425,101.,22.));
#6108=CARTESIAN_POINT('',(83.0000013560057,101.,24.));
#6109=CARTESIAN_POINT('',(49.7499999031425,101.,24.));
#6110=CARTESIAN_POINT('Origin',(83.0000013560057,101.,22.));
#6111=CARTESIAN_POINT('Origin',(83.0000013560057,107.750000417233,22.));
#6112=CARTESIAN_POINT('',(83.0000013560057,138.000000834465,24.));
#6113=CARTESIAN_POINT('',(83.0000013560057,107.750000417233,24.));
#6114=CARTESIAN_POINT('',(85.0000013560057,138.,22.));
#6115=CARTESIAN_POINT('Origin',(83.0000013560057,138.000000834465,22.));
#6116=CARTESIAN_POINT('',(85.0000013560057,107.750000417233,22.));
#6117=CARTESIAN_POINT('Origin',(14.0000001192093,118.5,22.0000003576279));
#6118=CARTESIAN_POINT('',(14.0000001192093,138.,21.0000003576279));
#6119=CARTESIAN_POINT('',(14.0000001192093,118.5,21.0000003576279));
#6120=CARTESIAN_POINT('',(14.0000001192093,138.,22.0000003576279));
#6121=CARTESIAN_POINT('Origin',(85.0000013560057,118.5,22.0000003576279));
#6122=CARTESIAN_POINT('',(85.0000013560057,138.,21.0000003576279));
#6123=CARTESIAN_POINT('',(85.0000013560057,138.,22.0000003576279));
#6124=CARTESIAN_POINT('',(85.0000013560057,118.5,21.0000003576279));
#6125=CARTESIAN_POINT('Origin',(93.0000013560057,107.750000417233,22.));
#6126=CARTESIAN_POINT('',(91.0000013560057,138.,22.));
#6127=CARTESIAN_POINT('',(91.0000013560057,107.750000417233,22.));
#6128=CARTESIAN_POINT('',(93.0000013560057,138.000000834465,24.));
#6129=CARTESIAN_POINT('Origin',(93.0000013560057,138.000000834465,22.));
#6130=CARTESIAN_POINT('',(93.0000013560057,101.,24.));
#6131=CARTESIAN_POINT('',(93.0000013560057,107.750000417233,24.));
#6132=CARTESIAN_POINT('Origin',(93.0000013560057,101.,22.));
#6133=CARTESIAN_POINT('Origin',(49.7499999031425,101.,22.));
#6134=CARTESIAN_POINT('',(109.000001624227,101.,24.));
#6135=CARTESIAN_POINT('',(49.7499999031425,101.,24.));
#6136=CARTESIAN_POINT('Origin',(107.000001257658,101.,22.));
#6137=CARTESIAN_POINT('Origin',(91.0000013560057,118.5,22.0000003576279));
#6138=CARTESIAN_POINT('',(91.0000013560057,138.,21.0000003576279));
#6139=CARTESIAN_POINT('',(91.0000013560057,118.5,21.0000003576279));
#6140=CARTESIAN_POINT('',(91.0000013560057,138.,22.0000003576279));
#6141=CARTESIAN_POINT('Origin',(90.0000013560057,118.5,21.0000003576279));
#6142=CARTESIAN_POINT('',(90.0000013560057,138.,20.0000003576279));
#6143=CARTESIAN_POINT('Origin',(90.0000013560057,138.000000834465,21.0000003576279));
#6144=CARTESIAN_POINT('',(90.0000013560057,118.5,20.0000003576279));
#6145=CARTESIAN_POINT('Origin',(49.9999998062849,138.000000834465,25.));
#6146=CARTESIAN_POINT('',(86.0000013560056,138.,20.0000003576279));
#6147=CARTESIAN_POINT('',(88.0000013560057,138.,20.0000003576279));
#6148=CARTESIAN_POINT('Origin',(86.0000013560056,138.000000834465,21.0000003576279));
#6149=CARTESIAN_POINT('',(49.9999998062849,138.000000834465,24.));
#6150=CARTESIAN_POINT('',(13.0000001192093,138.,20.0000003576279));
#6151=CARTESIAN_POINT('Origin',(13.0000001192093,138.000000834465,21.0000003576279));
#6152=CARTESIAN_POINT('',(9.00000011920929,138.,20.0000003576279));
#6153=CARTESIAN_POINT('',(11.0000001192093,138.,20.0000003576279));
#6154=CARTESIAN_POINT('Origin',(9.00000011920929,138.000000834465,21.0000003576279));
#6155=CARTESIAN_POINT('',(-13.0000001937151,138.000000834465,24.));
#6156=CARTESIAN_POINT('',(49.9999998062849,138.000000834465,24.));
#6157=CARTESIAN_POINT('',(-13.0000001937151,138.000000834465,32.));
#6158=CARTESIAN_POINT('',(-13.0000001937151,138.000000834465,29.));
#6159=CARTESIAN_POINT('',(112.999999806285,138.000000834465,32.));
#6160=CARTESIAN_POINT('',(49.9999998062849,138.000000834465,32.));
#6161=CARTESIAN_POINT('',(112.999999806285,138.000000834465,24.));
#6162=CARTESIAN_POINT('',(112.999999806285,138.000000834465,25.));
#6163=CARTESIAN_POINT('',(49.9999998062849,138.000000834465,24.));
#6164=CARTESIAN_POINT('Origin',(88.0000013560057,118.5,20.0000003576279));
#6165=CARTESIAN_POINT('',(86.0000013560056,118.5,20.0000003576279));
#6166=CARTESIAN_POINT('Origin',(86.0000013560056,118.5,21.0000003576279));
#6167=CARTESIAN_POINT('Origin',(13.0000001192093,118.5,21.0000003576279));
#6168=CARTESIAN_POINT('',(13.0000001192093,118.5,20.0000003576279));
#6169=CARTESIAN_POINT('Origin',(9.00000011920929,118.5,21.0000003576279));
#6170=CARTESIAN_POINT('',(9.00000011920929,118.5,20.0000003576279));
#6171=CARTESIAN_POINT('Origin',(11.0000001192093,118.5,20.0000003576279));
#6172=CARTESIAN_POINT('Origin',(49.9999998062849,97.000000834465,24.));
#6173=CARTESIAN_POINT('Origin',(49.9999998062849,97.000000834465,24.));
#6174=CARTESIAN_POINT('',(-10.0000001490116,56.,24.));
#6175=CARTESIAN_POINT('',(-10.0000001490116,98.0000004172325,24.));
#6176=CARTESIAN_POINT('',(-13.0000001937151,56.000000834465,24.));
#6177=CARTESIAN_POINT('',(49.9999998062849,56.000000834465,24.));
#6178=CARTESIAN_POINT('',(-13.0000001937151,97.000000834465,24.));
#6179=CARTESIAN_POINT('Origin',(49.9999998062849,97.000000834465,24.));
#6180=CARTESIAN_POINT('',(112.999999806285,56.000000834465,24.));
#6181=CARTESIAN_POINT('',(112.999999806285,97.000000834465,24.));
#6182=CARTESIAN_POINT('',(49.9999998062849,56.000000834465,24.));
#6183=CARTESIAN_POINT('',(99.,59.0000008791685,24.));
#6184=CARTESIAN_POINT('',(98.9999977871776,45.4999992847443,24.));
#6185=CARTESIAN_POINT('',(99.,63.,24.));
#6186=CARTESIAN_POINT('',(99.,49.5,24.));
#6187=CARTESIAN_POINT('',(109.000001624227,63.,24.));
#6188=CARTESIAN_POINT('',(77.0000003091991,63.,24.));
#6189=CARTESIAN_POINT('',(109.000001624227,98.0000004172325,24.));
#6190=CARTESIAN_POINT('Origin',(-10.0000001490116,99.,24.));
#6191=CARTESIAN_POINT('',(-10.0000001490116,56.,24.));
#6192=CARTESIAN_POINT('Origin',(99.,99.,14.0000002086163));
#6193=CARTESIAN_POINT('',(99.,63.,14.0000002086163));
#6194=CARTESIAN_POINT('',(109.000001624227,63.,24.));
#6195=CARTESIAN_POINT('',(99.,74.25,14.0000002086162));
#6196=CARTESIAN_POINT('Origin',(104.000000812113,63.,19.0000001043081));
#6197=CARTESIAN_POINT('',(99.,63.,15.0000000521541));
#6198=CARTESIAN_POINT('Origin',(99.,49.5,11.));
#6199=CARTESIAN_POINT('',(99.,44.7545929998159,14.1889777034521));
#6200=CARTESIAN_POINT('',(99.,44.3871387094259,14.0000011771917));
#6201=CARTESIAN_POINT('Ctrl Pts',(99.,44.7545929998159,14.1889777034521));
#6202=CARTESIAN_POINT('Ctrl Pts',(99.,44.7052674253615,14.1338601147067));
#6203=CARTESIAN_POINT('Ctrl Pts',(99.,44.6068839609014,14.0239240542871));
#6204=CARTESIAN_POINT('Ctrl Pts',(99.,44.4602541417631,14.0079609919765));
#6205=CARTESIAN_POINT('Ctrl Pts',(99.,44.3871387094259,14.0000011771917));
#6206=CARTESIAN_POINT('',(99.,43.6102362722158,14.0000011771917));
#6207=CARTESIAN_POINT('',(99.,46.943569354713,14.0000011771917));
#6208=CARTESIAN_POINT('',(99.,43.1220468133688,14.1679801791906));
#6209=CARTESIAN_POINT('Ctrl Pts',(99.,43.6102362722158,14.0000011771917));
#6210=CARTESIAN_POINT('Ctrl Pts',(99.,43.5216517462469,14.0070018497254));
#6211=CARTESIAN_POINT('Ctrl Pts',(99.,43.3444738434924,14.0210038942565));
#6212=CARTESIAN_POINT('Ctrl Pts',(99.,43.1961916258599,14.1189864526591));
#6213=CARTESIAN_POINT('Ctrl Pts',(99.,43.1220468133688,14.1679801791906));
#6214=CARTESIAN_POINT('',(99.,42.8333338350058,14.5984258502722));
#6215=CARTESIAN_POINT('Ctrl Pts',(99.,43.1220468133688,14.1679801791906));
#6216=CARTESIAN_POINT('Ctrl Pts',(99.,43.0562166095768,14.227890196994));
#6217=CARTESIAN_POINT('Ctrl Pts',(99.,42.9246153317107,14.3476564204864));
#6218=CARTESIAN_POINT('Ctrl Pts',(99.,42.8637518850637,14.5148610825636));
#6219=CARTESIAN_POINT('Ctrl Pts',(99.,42.8333338350058,14.5984258502722));
#6220=CARTESIAN_POINT('',(99.,42.5498684495687,15.7637812942266));
#6221=CARTESIAN_POINT('',(99.,43.4327406606605,12.1342025506855));
#6222=CARTESIAN_POINT('',(99.,42.4448820203543,15.8372714370489));
#6223=CARTESIAN_POINT('Ctrl Pts',(99.,42.5498684495687,15.7637812942266));
#6224=CARTESIAN_POINT('Ctrl Pts',(99.,42.5398150908446,15.7852097137183));
#6225=CARTESIAN_POINT('Ctrl Pts',(99.,42.5190363321182,15.8294989876541));
#6226=CARTESIAN_POINT('Ctrl Pts',(99.,42.4701274066035,15.8346253537342));
#6227=CARTESIAN_POINT('Ctrl Pts',(99.,42.4448820203543,15.8372714370489));
#6228=CARTESIAN_POINT('',(99.,40.2401574701071,15.8372714370489));
#6229=CARTESIAN_POINT('',(99.,45.9724410101771,15.8372714370489));
#6230=CARTESIAN_POINT('',(99.,40.1456698030233,15.7637812942266));
#6231=CARTESIAN_POINT('Ctrl Pts',(99.,40.2401574701071,15.8372714370489));
#6232=CARTESIAN_POINT('Ctrl Pts',(99.,40.2153229012028,15.8348052928408));
#6233=CARTESIAN_POINT('Ctrl Pts',(99.,40.1678114594862,15.83008726986));
#6234=CARTESIAN_POINT('Ctrl Pts',(99.,40.1528234657211,15.7852038370848));
#6235=CARTESIAN_POINT('Ctrl Pts',(99.,40.1456698030233,15.7637812942266));
#6236=CARTESIAN_POINT('',(99.,39.8517068475485,14.5984258502722));
#6237=CARTESIAN_POINT('',(99.,39.8605862898981,14.6336265661742));
#6238=CARTESIAN_POINT('',(99.,39.5629914849997,14.1679801791906));
#6239=CARTESIAN_POINT('Ctrl Pts',(99.,39.8517068475485,14.5984258502722));
#6240=CARTESIAN_POINT('Ctrl Pts',(99.,39.8212883781825,14.5148610655161));
#6241=CARTESIAN_POINT('Ctrl Pts',(99.,39.7604240553881,14.3476562672589));
#6242=CARTESIAN_POINT('Ctrl Pts',(99.,39.628822078573,14.2278901702585));
#6243=CARTESIAN_POINT('Ctrl Pts',(99.,39.5629914849997,14.1679801791906));
#6244=CARTESIAN_POINT('',(99.,39.0748032182455,14.0000011771917));
#6245=CARTESIAN_POINT('Ctrl Pts',(99.,39.5629914849997,14.1679801791906));
#6246=CARTESIAN_POINT('Ctrl Pts',(99.,39.4888470784404,14.1189864526562));
#6247=CARTESIAN_POINT('Ctrl Pts',(99.,39.3405653768236,14.0210036987815));
#6248=CARTESIAN_POINT('Ctrl Pts',(99.,39.1633877719943,14.0070017938807));
#6249=CARTESIAN_POINT('Ctrl Pts',(99.,39.0748032182455,14.0000011771917));
#6250=CARTESIAN_POINT('',(99.,38.360892161727,14.0000011771917));
#6251=CARTESIAN_POINT('',(99.,44.2874016091228,14.0000011771917));
#6252=CARTESIAN_POINT('',(99.,37.9934384673834,14.1889777034521));
#6253=CARTESIAN_POINT('Ctrl Pts',(99.,38.360892161727,14.0000011771917));
#6254=CARTESIAN_POINT('Ctrl Pts',(99.,38.28777737817,14.0079606674371));
#6255=CARTESIAN_POINT('Ctrl Pts',(99.,38.1411475873593,14.0239232174558));
#6256=CARTESIAN_POINT('Ctrl Pts',(99.,38.0427643525369,14.1338595183214));
#6257=CARTESIAN_POINT('Ctrl Pts',(99.,37.9934384673834,14.1889777034521));
#6258=CARTESIAN_POINT('',(99.,37.8989502042532,14.4514443725348));
#6259=CARTESIAN_POINT('Ctrl Pts',(99.,37.9934384673834,14.1889777034521));
#6260=CARTESIAN_POINT('Ctrl Pts',(99.,37.9658797486512,14.2286833708268));
#6261=CARTESIAN_POINT('Ctrl Pts',(99.,37.910988187822,14.3077692701802));
#6262=CARTESIAN_POINT('Ctrl Pts',(99.,37.9029518423599,14.4036842338634));
#6263=CARTESIAN_POINT('Ctrl Pts',(99.,37.8989502042532,14.4514443725348));
#6264=CARTESIAN_POINT('',(99.,37.9199477285147,14.5879270881414));
#6265=CARTESIAN_POINT('Ctrl Pts',(99.,37.8989502042532,14.4514443725348));
#6266=CARTESIAN_POINT('Ctrl Pts',(99.,37.8999839330429,14.4734245372137));
#6267=CARTESIAN_POINT('Ctrl Pts',(99.,37.9021576554807,14.519644375166));
#6268=CARTESIAN_POINT('Ctrl Pts',(99.,37.9138275390562,14.5644362829406));
#6269=CARTESIAN_POINT('Ctrl Pts',(99.,37.9199477285147,14.5879270881414));
#6270=CARTESIAN_POINT('',(99.,40.040682181716,21.4120747894049));
#6271=CARTESIAN_POINT('',(99.,37.9214774742629,14.5928495389063));
#6272=CARTESIAN_POINT('',(99.,40.3451450914145,21.8372716754675));
#6273=CARTESIAN_POINT('Ctrl Pts',(99.,40.040682181716,21.4120747894049));
#6274=CARTESIAN_POINT('Ctrl Pts',(99.,40.0743093417027,21.4953667555175));
#6275=CARTESIAN_POINT('Ctrl Pts',(99.,40.1414615472838,21.6616977580121));
#6276=CARTESIAN_POINT('Ctrl Pts',(99.,40.2773194403953,21.7788063963787));
#6277=CARTESIAN_POINT('Ctrl Pts',(99.,40.3451450914145,21.8372716754675));
#6278=CARTESIAN_POINT('',(99.,40.8490809053183,22.000001296401));
#6279=CARTESIAN_POINT('Ctrl Pts',(99.,40.3451450914145,21.8372716754675));
#6280=CARTESIAN_POINT('Ctrl Pts',(99.,40.4216848170053,21.8847332861155));
#6281=CARTESIAN_POINT('Ctrl Pts',(99.,40.5761755539723,21.9805316333143));
#6282=CARTESIAN_POINT('Ctrl Pts',(99.,40.7575601337744,21.9934720049137));
#6283=CARTESIAN_POINT('Ctrl Pts',(99.,40.8490809053183,22.000001296401));
#6284=CARTESIAN_POINT('',(99.,41.9094487279654,22.000001296401));
#6285=CARTESIAN_POINT('',(99.,45.1745404526591,22.000001296401));
#6286=CARTESIAN_POINT('',(99.,42.4028869718313,21.8372716754675));
#6287=CARTESIAN_POINT('Ctrl Pts',(99.,41.9094487279654,22.000001296401));
#6288=CARTESIAN_POINT('Ctrl Pts',(99.,41.9982885247303,21.9931927460112));
#6289=CARTESIAN_POINT('Ctrl Pts',(99.,42.1761535021588,21.9795614376842));
#6290=CARTESIAN_POINT('Ctrl Pts',(99.,42.3272566516863,21.8847345413838));
#6291=CARTESIAN_POINT('Ctrl Pts',(99.,42.4028869718313,21.8372716754675));
#6292=CARTESIAN_POINT('',(99.,42.7073486894369,21.4120747894049));
#6293=CARTESIAN_POINT('Ctrl Pts',(99.,42.4028869718313,21.8372716754675));
#6294=CARTESIAN_POINT('Ctrl Pts',(99.,42.4707121483359,21.778806327293));
#6295=CARTESIAN_POINT('Ctrl Pts',(99.,42.6065693070461,21.6616973642894));
#6296=CARTESIAN_POINT('Ctrl Pts',(99.,42.6737214883084,21.4953667121447));
#6297=CARTESIAN_POINT('Ctrl Pts',(99.,42.7073486894369,21.4120747894049));
#6298=CARTESIAN_POINT('',(99.,44.8280843347311,14.5879270881414));
#6299=CARTESIAN_POINT('',(99.,44.4818565277609,15.7020261972369));
#6300=CARTESIAN_POINT('',(99.,44.8490818589926,14.4514443725348));
#6301=CARTESIAN_POINT('Ctrl Pts',(99.,44.8280843347311,14.5879270881414));
#6302=CARTESIAN_POINT('Ctrl Pts',(99.,44.8342039081804,14.5644362509628));
#6303=CARTESIAN_POINT('Ctrl Pts',(99.,44.8458726449408,14.5196441755688));
#6304=CARTESIAN_POINT('Ctrl Pts',(99.,44.8480475602221,14.4734245119972));
#6305=CARTESIAN_POINT('Ctrl Pts',(99.,44.8490818589926,14.4514443725348));
#6306=CARTESIAN_POINT('Ctrl Pts',(99.,44.8490818589926,14.4514443725348));
#6307=CARTESIAN_POINT('Ctrl Pts',(99.,44.8450802537155,14.4036842141301));
#6308=CARTESIAN_POINT('Ctrl Pts',(99.,44.8370439657637,14.3077691103187));
#6309=CARTESIAN_POINT('Ctrl Pts',(99.,44.7821519670371,14.2286833448641));
#6310=CARTESIAN_POINT('Ctrl Pts',(99.,44.7545929998159,14.1889777034521));
#6311=CARTESIAN_POINT('',(99.,50.5918654054403,17.2021009773016));
#6312=CARTESIAN_POINT('',(99.,50.5603679269552,17.1076127141714));
#6313=CARTESIAN_POINT('Ctrl Pts',(99.,50.5918654054403,17.2021009773016));
#6314=CARTESIAN_POINT('Ctrl Pts',(99.,50.57480390568,17.1902901043522));
#6315=CARTESIAN_POINT('Ctrl Pts',(99.,50.5406813452685,17.166668662428));
#6316=CARTESIAN_POINT('Ctrl Pts',(99.,50.5538057893573,17.1272978613748));
#6317=CARTESIAN_POINT('Ctrl Pts',(99.,50.5603679269552,17.1076127141714));
#6318=CARTESIAN_POINT('',(99.,52.0091875642538,14.5354344695807));
#6319=CARTESIAN_POINT('',(99.,51.7384831489335,15.0160325991724));
#6320=CARTESIAN_POINT('',(99.,52.0511826127768,14.356956705451));
#6321=CARTESIAN_POINT('Ctrl Pts',(99.,52.0091875642538,14.5354344695807));
#6322=CARTESIAN_POINT('Ctrl Pts',(99.,52.021435515606,14.5069747954738));
#6323=CARTESIAN_POINT('Ctrl Pts',(99.,52.0459709261079,14.4499636458634));
#6324=CARTESIAN_POINT('Ctrl Pts',(99.,52.0494435199888,14.3879922817591));
#6325=CARTESIAN_POINT('Ctrl Pts',(99.,52.0511826127768,14.356956705451));
#6326=CARTESIAN_POINT('',(99.,51.9986876100302,14.1784789413214));
#6327=CARTESIAN_POINT('Ctrl Pts',(99.,52.0511826127768,14.356956705451));
#6328=CARTESIAN_POINT('Ctrl Pts',(99.,52.0484734908774,14.3276104675029));
#6329=CARTESIAN_POINT('Ctrl Pts',(99.,52.0426735983578,14.2647838276252));
#6330=CARTESIAN_POINT('Ctrl Pts',(99.,52.0139790003672,14.2084821708643));
#6331=CARTESIAN_POINT('Ctrl Pts',(99.,51.9986876100302,14.1784789413214));
#6332=CARTESIAN_POINT('',(99.,51.6942270845175,14.0000011771917));
#6333=CARTESIAN_POINT('Ctrl Pts',(99.,51.9986876100302,14.1784789413214));
#6334=CARTESIAN_POINT('Ctrl Pts',(99.,51.960143899897,14.1264251997512));
#6335=CARTESIAN_POINT('Ctrl Pts',(99.,51.8839291715438,14.0234962974782));
#6336=CARTESIAN_POINT('Ctrl Pts',(99.,51.7569765592478,14.0077728705864));
#6337=CARTESIAN_POINT('Ctrl Pts',(99.,51.6942270845175,14.0000011771917));
#6338=CARTESIAN_POINT('',(99.,50.7808407396078,14.0000011771917));
#6339=CARTESIAN_POINT('',(99.,50.5971135422587,14.0000011771917));
#6340=CARTESIAN_POINT('',(99.,50.2506550401449,14.1469826549292));
#6341=CARTESIAN_POINT('Ctrl Pts',(99.,50.7808407396078,14.0000011771917));
#6342=CARTESIAN_POINT('Ctrl Pts',(99.,50.6877428764994,14.0062090921608));
#6343=CARTESIAN_POINT('Ctrl Pts',(99.,50.5009044309634,14.0186677796549));
#6344=CARTESIAN_POINT('Ctrl Pts',(99.,50.3342625849345,14.1041130533426));
#6345=CARTESIAN_POINT('Ctrl Pts',(99.,50.2506550401449,14.1469826549292));
#6346=CARTESIAN_POINT('',(99.,49.8674543946981,14.5459332317114));
#6347=CARTESIAN_POINT('Ctrl Pts',(99.,50.2506550401449,14.1469826549292));
#6348=CARTESIAN_POINT('Ctrl Pts',(99.,50.1730219514586,14.2003271103629));
#6349=CARTESIAN_POINT('Ctrl Pts',(99.,50.0178449304701,14.3069547587087));
#6350=CARTESIAN_POINT('Ctrl Pts',(99.,49.9175653682048,14.4663042585994));
#6351=CARTESIAN_POINT('Ctrl Pts',(99.,49.8674543946981,14.5459332317114));
#6352=CARTESIAN_POINT('',(99.,48.723097667098,16.7506571859121));
#6353=CARTESIAN_POINT('',(99.,50.553407542256,13.224372131571));
#6354=CARTESIAN_POINT('',(99.,48.6076124757528,16.8136491626501));
#6355=CARTESIAN_POINT('Ctrl Pts',(99.,48.723097667098,16.7506571859121));
#6356=CARTESIAN_POINT('Ctrl Pts',(99.,48.7078980574465,16.769029649042));
#6357=CARTESIAN_POINT('Ctrl Pts',(99.,48.6777676588654,16.8054496394044));
#6358=CARTESIAN_POINT('Ctrl Pts',(99.,48.6308580289492,16.8109322934847));
#6359=CARTESIAN_POINT('Ctrl Pts',(99.,48.6076124757528,16.8136491626501));
#6360=CARTESIAN_POINT('',(99.,47.8412076085806,16.8136491626501));
#6361=CARTESIAN_POINT('',(99.,49.0538062378764,16.8136491626501));
#6362=CARTESIAN_POINT('',(99.,47.7572187036276,16.7401590198278));
#6363=CARTESIAN_POINT('Ctrl Pts',(99.,47.8412076085806,16.8136491626501));
#6364=CARTESIAN_POINT('Ctrl Pts',(99.,47.8167319582675,16.8112942621695));
#6365=CARTESIAN_POINT('Ctrl Pts',(99.,47.7702553346023,16.806822559804));
#6366=CARTESIAN_POINT('Ctrl Pts',(99.,47.7614072058994,16.7615771599271));
#6367=CARTESIAN_POINT('Ctrl Pts',(99.,47.7572187036276,16.7401590198278));
#6368=CARTESIAN_POINT('',(99.,47.7572187036276,14.6194233745337));
#6369=CARTESIAN_POINT('',(99.,47.7572187036276,13.8700795099139));
#6370=CARTESIAN_POINT('',(99.,47.5787409394979,14.1837277263403));
#6371=CARTESIAN_POINT('Ctrl Pts',(99.,47.7572187036276,14.6194233745337));
#6372=CARTESIAN_POINT('Ctrl Pts',(99.,47.7496465747799,14.5381380058604));
#6373=CARTESIAN_POINT('Ctrl Pts',(99.,47.7344323527547,14.3748162146881));
#6374=CARTESIAN_POINT('Ctrl Pts',(99.,47.6307969369977,14.2476188662791));
#6375=CARTESIAN_POINT('Ctrl Pts',(99.,47.5787409394979,14.1837277263403));
#6376=CARTESIAN_POINT('',(99.,47.1377953141928,14.0000011771917));
#6377=CARTESIAN_POINT('Ctrl Pts',(99.,47.5787409394979,14.1837277263403));
#6378=CARTESIAN_POINT('Ctrl Pts',(99.,47.515451647788,14.1301413872948));
#6379=CARTESIAN_POINT('Ctrl Pts',(99.,47.3879963600848,14.0222264134426));
#6380=CARTESIAN_POINT('Ctrl Pts',(99.,47.2215772354832,14.0074434841877));
#6381=CARTESIAN_POINT('Ctrl Pts',(99.,47.1377953141928,14.0000011771917));
#6382=CARTESIAN_POINT('',(99.,46.4553805440664,14.0000011771917));
#6383=CARTESIAN_POINT('',(99.,48.3188976570964,14.0000011771917));
#6384=CARTESIAN_POINT('',(99.,46.0196848958731,14.1837277263403));
#6385=CARTESIAN_POINT('Ctrl Pts',(99.,46.4553805440664,14.0000011771917));
#6386=CARTESIAN_POINT('Ctrl Pts',(99.,46.3739753145638,14.0079171174432));
#6387=CARTESIAN_POINT('Ctrl Pts',(99.,46.2097478638754,14.0238867878837));
#6388=CARTESIAN_POINT('Ctrl Pts',(99.,46.0834025970775,14.1301418160294));
#6389=CARTESIAN_POINT('Ctrl Pts',(99.,46.0196848958731,14.1837277263403));
#6390=CARTESIAN_POINT('',(99.,45.8359583467245,14.6194233745337));
#6391=CARTESIAN_POINT('Ctrl Pts',(99.,46.0196848958731,14.1837277263403));
#6392=CARTESIAN_POINT('Ctrl Pts',(99.,45.9660989855621,14.2474454275447));
#6393=CARTESIAN_POINT('Ctrl Pts',(99.,45.8598439574165,14.3737906943427));
#6394=CARTESIAN_POINT('Ctrl Pts',(99.,45.8438742869759,14.5380181450311));
#6395=CARTESIAN_POINT('Ctrl Pts',(99.,45.8359583467245,14.6194233745337));
#6396=CARTESIAN_POINT('',(99.,45.8359583467245,21.3805785030127));
#6397=CARTESIAN_POINT('',(99.,45.8359583467245,12.8097116872668));
#6398=CARTESIAN_POINT('',(99.,46.0196848958731,21.816274151206));
#6399=CARTESIAN_POINT('Ctrl Pts',(99.,45.8359583467245,21.3805785030127));
#6400=CARTESIAN_POINT('Ctrl Pts',(99.,45.8438742536932,21.4619838477933));
#6401=CARTESIAN_POINT('Ctrl Pts',(99.,45.8598438390212,21.6262113462676));
#6402=CARTESIAN_POINT('Ctrl Pts',(99.,45.9660989852637,21.7525565515093));
#6403=CARTESIAN_POINT('Ctrl Pts',(99.,46.0196848958731,21.816274151206));
#6404=CARTESIAN_POINT('',(99.,46.4553805440664,22.000001296401));
#6405=CARTESIAN_POINT('Ctrl Pts',(99.,46.0196848958731,21.816274151206));
#6406=CARTESIAN_POINT('Ctrl Pts',(99.,46.0834026074376,21.8698600106098));
#6407=CARTESIAN_POINT('Ctrl Pts',(99.,46.2097479247059,21.9761149629805));
#6408=CARTESIAN_POINT('Ctrl Pts',(99.,46.3739753216073,21.9920851153543));
#6409=CARTESIAN_POINT('Ctrl Pts',(99.,46.4553805440664,22.000001296401));
#6410=CARTESIAN_POINT('',(99.,48.7755902856588,22.000001296401));
#6411=CARTESIAN_POINT('',(99.,47.9776902720332,22.000001296401));
#6412=CARTESIAN_POINT('',(99.,51.9041999429464,19.4803162664175));
#6413=CARTESIAN_POINT('Ctrl Pts',(99.,48.7755902856588,22.000001296401));
#6414=CARTESIAN_POINT('Ctrl Pts',(99.,49.6859983387423,21.9361640570697));
#6415=CARTESIAN_POINT('Ctrl Pts',(99.,51.3628041723246,21.8185874880269));
#6416=CARTESIAN_POINT('Ctrl Pts',(99.,51.7343718882625,20.2137982669014));
#6417=CARTESIAN_POINT('Ctrl Pts',(99.,51.9041999429464,19.4803162664175));
#6418=CARTESIAN_POINT('Ctrl Pts',(99.,51.9041999429464,19.4803162664175));
#6419=CARTESIAN_POINT('Ctrl Pts',(99.,51.8563921785427,18.9847808515323));
#6420=CARTESIAN_POINT('Ctrl Pts',(99.,51.7635644575668,18.0226061127549));
#6421=CARTESIAN_POINT('Ctrl Pts',(99.,50.9745330091367,17.4700714373226));
#6422=CARTESIAN_POINT('Ctrl Pts',(99.,50.5918654054403,17.2021009773016));
#6423=CARTESIAN_POINT('',(99.,57.4475058168173,14.2414715141058));
#6424=CARTESIAN_POINT('',(99.,55.8412059396505,14.0000011771917));
#6425=CARTESIAN_POINT('Ctrl Pts',(99.,57.4475058168173,14.2414715141058));
#6426=CARTESIAN_POINT('Ctrl Pts',(99.,57.1962053204969,14.1710783229149));
#6427=CARTESIAN_POINT('Ctrl Pts',(99.,56.6710266739604,14.0239675872963));
#6428=CARTESIAN_POINT('Ctrl Pts',(99.,56.1256284846403,14.0082157072395));
#6429=CARTESIAN_POINT('Ctrl Pts',(99.,55.8412059396505,14.0000011771917));
#6430=CARTESIAN_POINT('',(99.,54.0564306825399,14.0000011771917));
#6431=CARTESIAN_POINT('',(99.,52.6706029698253,14.0000011771917));
#6432=CARTESIAN_POINT('',(99.,53.6207350343466,14.1837277263403));
#6433=CARTESIAN_POINT('Ctrl Pts',(99.,54.0564306825399,14.0000011771917));
#6434=CARTESIAN_POINT('Ctrl Pts',(99.,53.9750249919248,14.0079169843117));
#6435=CARTESIAN_POINT('Ctrl Pts',(99.,53.8107973500921,14.0238863143018));
#6436=CARTESIAN_POINT('Ctrl Pts',(99.,53.6844523295204,14.1301418148359));
#6437=CARTESIAN_POINT('Ctrl Pts',(99.,53.6207350343466,14.1837277263403));
#6438=CARTESIAN_POINT('',(99.,53.4370072931051,14.6194233745337));
#6439=CARTESIAN_POINT('Ctrl Pts',(99.,53.6207350343466,14.1837277263403));
#6440=CARTESIAN_POINT('Ctrl Pts',(99.,53.5671486268436,14.2474453674923));
#6441=CARTESIAN_POINT('Ctrl Pts',(99.,53.4608927587102,14.3737903417404));
#6442=CARTESIAN_POINT('Ctrl Pts',(99.,53.4449231778801,14.5380181042042));
#6443=CARTESIAN_POINT('Ctrl Pts',(99.,53.4370072931051,14.6194233745337));
#6444=CARTESIAN_POINT('',(99.,53.4370072931051,21.3805785030127));
#6445=CARTESIAN_POINT('',(99.,53.4370072931051,12.8097116872668));
#6446=CARTESIAN_POINT('',(99.,53.6207350343466,21.816274151206));
#6447=CARTESIAN_POINT('Ctrl Pts',(99.,53.4370072931051,21.3805785030127));
#6448=CARTESIAN_POINT('Ctrl Pts',(99.,53.4449231445973,21.4619838886204));
#6449=CARTESIAN_POINT('Ctrl Pts',(99.,53.4608926403146,21.6262116988705));
#6450=CARTESIAN_POINT('Ctrl Pts',(99.,53.5671486265452,21.7525566115617));
#6451=CARTESIAN_POINT('Ctrl Pts',(99.,53.6207350343466,21.816274151206));
#6452=CARTESIAN_POINT('',(99.,54.0564306825399,22.000001296401));
#6453=CARTESIAN_POINT('Ctrl Pts',(99.,53.6207350343466,21.816274151206));
#6454=CARTESIAN_POINT('Ctrl Pts',(99.,53.6844523398804,21.8698600118039));
#6455=CARTESIAN_POINT('Ctrl Pts',(99.,53.810797410922,21.9761154365639));
#6456=CARTESIAN_POINT('Ctrl Pts',(99.,53.9750249989682,21.9920852484856));
#6457=CARTESIAN_POINT('Ctrl Pts',(99.,54.0564306825399,22.000001296401));
#6458=CARTESIAN_POINT('',(99.,55.736220702529,22.000001296401));
#6459=CARTESIAN_POINT('',(99.,51.77821534127,22.000001296401));
#6460=CARTESIAN_POINT('',(99.,58.7178476899862,21.0288723558187));
#6461=CARTESIAN_POINT('Ctrl Pts',(99.,55.736220702529,22.000001296401));
#6462=CARTESIAN_POINT('Ctrl Pts',(99.,56.3217510675996,21.9734855765601));
#6463=CARTESIAN_POINT('Ctrl Pts',(99.,57.4094552564285,21.9242289346141));
#6464=CARTESIAN_POINT('Ctrl Pts',(99.,58.3045830079576,21.3116768434845));
#6465=CARTESIAN_POINT('Ctrl Pts',(99.,58.7178476899862,21.0288723558187));
#6466=CARTESIAN_POINT('',(99.,59.7887142747641,18.0419959872961));
#6467=CARTESIAN_POINT('Ctrl Pts',(99.,58.7178476899862,21.0288723558187));
#6468=CARTESIAN_POINT('Ctrl Pts',(99.,59.0294674843133,20.6348630405618));
#6469=CARTESIAN_POINT('Ctrl Pts',(99.,59.7171092502581,19.7654148659776));
#6470=CARTESIAN_POINT('Ctrl Pts',(99.,59.7634007649191,18.6512518468312));
#6471=CARTESIAN_POINT('Ctrl Pts',(99.,59.7887142747641,18.0419959872961));
#6472=CARTESIAN_POINT('',(99.,59.505248889327,16.2414707988501));
#6473=CARTESIAN_POINT('Ctrl Pts',(99.,59.7887142747641,18.0419959872961));
#6474=CARTESIAN_POINT('Ctrl Pts',(99.,59.7795353859636,17.7198830008133));
#6475=CARTESIAN_POINT('Ctrl Pts',(99.,59.76207719525,17.1072260581675));
#6476=CARTESIAN_POINT('Ctrl Pts',(99.,59.5878660702398,16.5199691467179));
#6477=CARTESIAN_POINT('Ctrl Pts',(99.,59.505248889327,16.2414707988501));
#6478=CARTESIAN_POINT('',(99.,58.6916001886129,14.971130117774));
#6479=CARTESIAN_POINT('Ctrl Pts',(99.,59.505248889327,16.2414707988501));
#6480=CARTESIAN_POINT('Ctrl Pts',(99.,59.4040114150194,15.9963159955644));
#6481=CARTESIAN_POINT('Ctrl Pts',(99.,59.2088338922173,15.5236777009451));
#6482=CARTESIAN_POINT('Ctrl Pts',(99.,58.8596597049601,15.1506638158672));
#6483=CARTESIAN_POINT('Ctrl Pts',(99.,58.6916001886129,14.971130117774));
#6484=CARTESIAN_POINT('Ctrl Pts',(99.,58.6916001886129,14.971130117774));
#6485=CARTESIAN_POINT('Ctrl Pts',(99.,58.5058725874306,14.8182292408739));
#6486=CARTESIAN_POINT('Ctrl Pts',(99.,58.1300812666451,14.5088577628933));
#6487=CARTESIAN_POINT('Ctrl Pts',(99.,57.6767744804223,14.3312832527807));
#6488=CARTESIAN_POINT('Ctrl Pts',(99.,57.4475058168173,14.2414715141058));
#6489=CARTESIAN_POINT('',(99.,37.3425193876028,15.0603689998388));
#6490=CARTESIAN_POINT('',(99.,37.1325459331274,14.5984258502722));
#6491=CARTESIAN_POINT('Ctrl Pts',(99.,37.3425193876028,15.0603689998388));
#6492=CARTESIAN_POINT('Ctrl Pts',(99.,37.3340583189212,14.9705011400973));
#6493=CARTESIAN_POINT('Ctrl Pts',(99.,37.3172726666402,14.7922150746323));
#6494=CARTESIAN_POINT('Ctrl Pts',(99.,37.1937868208476,14.662671148745));
#6495=CARTESIAN_POINT('Ctrl Pts',(99.,37.1325459331274,14.5984258502722));
#6496=CARTESIAN_POINT('',(99.,34.9698158353567,13.8530196994543));
#6497=CARTESIAN_POINT('Ctrl Pts',(99.,37.1325459331274,14.5984258502722));
#6498=CARTESIAN_POINT('Ctrl Pts',(99.,36.8108846591571,14.3810310511474));
#6499=CARTESIAN_POINT('Ctrl Pts',(99.,36.1572128223316,13.9392468851326));
#6500=CARTESIAN_POINT('Ctrl Pts',(99.,35.3697705693621,13.8820638788571));
#6501=CARTESIAN_POINT('Ctrl Pts',(99.,34.9698158353567,13.8530196994543));
#6502=CARTESIAN_POINT('',(99.,33.520997390151,14.1154863685369));
#6503=CARTESIAN_POINT('Ctrl Pts',(99.,34.9698158353567,13.8530196994543));
#6504=CARTESIAN_POINT('Ctrl Pts',(99.,34.7174390851276,13.8630992517839));
#6505=CARTESIAN_POINT('Ctrl Pts',(99.,34.222108807702,13.8828820069195));
#6506=CARTESIAN_POINT('Ctrl Pts',(99.,33.7517182738888,14.0389412110481));
#6507=CARTESIAN_POINT('Ctrl Pts',(99.,33.520997390151,14.1154863685369));
#6508=CARTESIAN_POINT('',(99.,32.3293962329626,14.8818912357092));
#6509=CARTESIAN_POINT('Ctrl Pts',(99.,33.520997390151,14.1154863685369));
#6510=CARTESIAN_POINT('Ctrl Pts',(99.,33.3032901812261,14.2131127633587));
#6511=CARTESIAN_POINT('Ctrl Pts',(99.,32.8674821120418,14.4085420779818));
#6512=CARTESIAN_POINT('Ctrl Pts',(99.,32.5088661680504,14.72401319818));
#6513=CARTESIAN_POINT('Ctrl Pts',(99.,32.3293962329626,14.8818912357092));
#6514=CARTESIAN_POINT('',(99.,31.510498598218,16.1784794181585));
#6515=CARTESIAN_POINT('Ctrl Pts',(99.,32.3293962329626,14.8818912357092));
#6516=CARTESIAN_POINT('Ctrl Pts',(99.,32.1635126206358,15.066894751798));
#6517=CARTESIAN_POINT('Ctrl Pts',(99.,31.817669409114,15.4526001825488));
#6518=CARTESIAN_POINT('Ctrl Pts',(99.,31.6156299038835,15.9300422975463));
#6519=CARTESIAN_POINT('Ctrl Pts',(99.,31.510498598218,16.1784794181585));
#6520=CARTESIAN_POINT('',(99.,31.2112861126661,17.9580064862967));
#6521=CARTESIAN_POINT('Ctrl Pts',(99.,31.510498598218,16.1784794181585));
#6522=CARTESIAN_POINT('Ctrl Pts',(99.,31.4232648528627,16.4567463036436));
#6523=CARTESIAN_POINT('Ctrl Pts',(99.,31.2417162932261,17.0358679732291));
#6524=CARTESIAN_POINT('Ctrl Pts',(99.,31.2216898744534,17.6427369332335));
#6525=CARTESIAN_POINT('Ctrl Pts',(99.,31.2112861126661,17.9580064862967));
#6526=CARTESIAN_POINT('',(99.,31.5209973603487,19.7270353883505));
#6527=CARTESIAN_POINT('Ctrl Pts',(99.,31.2112861126661,17.9580064862967));
#6528=CARTESIAN_POINT('Ctrl Pts',(99.,31.2225984022525,18.2689844717579));
#6529=CARTESIAN_POINT('Ctrl Pts',(99.,31.2445746244093,18.8731169280715));
#6530=CARTESIAN_POINT('Ctrl Pts',(99.,31.4306867156346,19.4480499191597));
#6531=CARTESIAN_POINT('Ctrl Pts',(99.,31.5209973603487,19.7270353883505));
#6532=CARTESIAN_POINT('',(99.,32.3608922213316,21.0551192611456));
#6533=CARTESIAN_POINT('Ctrl Pts',(99.,31.5209973603487,19.7270353883505));
#6534=CARTESIAN_POINT('Ctrl Pts',(99.,31.6299360281339,19.9796506508091));
#6535=CARTESIAN_POINT('Ctrl Pts',(99.,31.8400591683794,20.4669001582694));
#6536=CARTESIAN_POINT('Ctrl Pts',(99.,32.1916055879442,20.8639301055118));
#6537=CARTESIAN_POINT('Ctrl Pts',(99.,32.3608922213316,21.0551192611456));
#6538=CARTESIAN_POINT('',(99.,33.5787399858236,21.8635185807943));
#6539=CARTESIAN_POINT('Ctrl Pts',(99.,32.3608922213316,21.0551192611456));
#6540=CARTESIAN_POINT('Ctrl Pts',(99.,32.5440909892449,21.2199986361877));
#6541=CARTESIAN_POINT('Ctrl Pts',(99.,32.9101985781881,21.5494964333109));
#6542=CARTESIAN_POINT('Ctrl Pts',(99.,33.3560105401113,21.7588998121563));
#6543=CARTESIAN_POINT('Ctrl Pts',(99.,33.5787399858236,21.8635185807943));
#6544=CARTESIAN_POINT('',(99.,35.0328084081411,22.1469827741385));
#6545=CARTESIAN_POINT('Ctrl Pts',(99.,33.5787399858236,21.8635185807943));
#6546=CARTESIAN_POINT('Ctrl Pts',(99.,33.8122114552242,21.9461943946042));
#6547=CARTESIAN_POINT('Ctrl Pts',(99.,34.2827790557285,22.1128295703031));
#6548=CARTESIAN_POINT('Ctrl Pts',(99.,34.7815180710383,22.1355400618268));
#6549=CARTESIAN_POINT('Ctrl Pts',(99.,35.0328084081411,22.1469827741385));
#6550=CARTESIAN_POINT('',(99.,36.9855638593435,21.5065630525351));
#6551=CARTESIAN_POINT('Ctrl Pts',(99.,35.0328084081411,22.1469827741385));
#6552=CARTESIAN_POINT('Ctrl Pts',(99.,35.380646865979,22.1193012624797));
#6553=CARTESIAN_POINT('Ctrl Pts',(99.,36.0829791767326,22.063408592735));
#6554=CARTESIAN_POINT('Ctrl Pts',(99.,36.6828076135949,21.6933471498733));
#6555=CARTESIAN_POINT('Ctrl Pts',(99.,36.9855638593435,21.5065630525351));
#6556=CARTESIAN_POINT('',(99.,37.2165348380804,21.0446204990149));
#6557=CARTESIAN_POINT('Ctrl Pts',(99.,36.9855638593435,21.5065630525351));
#6558=CARTESIAN_POINT('Ctrl Pts',(99.,37.0529182644927,21.4467079787777));
#6559=CARTESIAN_POINT('Ctrl Pts',(99.,37.1911518952026,21.3238654691666));
#6560=CARTESIAN_POINT('Ctrl Pts',(99.,37.2079312382553,21.1392711464168));
#6561=CARTESIAN_POINT('Ctrl Pts',(99.,37.2165348380804,21.0446204990149));
#6562=CARTESIAN_POINT('',(99.,37.069553360343,20.6246729940176));
#6563=CARTESIAN_POINT('Ctrl Pts',(99.,37.2165348380804,21.0446204990149));
#6564=CARTESIAN_POINT('Ctrl Pts',(99.,37.2101754020545,20.9690796024415));
#6565=CARTESIAN_POINT('Ctrl Pts',(99.,37.1973314776207,20.8165123679733));
#6566=CARTESIAN_POINT('Ctrl Pts',(99.,37.1124216355116,20.6890331774833));
#6567=CARTESIAN_POINT('Ctrl Pts',(99.,37.069553360343,20.6246729940176));
#6568=CARTESIAN_POINT('',(99.,36.8385823816061,20.3622057288885));
#6569=CARTESIAN_POINT('',(99.,37.3954146553027,20.9949702641215));
#6570=CARTESIAN_POINT('',(99.,36.4291336387396,20.1417335122824));
#6571=CARTESIAN_POINT('Ctrl Pts',(99.,36.8385823816061,20.3622057288885));
#6572=CARTESIAN_POINT('Ctrl Pts',(99.,36.7836172618303,20.3056471141607));
#6573=CARTESIAN_POINT('Ctrl Pts',(99.,36.6705379599372,20.1892895278305));
#6574=CARTESIAN_POINT('Ctrl Pts',(99.,36.5110819369887,20.1578771112301));
#6575=CARTESIAN_POINT('Ctrl Pts',(99.,36.4291336387396,20.1417335122824));
#6576=CARTESIAN_POINT('',(99.,36.3556428998709,20.1417335122824));
#6577=CARTESIAN_POINT('',(99.,42.9645668193698,20.1417335122824));
#6578=CARTESIAN_POINT('',(99.,35.9566929191351,20.257219299674));
#6579=CARTESIAN_POINT('Ctrl Pts',(99.,36.3556428998709,20.1417335122824));
#6580=CARTESIAN_POINT('Ctrl Pts',(99.,36.2841962925565,20.1463563510535));
#6581=CARTESIAN_POINT('Ctrl Pts',(99.,36.1426747574466,20.1555132762604));
#6582=CARTESIAN_POINT('Ctrl Pts',(99.,36.0182849878871,20.223537062508));
#6583=CARTESIAN_POINT('Ctrl Pts',(99.,35.9566929191351,20.257219299674));
#6584=CARTESIAN_POINT('',(99.,35.0643046945333,20.5091878026724));
#6585=CARTESIAN_POINT('Ctrl Pts',(99.,35.9566929191351,20.257219299674));
#6586=CARTESIAN_POINT('Ctrl Pts',(99.,35.8152849400698,20.3307082764102));
#6587=CARTESIAN_POINT('Ctrl Pts',(99.,35.5351293741373,20.476303638167));
#6588=CARTESIAN_POINT('Ctrl Pts',(99.,35.2202495416799,20.498296028665));
#6589=CARTESIAN_POINT('Ctrl Pts',(99.,35.0643046945333,20.5091878026724));
#6590=CARTESIAN_POINT('',(99.,33.7257217615843,19.8320224136114));
#6591=CARTESIAN_POINT('Ctrl Pts',(99.,35.0643046945333,20.5091878026724));
#6592=CARTESIAN_POINT('Ctrl Pts',(99.,34.8070059964699,20.4783591493326));
#6593=CARTESIAN_POINT('Ctrl Pts',(99.,34.27975497609,20.4151857285081));
#6594=CARTESIAN_POINT('Ctrl Pts',(99.,33.9133308004405,20.0294956086104));
#6595=CARTESIAN_POINT('Ctrl Pts',(99.,33.7257217615843,19.8320224136114));
#6596=CARTESIAN_POINT('',(99.,33.1850393861532,18.0209984630346));
#6597=CARTESIAN_POINT('Ctrl Pts',(99.,33.7257217615843,19.8320224136114));
#6598=CARTESIAN_POINT('Ctrl Pts',(99.,33.5682446774101,19.575208373731));
#6599=CARTESIAN_POINT('Ctrl Pts',(99.,33.2285995572721,19.0213142253494));
#6600=CARTESIAN_POINT('Ctrl Pts',(99.,33.2002464975995,18.3702145677526));
#6601=CARTESIAN_POINT('Ctrl Pts',(99.,33.1850393861532,18.0209984630346));
#6602=CARTESIAN_POINT('',(99.,33.6837270110846,16.1679806560278));
#6603=CARTESIAN_POINT('Ctrl Pts',(99.,33.1850393861532,18.0209984630346));
#6604=CARTESIAN_POINT('Ctrl Pts',(99.,33.1967313166066,17.6603246317746));
#6605=CARTESIAN_POINT('Ctrl Pts',(99.,33.2180956793059,17.001274650431));
#6606=CARTESIAN_POINT('Ctrl Pts',(99.,33.5386157804904,16.4276717651133));
#6607=CARTESIAN_POINT('Ctrl Pts',(99.,33.6837270110846,16.1679806560278));
#6608=CARTESIAN_POINT('',(99.,35.0433071702719,15.5013134330511));
#6609=CARTESIAN_POINT('Ctrl Pts',(99.,33.6837270110846,16.1679806560278));
#6610=CARTESIAN_POINT('Ctrl Pts',(99.,33.866436771603,15.9735412386873));
#6611=CARTESIAN_POINT('Ctrl Pts',(99.,34.2354914246495,15.5807939026856));
#6612=CARTESIAN_POINT('Ctrl Pts',(99.,34.7722728500245,15.5279803248232));
#6613=CARTESIAN_POINT('Ctrl Pts',(99.,35.0433071702719,15.5013134330511));
#6614=CARTESIAN_POINT('',(99.,36.1036743968725,15.8372714370489));
#6615=CARTESIAN_POINT('Ctrl Pts',(99.,35.0433071702719,15.5013134330511));
#6616=CARTESIAN_POINT('Ctrl Pts',(99.,35.2284089468564,15.5165355389123));
#6617=CARTESIAN_POINT('Ctrl Pts',(99.,35.6071730808735,15.5476837420837));
#6618=CARTESIAN_POINT('Ctrl Pts',(99.,35.9356989157217,15.7392986204024));
#6619=CARTESIAN_POINT('Ctrl Pts',(99.,36.1036743968725,15.8372714370489));
#6620=CARTESIAN_POINT('',(99.,36.513123139739,15.9632553905249));
#6621=CARTESIAN_POINT('Ctrl Pts',(99.,36.1036743968725,15.8372714370489));
#6622=CARTESIAN_POINT('Ctrl Pts',(99.,36.1659133001204,15.87401430022));
#6623=CARTESIAN_POINT('Ctrl Pts',(99.,36.2922790932444,15.9486146033097));
#6624=CARTESIAN_POINT('Ctrl Pts',(99.,36.4387788571854,15.9583267594895));
#6625=CARTESIAN_POINT('Ctrl Pts',(99.,36.513123139739,15.9632553905249));
#6626=CARTESIAN_POINT('',(99.,36.5551175922155,15.9632553905249));
#6627=CARTESIAN_POINT('',(99.,43.0065615698687,15.9632553905269));
#6628=CARTESIAN_POINT('',(99.,36.9645669311285,15.7637812942266));
#6629=CARTESIAN_POINT('Ctrl Pts',(99.,36.5551175922155,15.9632553905249));
#6630=CARTESIAN_POINT('Ctrl Pts',(99.,36.6347102579672,15.9502092242652));
#6631=CARTESIAN_POINT('Ctrl Pts',(99.,36.7912569111081,15.9245494019062));
#6632=CARTESIAN_POINT('Ctrl Pts',(99.,36.9074497554976,15.8167650757824));
#6633=CARTESIAN_POINT('Ctrl Pts',(99.,36.9645669311285,15.7637812942266));
#6634=CARTESIAN_POINT('',(99.,37.1850391477346,15.5013134330511));
#6635=CARTESIAN_POINT('',(99.,40.7305549655583,11.2804462063626));
#6636=CARTESIAN_POINT('Ctrl Pts',(99.,37.1850391477346,15.5013134330511));
#6637=CARTESIAN_POINT('Ctrl Pts',(99.,37.2309703211715,15.4354241360176));
#6638=CARTESIAN_POINT('Ctrl Pts',(99.,37.3234404243043,15.3027737019848));
#6639=CARTESIAN_POINT('Ctrl Pts',(99.,37.3361319283597,15.1415238367697));
#6640=CARTESIAN_POINT('Ctrl Pts',(99.,37.3425193876028,15.0603689998388));
#6641=CARTESIAN_POINT('',(99.,59.0000008791685,11.));
#6642=CARTESIAN_POINT('',(99.,59.0000008791685,6.));
#6643=CARTESIAN_POINT('',(99.,59.0000008791685,12.75));
#6644=CARTESIAN_POINT('',(99.,58.0000008791685,5.));
#6645=CARTESIAN_POINT('Origin',(99.,58.0000008791685,6.));
#6646=CARTESIAN_POINT('',(99.,33.0000008791685,5.));
#6647=CARTESIAN_POINT('',(99.,47.5000004395843,5.));
#6648=CARTESIAN_POINT('',(99.,32.0000008791685,6.));
#6649=CARTESIAN_POINT('Origin',(99.,33.0000008791685,6.));
#6650=CARTESIAN_POINT('',(99.,32.0000008791685,11.));
#6651=CARTESIAN_POINT('',(99.,32.0000008791685,12.75));
#6652=CARTESIAN_POINT('',(98.9999977871776,33.0000008791685,12.));
#6653=CARTESIAN_POINT('Origin',(99.,33.0000008791685,11.));
#6654=CARTESIAN_POINT('',(98.9999977871776,58.0000008791685,12.));
#6655=CARTESIAN_POINT('',(98.9999977871776,45.4999992847443,12.));
#6656=CARTESIAN_POINT('Origin',(99.,58.0000008791685,11.));
#6657=CARTESIAN_POINT('Origin',(87.000001296401,100.,5.00000005960464));
#6658=CARTESIAN_POINT('',(87.000001296401,95.,5.00000005960464));
#6659=CARTESIAN_POINT('',(87.000001296401,100.,5.00000005960464));
#6660=CARTESIAN_POINT('',(87.000001296401,95.,11.0000000596046));
#6661=CARTESIAN_POINT('',(87.000001296401,95.0000014156103,8.50000002980232));
#6662=CARTESIAN_POINT('',(87.000001296401,100.,11.0000000596046));
#6663=CARTESIAN_POINT('Origin',(86.000001296401,100.,11.0000000596046));
#6664=CARTESIAN_POINT('',(86.000001296401,95.,12.0000000596046));
#6665=CARTESIAN_POINT('Origin',(86.000001296401,95.0000014156103,11.0000000596046));
#6666=CARTESIAN_POINT('',(86.000001296401,100.,12.0000000596046));
#6667=CARTESIAN_POINT('Origin',(86.000001296401,100.,12.0000000596046));
#6668=CARTESIAN_POINT('',(67.7500006780028,95.0000014156103,12.0000000596046));
#6669=CARTESIAN_POINT('Origin',(86.000001296401,100.,5.00000005960464));
#6670=CARTESIAN_POINT('Origin',(86.000001296401,95.0000014156103,5.00000005960464));
#6671=CARTESIAN_POINT('Origin',(111.000001639128,57.000000834465,26.5));
#6672=CARTESIAN_POINT('',(111.000001639128,56.000000834465,30.));
#6673=CARTESIAN_POINT('',(110.000001639128,57.000000834465,30.));
#6674=CARTESIAN_POINT('Origin',(111.000001639128,57.000000834465,30.));
#6675=CARTESIAN_POINT('',(110.000001639128,57.000000834465,26.5));
#6676=CARTESIAN_POINT('',(111.000001639128,56.000000834465,26.5));
#6677=CARTESIAN_POINT('Origin',(110.000001639128,57.000000834465,28.));
#6678=CARTESIAN_POINT('',(110.000001639128,58.000000834465,30.));
#6679=CARTESIAN_POINT('',(110.000001639128,96.000000834465,30.));
#6680=CARTESIAN_POINT('',(110.000001639128,58.000000834465,28.));
#6681=CARTESIAN_POINT('Origin',(110.500001639128,58.000000834465,28.));
#6682=CARTESIAN_POINT('',(111.000001639128,58.000000834465,30.));
#6683=CARTESIAN_POINT('',(80.2500007227063,58.000000834465,30.));
#6684=CARTESIAN_POINT('',(110.999999806285,58.000000834465,28.5));
#6685=CARTESIAN_POINT('Origin',(-11.0000001490116,57.000000834465,26.5000001937151));
#6686=CARTESIAN_POINT('',(-10.0000001490116,57.000000834465,30.));
#6687=CARTESIAN_POINT('',(-10.0000001490116,57.000000834465,26.5000001937151));
#6688=CARTESIAN_POINT('',(-11.0000001490116,56.000000834465,30.));
#6689=CARTESIAN_POINT('Origin',(-11.0000001490116,57.000000834465,30.));
#6690=CARTESIAN_POINT('',(-11.0000001490116,56.000000834465,26.5000001937151));
#6691=CARTESIAN_POINT('Origin',(-10.0000001490116,57.000000834465,28.0000003874302));
#6692=CARTESIAN_POINT('',(-10.0000001490116,58.000000834465,30.0000003874302));
#6693=CARTESIAN_POINT('',(-10.0000001490116,58.000000834465,28.0000003874302));
#6694=CARTESIAN_POINT('',(-10.0000001490116,96.000000834465,30.));
#6695=CARTESIAN_POINT('Origin',(-10.5000001490116,58.000000834465,28.0000003874302));
#6696=CARTESIAN_POINT('',(-11.0000001490116,58.000000834465,30.0000003874302));
#6697=CARTESIAN_POINT('',(-11.0000001937151,58.000000834465,28.5000001937151));
#6698=CARTESIAN_POINT('',(19.7499998286367,58.000000834465,30.));
#6699=CARTESIAN_POINT('Origin',(106.999999806285,95.000000834465,31.));
#6700=CARTESIAN_POINT('',(106.999999806285,56.000000834465,30.));
#6701=CARTESIAN_POINT('',(106.999999806285,56.000000834465,32.));
#6702=CARTESIAN_POINT('',(106.999999806285,56.000000834465,31.));
#6703=CARTESIAN_POINT('',(106.999999806285,134.000000834465,32.));
#6704=CARTESIAN_POINT('',(106.999999806285,95.000000834465,32.));
#6705=CARTESIAN_POINT('',(106.999999806285,134.000000834465,30.));
#6706=CARTESIAN_POINT('',(106.999999806285,134.000000834465,31.));
#6707=CARTESIAN_POINT('',(106.999999806285,95.000000834465,30.));
#6708=CARTESIAN_POINT('Origin',(110.999999806285,96.000000834465,29.));
#6709=CARTESIAN_POINT('',(110.999999806285,136.000000834465,30.));
#6710=CARTESIAN_POINT('',(110.999999806285,115.500000834465,30.));
#6711=CARTESIAN_POINT('',(110.999999806285,136.000000834465,29.));
#6712=CARTESIAN_POINT('Origin',(49.9999998062849,134.000000834465,31.));
#6713=CARTESIAN_POINT('',(-7.00000019371509,134.000000834465,32.));
#6714=CARTESIAN_POINT('',(49.9999998062849,134.000000834465,32.));
#6715=CARTESIAN_POINT('',(-7.00000019371509,134.000000834465,30.));
#6716=CARTESIAN_POINT('',(-7.00000019371509,134.000000834465,31.));
#6717=CARTESIAN_POINT('',(49.9999998062849,134.000000834465,30.));
#6718=CARTESIAN_POINT('Origin',(-7.00000019371509,95.000000834465,31.));
#6719=CARTESIAN_POINT('',(-7.00000019371509,56.000000834465,32.));
#6720=CARTESIAN_POINT('',(-7.00000019371509,95.000000834465,32.));
#6721=CARTESIAN_POINT('',(-7.00000019371509,56.000000834465,30.));
#6722=CARTESIAN_POINT('',(-7.00000019371509,56.000000834465,31.));
#6723=CARTESIAN_POINT('',(-7.00000019371509,95.000000834465,30.));
#6724=CARTESIAN_POINT('Origin',(49.9999998062849,135.000000834465,30.));
#6725=CARTESIAN_POINT('',(108.999999806285,56.000000834465,30.));
#6726=CARTESIAN_POINT('',(-9.00000019371508,56.000000834465,30.));
#6727=CARTESIAN_POINT('',(-11.0000001937151,136.000000834465,30.));
#6728=CARTESIAN_POINT('',(-11.0000001937151,115.500000834465,30.));
#6729=CARTESIAN_POINT('',(49.9999998062849,136.000000834465,30.));
#6730=CARTESIAN_POINT('Origin',(49.9999998062849,136.000000834465,29.));
#6731=CARTESIAN_POINT('',(-11.0000001937151,136.000000834465,29.));
#6732=CARTESIAN_POINT('Origin',(-11.0000001937151,96.000000834465,29.));
#6733=CARTESIAN_POINT('Origin',(49.9999998062849,137.000000834465,32.));
#6734=CARTESIAN_POINT('',(112.999999806285,56.000000834465,32.));
#6735=CARTESIAN_POINT('',(111.999999806285,56.000000834465,32.));
#6736=CARTESIAN_POINT('',(112.999999806285,137.000000834465,32.));
#6737=CARTESIAN_POINT('',(-13.0000001937151,56.000000834465,32.));
#6738=CARTESIAN_POINT('',(-13.0000001937151,96.000000834465,32.));
#6739=CARTESIAN_POINT('',(-12.0000001937151,56.000000834465,32.));
#6740=CARTESIAN_POINT('Origin',(49.9999998062849,97.000000834465,24.));
#6741=CARTESIAN_POINT('',(49.9999998062849,56.000000834465,24.));
#6742=CARTESIAN_POINT('',(5.00000005960464,95.0000014156103,24.));
#6743=CARTESIAN_POINT('Origin',(5.00000005960464,94.0000014156103,24.));
#6744=CARTESIAN_POINT('',(94.0000000596046,95.0000014156103,24.));
#6745=CARTESIAN_POINT('',(49.5000000298023,95.0000014156103,24.));
#6746=CARTESIAN_POINT('Origin',(94.0000000596046,94.0000014156103,24.));
#6747=CARTESIAN_POINT('Origin',(112.999999806285,97.000000834465,25.));
#6748=CARTESIAN_POINT('',(112.999999806285,56.000000834465,29.));
#6749=CARTESIAN_POINT('Origin',(49.9999998062849,56.000000834465,25.));
#6750=CARTESIAN_POINT('',(-13.0000001937151,56.000000834465,29.));
#6751=CARTESIAN_POINT('Origin',(-13.0000001937151,97.000000834465,25.));
#6752=CARTESIAN_POINT('Ctrl Pts',(99.,41.3110240548849,20.5511822551489));
#6753=CARTESIAN_POINT('Ctrl Pts',(98.,41.3110240548849,20.5511822551489));
#6754=CARTESIAN_POINT('Ctrl Pts',(99.,41.1910026261161,20.0409503620423));
#6755=CARTESIAN_POINT('Ctrl Pts',(98.,41.1910026261161,20.0409503620423));
#6756=CARTESIAN_POINT('Ctrl Pts',(99.,40.9908087373782,19.1898914479228));
#6757=CARTESIAN_POINT('Ctrl Pts',(98.,40.9908087373782,19.1898914479228));
#6758=CARTESIAN_POINT('Ctrl Pts',(99.,40.7846576079372,18.3402573556088));
#6759=CARTESIAN_POINT('Ctrl Pts',(98.,40.7846576079372,18.3402573556088));
#6760=CARTESIAN_POINT('Ctrl Pts',(99.,40.7020994275808,18.0000009387732));
#6761=CARTESIAN_POINT('Ctrl Pts',(98.,40.7020994275808,18.0000009387732));
#6762=CARTESIAN_POINT('',(99.,41.3110240548849,20.5511822551489));
#6763=CARTESIAN_POINT('',(99.,40.7020994275808,18.0000009387732));
#6764=CARTESIAN_POINT('Ctrl Pts',(99.,41.3110240548849,20.5511822551489));
#6765=CARTESIAN_POINT('Ctrl Pts',(99.,41.1910026261161,20.0409503620423));
#6766=CARTESIAN_POINT('Ctrl Pts',(99.,40.9908087373782,19.1898914479228));
#6767=CARTESIAN_POINT('Ctrl Pts',(99.,40.7846576079372,18.3402573556088));
#6768=CARTESIAN_POINT('Ctrl Pts',(99.,40.7020994275808,18.0000009387732));
#6769=CARTESIAN_POINT('',(98.,41.3110240548849,20.5511822551489));
#6770=CARTESIAN_POINT('',(99.,41.3110240548849,20.5511822551489));
#6771=CARTESIAN_POINT('',(98.,40.7020994275808,18.0000009387732));
#6772=CARTESIAN_POINT('Ctrl Pts',(98.,41.3110240548849,20.5511822551489));
#6773=CARTESIAN_POINT('Ctrl Pts',(98.,41.1910026261161,20.0409503620423));
#6774=CARTESIAN_POINT('Ctrl Pts',(98.,40.9908087373782,19.1898914479228));
#6775=CARTESIAN_POINT('Ctrl Pts',(98.,40.7846576079372,18.3402573556088));
#6776=CARTESIAN_POINT('Ctrl Pts',(98.,40.7020994275808,18.0000009387732));
#6777=CARTESIAN_POINT('',(99.,40.7020994275808,18.0000009387732));
#6778=CARTESIAN_POINT('Ctrl Pts',(99.,41.3320215791464,20.5721797794104));
#6779=CARTESIAN_POINT('Ctrl Pts',(98.,41.3320215791464,20.5721797794104));
#6780=CARTESIAN_POINT('Ctrl Pts',(99.,41.3258975992564,20.5713048030942));
#6781=CARTESIAN_POINT('Ctrl Pts',(98.,41.3258975992564,20.5713048030942));
#6782=CARTESIAN_POINT('Ctrl Pts',(99.,41.3136493613223,20.56955481072));
#6783=CARTESIAN_POINT('Ctrl Pts',(98.,41.3136493613223,20.56955481072));
#6784=CARTESIAN_POINT('Ctrl Pts',(99.,41.3118991702795,20.5573065330576));
#6785=CARTESIAN_POINT('Ctrl Pts',(98.,41.3118991702795,20.5573065330576));
#6786=CARTESIAN_POINT('Ctrl Pts',(99.,41.3110240548849,20.5511822551489));
#6787=CARTESIAN_POINT('Ctrl Pts',(98.,41.3110240548849,20.5511822551489));
#6788=CARTESIAN_POINT('',(99.,41.3320215791464,20.5721797794104));
#6789=CARTESIAN_POINT('Ctrl Pts',(99.,41.3320215791464,20.5721797794104));
#6790=CARTESIAN_POINT('Ctrl Pts',(99.,41.3258975992564,20.5713048030942));
#6791=CARTESIAN_POINT('Ctrl Pts',(99.,41.3136493613223,20.56955481072));
#6792=CARTESIAN_POINT('Ctrl Pts',(99.,41.3118991702795,20.5573065330576));
#6793=CARTESIAN_POINT('Ctrl Pts',(99.,41.3110240548849,20.5511822551489));
#6794=CARTESIAN_POINT('',(98.,41.3320215791464,20.5721797794104));
#6795=CARTESIAN_POINT('',(99.,41.3320215791464,20.5721797794104));
#6796=CARTESIAN_POINT('Ctrl Pts',(98.,41.3320215791464,20.5721797794104));
#6797=CARTESIAN_POINT('Ctrl Pts',(98.,41.3258975992564,20.5713048030942));
#6798=CARTESIAN_POINT('Ctrl Pts',(98.,41.3136493613223,20.56955481072));
#6799=CARTESIAN_POINT('Ctrl Pts',(98.,41.3118991702795,20.5573065330576));
#6800=CARTESIAN_POINT('Ctrl Pts',(98.,41.3110240548849,20.5511822551489));
#6801=CARTESIAN_POINT('Ctrl Pts',(99.,41.3635166734457,20.5511822551489));
#6802=CARTESIAN_POINT('Ctrl Pts',(98.,41.3635166734457,20.5511822551489));
#6803=CARTESIAN_POINT('Ctrl Pts',(99.,41.3597107375071,20.5573042956894));
#6804=CARTESIAN_POINT('Ctrl Pts',(98.,41.3597107375071,20.5573042956894));
#6805=CARTESIAN_POINT('Ctrl Pts',(99.,41.3523571569838,20.5691329020577));
#6806=CARTESIAN_POINT('Ctrl Pts',(98.,41.3523571569838,20.5691329020577));
#6807=CARTESIAN_POINT('Ctrl Pts',(99.,41.3386394961122,20.5711882176517));
#6808=CARTESIAN_POINT('Ctrl Pts',(98.,41.3386394961122,20.5711882176517));
#6809=CARTESIAN_POINT('Ctrl Pts',(99.,41.3320215791464,20.5721797794104));
#6810=CARTESIAN_POINT('Ctrl Pts',(98.,41.3320215791464,20.5721797794104));
#6811=CARTESIAN_POINT('',(99.,41.3635166734457,20.5511822551489));
#6812=CARTESIAN_POINT('Ctrl Pts',(99.,41.3635166734457,20.5511822551489));
#6813=CARTESIAN_POINT('Ctrl Pts',(99.,41.3597107375071,20.5573042956894));
#6814=CARTESIAN_POINT('Ctrl Pts',(99.,41.3523571569838,20.5691329020577));
#6815=CARTESIAN_POINT('Ctrl Pts',(99.,41.3386394961122,20.5711882176517));
#6816=CARTESIAN_POINT('Ctrl Pts',(99.,41.3320215791464,20.5721797794104));
#6817=CARTESIAN_POINT('',(98.,41.3635166734457,20.5511822551489));
#6818=CARTESIAN_POINT('',(99.,41.3635166734457,20.5511822551489));
#6819=CARTESIAN_POINT('Ctrl Pts',(98.,41.3635166734457,20.5511822551489));
#6820=CARTESIAN_POINT('Ctrl Pts',(98.,41.3597107375071,20.5573042956894));
#6821=CARTESIAN_POINT('Ctrl Pts',(98.,41.3523571569838,20.5691329020577));
#6822=CARTESIAN_POINT('Ctrl Pts',(98.,41.3386394961122,20.5711882176517));
#6823=CARTESIAN_POINT('Ctrl Pts',(98.,41.3320215791464,20.5721797794104));
#6824=CARTESIAN_POINT('Ctrl Pts',(99.,41.6679795831442,19.2965891212225));
#6825=CARTESIAN_POINT('Ctrl Pts',(98.,41.6679795831442,19.2965891212225));
#6826=CARTESIAN_POINT('Ctrl Pts',(99.,41.6079375112701,19.5473244717118));
#6827=CARTESIAN_POINT('Ctrl Pts',(98.,41.6079375112701,19.5473244717118));
#6828=CARTESIAN_POINT('Ctrl Pts',(99.,41.5077202794618,19.9658310614782));
#6829=CARTESIAN_POINT('Ctrl Pts',(98.,41.5077202794618,19.9658310614782));
#6830=CARTESIAN_POINT('Ctrl Pts',(99.,41.4047824633,20.3836761849728));
#6831=CARTESIAN_POINT('Ctrl Pts',(98.,41.4047824633,20.3836761849728));
#6832=CARTESIAN_POINT('Ctrl Pts',(99.,41.3635166734457,20.5511822551489));
#6833=CARTESIAN_POINT('Ctrl Pts',(98.,41.3635166734457,20.5511822551489));
#6834=CARTESIAN_POINT('',(99.,41.6679795831442,19.2965891212225));
#6835=CARTESIAN_POINT('Ctrl Pts',(99.,41.6679795831442,19.2965891212225));
#6836=CARTESIAN_POINT('Ctrl Pts',(99.,41.6079375112701,19.5473244717118));
#6837=CARTESIAN_POINT('Ctrl Pts',(99.,41.5077202794618,19.9658310614782));
#6838=CARTESIAN_POINT('Ctrl Pts',(99.,41.4047824633,20.3836761849728));
#6839=CARTESIAN_POINT('Ctrl Pts',(99.,41.3635166734457,20.5511822551489));
#6840=CARTESIAN_POINT('',(98.,41.6679795831442,19.2965891212225));
#6841=CARTESIAN_POINT('',(99.,41.6679795831442,19.2965891212225));
#6842=CARTESIAN_POINT('Ctrl Pts',(98.,41.6679795831442,19.2965891212225));
#6843=CARTESIAN_POINT('Ctrl Pts',(98.,41.6079375112701,19.5473244717118));
#6844=CARTESIAN_POINT('Ctrl Pts',(98.,41.5077202794618,19.9658310614782));
#6845=CARTESIAN_POINT('Ctrl Pts',(98.,41.4047824633,20.3836761849728));
#6846=CARTESIAN_POINT('Ctrl Pts',(98.,41.3635166734457,20.5511822551489));
#6847=CARTESIAN_POINT('Ctrl Pts',(99.,41.9829400628805,18.0000009387732));
#6848=CARTESIAN_POINT('Ctrl Pts',(98.,41.9829400628805,18.0000009387732));
#6849=CARTESIAN_POINT('Ctrl Pts',(99.,41.9390312158016,18.1780014477327));
#6850=CARTESIAN_POINT('Ctrl Pts',(98.,41.9390312158016,18.1780014477327));
#6851=CARTESIAN_POINT('Ctrl Pts',(99.,41.832509967491,18.6098241366823));
#6852=CARTESIAN_POINT('Ctrl Pts',(98.,41.832509967491,18.6098241366823));
#6853=CARTESIAN_POINT('Ctrl Pts',(99.,41.7288878794377,19.0423522802374));
#6854=CARTESIAN_POINT('Ctrl Pts',(98.,41.7288878794377,19.0423522802374));
#6855=CARTESIAN_POINT('Ctrl Pts',(99.,41.6679795831442,19.2965891212225));
#6856=CARTESIAN_POINT('Ctrl Pts',(98.,41.6679795831442,19.2965891212225));
#6857=CARTESIAN_POINT('',(99.,41.9829400628805,18.0000009387732));
#6858=CARTESIAN_POINT('Ctrl Pts',(99.,41.9829400628805,18.0000009387732));
#6859=CARTESIAN_POINT('Ctrl Pts',(99.,41.9390312158016,18.1780014477327));
#6860=CARTESIAN_POINT('Ctrl Pts',(99.,41.832509967491,18.6098241366823));
#6861=CARTESIAN_POINT('Ctrl Pts',(99.,41.7288878794377,19.0423522802374));
#6862=CARTESIAN_POINT('Ctrl Pts',(99.,41.6679795831442,19.2965891212225));
#6863=CARTESIAN_POINT('',(98.,41.9829400628805,18.0000009387732));
#6864=CARTESIAN_POINT('',(99.,41.9829400628805,18.0000009387732));
#6865=CARTESIAN_POINT('Ctrl Pts',(98.,41.9829400628805,18.0000009387732));
#6866=CARTESIAN_POINT('Ctrl Pts',(98.,41.9390312158016,18.1780014477327));
#6867=CARTESIAN_POINT('Ctrl Pts',(98.,41.832509967491,18.6098241366823));
#6868=CARTESIAN_POINT('Ctrl Pts',(98.,41.7288878794377,19.0423522802374));
#6869=CARTESIAN_POINT('Ctrl Pts',(98.,41.6679795831442,19.2965891212225));
#6870=CARTESIAN_POINT('Origin',(99.,42.1404203027487,17.4015762656927));
#6871=CARTESIAN_POINT('',(99.,42.1404203027487,17.4015762656927));
#6872=CARTESIAN_POINT('',(99.,43.1665078489812,13.5024451434633));
#6873=CARTESIAN_POINT('',(98.,42.1404203027487,17.4015762656927));
#6874=CARTESIAN_POINT('',(99.,42.1404203027487,17.4015762656927));
#6875=CARTESIAN_POINT('',(98.,42.1404203027487,17.4015762656927));
#6876=CARTESIAN_POINT('Ctrl Pts',(99.,42.1299215406179,17.3438330739737));
#6877=CARTESIAN_POINT('Ctrl Pts',(98.,42.1299215406179,17.3438330739737));
#6878=CARTESIAN_POINT('Ctrl Pts',(99.,42.1356150597946,17.3527811165067));
#6879=CARTESIAN_POINT('Ctrl Pts',(98.,42.1356150597946,17.3527811165067));
#6880=CARTESIAN_POINT('Ctrl Pts',(99.,42.1469597735992,17.3706106835108));
#6881=CARTESIAN_POINT('Ctrl Pts',(98.,42.1469597735992,17.3706106835108));
#6882=CARTESIAN_POINT('Ctrl Pts',(99.,42.1425946979972,17.3912801092753));
#6883=CARTESIAN_POINT('Ctrl Pts',(98.,42.1425946979972,17.3912801092753));
#6884=CARTESIAN_POINT('Ctrl Pts',(99.,42.1404203027487,17.4015762656927));
#6885=CARTESIAN_POINT('Ctrl Pts',(98.,42.1404203027487,17.4015762656927));
#6886=CARTESIAN_POINT('',(99.,42.1299215406179,17.3438330739737));
#6887=CARTESIAN_POINT('Ctrl Pts',(99.,42.1299215406179,17.3438330739737));
#6888=CARTESIAN_POINT('Ctrl Pts',(99.,42.1356150597946,17.3527811165067));
#6889=CARTESIAN_POINT('Ctrl Pts',(99.,42.1469597735992,17.3706106835108));
#6890=CARTESIAN_POINT('Ctrl Pts',(99.,42.1425946979972,17.3912801092753));
#6891=CARTESIAN_POINT('Ctrl Pts',(99.,42.1404203027487,17.4015762656927));
#6892=CARTESIAN_POINT('',(98.,42.1299215406179,17.3438330739737));
#6893=CARTESIAN_POINT('',(99.,42.1299215406179,17.3438330739737));
#6894=CARTESIAN_POINT('Ctrl Pts',(98.,42.1299215406179,17.3438330739737));
#6895=CARTESIAN_POINT('Ctrl Pts',(98.,42.1356150597946,17.3527811165067));
#6896=CARTESIAN_POINT('Ctrl Pts',(98.,42.1469597735992,17.3706106835108));
#6897=CARTESIAN_POINT('Ctrl Pts',(98.,42.1425946979972,17.3912801092753));
#6898=CARTESIAN_POINT('Ctrl Pts',(98.,42.1404203027487,17.4015762656927));
#6899=CARTESIAN_POINT('Ctrl Pts',(99.,42.0774277299643,17.3175861686468));
#6900=CARTESIAN_POINT('Ctrl Pts',(98.,42.0774277299643,17.3175861686468));
#6901=CARTESIAN_POINT('Ctrl Pts',(99.,42.0875523323405,17.3187603103327));
#6902=CARTESIAN_POINT('Ctrl Pts',(98.,42.0875523323405,17.3187603103327));
#6903=CARTESIAN_POINT('Ctrl Pts',(99.,42.1081919745413,17.3211538724093));
#6904=CARTESIAN_POINT('Ctrl Pts',(98.,42.1081919745413,17.3211538724093));
#6905=CARTESIAN_POINT('Ctrl Pts',(99.,42.1225875786638,17.3361785998421));
#6906=CARTESIAN_POINT('Ctrl Pts',(98.,42.1225875786638,17.3361785998421));
#6907=CARTESIAN_POINT('Ctrl Pts',(99.,42.1299215406179,17.3438330739737));
#6908=CARTESIAN_POINT('Ctrl Pts',(98.,42.1299215406179,17.3438330739737));
#6909=CARTESIAN_POINT('',(99.,42.0774277299643,17.3175861686468));
#6910=CARTESIAN_POINT('Ctrl Pts',(99.,42.0774277299643,17.3175861686468));
#6911=CARTESIAN_POINT('Ctrl Pts',(99.,42.0875523323405,17.3187603103327));
#6912=CARTESIAN_POINT('Ctrl Pts',(99.,42.1081919745413,17.3211538724093));
#6913=CARTESIAN_POINT('Ctrl Pts',(99.,42.1225875786638,17.3361785998421));
#6914=CARTESIAN_POINT('Ctrl Pts',(99.,42.1299215406179,17.3438330739737));
#6915=CARTESIAN_POINT('',(98.,42.0774277299643,17.3175861686468));
#6916=CARTESIAN_POINT('',(99.,42.0774277299643,17.3175861686468));
#6917=CARTESIAN_POINT('Ctrl Pts',(98.,42.0774277299643,17.3175861686468));
#6918=CARTESIAN_POINT('Ctrl Pts',(98.,42.0875523323405,17.3187603103327));
#6919=CARTESIAN_POINT('Ctrl Pts',(98.,42.1081919745413,17.3211538724093));
#6920=CARTESIAN_POINT('Ctrl Pts',(98.,42.1225875786638,17.3361785998421));
#6921=CARTESIAN_POINT('Ctrl Pts',(98.,42.1299215406179,17.3438330739737));
#6922=CARTESIAN_POINT('Origin',(99.,40.6076117604971,17.3175861686468));
#6923=CARTESIAN_POINT('',(99.,40.6076117604971,17.3175861686468));
#6924=CARTESIAN_POINT('',(99.,45.0538058802485,17.3175861686468));
#6925=CARTESIAN_POINT('',(98.,40.6076117604971,17.3175861686468));
#6926=CARTESIAN_POINT('',(99.,40.6076117604971,17.3175861686468));
#6927=CARTESIAN_POINT('',(98.,40.6076117604971,17.3175861686468));
#6928=CARTESIAN_POINT('Ctrl Pts',(99.,40.5551179498434,17.3438330739737));
#6929=CARTESIAN_POINT('Ctrl Pts',(98.,40.5551179498434,17.3438330739737));
#6930=CARTESIAN_POINT('Ctrl Pts',(99.,40.5624519117975,17.3361785998421));
#6931=CARTESIAN_POINT('Ctrl Pts',(98.,40.5624519117975,17.3361785998421));
#6932=CARTESIAN_POINT('Ctrl Pts',(99.,40.5768475159201,17.3211538724093));
#6933=CARTESIAN_POINT('Ctrl Pts',(98.,40.5768475159201,17.3211538724093));
#6934=CARTESIAN_POINT('Ctrl Pts',(99.,40.5974871581209,17.3187603103327));
#6935=CARTESIAN_POINT('Ctrl Pts',(98.,40.5974871581209,17.3187603103327));
#6936=CARTESIAN_POINT('Ctrl Pts',(99.,40.6076117604971,17.3175861686468));
#6937=CARTESIAN_POINT('Ctrl Pts',(98.,40.6076117604971,17.3175861686468));
#6938=CARTESIAN_POINT('',(99.,40.5551179498434,17.3438330739737));
#6939=CARTESIAN_POINT('Ctrl Pts',(99.,40.5551179498434,17.3438330739737));
#6940=CARTESIAN_POINT('Ctrl Pts',(99.,40.5624519117975,17.3361785998421));
#6941=CARTESIAN_POINT('Ctrl Pts',(99.,40.5768475159201,17.3211538724093));
#6942=CARTESIAN_POINT('Ctrl Pts',(99.,40.5974871581209,17.3187603103327));
#6943=CARTESIAN_POINT('Ctrl Pts',(99.,40.6076117604971,17.3175861686468));
#6944=CARTESIAN_POINT('',(98.,40.5551179498434,17.3438330739737));
#6945=CARTESIAN_POINT('',(99.,40.5551179498434,17.3438330739737));
#6946=CARTESIAN_POINT('Ctrl Pts',(98.,40.5551179498434,17.3438330739737));
#6947=CARTESIAN_POINT('Ctrl Pts',(98.,40.5624519117975,17.3361785998421));
#6948=CARTESIAN_POINT('Ctrl Pts',(98.,40.5768475159201,17.3211538724093));
#6949=CARTESIAN_POINT('Ctrl Pts',(98.,40.5974871581209,17.3187603103327));
#6950=CARTESIAN_POINT('Ctrl Pts',(98.,40.6076117604971,17.3175861686468));
#6951=CARTESIAN_POINT('Ctrl Pts',(99.,40.5446191877127,17.4015762656927));
#6952=CARTESIAN_POINT('Ctrl Pts',(98.,40.5446191877127,17.4015762656927));
#6953=CARTESIAN_POINT('Ctrl Pts',(99.,40.5424453638372,17.3912801380892));
#6954=CARTESIAN_POINT('Ctrl Pts',(98.,40.5424453638372,17.3912801380892));
#6955=CARTESIAN_POINT('Ctrl Pts',(99.,40.5380814645684,17.3706109089819));
#6956=CARTESIAN_POINT('Ctrl Pts',(98.,40.5380814645684,17.3706109089819));
#6957=CARTESIAN_POINT('Ctrl Pts',(99.,40.5494250399508,17.3527811521341));
#6958=CARTESIAN_POINT('Ctrl Pts',(98.,40.5494250399508,17.3527811521341));
#6959=CARTESIAN_POINT('Ctrl Pts',(99.,40.5551179498434,17.3438330739737));
#6960=CARTESIAN_POINT('Ctrl Pts',(98.,40.5551179498434,17.3438330739737));
#6961=CARTESIAN_POINT('',(99.,40.5446191877127,17.4015762656927));
#6962=CARTESIAN_POINT('Ctrl Pts',(99.,40.5446191877127,17.4015762656927));
#6963=CARTESIAN_POINT('Ctrl Pts',(99.,40.5424453638372,17.3912801380892));
#6964=CARTESIAN_POINT('Ctrl Pts',(99.,40.5380814645684,17.3706109089819));
#6965=CARTESIAN_POINT('Ctrl Pts',(99.,40.5494250399508,17.3527811521341));
#6966=CARTESIAN_POINT('Ctrl Pts',(99.,40.5551179498434,17.3438330739737));
#6967=CARTESIAN_POINT('',(98.,40.5446191877127,17.4015762656927));
#6968=CARTESIAN_POINT('',(99.,40.5446191877127,17.4015762656927));
#6969=CARTESIAN_POINT('Ctrl Pts',(98.,40.5446191877127,17.4015762656927));
#6970=CARTESIAN_POINT('Ctrl Pts',(98.,40.5424453638372,17.3912801380892));
#6971=CARTESIAN_POINT('Ctrl Pts',(98.,40.5380814645684,17.3706109089819));
#6972=CARTESIAN_POINT('Ctrl Pts',(98.,40.5494250399508,17.3527811521341));
#6973=CARTESIAN_POINT('Ctrl Pts',(98.,40.5551179498434,17.3438330739737));
#6974=CARTESIAN_POINT('Origin',(99.,40.7020994275808,18.0000009387732));
#6975=CARTESIAN_POINT('',(99.,40.1256063685277,15.8093281871578));
#6976=CARTESIAN_POINT('',(98.,40.7020994275808,18.0000009387732));
#6977=CARTESIAN_POINT('Ctrl Pts',(99.,44.7545929998159,14.1889777034521));
#6978=CARTESIAN_POINT('Ctrl Pts',(98.,44.7545929998159,14.1889777034521));
#6979=CARTESIAN_POINT('Ctrl Pts',(99.,44.7052674253615,14.1338601147067));
#6980=CARTESIAN_POINT('Ctrl Pts',(98.,44.7052674253615,14.1338601147067));
#6981=CARTESIAN_POINT('Ctrl Pts',(99.,44.6068839609014,14.0239240542871));
#6982=CARTESIAN_POINT('Ctrl Pts',(98.,44.6068839609014,14.0239240542871));
#6983=CARTESIAN_POINT('Ctrl Pts',(99.,44.4602541417631,14.0079609919765));
#6984=CARTESIAN_POINT('Ctrl Pts',(98.,44.4602541417631,14.0079609919765));
#6985=CARTESIAN_POINT('Ctrl Pts',(99.,44.3871387094259,14.0000011771917));
#6986=CARTESIAN_POINT('Ctrl Pts',(98.,44.3871387094259,14.0000011771917));
#6987=CARTESIAN_POINT('',(98.,44.7545929998159,14.1889777034521));
#6988=CARTESIAN_POINT('',(99.,44.7545929998159,14.1889777034521));
#6989=CARTESIAN_POINT('',(98.,44.3871387094259,14.0000011771917));
#6990=CARTESIAN_POINT('Ctrl Pts',(98.,44.7545929998159,14.1889777034521));
#6991=CARTESIAN_POINT('Ctrl Pts',(98.,44.7052674253615,14.1338601147067));
#6992=CARTESIAN_POINT('Ctrl Pts',(98.,44.6068839609014,14.0239240542871));
#6993=CARTESIAN_POINT('Ctrl Pts',(98.,44.4602541417631,14.0079609919765));
#6994=CARTESIAN_POINT('Ctrl Pts',(98.,44.3871387094259,14.0000011771917));
#6995=CARTESIAN_POINT('',(99.,44.3871387094259,14.0000011771917));
#6996=CARTESIAN_POINT('Ctrl Pts',(99.,44.8490818589926,14.4514443725348));
#6997=CARTESIAN_POINT('Ctrl Pts',(98.,44.8490818589926,14.4514443725348));
#6998=CARTESIAN_POINT('Ctrl Pts',(99.,44.8450802537155,14.4036842141301));
#6999=CARTESIAN_POINT('Ctrl Pts',(98.,44.8450802537155,14.4036842141301));
#7000=CARTESIAN_POINT('Ctrl Pts',(99.,44.8370439657637,14.3077691103187));
#7001=CARTESIAN_POINT('Ctrl Pts',(98.,44.8370439657637,14.3077691103187));
#7002=CARTESIAN_POINT('Ctrl Pts',(99.,44.7821519670371,14.2286833448641));
#7003=CARTESIAN_POINT('Ctrl Pts',(98.,44.7821519670371,14.2286833448641));
#7004=CARTESIAN_POINT('Ctrl Pts',(99.,44.7545929998159,14.1889777034521));
#7005=CARTESIAN_POINT('Ctrl Pts',(98.,44.7545929998159,14.1889777034521));
#7006=CARTESIAN_POINT('',(98.,44.8490818589926,14.4514443725348));
#7007=CARTESIAN_POINT('',(99.,44.8490818589926,14.4514443725348));
#7008=CARTESIAN_POINT('Ctrl Pts',(98.,44.8490818589926,14.4514443725348));
#7009=CARTESIAN_POINT('Ctrl Pts',(98.,44.8450802537155,14.4036842141301));
#7010=CARTESIAN_POINT('Ctrl Pts',(98.,44.8370439657637,14.3077691103187));
#7011=CARTESIAN_POINT('Ctrl Pts',(98.,44.7821519670371,14.2286833448641));
#7012=CARTESIAN_POINT('Ctrl Pts',(98.,44.7545929998159,14.1889777034521));
#7013=CARTESIAN_POINT('Ctrl Pts',(99.,44.8280843347311,14.5879270881414));
#7014=CARTESIAN_POINT('Ctrl Pts',(98.,44.8280843347311,14.5879270881414));
#7015=CARTESIAN_POINT('Ctrl Pts',(99.,44.8342039081804,14.5644362509628));
#7016=CARTESIAN_POINT('Ctrl Pts',(98.,44.8342039081804,14.5644362509628));
#7017=CARTESIAN_POINT('Ctrl Pts',(99.,44.8458726449408,14.5196441755688));
#7018=CARTESIAN_POINT('Ctrl Pts',(98.,44.8458726449408,14.5196441755688));
#7019=CARTESIAN_POINT('Ctrl Pts',(99.,44.8480475602221,14.4734245119972));
#7020=CARTESIAN_POINT('Ctrl Pts',(98.,44.8480475602221,14.4734245119972));
#7021=CARTESIAN_POINT('Ctrl Pts',(99.,44.8490818589926,14.4514443725348));
#7022=CARTESIAN_POINT('Ctrl Pts',(98.,44.8490818589926,14.4514443725348));
#7023=CARTESIAN_POINT('',(98.,44.8280843347311,14.5879270881414));
#7024=CARTESIAN_POINT('',(99.,44.8280843347311,14.5879270881414));
#7025=CARTESIAN_POINT('Ctrl Pts',(98.,44.8280843347311,14.5879270881414));
#7026=CARTESIAN_POINT('Ctrl Pts',(98.,44.8342039081804,14.5644362509628));
#7027=CARTESIAN_POINT('Ctrl Pts',(98.,44.8458726449408,14.5196441755688));
#7028=CARTESIAN_POINT('Ctrl Pts',(98.,44.8480475602221,14.4734245119972));
#7029=CARTESIAN_POINT('Ctrl Pts',(98.,44.8490818589926,14.4514443725348));
#7030=CARTESIAN_POINT('Origin',(99.,42.7073486894369,21.4120747894049));
#7031=CARTESIAN_POINT('',(98.,42.7073486894369,21.4120747894049));
#7032=CARTESIAN_POINT('',(99.,42.7073486894369,21.4120747894049));
#7033=CARTESIAN_POINT('',(98.,42.7073486894369,21.4120747894049));
#7034=CARTESIAN_POINT('Ctrl Pts',(99.,42.4028869718313,21.8372716754675));
#7035=CARTESIAN_POINT('Ctrl Pts',(98.,42.4028869718313,21.8372716754675));
#7036=CARTESIAN_POINT('Ctrl Pts',(99.,42.4707121483359,21.778806327293));
#7037=CARTESIAN_POINT('Ctrl Pts',(98.,42.4707121483359,21.778806327293));
#7038=CARTESIAN_POINT('Ctrl Pts',(99.,42.6065693070461,21.6616973642894));
#7039=CARTESIAN_POINT('Ctrl Pts',(98.,42.6065693070461,21.6616973642894));
#7040=CARTESIAN_POINT('Ctrl Pts',(99.,42.6737214883084,21.4953667121447));
#7041=CARTESIAN_POINT('Ctrl Pts',(98.,42.6737214883084,21.4953667121447));
#7042=CARTESIAN_POINT('Ctrl Pts',(99.,42.7073486894369,21.4120747894049));
#7043=CARTESIAN_POINT('Ctrl Pts',(98.,42.7073486894369,21.4120747894049));
#7044=CARTESIAN_POINT('',(98.,42.4028869718313,21.8372716754675));
#7045=CARTESIAN_POINT('',(99.,42.4028869718313,21.8372716754675));
#7046=CARTESIAN_POINT('Ctrl Pts',(98.,42.4028869718313,21.8372716754675));
#7047=CARTESIAN_POINT('Ctrl Pts',(98.,42.4707121483359,21.778806327293));
#7048=CARTESIAN_POINT('Ctrl Pts',(98.,42.6065693070461,21.6616973642894));
#7049=CARTESIAN_POINT('Ctrl Pts',(98.,42.6737214883084,21.4953667121447));
#7050=CARTESIAN_POINT('Ctrl Pts',(98.,42.7073486894369,21.4120747894049));
#7051=CARTESIAN_POINT('Ctrl Pts',(99.,41.9094487279654,22.000001296401));
#7052=CARTESIAN_POINT('Ctrl Pts',(98.,41.9094487279654,22.000001296401));
#7053=CARTESIAN_POINT('Ctrl Pts',(99.,41.9982885247303,21.9931927460112));
#7054=CARTESIAN_POINT('Ctrl Pts',(98.,41.9982885247303,21.9931927460112));
#7055=CARTESIAN_POINT('Ctrl Pts',(99.,42.1761535021588,21.9795614376842));
#7056=CARTESIAN_POINT('Ctrl Pts',(98.,42.1761535021588,21.9795614376842));
#7057=CARTESIAN_POINT('Ctrl Pts',(99.,42.3272566516863,21.8847345413838));
#7058=CARTESIAN_POINT('Ctrl Pts',(98.,42.3272566516863,21.8847345413838));
#7059=CARTESIAN_POINT('Ctrl Pts',(99.,42.4028869718313,21.8372716754675));
#7060=CARTESIAN_POINT('Ctrl Pts',(98.,42.4028869718313,21.8372716754675));
#7061=CARTESIAN_POINT('',(98.,41.9094487279654,22.000001296401));
#7062=CARTESIAN_POINT('',(99.,41.9094487279654,22.000001296401));
#7063=CARTESIAN_POINT('Ctrl Pts',(98.,41.9094487279654,22.000001296401));
#7064=CARTESIAN_POINT('Ctrl Pts',(98.,41.9982885247303,21.9931927460112));
#7065=CARTESIAN_POINT('Ctrl Pts',(98.,42.1761535021588,21.9795614376842));
#7066=CARTESIAN_POINT('Ctrl Pts',(98.,42.3272566516863,21.8847345413838));
#7067=CARTESIAN_POINT('Ctrl Pts',(98.,42.4028869718313,21.8372716754675));
#7068=CARTESIAN_POINT('Origin',(99.,40.8490809053183,22.000001296401));
#7069=CARTESIAN_POINT('',(98.,40.8490809053183,22.000001296401));
#7070=CARTESIAN_POINT('',(99.,40.8490809053183,22.000001296401));
#7071=CARTESIAN_POINT('',(98.,40.8490809053183,22.000001296401));
#7072=CARTESIAN_POINT('Ctrl Pts',(99.,40.3451450914145,21.8372716754675));
#7073=CARTESIAN_POINT('Ctrl Pts',(98.,40.3451450914145,21.8372716754675));
#7074=CARTESIAN_POINT('Ctrl Pts',(99.,40.4216848170053,21.8847332861155));
#7075=CARTESIAN_POINT('Ctrl Pts',(98.,40.4216848170053,21.8847332861155));
#7076=CARTESIAN_POINT('Ctrl Pts',(99.,40.5761755539723,21.9805316333143));
#7077=CARTESIAN_POINT('Ctrl Pts',(98.,40.5761755539723,21.9805316333143));
#7078=CARTESIAN_POINT('Ctrl Pts',(99.,40.7575601337744,21.9934720049137));
#7079=CARTESIAN_POINT('Ctrl Pts',(98.,40.7575601337744,21.9934720049137));
#7080=CARTESIAN_POINT('Ctrl Pts',(99.,40.8490809053183,22.000001296401));
#7081=CARTESIAN_POINT('Ctrl Pts',(98.,40.8490809053183,22.000001296401));
#7082=CARTESIAN_POINT('',(98.,40.3451450914145,21.8372716754675));
#7083=CARTESIAN_POINT('',(99.,40.3451450914145,21.8372716754675));
#7084=CARTESIAN_POINT('Ctrl Pts',(98.,40.3451450914145,21.8372716754675));
#7085=CARTESIAN_POINT('Ctrl Pts',(98.,40.4216848170053,21.8847332861155));
#7086=CARTESIAN_POINT('Ctrl Pts',(98.,40.5761755539723,21.9805316333143));
#7087=CARTESIAN_POINT('Ctrl Pts',(98.,40.7575601337744,21.9934720049137));
#7088=CARTESIAN_POINT('Ctrl Pts',(98.,40.8490809053183,22.000001296401));
#7089=CARTESIAN_POINT('Ctrl Pts',(99.,40.040682181716,21.4120747894049));
#7090=CARTESIAN_POINT('Ctrl Pts',(98.,40.040682181716,21.4120747894049));
#7091=CARTESIAN_POINT('Ctrl Pts',(99.,40.0743093417027,21.4953667555175));
#7092=CARTESIAN_POINT('Ctrl Pts',(98.,40.0743093417027,21.4953667555175));
#7093=CARTESIAN_POINT('Ctrl Pts',(99.,40.1414615472838,21.6616977580121));
#7094=CARTESIAN_POINT('Ctrl Pts',(98.,40.1414615472838,21.6616977580121));
#7095=CARTESIAN_POINT('Ctrl Pts',(99.,40.2773194403953,21.7788063963787));
#7096=CARTESIAN_POINT('Ctrl Pts',(98.,40.2773194403953,21.7788063963787));
#7097=CARTESIAN_POINT('Ctrl Pts',(99.,40.3451450914145,21.8372716754675));
#7098=CARTESIAN_POINT('Ctrl Pts',(98.,40.3451450914145,21.8372716754675));
#7099=CARTESIAN_POINT('',(98.,40.040682181716,21.4120747894049));
#7100=CARTESIAN_POINT('',(99.,40.040682181716,21.4120747894049));
#7101=CARTESIAN_POINT('Ctrl Pts',(98.,40.040682181716,21.4120747894049));
#7102=CARTESIAN_POINT('Ctrl Pts',(98.,40.0743093417027,21.4953667555175));
#7103=CARTESIAN_POINT('Ctrl Pts',(98.,40.1414615472838,21.6616977580121));
#7104=CARTESIAN_POINT('Ctrl Pts',(98.,40.2773194403953,21.7788063963787));
#7105=CARTESIAN_POINT('Ctrl Pts',(98.,40.3451450914145,21.8372716754675));
#7106=CARTESIAN_POINT('Origin',(99.,37.9199477285147,14.5879270881414));
#7107=CARTESIAN_POINT('',(98.,37.9199477285147,14.5879270881414));
#7108=CARTESIAN_POINT('',(99.,37.9199477285147,14.5879270881414));
#7109=CARTESIAN_POINT('',(98.,37.9199477285147,14.5879270881414));
#7110=CARTESIAN_POINT('Ctrl Pts',(99.,37.8989502042532,14.4514443725348));
#7111=CARTESIAN_POINT('Ctrl Pts',(98.,37.8989502042532,14.4514443725348));
#7112=CARTESIAN_POINT('Ctrl Pts',(99.,37.8999839330429,14.4734245372137));
#7113=CARTESIAN_POINT('Ctrl Pts',(98.,37.8999839330429,14.4734245372137));
#7114=CARTESIAN_POINT('Ctrl Pts',(99.,37.9021576554807,14.519644375166));
#7115=CARTESIAN_POINT('Ctrl Pts',(98.,37.9021576554807,14.519644375166));
#7116=CARTESIAN_POINT('Ctrl Pts',(99.,37.9138275390562,14.5644362829406));
#7117=CARTESIAN_POINT('Ctrl Pts',(98.,37.9138275390562,14.5644362829406));
#7118=CARTESIAN_POINT('Ctrl Pts',(99.,37.9199477285147,14.5879270881414));
#7119=CARTESIAN_POINT('Ctrl Pts',(98.,37.9199477285147,14.5879270881414));
#7120=CARTESIAN_POINT('',(98.,37.8989502042532,14.4514443725348));
#7121=CARTESIAN_POINT('',(99.,37.8989502042532,14.4514443725348));
#7122=CARTESIAN_POINT('Ctrl Pts',(98.,37.8989502042532,14.4514443725348));
#7123=CARTESIAN_POINT('Ctrl Pts',(98.,37.8999839330429,14.4734245372137));
#7124=CARTESIAN_POINT('Ctrl Pts',(98.,37.9021576554807,14.519644375166));
#7125=CARTESIAN_POINT('Ctrl Pts',(98.,37.9138275390562,14.5644362829406));
#7126=CARTESIAN_POINT('Ctrl Pts',(98.,37.9199477285147,14.5879270881414));
#7127=CARTESIAN_POINT('Ctrl Pts',(99.,37.9934384673834,14.1889777034521));
#7128=CARTESIAN_POINT('Ctrl Pts',(98.,37.9934384673834,14.1889777034521));
#7129=CARTESIAN_POINT('Ctrl Pts',(99.,37.9658797486512,14.2286833708268));
#7130=CARTESIAN_POINT('Ctrl Pts',(98.,37.9658797486512,14.2286833708268));
#7131=CARTESIAN_POINT('Ctrl Pts',(99.,37.910988187822,14.3077692701802));
#7132=CARTESIAN_POINT('Ctrl Pts',(98.,37.910988187822,14.3077692701802));
#7133=CARTESIAN_POINT('Ctrl Pts',(99.,37.9029518423599,14.4036842338634));
#7134=CARTESIAN_POINT('Ctrl Pts',(98.,37.9029518423599,14.4036842338634));
#7135=CARTESIAN_POINT('Ctrl Pts',(99.,37.8989502042532,14.4514443725348));
#7136=CARTESIAN_POINT('Ctrl Pts',(98.,37.8989502042532,14.4514443725348));
#7137=CARTESIAN_POINT('',(98.,37.9934384673834,14.1889777034521));
#7138=CARTESIAN_POINT('',(99.,37.9934384673834,14.1889777034521));
#7139=CARTESIAN_POINT('Ctrl Pts',(98.,37.9934384673834,14.1889777034521));
#7140=CARTESIAN_POINT('Ctrl Pts',(98.,37.9658797486512,14.2286833708268));
#7141=CARTESIAN_POINT('Ctrl Pts',(98.,37.910988187822,14.3077692701802));
#7142=CARTESIAN_POINT('Ctrl Pts',(98.,37.9029518423599,14.4036842338634));
#7143=CARTESIAN_POINT('Ctrl Pts',(98.,37.8989502042532,14.4514443725348));
#7144=CARTESIAN_POINT('Ctrl Pts',(99.,38.360892161727,14.0000011771917));
#7145=CARTESIAN_POINT('Ctrl Pts',(98.,38.360892161727,14.0000011771917));
#7146=CARTESIAN_POINT('Ctrl Pts',(99.,38.28777737817,14.0079606674371));
#7147=CARTESIAN_POINT('Ctrl Pts',(98.,38.28777737817,14.0079606674371));
#7148=CARTESIAN_POINT('Ctrl Pts',(99.,38.1411475873593,14.0239232174558));
#7149=CARTESIAN_POINT('Ctrl Pts',(98.,38.1411475873593,14.0239232174558));
#7150=CARTESIAN_POINT('Ctrl Pts',(99.,38.0427643525369,14.1338595183214));
#7151=CARTESIAN_POINT('Ctrl Pts',(98.,38.0427643525369,14.1338595183214));
#7152=CARTESIAN_POINT('Ctrl Pts',(99.,37.9934384673834,14.1889777034521));
#7153=CARTESIAN_POINT('Ctrl Pts',(98.,37.9934384673834,14.1889777034521));
#7154=CARTESIAN_POINT('',(98.,38.360892161727,14.0000011771917));
#7155=CARTESIAN_POINT('',(99.,38.360892161727,14.0000011771917));
#7156=CARTESIAN_POINT('Ctrl Pts',(98.,38.360892161727,14.0000011771917));
#7157=CARTESIAN_POINT('Ctrl Pts',(98.,38.28777737817,14.0079606674371));
#7158=CARTESIAN_POINT('Ctrl Pts',(98.,38.1411475873593,14.0239232174558));
#7159=CARTESIAN_POINT('Ctrl Pts',(98.,38.0427643525369,14.1338595183214));
#7160=CARTESIAN_POINT('Ctrl Pts',(98.,37.9934384673834,14.1889777034521));
#7161=CARTESIAN_POINT('Origin',(99.,39.0748032182455,14.0000011771917));
#7162=CARTESIAN_POINT('',(98.,39.0748032182455,14.0000011771917));
#7163=CARTESIAN_POINT('',(99.,39.0748032182455,14.0000011771917));
#7164=CARTESIAN_POINT('',(98.,39.0748032182455,14.0000011771917));
#7165=CARTESIAN_POINT('Ctrl Pts',(99.,39.5629914849997,14.1679801791906));
#7166=CARTESIAN_POINT('Ctrl Pts',(98.,39.5629914849997,14.1679801791906));
#7167=CARTESIAN_POINT('Ctrl Pts',(99.,39.4888470784404,14.1189864526562));
#7168=CARTESIAN_POINT('Ctrl Pts',(98.,39.4888470784404,14.1189864526562));
#7169=CARTESIAN_POINT('Ctrl Pts',(99.,39.3405653768236,14.0210036987815));
#7170=CARTESIAN_POINT('Ctrl Pts',(98.,39.3405653768236,14.0210036987815));
#7171=CARTESIAN_POINT('Ctrl Pts',(99.,39.1633877719943,14.0070017938807));
#7172=CARTESIAN_POINT('Ctrl Pts',(98.,39.1633877719943,14.0070017938807));
#7173=CARTESIAN_POINT('Ctrl Pts',(99.,39.0748032182455,14.0000011771917));
#7174=CARTESIAN_POINT('Ctrl Pts',(98.,39.0748032182455,14.0000011771917));
#7175=CARTESIAN_POINT('',(98.,39.5629914849997,14.1679801791906));
#7176=CARTESIAN_POINT('',(99.,39.5629914849997,14.1679801791906));
#7177=CARTESIAN_POINT('Ctrl Pts',(98.,39.5629914849997,14.1679801791906));
#7178=CARTESIAN_POINT('Ctrl Pts',(98.,39.4888470784404,14.1189864526562));
#7179=CARTESIAN_POINT('Ctrl Pts',(98.,39.3405653768236,14.0210036987815));
#7180=CARTESIAN_POINT('Ctrl Pts',(98.,39.1633877719943,14.0070017938807));
#7181=CARTESIAN_POINT('Ctrl Pts',(98.,39.0748032182455,14.0000011771917));
#7182=CARTESIAN_POINT('Ctrl Pts',(99.,39.8517068475485,14.5984258502722));
#7183=CARTESIAN_POINT('Ctrl Pts',(98.,39.8517068475485,14.5984258502722));
#7184=CARTESIAN_POINT('Ctrl Pts',(99.,39.8212883781825,14.5148610655161));
#7185=CARTESIAN_POINT('Ctrl Pts',(98.,39.8212883781825,14.5148610655161));
#7186=CARTESIAN_POINT('Ctrl Pts',(99.,39.7604240553881,14.3476562672589));
#7187=CARTESIAN_POINT('Ctrl Pts',(98.,39.7604240553881,14.3476562672589));
#7188=CARTESIAN_POINT('Ctrl Pts',(99.,39.628822078573,14.2278901702585));
#7189=CARTESIAN_POINT('Ctrl Pts',(98.,39.628822078573,14.2278901702585));
#7190=CARTESIAN_POINT('Ctrl Pts',(99.,39.5629914849997,14.1679801791906));
#7191=CARTESIAN_POINT('Ctrl Pts',(98.,39.5629914849997,14.1679801791906));
#7192=CARTESIAN_POINT('',(98.,39.8517068475485,14.5984258502722));
#7193=CARTESIAN_POINT('',(99.,39.8517068475485,14.5984258502722));
#7194=CARTESIAN_POINT('Ctrl Pts',(98.,39.8517068475485,14.5984258502722));
#7195=CARTESIAN_POINT('Ctrl Pts',(98.,39.8212883781825,14.5148610655161));
#7196=CARTESIAN_POINT('Ctrl Pts',(98.,39.7604240553881,14.3476562672589));
#7197=CARTESIAN_POINT('Ctrl Pts',(98.,39.628822078573,14.2278901702585));
#7198=CARTESIAN_POINT('Ctrl Pts',(98.,39.5629914849997,14.1679801791906));
#7199=CARTESIAN_POINT('Origin',(99.,40.1456698030233,15.7637812942266));
#7200=CARTESIAN_POINT('',(98.,40.1456698030233,15.7637812942266));
#7201=CARTESIAN_POINT('',(99.,40.1456698030233,15.7637812942266));
#7202=CARTESIAN_POINT('',(98.,40.1456698030233,15.7637812942266));
#7203=CARTESIAN_POINT('Ctrl Pts',(99.,40.2401574701071,15.8372714370489));
#7204=CARTESIAN_POINT('Ctrl Pts',(98.,40.2401574701071,15.8372714370489));
#7205=CARTESIAN_POINT('Ctrl Pts',(99.,40.2153229012028,15.8348052928408));
#7206=CARTESIAN_POINT('Ctrl Pts',(98.,40.2153229012028,15.8348052928408));
#7207=CARTESIAN_POINT('Ctrl Pts',(99.,40.1678114594862,15.83008726986));
#7208=CARTESIAN_POINT('Ctrl Pts',(98.,40.1678114594862,15.83008726986));
#7209=CARTESIAN_POINT('Ctrl Pts',(99.,40.1528234657211,15.7852038370848));
#7210=CARTESIAN_POINT('Ctrl Pts',(98.,40.1528234657211,15.7852038370848));
#7211=CARTESIAN_POINT('Ctrl Pts',(99.,40.1456698030233,15.7637812942266));
#7212=CARTESIAN_POINT('Ctrl Pts',(98.,40.1456698030233,15.7637812942266));
#7213=CARTESIAN_POINT('',(98.,40.2401574701071,15.8372714370489));
#7214=CARTESIAN_POINT('',(99.,40.2401574701071,15.8372714370489));
#7215=CARTESIAN_POINT('Ctrl Pts',(98.,40.2401574701071,15.8372714370489));
#7216=CARTESIAN_POINT('Ctrl Pts',(98.,40.2153229012028,15.8348052928408));
#7217=CARTESIAN_POINT('Ctrl Pts',(98.,40.1678114594862,15.83008726986));
#7218=CARTESIAN_POINT('Ctrl Pts',(98.,40.1528234657211,15.7852038370848));
#7219=CARTESIAN_POINT('Ctrl Pts',(98.,40.1456698030233,15.7637812942266));
#7220=CARTESIAN_POINT('Origin',(99.,42.4448820203543,15.8372714370489));
#7221=CARTESIAN_POINT('',(98.,42.4448820203543,15.8372714370489));
#7222=CARTESIAN_POINT('',(99.,42.4448820203543,15.8372714370489));
#7223=CARTESIAN_POINT('',(98.,42.4448820203543,15.8372714370489));
#7224=CARTESIAN_POINT('Ctrl Pts',(99.,42.5498684495687,15.7637812942266));
#7225=CARTESIAN_POINT('Ctrl Pts',(98.,42.5498684495687,15.7637812942266));
#7226=CARTESIAN_POINT('Ctrl Pts',(99.,42.5398150908446,15.7852097137183));
#7227=CARTESIAN_POINT('Ctrl Pts',(98.,42.5398150908446,15.7852097137183));
#7228=CARTESIAN_POINT('Ctrl Pts',(99.,42.5190363321182,15.8294989876541));
#7229=CARTESIAN_POINT('Ctrl Pts',(98.,42.5190363321182,15.8294989876541));
#7230=CARTESIAN_POINT('Ctrl Pts',(99.,42.4701274066035,15.8346253537342));
#7231=CARTESIAN_POINT('Ctrl Pts',(98.,42.4701274066035,15.8346253537342));
#7232=CARTESIAN_POINT('Ctrl Pts',(99.,42.4448820203543,15.8372714370489));
#7233=CARTESIAN_POINT('Ctrl Pts',(98.,42.4448820203543,15.8372714370489));
#7234=CARTESIAN_POINT('',(98.,42.5498684495687,15.7637812942266));
#7235=CARTESIAN_POINT('',(99.,42.5498684495687,15.7637812942266));
#7236=CARTESIAN_POINT('Ctrl Pts',(98.,42.5498684495687,15.7637812942266));
#7237=CARTESIAN_POINT('Ctrl Pts',(98.,42.5398150908446,15.7852097137183));
#7238=CARTESIAN_POINT('Ctrl Pts',(98.,42.5190363321182,15.8294989876541));
#7239=CARTESIAN_POINT('Ctrl Pts',(98.,42.4701274066035,15.8346253537342));
#7240=CARTESIAN_POINT('Ctrl Pts',(98.,42.4448820203543,15.8372714370489));
#7241=CARTESIAN_POINT('Origin',(99.,42.8333338350058,14.5984258502722));
#7242=CARTESIAN_POINT('',(98.,42.8333338350058,14.5984258502722));
#7243=CARTESIAN_POINT('',(99.,42.8333338350058,14.5984258502722));
#7244=CARTESIAN_POINT('',(98.,42.8333338350058,14.5984258502722));
#7245=CARTESIAN_POINT('Ctrl Pts',(99.,43.1220468133688,14.1679801791906));
#7246=CARTESIAN_POINT('Ctrl Pts',(98.,43.1220468133688,14.1679801791906));
#7247=CARTESIAN_POINT('Ctrl Pts',(99.,43.0562166095768,14.227890196994));
#7248=CARTESIAN_POINT('Ctrl Pts',(98.,43.0562166095768,14.227890196994));
#7249=CARTESIAN_POINT('Ctrl Pts',(99.,42.9246153317107,14.3476564204864));
#7250=CARTESIAN_POINT('Ctrl Pts',(98.,42.9246153317107,14.3476564204864));
#7251=CARTESIAN_POINT('Ctrl Pts',(99.,42.8637518850637,14.5148610825636));
#7252=CARTESIAN_POINT('Ctrl Pts',(98.,42.8637518850637,14.5148610825636));
#7253=CARTESIAN_POINT('Ctrl Pts',(99.,42.8333338350058,14.5984258502722));
#7254=CARTESIAN_POINT('Ctrl Pts',(98.,42.8333338350058,14.5984258502722));
#7255=CARTESIAN_POINT('',(98.,43.1220468133688,14.1679801791906));
#7256=CARTESIAN_POINT('',(99.,43.1220468133688,14.1679801791906));
#7257=CARTESIAN_POINT('Ctrl Pts',(98.,43.1220468133688,14.1679801791906));
#7258=CARTESIAN_POINT('Ctrl Pts',(98.,43.0562166095768,14.227890196994));
#7259=CARTESIAN_POINT('Ctrl Pts',(98.,42.9246153317107,14.3476564204864));
#7260=CARTESIAN_POINT('Ctrl Pts',(98.,42.8637518850637,14.5148610825636));
#7261=CARTESIAN_POINT('Ctrl Pts',(98.,42.8333338350058,14.5984258502722));
#7262=CARTESIAN_POINT('Ctrl Pts',(99.,43.6102362722158,14.0000011771917));
#7263=CARTESIAN_POINT('Ctrl Pts',(98.,43.6102362722158,14.0000011771917));
#7264=CARTESIAN_POINT('Ctrl Pts',(99.,43.5216517462469,14.0070018497254));
#7265=CARTESIAN_POINT('Ctrl Pts',(98.,43.5216517462469,14.0070018497254));
#7266=CARTESIAN_POINT('Ctrl Pts',(99.,43.3444738434924,14.0210038942565));
#7267=CARTESIAN_POINT('Ctrl Pts',(98.,43.3444738434924,14.0210038942565));
#7268=CARTESIAN_POINT('Ctrl Pts',(99.,43.1961916258599,14.1189864526591));
#7269=CARTESIAN_POINT('Ctrl Pts',(98.,43.1961916258599,14.1189864526591));
#7270=CARTESIAN_POINT('Ctrl Pts',(99.,43.1220468133688,14.1679801791906));
#7271=CARTESIAN_POINT('Ctrl Pts',(98.,43.1220468133688,14.1679801791906));
#7272=CARTESIAN_POINT('',(98.,43.6102362722158,14.0000011771917));
#7273=CARTESIAN_POINT('',(99.,43.6102362722158,14.0000011771917));
#7274=CARTESIAN_POINT('Ctrl Pts',(98.,43.6102362722158,14.0000011771917));
#7275=CARTESIAN_POINT('Ctrl Pts',(98.,43.5216517462469,14.0070018497254));
#7276=CARTESIAN_POINT('Ctrl Pts',(98.,43.3444738434924,14.0210038942565));
#7277=CARTESIAN_POINT('Ctrl Pts',(98.,43.1961916258599,14.1189864526591));
#7278=CARTESIAN_POINT('Ctrl Pts',(98.,43.1220468133688,14.1679801791906));
#7279=CARTESIAN_POINT('Origin',(99.,44.3871387094259,14.0000011771917));
#7280=CARTESIAN_POINT('',(98.,44.3871387094259,14.0000011771917));
#7281=CARTESIAN_POINT('Origin',(98.,45.5000001937151,18.0000012367964));
#7282=CARTESIAN_POINT('Ctrl Pts',(99.,49.6732290834188,20.2519699186087));
#7283=CARTESIAN_POINT('Ctrl Pts',(98.,49.6732290834188,20.2519699186087));
#7284=CARTESIAN_POINT('Ctrl Pts',(99.,49.5305673003288,20.3174634870804));
#7285=CARTESIAN_POINT('Ctrl Pts',(98.,49.5305673003288,20.3174634870804));
#7286=CARTESIAN_POINT('Ctrl Pts',(99.,49.1971742382525,20.4705185019986));
#7287=CARTESIAN_POINT('Ctrl Pts',(98.,49.1971742382525,20.4705185019986));
#7288=CARTESIAN_POINT('Ctrl Pts',(99.,48.8288341915525,20.4750812231094));
#7289=CARTESIAN_POINT('Ctrl Pts',(98.,48.8288341915525,20.4750812231094));
#7290=CARTESIAN_POINT('Ctrl Pts',(99.,48.6181100457907,20.4776915162802));
#7291=CARTESIAN_POINT('Ctrl Pts',(98.,48.6181100457907,20.4776915162802));
#7292=CARTESIAN_POINT('',(99.,49.6732290834188,20.2519699186087));
#7293=CARTESIAN_POINT('',(99.,48.6181100457907,20.4776915162802));
#7294=CARTESIAN_POINT('Ctrl Pts',(99.,49.6732290834188,20.2519699186087));
#7295=CARTESIAN_POINT('Ctrl Pts',(99.,49.5305673003288,20.3174634870804));
#7296=CARTESIAN_POINT('Ctrl Pts',(99.,49.1971742382525,20.4705185019986));
#7297=CARTESIAN_POINT('Ctrl Pts',(99.,48.8288341915525,20.4750812231094));
#7298=CARTESIAN_POINT('Ctrl Pts',(99.,48.6181100457907,20.4776915162802));
#7299=CARTESIAN_POINT('',(98.,49.6732290834188,20.2519699186087));
#7300=CARTESIAN_POINT('',(99.,49.6732290834188,20.2519699186087));
#7301=CARTESIAN_POINT('',(98.,48.6181100457907,20.4776915162802));
#7302=CARTESIAN_POINT('Ctrl Pts',(98.,49.6732290834188,20.2519699186087));
#7303=CARTESIAN_POINT('Ctrl Pts',(98.,49.5305673003288,20.3174634870804));
#7304=CARTESIAN_POINT('Ctrl Pts',(98.,49.1971742382525,20.4705185019986));
#7305=CARTESIAN_POINT('Ctrl Pts',(98.,48.8288341915525,20.4750812231094));
#7306=CARTESIAN_POINT('Ctrl Pts',(98.,48.6181100457907,20.4776915162802));
#7307=CARTESIAN_POINT('',(99.,48.6181100457907,20.4776915162802));
#7308=CARTESIAN_POINT('Ctrl Pts',(99.,50.0144346803427,19.4803162664175));
#7309=CARTESIAN_POINT('Ctrl Pts',(98.,50.0144346803427,19.4803162664175));
#7310=CARTESIAN_POINT('Ctrl Pts',(99.,50.0057879131623,19.6448998116114));
#7311=CARTESIAN_POINT('Ctrl Pts',(98.,50.0057879131623,19.6448998116114));
#7312=CARTESIAN_POINT('Ctrl Pts',(99.,49.9898617117855,19.9480409312233));
#7313=CARTESIAN_POINT('Ctrl Pts',(98.,49.9898617117855,19.9480409312233));
#7314=CARTESIAN_POINT('Ctrl Pts',(99.,49.7725543690967,20.156629670026));
#7315=CARTESIAN_POINT('Ctrl Pts',(98.,49.7725543690967,20.156629670026));
#7316=CARTESIAN_POINT('Ctrl Pts',(99.,49.6732290834188,20.2519699186087));
#7317=CARTESIAN_POINT('Ctrl Pts',(98.,49.6732290834188,20.2519699186087));
#7318=CARTESIAN_POINT('',(99.,50.0144346803427,19.4803162664175));
#7319=CARTESIAN_POINT('Ctrl Pts',(99.,50.0144346803427,19.4803162664175));
#7320=CARTESIAN_POINT('Ctrl Pts',(99.,50.0057879131623,19.6448998116114));
#7321=CARTESIAN_POINT('Ctrl Pts',(99.,49.9898617117855,19.9480409312233));
#7322=CARTESIAN_POINT('Ctrl Pts',(99.,49.7725543690967,20.156629670026));
#7323=CARTESIAN_POINT('Ctrl Pts',(99.,49.6732290834188,20.2519699186087));
#7324=CARTESIAN_POINT('',(98.,50.0144346803427,19.4803162664175));
#7325=CARTESIAN_POINT('',(99.,50.0144346803427,19.4803162664175));
#7326=CARTESIAN_POINT('Ctrl Pts',(98.,50.0144346803427,19.4803162664175));
#7327=CARTESIAN_POINT('Ctrl Pts',(98.,50.0057879131623,19.6448998116114));
#7328=CARTESIAN_POINT('Ctrl Pts',(98.,49.9898617117855,19.9480409312233));
#7329=CARTESIAN_POINT('Ctrl Pts',(98.,49.7725543690967,20.156629670026));
#7330=CARTESIAN_POINT('Ctrl Pts',(98.,49.6732290834188,20.2519699186087));
#7331=CARTESIAN_POINT('Ctrl Pts',(99.,49.6627291291952,18.6246731132269));
#7332=CARTESIAN_POINT('Ctrl Pts',(98.,49.6627291291952,18.6246731132269));
#7333=CARTESIAN_POINT('Ctrl Pts',(99.,49.7651992775761,18.7378641226176));
#7334=CARTESIAN_POINT('Ctrl Pts',(98.,49.7651992775761,18.7378641226176));
#7335=CARTESIAN_POINT('Ctrl Pts',(99.,49.9840021661836,18.9795590963286));
#7336=CARTESIAN_POINT('Ctrl Pts',(98.,49.9840021661836,18.9795590963286));
#7337=CARTESIAN_POINT('Ctrl Pts',(99.,50.003870904189,19.3064927490934));
#7338=CARTESIAN_POINT('Ctrl Pts',(98.,50.003870904189,19.3064927490934));
#7339=CARTESIAN_POINT('Ctrl Pts',(99.,50.0144346803427,19.4803162664175));
#7340=CARTESIAN_POINT('Ctrl Pts',(98.,50.0144346803427,19.4803162664175));
#7341=CARTESIAN_POINT('',(99.,49.6627291291952,18.6246731132269));
#7342=CARTESIAN_POINT('Ctrl Pts',(99.,49.6627291291952,18.6246731132269));
#7343=CARTESIAN_POINT('Ctrl Pts',(99.,49.7651992775761,18.7378641226176));
#7344=CARTESIAN_POINT('Ctrl Pts',(99.,49.9840021661836,18.9795590963286));
#7345=CARTESIAN_POINT('Ctrl Pts',(99.,50.003870904189,19.3064927490934));
#7346=CARTESIAN_POINT('Ctrl Pts',(99.,50.0144346803427,19.4803162664175));
#7347=CARTESIAN_POINT('',(98.,49.6627291291952,18.6246731132269));
#7348=CARTESIAN_POINT('',(99.,49.6627291291952,18.6246731132269));
#7349=CARTESIAN_POINT('Ctrl Pts',(98.,49.6627291291952,18.6246731132269));
#7350=CARTESIAN_POINT('Ctrl Pts',(98.,49.7651992775761,18.7378641226176));
#7351=CARTESIAN_POINT('Ctrl Pts',(98.,49.9840021661836,18.9795590963286));
#7352=CARTESIAN_POINT('Ctrl Pts',(98.,50.003870904189,19.3064927490934));
#7353=CARTESIAN_POINT('Ctrl Pts',(98.,50.0144346803427,19.4803162664175));
#7354=CARTESIAN_POINT('Ctrl Pts',(99.,48.6181100457907,18.335958942771));
#7355=CARTESIAN_POINT('Ctrl Pts',(98.,48.6181100457907,18.335958942771));
#7356=CARTESIAN_POINT('Ctrl Pts',(99.,48.8261506228214,18.3415172162952));
#7357=CARTESIAN_POINT('Ctrl Pts',(98.,48.8261506228214,18.3415172162952));
#7358=CARTESIAN_POINT('Ctrl Pts',(99.,49.2000138995179,18.3515058174719));
#7359=CARTESIAN_POINT('Ctrl Pts',(98.,49.2000138995179,18.3515058174719));
#7360=CARTESIAN_POINT('Ctrl Pts',(99.,49.5205562880946,18.5407403441232));
#7361=CARTESIAN_POINT('Ctrl Pts',(98.,49.5205562880946,18.5407403441232));
#7362=CARTESIAN_POINT('Ctrl Pts',(99.,49.6627291291952,18.6246731132269));
#7363=CARTESIAN_POINT('Ctrl Pts',(98.,49.6627291291952,18.6246731132269));
#7364=CARTESIAN_POINT('',(99.,48.6181100457907,18.335958942771));
#7365=CARTESIAN_POINT('Ctrl Pts',(99.,48.6181100457907,18.335958942771));
#7366=CARTESIAN_POINT('Ctrl Pts',(99.,48.8261506228214,18.3415172162952));
#7367=CARTESIAN_POINT('Ctrl Pts',(99.,49.2000138995179,18.3515058174719));
#7368=CARTESIAN_POINT('Ctrl Pts',(99.,49.5205562880946,18.5407403441232));
#7369=CARTESIAN_POINT('Ctrl Pts',(99.,49.6627291291952,18.6246731132269));
#7370=CARTESIAN_POINT('',(98.,48.6181100457907,18.335958942771));
#7371=CARTESIAN_POINT('',(99.,48.6181100457907,18.335958942771));
#7372=CARTESIAN_POINT('Ctrl Pts',(98.,48.6181100457907,18.335958942771));
#7373=CARTESIAN_POINT('Ctrl Pts',(98.,48.8261506228214,18.3415172162952));
#7374=CARTESIAN_POINT('Ctrl Pts',(98.,49.2000138995179,18.3515058174719));
#7375=CARTESIAN_POINT('Ctrl Pts',(98.,49.5205562880946,18.5407403441232));
#7376=CARTESIAN_POINT('Ctrl Pts',(98.,49.6627291291952,18.6246731132269));
#7377=CARTESIAN_POINT('Origin',(99.,47.8412076085806,18.335958942771));
#7378=CARTESIAN_POINT('',(99.,47.8412076085806,18.335958942771));
#7379=CARTESIAN_POINT('',(99.,48.6706038042903,18.335958942771));
#7380=CARTESIAN_POINT('',(98.,47.8412076085806,18.335958942771));
#7381=CARTESIAN_POINT('',(99.,47.8412076085806,18.335958942771));
#7382=CARTESIAN_POINT('',(98.,47.8412076085806,18.335958942771));
#7383=CARTESIAN_POINT('Ctrl Pts',(99.,47.7572187036276,18.4094502776861));
#7384=CARTESIAN_POINT('Ctrl Pts',(98.,47.7572187036276,18.4094502776861));
#7385=CARTESIAN_POINT('Ctrl Pts',(99.,47.7614070935684,18.3880316404871));
#7386=CARTESIAN_POINT('Ctrl Pts',(98.,47.7614070935684,18.3880316404871));
#7387=CARTESIAN_POINT('Ctrl Pts',(99.,47.7702548969713,18.3427856405269));
#7388=CARTESIAN_POINT('Ctrl Pts',(98.,47.7702548969713,18.3427856405269));
#7389=CARTESIAN_POINT('Ctrl Pts',(99.,47.8167319506454,18.3383138621998));
#7390=CARTESIAN_POINT('Ctrl Pts',(98.,47.8167319506454,18.3383138621998));
#7391=CARTESIAN_POINT('Ctrl Pts',(99.,47.8412076085806,18.335958942771));
#7392=CARTESIAN_POINT('Ctrl Pts',(98.,47.8412076085806,18.335958942771));
#7393=CARTESIAN_POINT('',(99.,47.7572187036276,18.4094502776861));
#7394=CARTESIAN_POINT('Ctrl Pts',(99.,47.7572187036276,18.4094502776861));
#7395=CARTESIAN_POINT('Ctrl Pts',(99.,47.7614070935684,18.3880316404871));
#7396=CARTESIAN_POINT('Ctrl Pts',(99.,47.7702548969713,18.3427856405269));
#7397=CARTESIAN_POINT('Ctrl Pts',(99.,47.8167319506454,18.3383138621998));
#7398=CARTESIAN_POINT('Ctrl Pts',(99.,47.8412076085806,18.335958942771));
#7399=CARTESIAN_POINT('',(98.,47.7572187036276,18.4094502776861));
#7400=CARTESIAN_POINT('',(99.,47.7572187036276,18.4094502776861));
#7401=CARTESIAN_POINT('Ctrl Pts',(98.,47.7572187036276,18.4094502776861));
#7402=CARTESIAN_POINT('Ctrl Pts',(98.,47.7614070935684,18.3880316404871));
#7403=CARTESIAN_POINT('Ctrl Pts',(98.,47.7702548969713,18.3427856405269));
#7404=CARTESIAN_POINT('Ctrl Pts',(98.,47.8167319506454,18.3383138621998));
#7405=CARTESIAN_POINT('Ctrl Pts',(98.,47.8412076085806,18.335958942771));
#7406=CARTESIAN_POINT('Origin',(99.,47.7572187036276,20.4042007774115));
#7407=CARTESIAN_POINT('',(99.,47.7572187036276,20.4042007774115));
#7408=CARTESIAN_POINT('',(99.,47.7572187036276,15.7021003887057));
#7409=CARTESIAN_POINT('',(98.,47.7572187036276,20.4042007774115));
#7410=CARTESIAN_POINT('',(99.,47.7572187036276,20.4042007774115));
#7411=CARTESIAN_POINT('',(98.,47.7572187036276,20.4042007774115));
#7412=CARTESIAN_POINT('Ctrl Pts',(99.,47.8412076085806,20.4776915162802));
#7413=CARTESIAN_POINT('Ctrl Pts',(98.,47.8412076085806,20.4776915162802));
#7414=CARTESIAN_POINT('Ctrl Pts',(99.,47.8167319544563,20.4753366063255));
#7415=CARTESIAN_POINT('Ctrl Pts',(98.,47.8167319544563,20.4753366063255));
#7416=CARTESIAN_POINT('Ctrl Pts',(99.,47.7702551157864,20.4708648659794));
#7417=CARTESIAN_POINT('Ctrl Pts',(98.,47.7702551157864,20.4708648659794));
#7418=CARTESIAN_POINT('Ctrl Pts',(99.,47.7614071497341,20.4256191660605));
#7419=CARTESIAN_POINT('Ctrl Pts',(98.,47.7614071497341,20.4256191660605));
#7420=CARTESIAN_POINT('Ctrl Pts',(99.,47.7572187036276,20.4042007774115));
#7421=CARTESIAN_POINT('Ctrl Pts',(98.,47.7572187036276,20.4042007774115));
#7422=CARTESIAN_POINT('',(99.,47.8412076085806,20.4776915162802));
#7423=CARTESIAN_POINT('Ctrl Pts',(99.,47.8412076085806,20.4776915162802));
#7424=CARTESIAN_POINT('Ctrl Pts',(99.,47.8167319544563,20.4753366063255));
#7425=CARTESIAN_POINT('Ctrl Pts',(99.,47.7702551157864,20.4708648659794));
#7426=CARTESIAN_POINT('Ctrl Pts',(99.,47.7614071497341,20.4256191660605));
#7427=CARTESIAN_POINT('Ctrl Pts',(99.,47.7572187036276,20.4042007774115));
#7428=CARTESIAN_POINT('',(98.,47.8412076085806,20.4776915162802));
#7429=CARTESIAN_POINT('',(99.,47.8412076085806,20.4776915162802));
#7430=CARTESIAN_POINT('Ctrl Pts',(98.,47.8412076085806,20.4776915162802));
#7431=CARTESIAN_POINT('Ctrl Pts',(98.,47.8167319544563,20.4753366063255));
#7432=CARTESIAN_POINT('Ctrl Pts',(98.,47.7702551157864,20.4708648659794));
#7433=CARTESIAN_POINT('Ctrl Pts',(98.,47.7614071497341,20.4256191660605));
#7434=CARTESIAN_POINT('Ctrl Pts',(98.,47.7572187036276,20.4042007774115));
#7435=CARTESIAN_POINT('Origin',(99.,48.6181100457907,20.4776915162802));
#7436=CARTESIAN_POINT('',(99.,49.0590550228953,20.4776915162802));
#7437=CARTESIAN_POINT('',(98.,48.6181100457907,20.4776915162802));
#7438=CARTESIAN_POINT('Ctrl Pts',(99.,50.5918654054403,17.2021009773016));
#7439=CARTESIAN_POINT('Ctrl Pts',(98.,50.5918654054403,17.2021009773016));
#7440=CARTESIAN_POINT('Ctrl Pts',(99.,50.57480390568,17.1902901043522));
#7441=CARTESIAN_POINT('Ctrl Pts',(98.,50.57480390568,17.1902901043522));
#7442=CARTESIAN_POINT('Ctrl Pts',(99.,50.5406813452685,17.166668662428));
#7443=CARTESIAN_POINT('Ctrl Pts',(98.,50.5406813452685,17.166668662428));
#7444=CARTESIAN_POINT('Ctrl Pts',(99.,50.5538057893573,17.1272978613748));
#7445=CARTESIAN_POINT('Ctrl Pts',(98.,50.5538057893573,17.1272978613748));
#7446=CARTESIAN_POINT('Ctrl Pts',(99.,50.5603679269552,17.1076127141714));
#7447=CARTESIAN_POINT('Ctrl Pts',(98.,50.5603679269552,17.1076127141714));
#7448=CARTESIAN_POINT('',(98.,50.5918654054403,17.2021009773016));
#7449=CARTESIAN_POINT('',(99.,50.5918654054403,17.2021009773016));
#7450=CARTESIAN_POINT('',(98.,50.5603679269552,17.1076127141714));
#7451=CARTESIAN_POINT('Ctrl Pts',(98.,50.5918654054403,17.2021009773016));
#7452=CARTESIAN_POINT('Ctrl Pts',(98.,50.57480390568,17.1902901043522));
#7453=CARTESIAN_POINT('Ctrl Pts',(98.,50.5406813452685,17.166668662428));
#7454=CARTESIAN_POINT('Ctrl Pts',(98.,50.5538057893573,17.1272978613748));
#7455=CARTESIAN_POINT('Ctrl Pts',(98.,50.5603679269552,17.1076127141714));
#7456=CARTESIAN_POINT('',(99.,50.5603679269552,17.1076127141714));
#7457=CARTESIAN_POINT('Ctrl Pts',(99.,51.9041999429464,19.4803162664175));
#7458=CARTESIAN_POINT('Ctrl Pts',(98.,51.9041999429464,19.4803162664175));
#7459=CARTESIAN_POINT('Ctrl Pts',(99.,51.8563921785427,18.9847808515323));
#7460=CARTESIAN_POINT('Ctrl Pts',(98.,51.8563921785427,18.9847808515323));
#7461=CARTESIAN_POINT('Ctrl Pts',(99.,51.7635644575668,18.0226061127549));
#7462=CARTESIAN_POINT('Ctrl Pts',(98.,51.7635644575668,18.0226061127549));
#7463=CARTESIAN_POINT('Ctrl Pts',(99.,50.9745330091367,17.4700714373226));
#7464=CARTESIAN_POINT('Ctrl Pts',(98.,50.9745330091367,17.4700714373226));
#7465=CARTESIAN_POINT('Ctrl Pts',(99.,50.5918654054403,17.2021009773016));
#7466=CARTESIAN_POINT('Ctrl Pts',(98.,50.5918654054403,17.2021009773016));
#7467=CARTESIAN_POINT('',(98.,51.9041999429464,19.4803162664175));
#7468=CARTESIAN_POINT('',(99.,51.9041999429464,19.4803162664175));
#7469=CARTESIAN_POINT('Ctrl Pts',(98.,51.9041999429464,19.4803162664175));
#7470=CARTESIAN_POINT('Ctrl Pts',(98.,51.8563921785427,18.9847808515323));
#7471=CARTESIAN_POINT('Ctrl Pts',(98.,51.7635644575668,18.0226061127549));
#7472=CARTESIAN_POINT('Ctrl Pts',(98.,50.9745330091367,17.4700714373226));
#7473=CARTESIAN_POINT('Ctrl Pts',(98.,50.5918654054403,17.2021009773016));
#7474=CARTESIAN_POINT('Ctrl Pts',(99.,48.7755902856588,22.000001296401));
#7475=CARTESIAN_POINT('Ctrl Pts',(98.,48.7755902856588,22.000001296401));
#7476=CARTESIAN_POINT('Ctrl Pts',(99.,49.6859983387423,21.9361640570697));
#7477=CARTESIAN_POINT('Ctrl Pts',(98.,49.6859983387423,21.9361640570697));
#7478=CARTESIAN_POINT('Ctrl Pts',(99.,51.3628041723246,21.8185874880269));
#7479=CARTESIAN_POINT('Ctrl Pts',(98.,51.3628041723246,21.8185874880269));
#7480=CARTESIAN_POINT('Ctrl Pts',(99.,51.7343718882625,20.2137982669014));
#7481=CARTESIAN_POINT('Ctrl Pts',(98.,51.7343718882625,20.2137982669014));
#7482=CARTESIAN_POINT('Ctrl Pts',(99.,51.9041999429464,19.4803162664175));
#7483=CARTESIAN_POINT('Ctrl Pts',(98.,51.9041999429464,19.4803162664175));
#7484=CARTESIAN_POINT('',(98.,48.7755902856588,22.000001296401));
#7485=CARTESIAN_POINT('',(99.,48.7755902856588,22.000001296401));
#7486=CARTESIAN_POINT('Ctrl Pts',(98.,48.7755902856588,22.000001296401));
#7487=CARTESIAN_POINT('Ctrl Pts',(98.,49.6859983387423,21.9361640570697));
#7488=CARTESIAN_POINT('Ctrl Pts',(98.,51.3628041723246,21.8185874880269));
#7489=CARTESIAN_POINT('Ctrl Pts',(98.,51.7343718882625,20.2137982669014));
#7490=CARTESIAN_POINT('Ctrl Pts',(98.,51.9041999429464,19.4803162664175));
#7491=CARTESIAN_POINT('Origin',(99.,46.4553805440664,22.000001296401));
#7492=CARTESIAN_POINT('',(98.,46.4553805440664,22.000001296401));
#7493=CARTESIAN_POINT('',(99.,46.4553805440664,22.000001296401));
#7494=CARTESIAN_POINT('',(98.,46.4553805440664,22.000001296401));
#7495=CARTESIAN_POINT('Ctrl Pts',(99.,46.0196848958731,21.816274151206));
#7496=CARTESIAN_POINT('Ctrl Pts',(98.,46.0196848958731,21.816274151206));
#7497=CARTESIAN_POINT('Ctrl Pts',(99.,46.0834026074376,21.8698600106098));
#7498=CARTESIAN_POINT('Ctrl Pts',(98.,46.0834026074376,21.8698600106098));
#7499=CARTESIAN_POINT('Ctrl Pts',(99.,46.2097479247059,21.9761149629805));
#7500=CARTESIAN_POINT('Ctrl Pts',(98.,46.2097479247059,21.9761149629805));
#7501=CARTESIAN_POINT('Ctrl Pts',(99.,46.3739753216073,21.9920851153543));
#7502=CARTESIAN_POINT('Ctrl Pts',(98.,46.3739753216073,21.9920851153543));
#7503=CARTESIAN_POINT('Ctrl Pts',(99.,46.4553805440664,22.000001296401));
#7504=CARTESIAN_POINT('Ctrl Pts',(98.,46.4553805440664,22.000001296401));
#7505=CARTESIAN_POINT('',(98.,46.0196848958731,21.816274151206));
#7506=CARTESIAN_POINT('',(99.,46.0196848958731,21.816274151206));
#7507=CARTESIAN_POINT('Ctrl Pts',(98.,46.0196848958731,21.816274151206));
#7508=CARTESIAN_POINT('Ctrl Pts',(98.,46.0834026074376,21.8698600106098));
#7509=CARTESIAN_POINT('Ctrl Pts',(98.,46.2097479247059,21.9761149629805));
#7510=CARTESIAN_POINT('Ctrl Pts',(98.,46.3739753216073,21.9920851153543));
#7511=CARTESIAN_POINT('Ctrl Pts',(98.,46.4553805440664,22.000001296401));
#7512=CARTESIAN_POINT('Ctrl Pts',(99.,45.8359583467245,21.3805785030127));
#7513=CARTESIAN_POINT('Ctrl Pts',(98.,45.8359583467245,21.3805785030127));
#7514=CARTESIAN_POINT('Ctrl Pts',(99.,45.8438742536932,21.4619838477933));
#7515=CARTESIAN_POINT('Ctrl Pts',(98.,45.8438742536932,21.4619838477933));
#7516=CARTESIAN_POINT('Ctrl Pts',(99.,45.8598438390212,21.6262113462676));
#7517=CARTESIAN_POINT('Ctrl Pts',(98.,45.8598438390212,21.6262113462676));
#7518=CARTESIAN_POINT('Ctrl Pts',(99.,45.9660989852637,21.7525565515093));
#7519=CARTESIAN_POINT('Ctrl Pts',(98.,45.9660989852637,21.7525565515093));
#7520=CARTESIAN_POINT('Ctrl Pts',(99.,46.0196848958731,21.816274151206));
#7521=CARTESIAN_POINT('Ctrl Pts',(98.,46.0196848958731,21.816274151206));
#7522=CARTESIAN_POINT('',(98.,45.8359583467245,21.3805785030127));
#7523=CARTESIAN_POINT('',(99.,45.8359583467245,21.3805785030127));
#7524=CARTESIAN_POINT('Ctrl Pts',(98.,45.8359583467245,21.3805785030127));
#7525=CARTESIAN_POINT('Ctrl Pts',(98.,45.8438742536932,21.4619838477933));
#7526=CARTESIAN_POINT('Ctrl Pts',(98.,45.8598438390212,21.6262113462676));
#7527=CARTESIAN_POINT('Ctrl Pts',(98.,45.9660989852637,21.7525565515093));
#7528=CARTESIAN_POINT('Ctrl Pts',(98.,46.0196848958731,21.816274151206));
#7529=CARTESIAN_POINT('Origin',(99.,45.8359583467245,14.6194233745337));
#7530=CARTESIAN_POINT('',(98.,45.8359583467245,14.6194233745337));
#7531=CARTESIAN_POINT('',(99.,45.8359583467245,14.6194233745337));
#7532=CARTESIAN_POINT('',(98.,45.8359583467245,14.6194233745337));
#7533=CARTESIAN_POINT('Ctrl Pts',(99.,46.0196848958731,14.1837277263403));
#7534=CARTESIAN_POINT('Ctrl Pts',(98.,46.0196848958731,14.1837277263403));
#7535=CARTESIAN_POINT('Ctrl Pts',(99.,45.9660989855621,14.2474454275447));
#7536=CARTESIAN_POINT('Ctrl Pts',(98.,45.9660989855621,14.2474454275447));
#7537=CARTESIAN_POINT('Ctrl Pts',(99.,45.8598439574165,14.3737906943427));
#7538=CARTESIAN_POINT('Ctrl Pts',(98.,45.8598439574165,14.3737906943427));
#7539=CARTESIAN_POINT('Ctrl Pts',(99.,45.8438742869759,14.5380181450311));
#7540=CARTESIAN_POINT('Ctrl Pts',(98.,45.8438742869759,14.5380181450311));
#7541=CARTESIAN_POINT('Ctrl Pts',(99.,45.8359583467245,14.6194233745337));
#7542=CARTESIAN_POINT('Ctrl Pts',(98.,45.8359583467245,14.6194233745337));
#7543=CARTESIAN_POINT('',(98.,46.0196848958731,14.1837277263403));
#7544=CARTESIAN_POINT('',(99.,46.0196848958731,14.1837277263403));
#7545=CARTESIAN_POINT('Ctrl Pts',(98.,46.0196848958731,14.1837277263403));
#7546=CARTESIAN_POINT('Ctrl Pts',(98.,45.9660989855621,14.2474454275447));
#7547=CARTESIAN_POINT('Ctrl Pts',(98.,45.8598439574165,14.3737906943427));
#7548=CARTESIAN_POINT('Ctrl Pts',(98.,45.8438742869759,14.5380181450311));
#7549=CARTESIAN_POINT('Ctrl Pts',(98.,45.8359583467245,14.6194233745337));
#7550=CARTESIAN_POINT('Ctrl Pts',(99.,46.4553805440664,14.0000011771917));
#7551=CARTESIAN_POINT('Ctrl Pts',(98.,46.4553805440664,14.0000011771917));
#7552=CARTESIAN_POINT('Ctrl Pts',(99.,46.3739753145638,14.0079171174432));
#7553=CARTESIAN_POINT('Ctrl Pts',(98.,46.3739753145638,14.0079171174432));
#7554=CARTESIAN_POINT('Ctrl Pts',(99.,46.2097478638754,14.0238867878837));
#7555=CARTESIAN_POINT('Ctrl Pts',(98.,46.2097478638754,14.0238867878837));
#7556=CARTESIAN_POINT('Ctrl Pts',(99.,46.0834025970775,14.1301418160294));
#7557=CARTESIAN_POINT('Ctrl Pts',(98.,46.0834025970775,14.1301418160294));
#7558=CARTESIAN_POINT('Ctrl Pts',(99.,46.0196848958731,14.1837277263403));
#7559=CARTESIAN_POINT('Ctrl Pts',(98.,46.0196848958731,14.1837277263403));
#7560=CARTESIAN_POINT('',(98.,46.4553805440664,14.0000011771917));
#7561=CARTESIAN_POINT('',(99.,46.4553805440664,14.0000011771917));
#7562=CARTESIAN_POINT('Ctrl Pts',(98.,46.4553805440664,14.0000011771917));
#7563=CARTESIAN_POINT('Ctrl Pts',(98.,46.3739753145638,14.0079171174432));
#7564=CARTESIAN_POINT('Ctrl Pts',(98.,46.2097478638754,14.0238867878837));
#7565=CARTESIAN_POINT('Ctrl Pts',(98.,46.0834025970775,14.1301418160294));
#7566=CARTESIAN_POINT('Ctrl Pts',(98.,46.0196848958731,14.1837277263403));
#7567=CARTESIAN_POINT('Origin',(99.,47.1377953141928,14.0000011771917));
#7568=CARTESIAN_POINT('',(98.,47.1377953141928,14.0000011771917));
#7569=CARTESIAN_POINT('',(99.,47.1377953141928,14.0000011771917));
#7570=CARTESIAN_POINT('',(98.,47.1377953141928,14.0000011771917));
#7571=CARTESIAN_POINT('Ctrl Pts',(99.,47.5787409394979,14.1837277263403));
#7572=CARTESIAN_POINT('Ctrl Pts',(98.,47.5787409394979,14.1837277263403));
#7573=CARTESIAN_POINT('Ctrl Pts',(99.,47.515451647788,14.1301413872948));
#7574=CARTESIAN_POINT('Ctrl Pts',(98.,47.515451647788,14.1301413872948));
#7575=CARTESIAN_POINT('Ctrl Pts',(99.,47.3879963600848,14.0222264134426));
#7576=CARTESIAN_POINT('Ctrl Pts',(98.,47.3879963600848,14.0222264134426));
#7577=CARTESIAN_POINT('Ctrl Pts',(99.,47.2215772354832,14.0074434841877));
#7578=CARTESIAN_POINT('Ctrl Pts',(98.,47.2215772354832,14.0074434841877));
#7579=CARTESIAN_POINT('Ctrl Pts',(99.,47.1377953141928,14.0000011771917));
#7580=CARTESIAN_POINT('Ctrl Pts',(98.,47.1377953141928,14.0000011771917));
#7581=CARTESIAN_POINT('',(98.,47.5787409394979,14.1837277263403));
#7582=CARTESIAN_POINT('',(99.,47.5787409394979,14.1837277263403));
#7583=CARTESIAN_POINT('Ctrl Pts',(98.,47.5787409394979,14.1837277263403));
#7584=CARTESIAN_POINT('Ctrl Pts',(98.,47.515451647788,14.1301413872948));
#7585=CARTESIAN_POINT('Ctrl Pts',(98.,47.3879963600848,14.0222264134426));
#7586=CARTESIAN_POINT('Ctrl Pts',(98.,47.2215772354832,14.0074434841877));
#7587=CARTESIAN_POINT('Ctrl Pts',(98.,47.1377953141928,14.0000011771917));
#7588=CARTESIAN_POINT('Ctrl Pts',(99.,47.7572187036276,14.6194233745337));
#7589=CARTESIAN_POINT('Ctrl Pts',(98.,47.7572187036276,14.6194233745337));
#7590=CARTESIAN_POINT('Ctrl Pts',(99.,47.7496465747799,14.5381380058604));
#7591=CARTESIAN_POINT('Ctrl Pts',(98.,47.7496465747799,14.5381380058604));
#7592=CARTESIAN_POINT('Ctrl Pts',(99.,47.7344323527547,14.3748162146881));
#7593=CARTESIAN_POINT('Ctrl Pts',(98.,47.7344323527547,14.3748162146881));
#7594=CARTESIAN_POINT('Ctrl Pts',(99.,47.6307969369977,14.2476188662791));
#7595=CARTESIAN_POINT('Ctrl Pts',(98.,47.6307969369977,14.2476188662791));
#7596=CARTESIAN_POINT('Ctrl Pts',(99.,47.5787409394979,14.1837277263403));
#7597=CARTESIAN_POINT('Ctrl Pts',(98.,47.5787409394979,14.1837277263403));
#7598=CARTESIAN_POINT('',(98.,47.7572187036276,14.6194233745337));
#7599=CARTESIAN_POINT('',(99.,47.7572187036276,14.6194233745337));
#7600=CARTESIAN_POINT('Ctrl Pts',(98.,47.7572187036276,14.6194233745337));
#7601=CARTESIAN_POINT('Ctrl Pts',(98.,47.7496465747799,14.5381380058604));
#7602=CARTESIAN_POINT('Ctrl Pts',(98.,47.7344323527547,14.3748162146881));
#7603=CARTESIAN_POINT('Ctrl Pts',(98.,47.6307969369977,14.2476188662791));
#7604=CARTESIAN_POINT('Ctrl Pts',(98.,47.5787409394979,14.1837277263403));
#7605=CARTESIAN_POINT('Origin',(99.,47.7572187036276,16.7401590198278));
#7606=CARTESIAN_POINT('',(98.,47.7572187036276,16.7401590198278));
#7607=CARTESIAN_POINT('',(99.,47.7572187036276,16.7401590198278));
#7608=CARTESIAN_POINT('',(98.,47.7572187036276,16.7401590198278));
#7609=CARTESIAN_POINT('Ctrl Pts',(99.,47.8412076085806,16.8136491626501));
#7610=CARTESIAN_POINT('Ctrl Pts',(98.,47.8412076085806,16.8136491626501));
#7611=CARTESIAN_POINT('Ctrl Pts',(99.,47.8167319582675,16.8112942621695));
#7612=CARTESIAN_POINT('Ctrl Pts',(98.,47.8167319582675,16.8112942621695));
#7613=CARTESIAN_POINT('Ctrl Pts',(99.,47.7702553346023,16.806822559804));
#7614=CARTESIAN_POINT('Ctrl Pts',(98.,47.7702553346023,16.806822559804));
#7615=CARTESIAN_POINT('Ctrl Pts',(99.,47.7614072058994,16.7615771599271));
#7616=CARTESIAN_POINT('Ctrl Pts',(98.,47.7614072058994,16.7615771599271));
#7617=CARTESIAN_POINT('Ctrl Pts',(99.,47.7572187036276,16.7401590198278));
#7618=CARTESIAN_POINT('Ctrl Pts',(98.,47.7572187036276,16.7401590198278));
#7619=CARTESIAN_POINT('',(98.,47.8412076085806,16.8136491626501));
#7620=CARTESIAN_POINT('',(99.,47.8412076085806,16.8136491626501));
#7621=CARTESIAN_POINT('Ctrl Pts',(98.,47.8412076085806,16.8136491626501));
#7622=CARTESIAN_POINT('Ctrl Pts',(98.,47.8167319582675,16.8112942621695));
#7623=CARTESIAN_POINT('Ctrl Pts',(98.,47.7702553346023,16.806822559804));
#7624=CARTESIAN_POINT('Ctrl Pts',(98.,47.7614072058994,16.7615771599271));
#7625=CARTESIAN_POINT('Ctrl Pts',(98.,47.7572187036276,16.7401590198278));
#7626=CARTESIAN_POINT('Origin',(99.,48.6076124757528,16.8136491626501));
#7627=CARTESIAN_POINT('',(98.,48.6076124757528,16.8136491626501));
#7628=CARTESIAN_POINT('',(99.,48.6076124757528,16.8136491626501));
#7629=CARTESIAN_POINT('',(98.,48.6076124757528,16.8136491626501));
#7630=CARTESIAN_POINT('Ctrl Pts',(99.,48.723097667098,16.7506571859121));
#7631=CARTESIAN_POINT('Ctrl Pts',(98.,48.723097667098,16.7506571859121));
#7632=CARTESIAN_POINT('Ctrl Pts',(99.,48.7078980574465,16.769029649042));
#7633=CARTESIAN_POINT('Ctrl Pts',(98.,48.7078980574465,16.769029649042));
#7634=CARTESIAN_POINT('Ctrl Pts',(99.,48.6777676588654,16.8054496394044));
#7635=CARTESIAN_POINT('Ctrl Pts',(98.,48.6777676588654,16.8054496394044));
#7636=CARTESIAN_POINT('Ctrl Pts',(99.,48.6308580289492,16.8109322934847));
#7637=CARTESIAN_POINT('Ctrl Pts',(98.,48.6308580289492,16.8109322934847));
#7638=CARTESIAN_POINT('Ctrl Pts',(99.,48.6076124757528,16.8136491626501));
#7639=CARTESIAN_POINT('Ctrl Pts',(98.,48.6076124757528,16.8136491626501));
#7640=CARTESIAN_POINT('',(98.,48.723097667098,16.7506571859121));
#7641=CARTESIAN_POINT('',(99.,48.723097667098,16.7506571859121));
#7642=CARTESIAN_POINT('Ctrl Pts',(98.,48.723097667098,16.7506571859121));
#7643=CARTESIAN_POINT('Ctrl Pts',(98.,48.7078980574465,16.769029649042));
#7644=CARTESIAN_POINT('Ctrl Pts',(98.,48.6777676588654,16.8054496394044));
#7645=CARTESIAN_POINT('Ctrl Pts',(98.,48.6308580289492,16.8109322934847));
#7646=CARTESIAN_POINT('Ctrl Pts',(98.,48.6076124757528,16.8136491626501));
#7647=CARTESIAN_POINT('Origin',(99.,49.8674543946981,14.5459332317114));
#7648=CARTESIAN_POINT('',(98.,49.8674543946981,14.5459332317114));
#7649=CARTESIAN_POINT('',(99.,49.8674543946981,14.5459332317114));
#7650=CARTESIAN_POINT('',(98.,49.8674543946981,14.5459332317114));
#7651=CARTESIAN_POINT('Ctrl Pts',(99.,50.2506550401449,14.1469826549292));
#7652=CARTESIAN_POINT('Ctrl Pts',(98.,50.2506550401449,14.1469826549292));
#7653=CARTESIAN_POINT('Ctrl Pts',(99.,50.1730219514586,14.2003271103629));
#7654=CARTESIAN_POINT('Ctrl Pts',(98.,50.1730219514586,14.2003271103629));
#7655=CARTESIAN_POINT('Ctrl Pts',(99.,50.0178449304701,14.3069547587087));
#7656=CARTESIAN_POINT('Ctrl Pts',(98.,50.0178449304701,14.3069547587087));
#7657=CARTESIAN_POINT('Ctrl Pts',(99.,49.9175653682048,14.4663042585994));
#7658=CARTESIAN_POINT('Ctrl Pts',(98.,49.9175653682048,14.4663042585994));
#7659=CARTESIAN_POINT('Ctrl Pts',(99.,49.8674543946981,14.5459332317114));
#7660=CARTESIAN_POINT('Ctrl Pts',(98.,49.8674543946981,14.5459332317114));
#7661=CARTESIAN_POINT('',(98.,50.2506550401449,14.1469826549292));
#7662=CARTESIAN_POINT('',(99.,50.2506550401449,14.1469826549292));
#7663=CARTESIAN_POINT('Ctrl Pts',(98.,50.2506550401449,14.1469826549292));
#7664=CARTESIAN_POINT('Ctrl Pts',(98.,50.1730219514586,14.2003271103629));
#7665=CARTESIAN_POINT('Ctrl Pts',(98.,50.0178449304701,14.3069547587087));
#7666=CARTESIAN_POINT('Ctrl Pts',(98.,49.9175653682048,14.4663042585994));
#7667=CARTESIAN_POINT('Ctrl Pts',(98.,49.8674543946981,14.5459332317114));
#7668=CARTESIAN_POINT('Ctrl Pts',(99.,50.7808407396078,14.0000011771917));
#7669=CARTESIAN_POINT('Ctrl Pts',(98.,50.7808407396078,14.0000011771917));
#7670=CARTESIAN_POINT('Ctrl Pts',(99.,50.6877428764994,14.0062090921608));
#7671=CARTESIAN_POINT('Ctrl Pts',(98.,50.6877428764994,14.0062090921608));
#7672=CARTESIAN_POINT('Ctrl Pts',(99.,50.5009044309634,14.0186677796549));
#7673=CARTESIAN_POINT('Ctrl Pts',(98.,50.5009044309634,14.0186677796549));
#7674=CARTESIAN_POINT('Ctrl Pts',(99.,50.3342625849345,14.1041130533426));
#7675=CARTESIAN_POINT('Ctrl Pts',(98.,50.3342625849345,14.1041130533426));
#7676=CARTESIAN_POINT('Ctrl Pts',(99.,50.2506550401449,14.1469826549292));
#7677=CARTESIAN_POINT('Ctrl Pts',(98.,50.2506550401449,14.1469826549292));
#7678=CARTESIAN_POINT('',(98.,50.7808407396078,14.0000011771917));
#7679=CARTESIAN_POINT('',(99.,50.7808407396078,14.0000011771917));
#7680=CARTESIAN_POINT('Ctrl Pts',(98.,50.7808407396078,14.0000011771917));
#7681=CARTESIAN_POINT('Ctrl Pts',(98.,50.6877428764994,14.0062090921608));
#7682=CARTESIAN_POINT('Ctrl Pts',(98.,50.5009044309634,14.0186677796549));
#7683=CARTESIAN_POINT('Ctrl Pts',(98.,50.3342625849345,14.1041130533426));
#7684=CARTESIAN_POINT('Ctrl Pts',(98.,50.2506550401449,14.1469826549292));
#7685=CARTESIAN_POINT('Origin',(99.,51.6942270845175,14.0000011771917));
#7686=CARTESIAN_POINT('',(98.,51.6942270845175,14.0000011771917));
#7687=CARTESIAN_POINT('',(99.,51.6942270845175,14.0000011771917));
#7688=CARTESIAN_POINT('',(98.,51.6942270845175,14.0000011771917));
#7689=CARTESIAN_POINT('Ctrl Pts',(99.,51.9986876100302,14.1784789413214));
#7690=CARTESIAN_POINT('Ctrl Pts',(98.,51.9986876100302,14.1784789413214));
#7691=CARTESIAN_POINT('Ctrl Pts',(99.,51.960143899897,14.1264251997512));
#7692=CARTESIAN_POINT('Ctrl Pts',(98.,51.960143899897,14.1264251997512));
#7693=CARTESIAN_POINT('Ctrl Pts',(99.,51.8839291715438,14.0234962974782));
#7694=CARTESIAN_POINT('Ctrl Pts',(98.,51.8839291715438,14.0234962974782));
#7695=CARTESIAN_POINT('Ctrl Pts',(99.,51.7569765592478,14.0077728705864));
#7696=CARTESIAN_POINT('Ctrl Pts',(98.,51.7569765592478,14.0077728705864));
#7697=CARTESIAN_POINT('Ctrl Pts',(99.,51.6942270845175,14.0000011771917));
#7698=CARTESIAN_POINT('Ctrl Pts',(98.,51.6942270845175,14.0000011771917));
#7699=CARTESIAN_POINT('',(98.,51.9986876100302,14.1784789413214));
#7700=CARTESIAN_POINT('',(99.,51.9986876100302,14.1784789413214));
#7701=CARTESIAN_POINT('Ctrl Pts',(98.,51.9986876100302,14.1784789413214));
#7702=CARTESIAN_POINT('Ctrl Pts',(98.,51.960143899897,14.1264251997512));
#7703=CARTESIAN_POINT('Ctrl Pts',(98.,51.8839291715438,14.0234962974782));
#7704=CARTESIAN_POINT('Ctrl Pts',(98.,51.7569765592478,14.0077728705864));
#7705=CARTESIAN_POINT('Ctrl Pts',(98.,51.6942270845175,14.0000011771917));
#7706=CARTESIAN_POINT('Ctrl Pts',(99.,52.0511826127768,14.356956705451));
#7707=CARTESIAN_POINT('Ctrl Pts',(98.,52.0511826127768,14.356956705451));
#7708=CARTESIAN_POINT('Ctrl Pts',(99.,52.0484734908774,14.3276104675029));
#7709=CARTESIAN_POINT('Ctrl Pts',(98.,52.0484734908774,14.3276104675029));
#7710=CARTESIAN_POINT('Ctrl Pts',(99.,52.0426735983578,14.2647838276252));
#7711=CARTESIAN_POINT('Ctrl Pts',(98.,52.0426735983578,14.2647838276252));
#7712=CARTESIAN_POINT('Ctrl Pts',(99.,52.0139790003672,14.2084821708643));
#7713=CARTESIAN_POINT('Ctrl Pts',(98.,52.0139790003672,14.2084821708643));
#7714=CARTESIAN_POINT('Ctrl Pts',(99.,51.9986876100302,14.1784789413214));
#7715=CARTESIAN_POINT('Ctrl Pts',(98.,51.9986876100302,14.1784789413214));
#7716=CARTESIAN_POINT('',(98.,52.0511826127768,14.356956705451));
#7717=CARTESIAN_POINT('',(99.,52.0511826127768,14.356956705451));
#7718=CARTESIAN_POINT('Ctrl Pts',(98.,52.0511826127768,14.356956705451));
#7719=CARTESIAN_POINT('Ctrl Pts',(98.,52.0484734908774,14.3276104675029));
#7720=CARTESIAN_POINT('Ctrl Pts',(98.,52.0426735983578,14.2647838276252));
#7721=CARTESIAN_POINT('Ctrl Pts',(98.,52.0139790003672,14.2084821708643));
#7722=CARTESIAN_POINT('Ctrl Pts',(98.,51.9986876100302,14.1784789413214));
#7723=CARTESIAN_POINT('Ctrl Pts',(99.,52.0091875642538,14.5354344695807));
#7724=CARTESIAN_POINT('Ctrl Pts',(98.,52.0091875642538,14.5354344695807));
#7725=CARTESIAN_POINT('Ctrl Pts',(99.,52.021435515606,14.5069747954738));
#7726=CARTESIAN_POINT('Ctrl Pts',(98.,52.021435515606,14.5069747954738));
#7727=CARTESIAN_POINT('Ctrl Pts',(99.,52.0459709261079,14.4499636458634));
#7728=CARTESIAN_POINT('Ctrl Pts',(98.,52.0459709261079,14.4499636458634));
#7729=CARTESIAN_POINT('Ctrl Pts',(99.,52.0494435199888,14.3879922817591));
#7730=CARTESIAN_POINT('Ctrl Pts',(98.,52.0494435199888,14.3879922817591));
#7731=CARTESIAN_POINT('Ctrl Pts',(99.,52.0511826127768,14.356956705451));
#7732=CARTESIAN_POINT('Ctrl Pts',(98.,52.0511826127768,14.356956705451));
#7733=CARTESIAN_POINT('',(98.,52.0091875642538,14.5354344695807));
#7734=CARTESIAN_POINT('',(99.,52.0091875642538,14.5354344695807));
#7735=CARTESIAN_POINT('Ctrl Pts',(98.,52.0091875642538,14.5354344695807));
#7736=CARTESIAN_POINT('Ctrl Pts',(98.,52.021435515606,14.5069747954738));
#7737=CARTESIAN_POINT('Ctrl Pts',(98.,52.0459709261079,14.4499636458634));
#7738=CARTESIAN_POINT('Ctrl Pts',(98.,52.0494435199888,14.3879922817591));
#7739=CARTESIAN_POINT('Ctrl Pts',(98.,52.0511826127768,14.356956705451));
#7740=CARTESIAN_POINT('Origin',(99.,50.5603679269552,17.1076127141714));
#7741=CARTESIAN_POINT('',(98.,50.5603679269552,17.1076127141714));
#7742=CARTESIAN_POINT('Origin',(98.,45.5000001937151,18.0000012367964));
#7743=CARTESIAN_POINT('Ctrl Pts',(99.,55.4422577470541,20.4671927541494));
#7744=CARTESIAN_POINT('Ctrl Pts',(98.,55.4422577470541,20.4671927541494));
#7745=CARTESIAN_POINT('Ctrl Pts',(99.,55.4177816028118,20.4648377458831));
#7746=CARTESIAN_POINT('Ctrl Pts',(98.,55.4177816028118,20.4648377458831));
#7747=CARTESIAN_POINT('Ctrl Pts',(99.,55.3713044809063,20.4603658811483));
#7748=CARTESIAN_POINT('Ctrl Pts',(98.,55.3713044809063,20.4603658811483));
#7749=CARTESIAN_POINT('Ctrl Pts',(99.,55.3624561865943,20.4151201070959));
#7750=CARTESIAN_POINT('Ctrl Pts',(98.,55.3624561865943,20.4151201070959));
#7751=CARTESIAN_POINT('Ctrl Pts',(99.,55.3582676500082,20.3937020152807));
#7752=CARTESIAN_POINT('Ctrl Pts',(98.,55.3582676500082,20.3937020152807));
#7753=CARTESIAN_POINT('',(99.,55.4422577470541,20.4671927541494));
#7754=CARTESIAN_POINT('',(99.,55.3582676500082,20.3937020152807));
#7755=CARTESIAN_POINT('Ctrl Pts',(99.,55.4422577470541,20.4671927541494));
#7756=CARTESIAN_POINT('Ctrl Pts',(99.,55.4177816028118,20.4648377458831));
#7757=CARTESIAN_POINT('Ctrl Pts',(99.,55.3713044809063,20.4603658811483));
#7758=CARTESIAN_POINT('Ctrl Pts',(99.,55.3624561865943,20.4151201070959));
#7759=CARTESIAN_POINT('Ctrl Pts',(99.,55.3582676500082,20.3937020152807));
#7760=CARTESIAN_POINT('',(98.,55.4422577470541,20.4671927541494));
#7761=CARTESIAN_POINT('',(99.,55.4422577470541,20.4671927541494));
#7762=CARTESIAN_POINT('',(98.,55.3582676500082,20.3937020152807));
#7763=CARTESIAN_POINT('Ctrl Pts',(98.,55.4422577470541,20.4671927541494));
#7764=CARTESIAN_POINT('Ctrl Pts',(98.,55.4177816028118,20.4648377458831));
#7765=CARTESIAN_POINT('Ctrl Pts',(98.,55.3713044809063,20.4603658811483));
#7766=CARTESIAN_POINT('Ctrl Pts',(98.,55.3624561865943,20.4151201070959));
#7767=CARTESIAN_POINT('Ctrl Pts',(98.,55.3582676500082,20.3937020152807));
#7768=CARTESIAN_POINT('',(99.,55.3582676500082,20.3937020152807));
#7769=CARTESIAN_POINT('Origin',(99.,55.6207331269979,20.4671927541494));
#7770=CARTESIAN_POINT('',(99.,55.6207331269979,20.4671927541494));
#7771=CARTESIAN_POINT('',(99.,52.560366563499,20.4671927541494));
#7772=CARTESIAN_POINT('',(98.,55.6207331269979,20.4671927541494));
#7773=CARTESIAN_POINT('',(99.,55.6207331269979,20.4671927541494));
#7774=CARTESIAN_POINT('',(98.,55.6207331269979,20.4671927541494));
#7775=CARTESIAN_POINT('Ctrl Pts',(99.,56.5131219476461,20.3517069667578));
#7776=CARTESIAN_POINT('Ctrl Pts',(98.,56.5131219476461,20.3517069667578));
#7777=CARTESIAN_POINT('Ctrl Pts',(99.,56.3764048158449,20.3853503586169));
#7778=CARTESIAN_POINT('Ctrl Pts',(98.,56.3764048158449,20.3853503586169));
#7779=CARTESIAN_POINT('Ctrl Pts',(99.,56.0834570548917,20.4574390294818));
#7780=CARTESIAN_POINT('Ctrl Pts',(98.,56.0834570548917,20.4574390294818));
#7781=CARTESIAN_POINT('Ctrl Pts',(99.,55.7816750867427,20.4638002700608));
#7782=CARTESIAN_POINT('Ctrl Pts',(98.,55.7816750867427,20.4638002700608));
#7783=CARTESIAN_POINT('Ctrl Pts',(99.,55.6207331269979,20.4671927541494));
#7784=CARTESIAN_POINT('Ctrl Pts',(98.,55.6207331269979,20.4671927541494));
#7785=CARTESIAN_POINT('',(99.,56.5131219476461,20.3517069667578));
#7786=CARTESIAN_POINT('Ctrl Pts',(99.,56.5131219476461,20.3517069667578));
#7787=CARTESIAN_POINT('Ctrl Pts',(99.,56.3764048158449,20.3853503586169));
#7788=CARTESIAN_POINT('Ctrl Pts',(99.,56.0834570548917,20.4574390294818));
#7789=CARTESIAN_POINT('Ctrl Pts',(99.,55.7816750867427,20.4638002700608));
#7790=CARTESIAN_POINT('Ctrl Pts',(99.,55.6207331269979,20.4671927541494));
#7791=CARTESIAN_POINT('',(98.,56.5131219476461,20.3517069667578));
#7792=CARTESIAN_POINT('',(99.,56.5131219476461,20.3517069667578));
#7793=CARTESIAN_POINT('Ctrl Pts',(98.,56.5131219476461,20.3517069667578));
#7794=CARTESIAN_POINT('Ctrl Pts',(98.,56.3764048158449,20.3853503586169));
#7795=CARTESIAN_POINT('Ctrl Pts',(98.,56.0834570548917,20.4574390294818));
#7796=CARTESIAN_POINT('Ctrl Pts',(98.,55.7816750867427,20.4638002700608));
#7797=CARTESIAN_POINT('Ctrl Pts',(98.,55.6207331269979,20.4671927541494));
#7798=CARTESIAN_POINT('Ctrl Pts',(99.,57.2007855027914,19.9737545102835));
#7799=CARTESIAN_POINT('Ctrl Pts',(98.,57.2007855027914,19.9737545102835));
#7800=CARTESIAN_POINT('Ctrl Pts',(99.,57.0951473894852,20.0549836979142));
#7801=CARTESIAN_POINT('Ctrl Pts',(98.,57.0951473894852,20.0549836979142));
#7802=CARTESIAN_POINT('Ctrl Pts',(99.,56.88532557364,20.216323721083));
#7803=CARTESIAN_POINT('Ctrl Pts',(98.,56.88532557364,20.216323721083));
#7804=CARTESIAN_POINT('Ctrl Pts',(99.,56.6366151653897,20.3067882409063));
#7805=CARTESIAN_POINT('Ctrl Pts',(98.,56.6366151653897,20.3067882409063));
#7806=CARTESIAN_POINT('Ctrl Pts',(99.,56.5131219476461,20.3517069667578));
#7807=CARTESIAN_POINT('Ctrl Pts',(98.,56.5131219476461,20.3517069667578));
#7808=CARTESIAN_POINT('',(99.,57.2007855027914,19.9737545102835));
#7809=CARTESIAN_POINT('Ctrl Pts',(99.,57.2007855027914,19.9737545102835));
#7810=CARTESIAN_POINT('Ctrl Pts',(99.,57.0951473894852,20.0549836979142));
#7811=CARTESIAN_POINT('Ctrl Pts',(99.,56.88532557364,20.216323721083));
#7812=CARTESIAN_POINT('Ctrl Pts',(99.,56.6366151653897,20.3067882409063));
#7813=CARTESIAN_POINT('Ctrl Pts',(99.,56.5131219476461,20.3517069667578));
#7814=CARTESIAN_POINT('',(98.,57.2007855027914,19.9737545102835));
#7815=CARTESIAN_POINT('',(99.,57.2007855027914,19.9737545102835));
#7816=CARTESIAN_POINT('Ctrl Pts',(98.,57.2007855027914,19.9737545102835));
#7817=CARTESIAN_POINT('Ctrl Pts',(98.,57.0951473894852,20.0549836979142));
#7818=CARTESIAN_POINT('Ctrl Pts',(98.,56.88532557364,20.216323721083));
#7819=CARTESIAN_POINT('Ctrl Pts',(98.,56.6366151653897,20.3067882409063));
#7820=CARTESIAN_POINT('Ctrl Pts',(98.,56.5131219476461,20.3517069667578));
#7821=CARTESIAN_POINT('Ctrl Pts',(99.,57.6679786294699,19.2230983823538));
#7822=CARTESIAN_POINT('Ctrl Pts',(98.,57.6679786294699,19.2230983823538));
#7823=CARTESIAN_POINT('Ctrl Pts',(99.,57.612691666222,19.3732950323784));
#7824=CARTESIAN_POINT('Ctrl Pts',(98.,57.612691666222,19.3732950323784));
#7825=CARTESIAN_POINT('Ctrl Pts',(99.,57.5085398638901,19.6562415153339));
#7826=CARTESIAN_POINT('Ctrl Pts',(98.,57.5085398638901,19.6562415153339));
#7827=CARTESIAN_POINT('Ctrl Pts',(99.,57.2990647957712,19.8723588629753));
#7828=CARTESIAN_POINT('Ctrl Pts',(98.,57.2990647957712,19.8723588629753));
#7829=CARTESIAN_POINT('Ctrl Pts',(99.,57.2007855027914,19.9737545102835));
#7830=CARTESIAN_POINT('Ctrl Pts',(98.,57.2007855027914,19.9737545102835));
#7831=CARTESIAN_POINT('',(99.,57.6679786294699,19.2230983823538));
#7832=CARTESIAN_POINT('Ctrl Pts',(99.,57.6679786294699,19.2230983823538));
#7833=CARTESIAN_POINT('Ctrl Pts',(99.,57.612691666222,19.3732950323784));
#7834=CARTESIAN_POINT('Ctrl Pts',(99.,57.5085398638901,19.6562415153339));
#7835=CARTESIAN_POINT('Ctrl Pts',(99.,57.2990647957712,19.8723588629753));
#7836=CARTESIAN_POINT('Ctrl Pts',(99.,57.2007855027914,19.9737545102835));
#7837=CARTESIAN_POINT('',(98.,57.6679786294699,19.2230983823538));
#7838=CARTESIAN_POINT('',(99.,57.6679786294699,19.2230983823538));
#7839=CARTESIAN_POINT('Ctrl Pts',(98.,57.6679786294699,19.2230983823538));
#7840=CARTESIAN_POINT('Ctrl Pts',(98.,57.612691666222,19.3732950323784));
#7841=CARTESIAN_POINT('Ctrl Pts',(98.,57.5085398638901,19.6562415153339));
#7842=CARTESIAN_POINT('Ctrl Pts',(98.,57.2990647957712,19.8723588629753));
#7843=CARTESIAN_POINT('Ctrl Pts',(98.,57.2007855027914,19.9737545102835));
#7844=CARTESIAN_POINT('Ctrl Pts',(99.,57.825458869338,18.0419959872961));
#7845=CARTESIAN_POINT('Ctrl Pts',(98.,57.825458869338,18.0419959872961));
#7846=CARTESIAN_POINT('Ctrl Pts',(99.,57.8211370159433,18.2571331064327));
#7847=CARTESIAN_POINT('Ctrl Pts',(98.,57.8211370159433,18.2571331064327));
#7848=CARTESIAN_POINT('Ctrl Pts',(99.,57.8131035976448,18.6570278533568));
#7849=CARTESIAN_POINT('Ctrl Pts',(98.,57.8131035976448,18.6570278533568));
#7850=CARTESIAN_POINT('Ctrl Pts',(99.,57.7138399754807,19.0442128554636));
#7851=CARTESIAN_POINT('Ctrl Pts',(98.,57.7138399754807,19.0442128554636));
#7852=CARTESIAN_POINT('Ctrl Pts',(99.,57.6679786294699,19.2230983823538));
#7853=CARTESIAN_POINT('Ctrl Pts',(98.,57.6679786294699,19.2230983823538));
#7854=CARTESIAN_POINT('',(99.,57.825458869338,18.0419959872961));
#7855=CARTESIAN_POINT('Ctrl Pts',(99.,57.825458869338,18.0419959872961));
#7856=CARTESIAN_POINT('Ctrl Pts',(99.,57.8211370159433,18.2571331064327));
#7857=CARTESIAN_POINT('Ctrl Pts',(99.,57.8131035976448,18.6570278533568));
#7858=CARTESIAN_POINT('Ctrl Pts',(99.,57.7138399754807,19.0442128554636));
#7859=CARTESIAN_POINT('Ctrl Pts',(99.,57.6679786294699,19.2230983823538));
#7860=CARTESIAN_POINT('',(98.,57.825458869338,18.0419959872961));
#7861=CARTESIAN_POINT('',(99.,57.825458869338,18.0419959872961));
#7862=CARTESIAN_POINT('Ctrl Pts',(98.,57.825458869338,18.0419959872961));
#7863=CARTESIAN_POINT('Ctrl Pts',(98.,57.8211370159433,18.2571331064327));
#7864=CARTESIAN_POINT('Ctrl Pts',(98.,57.8131035976448,18.6570278533568));
#7865=CARTESIAN_POINT('Ctrl Pts',(98.,57.7138399754807,19.0442128554636));
#7866=CARTESIAN_POINT('Ctrl Pts',(98.,57.6679786294699,19.2230983823538));
#7867=CARTESIAN_POINT('Ctrl Pts',(99.,57.2480305284262,16.120735630393));
#7868=CARTESIAN_POINT('Ctrl Pts',(98.,57.2480305284262,16.120735630393));
#7869=CARTESIAN_POINT('Ctrl Pts',(99.,57.4156597076856,16.3693984536281));
#7870=CARTESIAN_POINT('Ctrl Pts',(98.,57.4156597076856,16.3693984536281));
#7871=CARTESIAN_POINT('Ctrl Pts',(99.,57.8038429839213,16.9452334593704));
#7872=CARTESIAN_POINT('Ctrl Pts',(98.,57.8038429839213,16.9452334593704));
#7873=CARTESIAN_POINT('Ctrl Pts',(99.,57.8176271305649,17.6446235249028));
#7874=CARTESIAN_POINT('Ctrl Pts',(98.,57.8176271305649,17.6446235249028));
#7875=CARTESIAN_POINT('Ctrl Pts',(99.,57.825458869338,18.0419959872961));
#7876=CARTESIAN_POINT('Ctrl Pts',(98.,57.825458869338,18.0419959872961));
#7877=CARTESIAN_POINT('',(99.,57.2480305284262,16.120735630393));
#7878=CARTESIAN_POINT('Ctrl Pts',(99.,57.2480305284262,16.120735630393));
#7879=CARTESIAN_POINT('Ctrl Pts',(99.,57.4156597076856,16.3693984536281));
#7880=CARTESIAN_POINT('Ctrl Pts',(99.,57.8038429839213,16.9452334593704));
#7881=CARTESIAN_POINT('Ctrl Pts',(99.,57.8176271305649,17.6446235249028));
#7882=CARTESIAN_POINT('Ctrl Pts',(99.,57.825458869338,18.0419959872961));
#7883=CARTESIAN_POINT('',(98.,57.2480305284262,16.120735630393));
#7884=CARTESIAN_POINT('',(99.,57.2480305284262,16.120735630393));
#7885=CARTESIAN_POINT('Ctrl Pts',(98.,57.2480305284262,16.120735630393));
#7886=CARTESIAN_POINT('Ctrl Pts',(98.,57.4156597076856,16.3693984536281));
#7887=CARTESIAN_POINT('Ctrl Pts',(98.,57.8038429839213,16.9452334593704));
#7888=CARTESIAN_POINT('Ctrl Pts',(98.,57.8176271305649,17.6446235249028));
#7889=CARTESIAN_POINT('Ctrl Pts',(98.,57.825458869338,18.0419959872961));
#7890=CARTESIAN_POINT('Ctrl Pts',(99.,55.6207331269979,15.5433084815741));
#7891=CARTESIAN_POINT('Ctrl Pts',(98.,55.6207331269979,15.5433084815741));
#7892=CARTESIAN_POINT('Ctrl Pts',(99.,55.9430329919689,15.5598586773654));
#7893=CARTESIAN_POINT('Ctrl Pts',(98.,55.9430329919689,15.5598586773654));
#7894=CARTESIAN_POINT('Ctrl Pts',(99.,56.5454063866323,15.5907907338281));
#7895=CARTESIAN_POINT('Ctrl Pts',(98.,56.5454063866323,15.5907907338281));
#7896=CARTESIAN_POINT('Ctrl Pts',(99.,57.0250296679688,15.952540202853));
#7897=CARTESIAN_POINT('Ctrl Pts',(98.,57.0250296679688,15.952540202853));
#7898=CARTESIAN_POINT('Ctrl Pts',(99.,57.2480305284262,16.120735630393));
#7899=CARTESIAN_POINT('Ctrl Pts',(98.,57.2480305284262,16.120735630393));
#7900=CARTESIAN_POINT('',(99.,55.6207331269979,15.5433084815741));
#7901=CARTESIAN_POINT('Ctrl Pts',(99.,55.6207331269979,15.5433084815741));
#7902=CARTESIAN_POINT('Ctrl Pts',(99.,55.9430329919689,15.5598586773654));
#7903=CARTESIAN_POINT('Ctrl Pts',(99.,56.5454063866323,15.5907907338281));
#7904=CARTESIAN_POINT('Ctrl Pts',(99.,57.0250296679688,15.952540202853));
#7905=CARTESIAN_POINT('Ctrl Pts',(99.,57.2480305284262,16.120735630393));
#7906=CARTESIAN_POINT('',(98.,55.6207331269979,15.5433084815741));
#7907=CARTESIAN_POINT('',(99.,55.6207331269979,15.5433084815741));
#7908=CARTESIAN_POINT('Ctrl Pts',(98.,55.6207331269979,15.5433084815741));
#7909=CARTESIAN_POINT('Ctrl Pts',(98.,55.9430329919689,15.5598586773654));
#7910=CARTESIAN_POINT('Ctrl Pts',(98.,56.5454063866323,15.5907907338281));
#7911=CARTESIAN_POINT('Ctrl Pts',(98.,57.0250296679688,15.952540202853));
#7912=CARTESIAN_POINT('Ctrl Pts',(98.,57.2480305284262,16.120735630393));
#7913=CARTESIAN_POINT('Origin',(99.,55.4422577470541,15.5433084815741));
#7914=CARTESIAN_POINT('',(99.,55.4422577470541,15.5433084815741));
#7915=CARTESIAN_POINT('',(99.,52.4711288735271,15.5433084815741));
#7916=CARTESIAN_POINT('',(98.,55.4422577470541,15.5433084815741));
#7917=CARTESIAN_POINT('',(99.,55.4422577470541,15.5433084815741));
#7918=CARTESIAN_POINT('',(98.,55.4422577470541,15.5433084815741));
#7919=CARTESIAN_POINT('Ctrl Pts',(99.,55.3582676500082,15.6272973865271));
#7920=CARTESIAN_POINT('Ctrl Pts',(98.,55.3582676500082,15.6272973865271));
#7921=CARTESIAN_POINT('Ctrl Pts',(99.,55.3617673565938,15.6028007715937));
#7922=CARTESIAN_POINT('Ctrl Pts',(98.,55.3617673565938,15.6028007715937));
#7923=CARTESIAN_POINT('Ctrl Pts',(99.,55.3687668293726,15.5538071244962));
#7924=CARTESIAN_POINT('Ctrl Pts',(98.,55.3687668293726,15.5538071244962));
#7925=CARTESIAN_POINT('Ctrl Pts',(99.,55.4177606354162,15.5468080490829));
#7926=CARTESIAN_POINT('Ctrl Pts',(98.,55.4177606354162,15.5468080490829));
#7927=CARTESIAN_POINT('Ctrl Pts',(99.,55.4422577470541,15.5433084815741));
#7928=CARTESIAN_POINT('Ctrl Pts',(98.,55.4422577470541,15.5433084815741));
#7929=CARTESIAN_POINT('',(99.,55.3582676500082,15.6272973865271));
#7930=CARTESIAN_POINT('Ctrl Pts',(99.,55.3582676500082,15.6272973865271));
#7931=CARTESIAN_POINT('Ctrl Pts',(99.,55.3617673565938,15.6028007715937));
#7932=CARTESIAN_POINT('Ctrl Pts',(99.,55.3687668293726,15.5538071244962));
#7933=CARTESIAN_POINT('Ctrl Pts',(99.,55.4177606354162,15.5468080490829));
#7934=CARTESIAN_POINT('Ctrl Pts',(99.,55.4422577470541,15.5433084815741));
#7935=CARTESIAN_POINT('',(98.,55.3582676500082,15.6272973865271));
#7936=CARTESIAN_POINT('',(99.,55.3582676500082,15.6272973865271));
#7937=CARTESIAN_POINT('Ctrl Pts',(98.,55.3582676500082,15.6272973865271));
#7938=CARTESIAN_POINT('Ctrl Pts',(98.,55.3617673565938,15.6028007715937));
#7939=CARTESIAN_POINT('Ctrl Pts',(98.,55.3687668293726,15.5538071244962));
#7940=CARTESIAN_POINT('Ctrl Pts',(98.,55.4177606354162,15.5468080490829));
#7941=CARTESIAN_POINT('Ctrl Pts',(98.,55.4422577470541,15.5433084815741));
#7942=CARTESIAN_POINT('Origin',(99.,55.3582676500082,20.3937020152807));
#7943=CARTESIAN_POINT('',(99.,55.3582676500082,15.6968510076404));
#7944=CARTESIAN_POINT('',(98.,55.3582676500082,20.3937020152807));
#7945=CARTESIAN_POINT('Ctrl Pts',(99.,57.4475058168173,14.2414715141058));
#7946=CARTESIAN_POINT('Ctrl Pts',(98.,57.4475058168173,14.2414715141058));
#7947=CARTESIAN_POINT('Ctrl Pts',(99.,57.1962053204969,14.1710783229149));
#7948=CARTESIAN_POINT('Ctrl Pts',(98.,57.1962053204969,14.1710783229149));
#7949=CARTESIAN_POINT('Ctrl Pts',(99.,56.6710266739604,14.0239675872963));
#7950=CARTESIAN_POINT('Ctrl Pts',(98.,56.6710266739604,14.0239675872963));
#7951=CARTESIAN_POINT('Ctrl Pts',(99.,56.1256284846403,14.0082157072395));
#7952=CARTESIAN_POINT('Ctrl Pts',(98.,56.1256284846403,14.0082157072395));
#7953=CARTESIAN_POINT('Ctrl Pts',(99.,55.8412059396505,14.0000011771917));
#7954=CARTESIAN_POINT('Ctrl Pts',(98.,55.8412059396505,14.0000011771917));
#7955=CARTESIAN_POINT('',(98.,57.4475058168173,14.2414715141058));
#7956=CARTESIAN_POINT('',(99.,57.4475058168173,14.2414715141058));
#7957=CARTESIAN_POINT('',(98.,55.8412059396505,14.0000011771917));
#7958=CARTESIAN_POINT('Ctrl Pts',(98.,57.4475058168173,14.2414715141058));
#7959=CARTESIAN_POINT('Ctrl Pts',(98.,57.1962053204969,14.1710783229149));
#7960=CARTESIAN_POINT('Ctrl Pts',(98.,56.6710266739604,14.0239675872963));
#7961=CARTESIAN_POINT('Ctrl Pts',(98.,56.1256284846403,14.0082157072395));
#7962=CARTESIAN_POINT('Ctrl Pts',(98.,55.8412059396505,14.0000011771917));
#7963=CARTESIAN_POINT('',(99.,55.8412059396505,14.0000011771917));
#7964=CARTESIAN_POINT('Ctrl Pts',(99.,58.6916001886129,14.971130117774));
#7965=CARTESIAN_POINT('Ctrl Pts',(98.,58.6916001886129,14.971130117774));
#7966=CARTESIAN_POINT('Ctrl Pts',(99.,58.5058725874306,14.8182292408739));
#7967=CARTESIAN_POINT('Ctrl Pts',(98.,58.5058725874306,14.8182292408739));
#7968=CARTESIAN_POINT('Ctrl Pts',(99.,58.1300812666451,14.5088577628933));
#7969=CARTESIAN_POINT('Ctrl Pts',(98.,58.1300812666451,14.5088577628933));
#7970=CARTESIAN_POINT('Ctrl Pts',(99.,57.6767744804223,14.3312832527807));
#7971=CARTESIAN_POINT('Ctrl Pts',(98.,57.6767744804223,14.3312832527807));
#7972=CARTESIAN_POINT('Ctrl Pts',(99.,57.4475058168173,14.2414715141058));
#7973=CARTESIAN_POINT('Ctrl Pts',(98.,57.4475058168173,14.2414715141058));
#7974=CARTESIAN_POINT('',(98.,58.6916001886129,14.971130117774));
#7975=CARTESIAN_POINT('',(99.,58.6916001886129,14.971130117774));
#7976=CARTESIAN_POINT('Ctrl Pts',(98.,58.6916001886129,14.971130117774));
#7977=CARTESIAN_POINT('Ctrl Pts',(98.,58.5058725874306,14.8182292408739));
#7978=CARTESIAN_POINT('Ctrl Pts',(98.,58.1300812666451,14.5088577628933));
#7979=CARTESIAN_POINT('Ctrl Pts',(98.,57.6767744804223,14.3312832527807));
#7980=CARTESIAN_POINT('Ctrl Pts',(98.,57.4475058168173,14.2414715141058));
#7981=CARTESIAN_POINT('Ctrl Pts',(99.,59.505248889327,16.2414707988501));
#7982=CARTESIAN_POINT('Ctrl Pts',(98.,59.505248889327,16.2414707988501));
#7983=CARTESIAN_POINT('Ctrl Pts',(99.,59.4040114150194,15.9963159955644));
#7984=CARTESIAN_POINT('Ctrl Pts',(98.,59.4040114150194,15.9963159955644));
#7985=CARTESIAN_POINT('Ctrl Pts',(99.,59.2088338922173,15.5236777009451));
#7986=CARTESIAN_POINT('Ctrl Pts',(98.,59.2088338922173,15.5236777009451));
#7987=CARTESIAN_POINT('Ctrl Pts',(99.,58.8596597049601,15.1506638158672));
#7988=CARTESIAN_POINT('Ctrl Pts',(98.,58.8596597049601,15.1506638158672));
#7989=CARTESIAN_POINT('Ctrl Pts',(99.,58.6916001886129,14.971130117774));
#7990=CARTESIAN_POINT('Ctrl Pts',(98.,58.6916001886129,14.971130117774));
#7991=CARTESIAN_POINT('',(98.,59.505248889327,16.2414707988501));
#7992=CARTESIAN_POINT('',(99.,59.505248889327,16.2414707988501));
#7993=CARTESIAN_POINT('Ctrl Pts',(98.,59.505248889327,16.2414707988501));
#7994=CARTESIAN_POINT('Ctrl Pts',(98.,59.4040114150194,15.9963159955644));
#7995=CARTESIAN_POINT('Ctrl Pts',(98.,59.2088338922173,15.5236777009451));
#7996=CARTESIAN_POINT('Ctrl Pts',(98.,58.8596597049601,15.1506638158672));
#7997=CARTESIAN_POINT('Ctrl Pts',(98.,58.6916001886129,14.971130117774));
#7998=CARTESIAN_POINT('Ctrl Pts',(99.,59.7887142747641,18.0419959872961));
#7999=CARTESIAN_POINT('Ctrl Pts',(98.,59.7887142747641,18.0419959872961));
#8000=CARTESIAN_POINT('Ctrl Pts',(99.,59.7795353859636,17.7198830008133));
#8001=CARTESIAN_POINT('Ctrl Pts',(98.,59.7795353859636,17.7198830008133));
#8002=CARTESIAN_POINT('Ctrl Pts',(99.,59.76207719525,17.1072260581675));
#8003=CARTESIAN_POINT('Ctrl Pts',(98.,59.76207719525,17.1072260581675));
#8004=CARTESIAN_POINT('Ctrl Pts',(99.,59.5878660702398,16.5199691467179));
#8005=CARTESIAN_POINT('Ctrl Pts',(98.,59.5878660702398,16.5199691467179));
#8006=CARTESIAN_POINT('Ctrl Pts',(99.,59.505248889327,16.2414707988501));
#8007=CARTESIAN_POINT('Ctrl Pts',(98.,59.505248889327,16.2414707988501));
#8008=CARTESIAN_POINT('',(98.,59.7887142747641,18.0419959872961));
#8009=CARTESIAN_POINT('',(99.,59.7887142747641,18.0419959872961));
#8010=CARTESIAN_POINT('Ctrl Pts',(98.,59.7887142747641,18.0419959872961));
#8011=CARTESIAN_POINT('Ctrl Pts',(98.,59.7795353859636,17.7198830008133));
#8012=CARTESIAN_POINT('Ctrl Pts',(98.,59.76207719525,17.1072260581675));
#8013=CARTESIAN_POINT('Ctrl Pts',(98.,59.5878660702398,16.5199691467179));
#8014=CARTESIAN_POINT('Ctrl Pts',(98.,59.505248889327,16.2414707988501));
#8015=CARTESIAN_POINT('Ctrl Pts',(99.,58.7178476899862,21.0288723558187));
#8016=CARTESIAN_POINT('Ctrl Pts',(98.,58.7178476899862,21.0288723558187));
#8017=CARTESIAN_POINT('Ctrl Pts',(99.,59.0294674843133,20.6348630405618));
#8018=CARTESIAN_POINT('Ctrl Pts',(98.,59.0294674843133,20.6348630405618));
#8019=CARTESIAN_POINT('Ctrl Pts',(99.,59.7171092502581,19.7654148659776));
#8020=CARTESIAN_POINT('Ctrl Pts',(98.,59.7171092502581,19.7654148659776));
#8021=CARTESIAN_POINT('Ctrl Pts',(99.,59.7634007649191,18.6512518468312));
#8022=CARTESIAN_POINT('Ctrl Pts',(98.,59.7634007649191,18.6512518468312));
#8023=CARTESIAN_POINT('Ctrl Pts',(99.,59.7887142747641,18.0419959872961));
#8024=CARTESIAN_POINT('Ctrl Pts',(98.,59.7887142747641,18.0419959872961));
#8025=CARTESIAN_POINT('',(98.,58.7178476899862,21.0288723558187));
#8026=CARTESIAN_POINT('',(99.,58.7178476899862,21.0288723558187));
#8027=CARTESIAN_POINT('Ctrl Pts',(98.,58.7178476899862,21.0288723558187));
#8028=CARTESIAN_POINT('Ctrl Pts',(98.,59.0294674843133,20.6348630405618));
#8029=CARTESIAN_POINT('Ctrl Pts',(98.,59.7171092502581,19.7654148659776));
#8030=CARTESIAN_POINT('Ctrl Pts',(98.,59.7634007649191,18.6512518468312));
#8031=CARTESIAN_POINT('Ctrl Pts',(98.,59.7887142747641,18.0419959872961));
#8032=CARTESIAN_POINT('Ctrl Pts',(99.,55.736220702529,22.000001296401));
#8033=CARTESIAN_POINT('Ctrl Pts',(98.,55.736220702529,22.000001296401));
#8034=CARTESIAN_POINT('Ctrl Pts',(99.,56.3217510675996,21.9734855765601));
#8035=CARTESIAN_POINT('Ctrl Pts',(98.,56.3217510675996,21.9734855765601));
#8036=CARTESIAN_POINT('Ctrl Pts',(99.,57.4094552564285,21.9242289346141));
#8037=CARTESIAN_POINT('Ctrl Pts',(98.,57.4094552564285,21.9242289346141));
#8038=CARTESIAN_POINT('Ctrl Pts',(99.,58.3045830079576,21.3116768434845));
#8039=CARTESIAN_POINT('Ctrl Pts',(98.,58.3045830079576,21.3116768434845));
#8040=CARTESIAN_POINT('Ctrl Pts',(99.,58.7178476899862,21.0288723558187));
#8041=CARTESIAN_POINT('Ctrl Pts',(98.,58.7178476899862,21.0288723558187));
#8042=CARTESIAN_POINT('',(98.,55.736220702529,22.000001296401));
#8043=CARTESIAN_POINT('',(99.,55.736220702529,22.000001296401));
#8044=CARTESIAN_POINT('Ctrl Pts',(98.,55.736220702529,22.000001296401));
#8045=CARTESIAN_POINT('Ctrl Pts',(98.,56.3217510675996,21.9734855765601));
#8046=CARTESIAN_POINT('Ctrl Pts',(98.,57.4094552564285,21.9242289346141));
#8047=CARTESIAN_POINT('Ctrl Pts',(98.,58.3045830079576,21.3116768434845));
#8048=CARTESIAN_POINT('Ctrl Pts',(98.,58.7178476899862,21.0288723558187));
#8049=CARTESIAN_POINT('Origin',(99.,54.0564306825399,22.000001296401));
#8050=CARTESIAN_POINT('',(98.,54.0564306825399,22.000001296401));
#8051=CARTESIAN_POINT('',(99.,54.0564306825399,22.000001296401));
#8052=CARTESIAN_POINT('',(98.,54.0564306825399,22.000001296401));
#8053=CARTESIAN_POINT('Ctrl Pts',(99.,53.6207350343466,21.816274151206));
#8054=CARTESIAN_POINT('Ctrl Pts',(98.,53.6207350343466,21.816274151206));
#8055=CARTESIAN_POINT('Ctrl Pts',(99.,53.6844523398804,21.8698600118039));
#8056=CARTESIAN_POINT('Ctrl Pts',(98.,53.6844523398804,21.8698600118039));
#8057=CARTESIAN_POINT('Ctrl Pts',(99.,53.810797410922,21.9761154365639));
#8058=CARTESIAN_POINT('Ctrl Pts',(98.,53.810797410922,21.9761154365639));
#8059=CARTESIAN_POINT('Ctrl Pts',(99.,53.9750249989682,21.9920852484856));
#8060=CARTESIAN_POINT('Ctrl Pts',(98.,53.9750249989682,21.9920852484856));
#8061=CARTESIAN_POINT('Ctrl Pts',(99.,54.0564306825399,22.000001296401));
#8062=CARTESIAN_POINT('Ctrl Pts',(98.,54.0564306825399,22.000001296401));
#8063=CARTESIAN_POINT('',(98.,53.6207350343466,21.816274151206));
#8064=CARTESIAN_POINT('',(99.,53.6207350343466,21.816274151206));
#8065=CARTESIAN_POINT('Ctrl Pts',(98.,53.6207350343466,21.816274151206));
#8066=CARTESIAN_POINT('Ctrl Pts',(98.,53.6844523398804,21.8698600118039));
#8067=CARTESIAN_POINT('Ctrl Pts',(98.,53.810797410922,21.9761154365639));
#8068=CARTESIAN_POINT('Ctrl Pts',(98.,53.9750249989682,21.9920852484856));
#8069=CARTESIAN_POINT('Ctrl Pts',(98.,54.0564306825399,22.000001296401));
#8070=CARTESIAN_POINT('Ctrl Pts',(99.,53.4370072931051,21.3805785030127));
#8071=CARTESIAN_POINT('Ctrl Pts',(98.,53.4370072931051,21.3805785030127));
#8072=CARTESIAN_POINT('Ctrl Pts',(99.,53.4449231445973,21.4619838886204));
#8073=CARTESIAN_POINT('Ctrl Pts',(98.,53.4449231445973,21.4619838886204));
#8074=CARTESIAN_POINT('Ctrl Pts',(99.,53.4608926403146,21.6262116988705));
#8075=CARTESIAN_POINT('Ctrl Pts',(98.,53.4608926403146,21.6262116988705));
#8076=CARTESIAN_POINT('Ctrl Pts',(99.,53.5671486265452,21.7525566115617));
#8077=CARTESIAN_POINT('Ctrl Pts',(98.,53.5671486265452,21.7525566115617));
#8078=CARTESIAN_POINT('Ctrl Pts',(99.,53.6207350343466,21.816274151206));
#8079=CARTESIAN_POINT('Ctrl Pts',(98.,53.6207350343466,21.816274151206));
#8080=CARTESIAN_POINT('',(98.,53.4370072931051,21.3805785030127));
#8081=CARTESIAN_POINT('',(99.,53.4370072931051,21.3805785030127));
#8082=CARTESIAN_POINT('Ctrl Pts',(98.,53.4370072931051,21.3805785030127));
#8083=CARTESIAN_POINT('Ctrl Pts',(98.,53.4449231445973,21.4619838886204));
#8084=CARTESIAN_POINT('Ctrl Pts',(98.,53.4608926403146,21.6262116988705));
#8085=CARTESIAN_POINT('Ctrl Pts',(98.,53.5671486265452,21.7525566115617));
#8086=CARTESIAN_POINT('Ctrl Pts',(98.,53.6207350343466,21.816274151206));
#8087=CARTESIAN_POINT('Origin',(99.,53.4370072931051,14.6194233745337));
#8088=CARTESIAN_POINT('',(98.,53.4370072931051,14.6194233745337));
#8089=CARTESIAN_POINT('',(99.,53.4370072931051,14.6194233745337));
#8090=CARTESIAN_POINT('',(98.,53.4370072931051,14.6194233745337));
#8091=CARTESIAN_POINT('Ctrl Pts',(99.,53.6207350343466,14.1837277263403));
#8092=CARTESIAN_POINT('Ctrl Pts',(98.,53.6207350343466,14.1837277263403));
#8093=CARTESIAN_POINT('Ctrl Pts',(99.,53.5671486268436,14.2474453674923));
#8094=CARTESIAN_POINT('Ctrl Pts',(98.,53.5671486268436,14.2474453674923));
#8095=CARTESIAN_POINT('Ctrl Pts',(99.,53.4608927587102,14.3737903417404));
#8096=CARTESIAN_POINT('Ctrl Pts',(98.,53.4608927587102,14.3737903417404));
#8097=CARTESIAN_POINT('Ctrl Pts',(99.,53.4449231778801,14.5380181042042));
#8098=CARTESIAN_POINT('Ctrl Pts',(98.,53.4449231778801,14.5380181042042));
#8099=CARTESIAN_POINT('Ctrl Pts',(99.,53.4370072931051,14.6194233745337));
#8100=CARTESIAN_POINT('Ctrl Pts',(98.,53.4370072931051,14.6194233745337));
#8101=CARTESIAN_POINT('',(98.,53.6207350343466,14.1837277263403));
#8102=CARTESIAN_POINT('',(99.,53.6207350343466,14.1837277263403));
#8103=CARTESIAN_POINT('Ctrl Pts',(98.,53.6207350343466,14.1837277263403));
#8104=CARTESIAN_POINT('Ctrl Pts',(98.,53.5671486268436,14.2474453674923));
#8105=CARTESIAN_POINT('Ctrl Pts',(98.,53.4608927587102,14.3737903417404));
#8106=CARTESIAN_POINT('Ctrl Pts',(98.,53.4449231778801,14.5380181042042));
#8107=CARTESIAN_POINT('Ctrl Pts',(98.,53.4370072931051,14.6194233745337));
#8108=CARTESIAN_POINT('Ctrl Pts',(99.,54.0564306825399,14.0000011771917));
#8109=CARTESIAN_POINT('Ctrl Pts',(98.,54.0564306825399,14.0000011771917));
#8110=CARTESIAN_POINT('Ctrl Pts',(99.,53.9750249919248,14.0079169843117));
#8111=CARTESIAN_POINT('Ctrl Pts',(98.,53.9750249919248,14.0079169843117));
#8112=CARTESIAN_POINT('Ctrl Pts',(99.,53.8107973500921,14.0238863143018));
#8113=CARTESIAN_POINT('Ctrl Pts',(98.,53.8107973500921,14.0238863143018));
#8114=CARTESIAN_POINT('Ctrl Pts',(99.,53.6844523295204,14.1301418148359));
#8115=CARTESIAN_POINT('Ctrl Pts',(98.,53.6844523295204,14.1301418148359));
#8116=CARTESIAN_POINT('Ctrl Pts',(99.,53.6207350343466,14.1837277263403));
#8117=CARTESIAN_POINT('Ctrl Pts',(98.,53.6207350343466,14.1837277263403));
#8118=CARTESIAN_POINT('',(98.,54.0564306825399,14.0000011771917));
#8119=CARTESIAN_POINT('',(99.,54.0564306825399,14.0000011771917));
#8120=CARTESIAN_POINT('Ctrl Pts',(98.,54.0564306825399,14.0000011771917));
#8121=CARTESIAN_POINT('Ctrl Pts',(98.,53.9750249919248,14.0079169843117));
#8122=CARTESIAN_POINT('Ctrl Pts',(98.,53.8107973500921,14.0238863143018));
#8123=CARTESIAN_POINT('Ctrl Pts',(98.,53.6844523295204,14.1301418148359));
#8124=CARTESIAN_POINT('Ctrl Pts',(98.,53.6207350343466,14.1837277263403));
#8125=CARTESIAN_POINT('Origin',(99.,55.8412059396505,14.0000011771917));
#8126=CARTESIAN_POINT('',(98.,55.8412059396505,14.0000011771917));
#8127=CARTESIAN_POINT('Origin',(98.,45.5000001937151,18.0000012367964));
#8128=CARTESIAN_POINT('Ctrl Pts',(99.,37.3425193876028,15.0603689998388));
#8129=CARTESIAN_POINT('Ctrl Pts',(98.,37.3425193876028,15.0603689998388));
#8130=CARTESIAN_POINT('Ctrl Pts',(99.,37.3340583189212,14.9705011400973));
#8131=CARTESIAN_POINT('Ctrl Pts',(98.,37.3340583189212,14.9705011400973));
#8132=CARTESIAN_POINT('Ctrl Pts',(99.,37.3172726666402,14.7922150746323));
#8133=CARTESIAN_POINT('Ctrl Pts',(98.,37.3172726666402,14.7922150746323));
#8134=CARTESIAN_POINT('Ctrl Pts',(99.,37.1937868208476,14.662671148745));
#8135=CARTESIAN_POINT('Ctrl Pts',(98.,37.1937868208476,14.662671148745));
#8136=CARTESIAN_POINT('Ctrl Pts',(99.,37.1325459331274,14.5984258502722));
#8137=CARTESIAN_POINT('Ctrl Pts',(98.,37.1325459331274,14.5984258502722));
#8138=CARTESIAN_POINT('',(98.,37.3425193876028,15.0603689998388));
#8139=CARTESIAN_POINT('',(99.,37.3425193876028,15.0603689998388));
#8140=CARTESIAN_POINT('',(98.,37.1325459331274,14.5984258502722));
#8141=CARTESIAN_POINT('Ctrl Pts',(98.,37.3425193876028,15.0603689998388));
#8142=CARTESIAN_POINT('Ctrl Pts',(98.,37.3340583189212,14.9705011400973));
#8143=CARTESIAN_POINT('Ctrl Pts',(98.,37.3172726666402,14.7922150746323));
#8144=CARTESIAN_POINT('Ctrl Pts',(98.,37.1937868208476,14.662671148745));
#8145=CARTESIAN_POINT('Ctrl Pts',(98.,37.1325459331274,14.5984258502722));
#8146=CARTESIAN_POINT('',(99.,37.1325459331274,14.5984258502722));
#8147=CARTESIAN_POINT('Ctrl Pts',(99.,37.1850391477346,15.5013134330511));
#8148=CARTESIAN_POINT('Ctrl Pts',(98.,37.1850391477346,15.5013134330511));
#8149=CARTESIAN_POINT('Ctrl Pts',(99.,37.2309703211715,15.4354241360176));
#8150=CARTESIAN_POINT('Ctrl Pts',(98.,37.2309703211715,15.4354241360176));
#8151=CARTESIAN_POINT('Ctrl Pts',(99.,37.3234404243043,15.3027737019848));
#8152=CARTESIAN_POINT('Ctrl Pts',(98.,37.3234404243043,15.3027737019848));
#8153=CARTESIAN_POINT('Ctrl Pts',(99.,37.3361319283597,15.1415238367697));
#8154=CARTESIAN_POINT('Ctrl Pts',(98.,37.3361319283597,15.1415238367697));
#8155=CARTESIAN_POINT('Ctrl Pts',(99.,37.3425193876028,15.0603689998388));
#8156=CARTESIAN_POINT('Ctrl Pts',(98.,37.3425193876028,15.0603689998388));
#8157=CARTESIAN_POINT('',(98.,37.1850391477346,15.5013134330511));
#8158=CARTESIAN_POINT('',(99.,37.1850391477346,15.5013134330511));
#8159=CARTESIAN_POINT('Ctrl Pts',(98.,37.1850391477346,15.5013134330511));
#8160=CARTESIAN_POINT('Ctrl Pts',(98.,37.2309703211715,15.4354241360176));
#8161=CARTESIAN_POINT('Ctrl Pts',(98.,37.3234404243043,15.3027737019848));
#8162=CARTESIAN_POINT('Ctrl Pts',(98.,37.3361319283597,15.1415238367697));
#8163=CARTESIAN_POINT('Ctrl Pts',(98.,37.3425193876028,15.0603689998388));
#8164=CARTESIAN_POINT('Origin',(99.,36.9645669311285,15.7637812942266));
#8165=CARTESIAN_POINT('',(98.,36.9645669311285,15.7637812942266));
#8166=CARTESIAN_POINT('',(99.,36.9645669311285,15.7637812942266));
#8167=CARTESIAN_POINT('',(98.,36.9645669311285,15.7637812942266));
#8168=CARTESIAN_POINT('Ctrl Pts',(99.,36.5551175922155,15.9632553905249));
#8169=CARTESIAN_POINT('Ctrl Pts',(98.,36.5551175922155,15.9632553905249));
#8170=CARTESIAN_POINT('Ctrl Pts',(99.,36.6347102579672,15.9502092242652));
#8171=CARTESIAN_POINT('Ctrl Pts',(98.,36.6347102579672,15.9502092242652));
#8172=CARTESIAN_POINT('Ctrl Pts',(99.,36.7912569111081,15.9245494019062));
#8173=CARTESIAN_POINT('Ctrl Pts',(98.,36.7912569111081,15.9245494019062));
#8174=CARTESIAN_POINT('Ctrl Pts',(99.,36.9074497554976,15.8167650757824));
#8175=CARTESIAN_POINT('Ctrl Pts',(98.,36.9074497554976,15.8167650757824));
#8176=CARTESIAN_POINT('Ctrl Pts',(99.,36.9645669311285,15.7637812942266));
#8177=CARTESIAN_POINT('Ctrl Pts',(98.,36.9645669311285,15.7637812942266));
#8178=CARTESIAN_POINT('',(98.,36.5551175922155,15.9632553905249));
#8179=CARTESIAN_POINT('',(99.,36.5551175922155,15.9632553905249));
#8180=CARTESIAN_POINT('Ctrl Pts',(98.,36.5551175922155,15.9632553905249));
#8181=CARTESIAN_POINT('Ctrl Pts',(98.,36.6347102579672,15.9502092242652));
#8182=CARTESIAN_POINT('Ctrl Pts',(98.,36.7912569111081,15.9245494019062));
#8183=CARTESIAN_POINT('Ctrl Pts',(98.,36.9074497554976,15.8167650757824));
#8184=CARTESIAN_POINT('Ctrl Pts',(98.,36.9645669311285,15.7637812942266));
#8185=CARTESIAN_POINT('Origin',(99.,36.513123139739,15.9632553905249));
#8186=CARTESIAN_POINT('',(98.,36.513123139739,15.9632553905249));
#8187=CARTESIAN_POINT('',(99.,36.513123139739,15.9632553905249));
#8188=CARTESIAN_POINT('Ctrl Pts',(98.,36.513123139739,15.9632553905249));
#8189=CARTESIAN_POINT('Ctrl Pts',(98.,36.5201221158107,15.9632553905249));
#8190=CARTESIAN_POINT('Ctrl Pts',(98.,36.5341202666362,15.9632553905249));
#8191=CARTESIAN_POINT('Ctrl Pts',(98.,36.5481184174617,15.9632553905249));
#8192=CARTESIAN_POINT('Ctrl Pts',(98.,36.5551175922155,15.9632553905249));
#8193=CARTESIAN_POINT('Ctrl Pts',(99.,36.1036743968725,15.8372714370489));
#8194=CARTESIAN_POINT('Ctrl Pts',(98.,36.1036743968725,15.8372714370489));
#8195=CARTESIAN_POINT('Ctrl Pts',(99.,36.1659133001204,15.87401430022));
#8196=CARTESIAN_POINT('Ctrl Pts',(98.,36.1659133001204,15.87401430022));
#8197=CARTESIAN_POINT('Ctrl Pts',(99.,36.2922790932444,15.9486146033097));
#8198=CARTESIAN_POINT('Ctrl Pts',(98.,36.2922790932444,15.9486146033097));
#8199=CARTESIAN_POINT('Ctrl Pts',(99.,36.4387788571854,15.9583267594895));
#8200=CARTESIAN_POINT('Ctrl Pts',(98.,36.4387788571854,15.9583267594895));
#8201=CARTESIAN_POINT('Ctrl Pts',(99.,36.513123139739,15.9632553905249));
#8202=CARTESIAN_POINT('Ctrl Pts',(98.,36.513123139739,15.9632553905249));
#8203=CARTESIAN_POINT('',(98.,36.1036743968725,15.8372714370489));
#8204=CARTESIAN_POINT('',(99.,36.1036743968725,15.8372714370489));
#8205=CARTESIAN_POINT('Ctrl Pts',(98.,36.1036743968725,15.8372714370489));
#8206=CARTESIAN_POINT('Ctrl Pts',(98.,36.1659133001204,15.87401430022));
#8207=CARTESIAN_POINT('Ctrl Pts',(98.,36.2922790932444,15.9486146033097));
#8208=CARTESIAN_POINT('Ctrl Pts',(98.,36.4387788571854,15.9583267594895));
#8209=CARTESIAN_POINT('Ctrl Pts',(98.,36.513123139739,15.9632553905249));
#8210=CARTESIAN_POINT('Ctrl Pts',(99.,35.0433071702719,15.5013134330511));
#8211=CARTESIAN_POINT('Ctrl Pts',(98.,35.0433071702719,15.5013134330511));
#8212=CARTESIAN_POINT('Ctrl Pts',(99.,35.2284089468564,15.5165355389123));
#8213=CARTESIAN_POINT('Ctrl Pts',(98.,35.2284089468564,15.5165355389123));
#8214=CARTESIAN_POINT('Ctrl Pts',(99.,35.6071730808735,15.5476837420837));
#8215=CARTESIAN_POINT('Ctrl Pts',(98.,35.6071730808735,15.5476837420837));
#8216=CARTESIAN_POINT('Ctrl Pts',(99.,35.9356989157217,15.7392986204024));
#8217=CARTESIAN_POINT('Ctrl Pts',(98.,35.9356989157217,15.7392986204024));
#8218=CARTESIAN_POINT('Ctrl Pts',(99.,36.1036743968725,15.8372714370489));
#8219=CARTESIAN_POINT('Ctrl Pts',(98.,36.1036743968725,15.8372714370489));
#8220=CARTESIAN_POINT('',(98.,35.0433071702719,15.5013134330511));
#8221=CARTESIAN_POINT('',(99.,35.0433071702719,15.5013134330511));
#8222=CARTESIAN_POINT('Ctrl Pts',(98.,35.0433071702719,15.5013134330511));
#8223=CARTESIAN_POINT('Ctrl Pts',(98.,35.2284089468564,15.5165355389123));
#8224=CARTESIAN_POINT('Ctrl Pts',(98.,35.6071730808735,15.5476837420837));
#8225=CARTESIAN_POINT('Ctrl Pts',(98.,35.9356989157217,15.7392986204024));
#8226=CARTESIAN_POINT('Ctrl Pts',(98.,36.1036743968725,15.8372714370489));
#8227=CARTESIAN_POINT('Ctrl Pts',(99.,33.6837270110846,16.1679806560278));
#8228=CARTESIAN_POINT('Ctrl Pts',(98.,33.6837270110846,16.1679806560278));
#8229=CARTESIAN_POINT('Ctrl Pts',(99.,33.866436771603,15.9735412386873));
#8230=CARTESIAN_POINT('Ctrl Pts',(98.,33.866436771603,15.9735412386873));
#8231=CARTESIAN_POINT('Ctrl Pts',(99.,34.2354914246495,15.5807939026856));
#8232=CARTESIAN_POINT('Ctrl Pts',(98.,34.2354914246495,15.5807939026856));
#8233=CARTESIAN_POINT('Ctrl Pts',(99.,34.7722728500245,15.5279803248232));
#8234=CARTESIAN_POINT('Ctrl Pts',(98.,34.7722728500245,15.5279803248232));
#8235=CARTESIAN_POINT('Ctrl Pts',(99.,35.0433071702719,15.5013134330511));
#8236=CARTESIAN_POINT('Ctrl Pts',(98.,35.0433071702719,15.5013134330511));
#8237=CARTESIAN_POINT('',(98.,33.6837270110846,16.1679806560278));
#8238=CARTESIAN_POINT('',(99.,33.6837270110846,16.1679806560278));
#8239=CARTESIAN_POINT('Ctrl Pts',(98.,33.6837270110846,16.1679806560278));
#8240=CARTESIAN_POINT('Ctrl Pts',(98.,33.866436771603,15.9735412386873));
#8241=CARTESIAN_POINT('Ctrl Pts',(98.,34.2354914246495,15.5807939026856));
#8242=CARTESIAN_POINT('Ctrl Pts',(98.,34.7722728500245,15.5279803248232));
#8243=CARTESIAN_POINT('Ctrl Pts',(98.,35.0433071702719,15.5013134330511));
#8244=CARTESIAN_POINT('Ctrl Pts',(99.,33.1850393861532,18.0209984630346));
#8245=CARTESIAN_POINT('Ctrl Pts',(98.,33.1850393861532,18.0209984630346));
#8246=CARTESIAN_POINT('Ctrl Pts',(99.,33.1967313166066,17.6603246317746));
#8247=CARTESIAN_POINT('Ctrl Pts',(98.,33.1967313166066,17.6603246317746));
#8248=CARTESIAN_POINT('Ctrl Pts',(99.,33.2180956793059,17.001274650431));
#8249=CARTESIAN_POINT('Ctrl Pts',(98.,33.2180956793059,17.001274650431));
#8250=CARTESIAN_POINT('Ctrl Pts',(99.,33.5386157804904,16.4276717651133));
#8251=CARTESIAN_POINT('Ctrl Pts',(98.,33.5386157804904,16.4276717651133));
#8252=CARTESIAN_POINT('Ctrl Pts',(99.,33.6837270110846,16.1679806560278));
#8253=CARTESIAN_POINT('Ctrl Pts',(98.,33.6837270110846,16.1679806560278));
#8254=CARTESIAN_POINT('',(98.,33.1850393861532,18.0209984630346));
#8255=CARTESIAN_POINT('',(99.,33.1850393861532,18.0209984630346));
#8256=CARTESIAN_POINT('Ctrl Pts',(98.,33.1850393861532,18.0209984630346));
#8257=CARTESIAN_POINT('Ctrl Pts',(98.,33.1967313166066,17.6603246317746));
#8258=CARTESIAN_POINT('Ctrl Pts',(98.,33.2180956793059,17.001274650431));
#8259=CARTESIAN_POINT('Ctrl Pts',(98.,33.5386157804904,16.4276717651133));
#8260=CARTESIAN_POINT('Ctrl Pts',(98.,33.6837270110846,16.1679806560278));
#8261=CARTESIAN_POINT('Ctrl Pts',(99.,33.7257217615843,19.8320224136114));
#8262=CARTESIAN_POINT('Ctrl Pts',(98.,33.7257217615843,19.8320224136114));
#8263=CARTESIAN_POINT('Ctrl Pts',(99.,33.5682446774101,19.575208373731));
#8264=CARTESIAN_POINT('Ctrl Pts',(98.,33.5682446774101,19.575208373731));
#8265=CARTESIAN_POINT('Ctrl Pts',(99.,33.2285995572721,19.0213142253494));
#8266=CARTESIAN_POINT('Ctrl Pts',(98.,33.2285995572721,19.0213142253494));
#8267=CARTESIAN_POINT('Ctrl Pts',(99.,33.2002464975995,18.3702145677526));
#8268=CARTESIAN_POINT('Ctrl Pts',(98.,33.2002464975995,18.3702145677526));
#8269=CARTESIAN_POINT('Ctrl Pts',(99.,33.1850393861532,18.0209984630346));
#8270=CARTESIAN_POINT('Ctrl Pts',(98.,33.1850393861532,18.0209984630346));
#8271=CARTESIAN_POINT('',(98.,33.7257217615843,19.8320224136114));
#8272=CARTESIAN_POINT('',(99.,33.7257217615843,19.8320224136114));
#8273=CARTESIAN_POINT('Ctrl Pts',(98.,33.7257217615843,19.8320224136114));
#8274=CARTESIAN_POINT('Ctrl Pts',(98.,33.5682446774101,19.575208373731));
#8275=CARTESIAN_POINT('Ctrl Pts',(98.,33.2285995572721,19.0213142253494));
#8276=CARTESIAN_POINT('Ctrl Pts',(98.,33.2002464975995,18.3702145677526));
#8277=CARTESIAN_POINT('Ctrl Pts',(98.,33.1850393861532,18.0209984630346));
#8278=CARTESIAN_POINT('Ctrl Pts',(99.,35.0643046945333,20.5091878026724));
#8279=CARTESIAN_POINT('Ctrl Pts',(98.,35.0643046945333,20.5091878026724));
#8280=CARTESIAN_POINT('Ctrl Pts',(99.,34.8070059964699,20.4783591493326));
#8281=CARTESIAN_POINT('Ctrl Pts',(98.,34.8070059964699,20.4783591493326));
#8282=CARTESIAN_POINT('Ctrl Pts',(99.,34.27975497609,20.4151857285081));
#8283=CARTESIAN_POINT('Ctrl Pts',(98.,34.27975497609,20.4151857285081));
#8284=CARTESIAN_POINT('Ctrl Pts',(99.,33.9133308004405,20.0294956086104));
#8285=CARTESIAN_POINT('Ctrl Pts',(98.,33.9133308004405,20.0294956086104));
#8286=CARTESIAN_POINT('Ctrl Pts',(99.,33.7257217615843,19.8320224136114));
#8287=CARTESIAN_POINT('Ctrl Pts',(98.,33.7257217615843,19.8320224136114));
#8288=CARTESIAN_POINT('',(98.,35.0643046945333,20.5091878026724));
#8289=CARTESIAN_POINT('',(99.,35.0643046945333,20.5091878026724));
#8290=CARTESIAN_POINT('Ctrl Pts',(98.,35.0643046945333,20.5091878026724));
#8291=CARTESIAN_POINT('Ctrl Pts',(98.,34.8070059964699,20.4783591493326));
#8292=CARTESIAN_POINT('Ctrl Pts',(98.,34.27975497609,20.4151857285081));
#8293=CARTESIAN_POINT('Ctrl Pts',(98.,33.9133308004405,20.0294956086104));
#8294=CARTESIAN_POINT('Ctrl Pts',(98.,33.7257217615843,19.8320224136114));
#8295=CARTESIAN_POINT('Ctrl Pts',(99.,35.9566929191351,20.257219299674));
#8296=CARTESIAN_POINT('Ctrl Pts',(98.,35.9566929191351,20.257219299674));
#8297=CARTESIAN_POINT('Ctrl Pts',(99.,35.8152849400698,20.3307082764102));
#8298=CARTESIAN_POINT('Ctrl Pts',(98.,35.8152849400698,20.3307082764102));
#8299=CARTESIAN_POINT('Ctrl Pts',(99.,35.5351293741373,20.476303638167));
#8300=CARTESIAN_POINT('Ctrl Pts',(98.,35.5351293741373,20.476303638167));
#8301=CARTESIAN_POINT('Ctrl Pts',(99.,35.2202495416799,20.498296028665));
#8302=CARTESIAN_POINT('Ctrl Pts',(98.,35.2202495416799,20.498296028665));
#8303=CARTESIAN_POINT('Ctrl Pts',(99.,35.0643046945333,20.5091878026724));
#8304=CARTESIAN_POINT('Ctrl Pts',(98.,35.0643046945333,20.5091878026724));
#8305=CARTESIAN_POINT('',(98.,35.9566929191351,20.257219299674));
#8306=CARTESIAN_POINT('',(99.,35.9566929191351,20.257219299674));
#8307=CARTESIAN_POINT('Ctrl Pts',(98.,35.9566929191351,20.257219299674));
#8308=CARTESIAN_POINT('Ctrl Pts',(98.,35.8152849400698,20.3307082764102));
#8309=CARTESIAN_POINT('Ctrl Pts',(98.,35.5351293741373,20.476303638167));
#8310=CARTESIAN_POINT('Ctrl Pts',(98.,35.2202495416799,20.498296028665));
#8311=CARTESIAN_POINT('Ctrl Pts',(98.,35.0643046945333,20.5091878026724));
#8312=CARTESIAN_POINT('Ctrl Pts',(99.,36.3556428998709,20.1417335122824));
#8313=CARTESIAN_POINT('Ctrl Pts',(98.,36.3556428998709,20.1417335122824));
#8314=CARTESIAN_POINT('Ctrl Pts',(99.,36.2841962925565,20.1463563510535));
#8315=CARTESIAN_POINT('Ctrl Pts',(98.,36.2841962925565,20.1463563510535));
#8316=CARTESIAN_POINT('Ctrl Pts',(99.,36.1426747574466,20.1555132762604));
#8317=CARTESIAN_POINT('Ctrl Pts',(98.,36.1426747574466,20.1555132762604));
#8318=CARTESIAN_POINT('Ctrl Pts',(99.,36.0182849878871,20.223537062508));
#8319=CARTESIAN_POINT('Ctrl Pts',(98.,36.0182849878871,20.223537062508));
#8320=CARTESIAN_POINT('Ctrl Pts',(99.,35.9566929191351,20.257219299674));
#8321=CARTESIAN_POINT('Ctrl Pts',(98.,35.9566929191351,20.257219299674));
#8322=CARTESIAN_POINT('',(98.,36.3556428998709,20.1417335122824));
#8323=CARTESIAN_POINT('',(99.,36.3556428998709,20.1417335122824));
#8324=CARTESIAN_POINT('Ctrl Pts',(98.,36.3556428998709,20.1417335122824));
#8325=CARTESIAN_POINT('Ctrl Pts',(98.,36.2841962925565,20.1463563510535));
#8326=CARTESIAN_POINT('Ctrl Pts',(98.,36.1426747574466,20.1555132762604));
#8327=CARTESIAN_POINT('Ctrl Pts',(98.,36.0182849878871,20.223537062508));
#8328=CARTESIAN_POINT('Ctrl Pts',(98.,35.9566929191351,20.257219299674));
#8329=CARTESIAN_POINT('Origin',(99.,36.4291336387396,20.1417335122824));
#8330=CARTESIAN_POINT('',(98.,36.4291336387396,20.1417335122824));
#8331=CARTESIAN_POINT('',(99.,36.4291336387396,20.1417335122824));
#8332=CARTESIAN_POINT('Ctrl Pts',(98.,36.4291336387396,20.1417335122824));
#8333=CARTESIAN_POINT('Ctrl Pts',(98.,36.4160100867351,20.1417335122824));
#8334=CARTESIAN_POINT('Ctrl Pts',(98.,36.3915131737789,20.1417335122824));
#8335=CARTESIAN_POINT('Ctrl Pts',(98.,36.3670162608226,20.1417335122824));
#8336=CARTESIAN_POINT('Ctrl Pts',(98.,36.3556428998709,20.1417335122824));
#8337=CARTESIAN_POINT('Ctrl Pts',(99.,36.8385823816061,20.3622057288885));
#8338=CARTESIAN_POINT('Ctrl Pts',(98.,36.8385823816061,20.3622057288885));
#8339=CARTESIAN_POINT('Ctrl Pts',(99.,36.7836172618303,20.3056471141607));
#8340=CARTESIAN_POINT('Ctrl Pts',(98.,36.7836172618303,20.3056471141607));
#8341=CARTESIAN_POINT('Ctrl Pts',(99.,36.6705379599372,20.1892895278305));
#8342=CARTESIAN_POINT('Ctrl Pts',(98.,36.6705379599372,20.1892895278305));
#8343=CARTESIAN_POINT('Ctrl Pts',(99.,36.5110819369887,20.1578771112301));
#8344=CARTESIAN_POINT('Ctrl Pts',(98.,36.5110819369887,20.1578771112301));
#8345=CARTESIAN_POINT('Ctrl Pts',(99.,36.4291336387396,20.1417335122824));
#8346=CARTESIAN_POINT('Ctrl Pts',(98.,36.4291336387396,20.1417335122824));
#8347=CARTESIAN_POINT('',(98.,36.8385823816061,20.3622057288885));
#8348=CARTESIAN_POINT('',(99.,36.8385823816061,20.3622057288885));
#8349=CARTESIAN_POINT('Ctrl Pts',(98.,36.8385823816061,20.3622057288885));
#8350=CARTESIAN_POINT('Ctrl Pts',(98.,36.7836172618303,20.3056471141607));
#8351=CARTESIAN_POINT('Ctrl Pts',(98.,36.6705379599372,20.1892895278305));
#8352=CARTESIAN_POINT('Ctrl Pts',(98.,36.5110819369887,20.1578771112301));
#8353=CARTESIAN_POINT('Ctrl Pts',(98.,36.4291336387396,20.1417335122824));
#8354=CARTESIAN_POINT('Origin',(99.,37.069553360343,20.6246729940176));
#8355=CARTESIAN_POINT('',(98.,37.069553360343,20.6246729940176));
#8356=CARTESIAN_POINT('',(99.,37.069553360343,20.6246729940176));
#8357=CARTESIAN_POINT('',(98.,37.069553360343,20.6246729940176));
#8358=CARTESIAN_POINT('Ctrl Pts',(99.,37.2165348380804,21.0446204990149));
#8359=CARTESIAN_POINT('Ctrl Pts',(98.,37.2165348380804,21.0446204990149));
#8360=CARTESIAN_POINT('Ctrl Pts',(99.,37.2101754020545,20.9690796024415));
#8361=CARTESIAN_POINT('Ctrl Pts',(98.,37.2101754020545,20.9690796024415));
#8362=CARTESIAN_POINT('Ctrl Pts',(99.,37.1973314776207,20.8165123679733));
#8363=CARTESIAN_POINT('Ctrl Pts',(98.,37.1973314776207,20.8165123679733));
#8364=CARTESIAN_POINT('Ctrl Pts',(99.,37.1124216355116,20.6890331774833));
#8365=CARTESIAN_POINT('Ctrl Pts',(98.,37.1124216355116,20.6890331774833));
#8366=CARTESIAN_POINT('Ctrl Pts',(99.,37.069553360343,20.6246729940176));
#8367=CARTESIAN_POINT('Ctrl Pts',(98.,37.069553360343,20.6246729940176));
#8368=CARTESIAN_POINT('',(98.,37.2165348380804,21.0446204990149));
#8369=CARTESIAN_POINT('',(99.,37.2165348380804,21.0446204990149));
#8370=CARTESIAN_POINT('Ctrl Pts',(98.,37.2165348380804,21.0446204990149));
#8371=CARTESIAN_POINT('Ctrl Pts',(98.,37.2101754020545,20.9690796024415));
#8372=CARTESIAN_POINT('Ctrl Pts',(98.,37.1973314776207,20.8165123679733));
#8373=CARTESIAN_POINT('Ctrl Pts',(98.,37.1124216355116,20.6890331774833));
#8374=CARTESIAN_POINT('Ctrl Pts',(98.,37.069553360343,20.6246729940176));
#8375=CARTESIAN_POINT('Ctrl Pts',(99.,36.9855638593435,21.5065630525351));
#8376=CARTESIAN_POINT('Ctrl Pts',(98.,36.9855638593435,21.5065630525351));
#8377=CARTESIAN_POINT('Ctrl Pts',(99.,37.0529182644927,21.4467079787777));
#8378=CARTESIAN_POINT('Ctrl Pts',(98.,37.0529182644927,21.4467079787777));
#8379=CARTESIAN_POINT('Ctrl Pts',(99.,37.1911518952026,21.3238654691666));
#8380=CARTESIAN_POINT('Ctrl Pts',(98.,37.1911518952026,21.3238654691666));
#8381=CARTESIAN_POINT('Ctrl Pts',(99.,37.2079312382553,21.1392711464168));
#8382=CARTESIAN_POINT('Ctrl Pts',(98.,37.2079312382553,21.1392711464168));
#8383=CARTESIAN_POINT('Ctrl Pts',(99.,37.2165348380804,21.0446204990149));
#8384=CARTESIAN_POINT('Ctrl Pts',(98.,37.2165348380804,21.0446204990149));
#8385=CARTESIAN_POINT('',(98.,36.9855638593435,21.5065630525351));
#8386=CARTESIAN_POINT('',(99.,36.9855638593435,21.5065630525351));
#8387=CARTESIAN_POINT('Ctrl Pts',(98.,36.9855638593435,21.5065630525351));
#8388=CARTESIAN_POINT('Ctrl Pts',(98.,37.0529182644927,21.4467079787777));
#8389=CARTESIAN_POINT('Ctrl Pts',(98.,37.1911518952026,21.3238654691666));
#8390=CARTESIAN_POINT('Ctrl Pts',(98.,37.2079312382553,21.1392711464168));
#8391=CARTESIAN_POINT('Ctrl Pts',(98.,37.2165348380804,21.0446204990149));
#8392=CARTESIAN_POINT('Ctrl Pts',(99.,35.0328084081411,22.1469827741385));
#8393=CARTESIAN_POINT('Ctrl Pts',(98.,35.0328084081411,22.1469827741385));
#8394=CARTESIAN_POINT('Ctrl Pts',(99.,35.380646865979,22.1193012624797));
#8395=CARTESIAN_POINT('Ctrl Pts',(98.,35.380646865979,22.1193012624797));
#8396=CARTESIAN_POINT('Ctrl Pts',(99.,36.0829791767326,22.063408592735));
#8397=CARTESIAN_POINT('Ctrl Pts',(98.,36.0829791767326,22.063408592735));
#8398=CARTESIAN_POINT('Ctrl Pts',(99.,36.6828076135949,21.6933471498733));
#8399=CARTESIAN_POINT('Ctrl Pts',(98.,36.6828076135949,21.6933471498733));
#8400=CARTESIAN_POINT('Ctrl Pts',(99.,36.9855638593435,21.5065630525351));
#8401=CARTESIAN_POINT('Ctrl Pts',(98.,36.9855638593435,21.5065630525351));
#8402=CARTESIAN_POINT('',(98.,35.0328084081411,22.1469827741385));
#8403=CARTESIAN_POINT('',(99.,35.0328084081411,22.1469827741385));
#8404=CARTESIAN_POINT('Ctrl Pts',(98.,35.0328084081411,22.1469827741385));
#8405=CARTESIAN_POINT('Ctrl Pts',(98.,35.380646865979,22.1193012624797));
#8406=CARTESIAN_POINT('Ctrl Pts',(98.,36.0829791767326,22.063408592735));
#8407=CARTESIAN_POINT('Ctrl Pts',(98.,36.6828076135949,21.6933471498733));
#8408=CARTESIAN_POINT('Ctrl Pts',(98.,36.9855638593435,21.5065630525351));
#8409=CARTESIAN_POINT('Ctrl Pts',(99.,33.5787399858236,21.8635185807943));
#8410=CARTESIAN_POINT('Ctrl Pts',(98.,33.5787399858236,21.8635185807943));
#8411=CARTESIAN_POINT('Ctrl Pts',(99.,33.8122114552242,21.9461943946042));
#8412=CARTESIAN_POINT('Ctrl Pts',(98.,33.8122114552242,21.9461943946042));
#8413=CARTESIAN_POINT('Ctrl Pts',(99.,34.2827790557285,22.1128295703031));
#8414=CARTESIAN_POINT('Ctrl Pts',(98.,34.2827790557285,22.1128295703031));
#8415=CARTESIAN_POINT('Ctrl Pts',(99.,34.7815180710383,22.1355400618268));
#8416=CARTESIAN_POINT('Ctrl Pts',(98.,34.7815180710383,22.1355400618268));
#8417=CARTESIAN_POINT('Ctrl Pts',(99.,35.0328084081411,22.1469827741385));
#8418=CARTESIAN_POINT('Ctrl Pts',(98.,35.0328084081411,22.1469827741385));
#8419=CARTESIAN_POINT('',(98.,33.5787399858236,21.8635185807943));
#8420=CARTESIAN_POINT('',(99.,33.5787399858236,21.8635185807943));
#8421=CARTESIAN_POINT('Ctrl Pts',(98.,33.5787399858236,21.8635185807943));
#8422=CARTESIAN_POINT('Ctrl Pts',(98.,33.8122114552242,21.9461943946042));
#8423=CARTESIAN_POINT('Ctrl Pts',(98.,34.2827790557285,22.1128295703031));
#8424=CARTESIAN_POINT('Ctrl Pts',(98.,34.7815180710383,22.1355400618268));
#8425=CARTESIAN_POINT('Ctrl Pts',(98.,35.0328084081411,22.1469827741385));
#8426=CARTESIAN_POINT('Ctrl Pts',(99.,32.3608922213316,21.0551192611456));
#8427=CARTESIAN_POINT('Ctrl Pts',(98.,32.3608922213316,21.0551192611456));
#8428=CARTESIAN_POINT('Ctrl Pts',(99.,32.5440909892449,21.2199986361877));
#8429=CARTESIAN_POINT('Ctrl Pts',(98.,32.5440909892449,21.2199986361877));
#8430=CARTESIAN_POINT('Ctrl Pts',(99.,32.9101985781881,21.5494964333109));
#8431=CARTESIAN_POINT('Ctrl Pts',(98.,32.9101985781881,21.5494964333109));
#8432=CARTESIAN_POINT('Ctrl Pts',(99.,33.3560105401113,21.7588998121563));
#8433=CARTESIAN_POINT('Ctrl Pts',(98.,33.3560105401113,21.7588998121563));
#8434=CARTESIAN_POINT('Ctrl Pts',(99.,33.5787399858236,21.8635185807943));
#8435=CARTESIAN_POINT('Ctrl Pts',(98.,33.5787399858236,21.8635185807943));
#8436=CARTESIAN_POINT('',(98.,32.3608922213316,21.0551192611456));
#8437=CARTESIAN_POINT('',(99.,32.3608922213316,21.0551192611456));
#8438=CARTESIAN_POINT('Ctrl Pts',(98.,32.3608922213316,21.0551192611456));
#8439=CARTESIAN_POINT('Ctrl Pts',(98.,32.5440909892449,21.2199986361877));
#8440=CARTESIAN_POINT('Ctrl Pts',(98.,32.9101985781881,21.5494964333109));
#8441=CARTESIAN_POINT('Ctrl Pts',(98.,33.3560105401113,21.7588998121563));
#8442=CARTESIAN_POINT('Ctrl Pts',(98.,33.5787399858236,21.8635185807943));
#8443=CARTESIAN_POINT('Ctrl Pts',(99.,31.5209973603487,19.7270353883505));
#8444=CARTESIAN_POINT('Ctrl Pts',(98.,31.5209973603487,19.7270353883505));
#8445=CARTESIAN_POINT('Ctrl Pts',(99.,31.6299360281339,19.9796506508091));
#8446=CARTESIAN_POINT('Ctrl Pts',(98.,31.6299360281339,19.9796506508091));
#8447=CARTESIAN_POINT('Ctrl Pts',(99.,31.8400591683794,20.4669001582694));
#8448=CARTESIAN_POINT('Ctrl Pts',(98.,31.8400591683794,20.4669001582694));
#8449=CARTESIAN_POINT('Ctrl Pts',(99.,32.1916055879442,20.8639301055118));
#8450=CARTESIAN_POINT('Ctrl Pts',(98.,32.1916055879442,20.8639301055118));
#8451=CARTESIAN_POINT('Ctrl Pts',(99.,32.3608922213316,21.0551192611456));
#8452=CARTESIAN_POINT('Ctrl Pts',(98.,32.3608922213316,21.0551192611456));
#8453=CARTESIAN_POINT('',(98.,31.5209973603487,19.7270353883505));
#8454=CARTESIAN_POINT('',(99.,31.5209973603487,19.7270353883505));
#8455=CARTESIAN_POINT('Ctrl Pts',(98.,31.5209973603487,19.7270353883505));
#8456=CARTESIAN_POINT('Ctrl Pts',(98.,31.6299360281339,19.9796506508091));
#8457=CARTESIAN_POINT('Ctrl Pts',(98.,31.8400591683794,20.4669001582694));
#8458=CARTESIAN_POINT('Ctrl Pts',(98.,32.1916055879442,20.8639301055118));
#8459=CARTESIAN_POINT('Ctrl Pts',(98.,32.3608922213316,21.0551192611456));
#8460=CARTESIAN_POINT('Ctrl Pts',(99.,31.2112861126661,17.9580064862967));
#8461=CARTESIAN_POINT('Ctrl Pts',(98.,31.2112861126661,17.9580064862967));
#8462=CARTESIAN_POINT('Ctrl Pts',(99.,31.2225984022525,18.2689844717579));
#8463=CARTESIAN_POINT('Ctrl Pts',(98.,31.2225984022525,18.2689844717579));
#8464=CARTESIAN_POINT('Ctrl Pts',(99.,31.2445746244093,18.8731169280715));
#8465=CARTESIAN_POINT('Ctrl Pts',(98.,31.2445746244093,18.8731169280715));
#8466=CARTESIAN_POINT('Ctrl Pts',(99.,31.4306867156346,19.4480499191597));
#8467=CARTESIAN_POINT('Ctrl Pts',(98.,31.4306867156346,19.4480499191597));
#8468=CARTESIAN_POINT('Ctrl Pts',(99.,31.5209973603487,19.7270353883505));
#8469=CARTESIAN_POINT('Ctrl Pts',(98.,31.5209973603487,19.7270353883505));
#8470=CARTESIAN_POINT('',(98.,31.2112861126661,17.9580064862967));
#8471=CARTESIAN_POINT('',(99.,31.2112861126661,17.9580064862967));
#8472=CARTESIAN_POINT('Ctrl Pts',(98.,31.2112861126661,17.9580064862967));
#8473=CARTESIAN_POINT('Ctrl Pts',(98.,31.2225984022525,18.2689844717579));
#8474=CARTESIAN_POINT('Ctrl Pts',(98.,31.2445746244093,18.8731169280715));
#8475=CARTESIAN_POINT('Ctrl Pts',(98.,31.4306867156346,19.4480499191597));
#8476=CARTESIAN_POINT('Ctrl Pts',(98.,31.5209973603487,19.7270353883505));
#8477=CARTESIAN_POINT('Ctrl Pts',(99.,31.510498598218,16.1784794181585));
#8478=CARTESIAN_POINT('Ctrl Pts',(98.,31.510498598218,16.1784794181585));
#8479=CARTESIAN_POINT('Ctrl Pts',(99.,31.4232648528627,16.4567463036436));
#8480=CARTESIAN_POINT('Ctrl Pts',(98.,31.4232648528627,16.4567463036436));
#8481=CARTESIAN_POINT('Ctrl Pts',(99.,31.2417162932261,17.0358679732291));
#8482=CARTESIAN_POINT('Ctrl Pts',(98.,31.2417162932261,17.0358679732291));
#8483=CARTESIAN_POINT('Ctrl Pts',(99.,31.2216898744534,17.6427369332335));
#8484=CARTESIAN_POINT('Ctrl Pts',(98.,31.2216898744534,17.6427369332335));
#8485=CARTESIAN_POINT('Ctrl Pts',(99.,31.2112861126661,17.9580064862967));
#8486=CARTESIAN_POINT('Ctrl Pts',(98.,31.2112861126661,17.9580064862967));
#8487=CARTESIAN_POINT('',(98.,31.510498598218,16.1784794181585));
#8488=CARTESIAN_POINT('',(99.,31.510498598218,16.1784794181585));
#8489=CARTESIAN_POINT('Ctrl Pts',(98.,31.510498598218,16.1784794181585));
#8490=CARTESIAN_POINT('Ctrl Pts',(98.,31.4232648528627,16.4567463036436));
#8491=CARTESIAN_POINT('Ctrl Pts',(98.,31.2417162932261,17.0358679732291));
#8492=CARTESIAN_POINT('Ctrl Pts',(98.,31.2216898744534,17.6427369332335));
#8493=CARTESIAN_POINT('Ctrl Pts',(98.,31.2112861126661,17.9580064862967));
#8494=CARTESIAN_POINT('Ctrl Pts',(99.,32.3293962329626,14.8818912357092));
#8495=CARTESIAN_POINT('Ctrl Pts',(98.,32.3293962329626,14.8818912357092));
#8496=CARTESIAN_POINT('Ctrl Pts',(99.,32.1635126206358,15.066894751798));
#8497=CARTESIAN_POINT('Ctrl Pts',(98.,32.1635126206358,15.066894751798));
#8498=CARTESIAN_POINT('Ctrl Pts',(99.,31.817669409114,15.4526001825488));
#8499=CARTESIAN_POINT('Ctrl Pts',(98.,31.817669409114,15.4526001825488));
#8500=CARTESIAN_POINT('Ctrl Pts',(99.,31.6156299038835,15.9300422975463));
#8501=CARTESIAN_POINT('Ctrl Pts',(98.,31.6156299038835,15.9300422975463));
#8502=CARTESIAN_POINT('Ctrl Pts',(99.,31.510498598218,16.1784794181585));
#8503=CARTESIAN_POINT('Ctrl Pts',(98.,31.510498598218,16.1784794181585));
#8504=CARTESIAN_POINT('',(98.,32.3293962329626,14.8818912357092));
#8505=CARTESIAN_POINT('',(99.,32.3293962329626,14.8818912357092));
#8506=CARTESIAN_POINT('Ctrl Pts',(98.,32.3293962329626,14.8818912357092));
#8507=CARTESIAN_POINT('Ctrl Pts',(98.,32.1635126206358,15.066894751798));
#8508=CARTESIAN_POINT('Ctrl Pts',(98.,31.817669409114,15.4526001825488));
#8509=CARTESIAN_POINT('Ctrl Pts',(98.,31.6156299038835,15.9300422975463));
#8510=CARTESIAN_POINT('Ctrl Pts',(98.,31.510498598218,16.1784794181585));
#8511=CARTESIAN_POINT('Ctrl Pts',(99.,33.520997390151,14.1154863685369));
#8512=CARTESIAN_POINT('Ctrl Pts',(98.,33.520997390151,14.1154863685369));
#8513=CARTESIAN_POINT('Ctrl Pts',(99.,33.3032901812261,14.2131127633587));
#8514=CARTESIAN_POINT('Ctrl Pts',(98.,33.3032901812261,14.2131127633587));
#8515=CARTESIAN_POINT('Ctrl Pts',(99.,32.8674821120418,14.4085420779818));
#8516=CARTESIAN_POINT('Ctrl Pts',(98.,32.8674821120418,14.4085420779818));
#8517=CARTESIAN_POINT('Ctrl Pts',(99.,32.5088661680504,14.72401319818));
#8518=CARTESIAN_POINT('Ctrl Pts',(98.,32.5088661680504,14.72401319818));
#8519=CARTESIAN_POINT('Ctrl Pts',(99.,32.3293962329626,14.8818912357092));
#8520=CARTESIAN_POINT('Ctrl Pts',(98.,32.3293962329626,14.8818912357092));
#8521=CARTESIAN_POINT('',(98.,33.520997390151,14.1154863685369));
#8522=CARTESIAN_POINT('',(99.,33.520997390151,14.1154863685369));
#8523=CARTESIAN_POINT('Ctrl Pts',(98.,33.520997390151,14.1154863685369));
#8524=CARTESIAN_POINT('Ctrl Pts',(98.,33.3032901812261,14.2131127633587));
#8525=CARTESIAN_POINT('Ctrl Pts',(98.,32.8674821120418,14.4085420779818));
#8526=CARTESIAN_POINT('Ctrl Pts',(98.,32.5088661680504,14.72401319818));
#8527=CARTESIAN_POINT('Ctrl Pts',(98.,32.3293962329626,14.8818912357092));
#8528=CARTESIAN_POINT('Ctrl Pts',(99.,34.9698158353567,13.8530196994543));
#8529=CARTESIAN_POINT('Ctrl Pts',(98.,34.9698158353567,13.8530196994543));
#8530=CARTESIAN_POINT('Ctrl Pts',(99.,34.7174390851276,13.8630992517839));
#8531=CARTESIAN_POINT('Ctrl Pts',(98.,34.7174390851276,13.8630992517839));
#8532=CARTESIAN_POINT('Ctrl Pts',(99.,34.222108807702,13.8828820069195));
#8533=CARTESIAN_POINT('Ctrl Pts',(98.,34.222108807702,13.8828820069195));
#8534=CARTESIAN_POINT('Ctrl Pts',(99.,33.7517182738888,14.0389412110481));
#8535=CARTESIAN_POINT('Ctrl Pts',(98.,33.7517182738888,14.0389412110481));
#8536=CARTESIAN_POINT('Ctrl Pts',(99.,33.520997390151,14.1154863685369));
#8537=CARTESIAN_POINT('Ctrl Pts',(98.,33.520997390151,14.1154863685369));
#8538=CARTESIAN_POINT('',(98.,34.9698158353567,13.8530196994543));
#8539=CARTESIAN_POINT('',(99.,34.9698158353567,13.8530196994543));
#8540=CARTESIAN_POINT('Ctrl Pts',(98.,34.9698158353567,13.8530196994543));
#8541=CARTESIAN_POINT('Ctrl Pts',(98.,34.7174390851276,13.8630992517839));
#8542=CARTESIAN_POINT('Ctrl Pts',(98.,34.222108807702,13.8828820069195));
#8543=CARTESIAN_POINT('Ctrl Pts',(98.,33.7517182738888,14.0389412110481));
#8544=CARTESIAN_POINT('Ctrl Pts',(98.,33.520997390151,14.1154863685369));
#8545=CARTESIAN_POINT('Ctrl Pts',(99.,37.1325459331274,14.5984258502722));
#8546=CARTESIAN_POINT('Ctrl Pts',(98.,37.1325459331274,14.5984258502722));
#8547=CARTESIAN_POINT('Ctrl Pts',(99.,36.8108846591571,14.3810310511474));
#8548=CARTESIAN_POINT('Ctrl Pts',(98.,36.8108846591571,14.3810310511474));
#8549=CARTESIAN_POINT('Ctrl Pts',(99.,36.1572128223316,13.9392468851326));
#8550=CARTESIAN_POINT('Ctrl Pts',(98.,36.1572128223316,13.9392468851326));
#8551=CARTESIAN_POINT('Ctrl Pts',(99.,35.3697705693621,13.8820638788571));
#8552=CARTESIAN_POINT('Ctrl Pts',(98.,35.3697705693621,13.8820638788571));
#8553=CARTESIAN_POINT('Ctrl Pts',(99.,34.9698158353567,13.8530196994543));
#8554=CARTESIAN_POINT('Ctrl Pts',(98.,34.9698158353567,13.8530196994543));
#8555=CARTESIAN_POINT('Ctrl Pts',(98.,37.1325459331274,14.5984258502722));
#8556=CARTESIAN_POINT('Ctrl Pts',(98.,36.8108846591571,14.3810310511474));
#8557=CARTESIAN_POINT('Ctrl Pts',(98.,36.1572128223316,13.9392468851326));
#8558=CARTESIAN_POINT('Ctrl Pts',(98.,35.3697705693621,13.8820638788571));
#8559=CARTESIAN_POINT('Ctrl Pts',(98.,34.9698158353567,13.8530196994543));
#8560=CARTESIAN_POINT('Origin',(98.,45.5000001937151,18.0000012367964));
#8561=CARTESIAN_POINT('Origin',(99.,49.5,11.));
#8562=CARTESIAN_POINT('Origin',(99.,49.5,11.));
#8563=CARTESIAN_POINT('Origin',(99.,49.5,11.));
#8564=CARTESIAN_POINT('Origin',(97.0000014081597,58.0000008791685,6.));
#8565=CARTESIAN_POINT('',(97.0000014081597,58.0000008791685,5.));
#8566=CARTESIAN_POINT('',(97.0000014081597,59.0000008791685,6.));
#8567=CARTESIAN_POINT('Origin',(97.0000014081597,45.5000008791685,5.));
#8568=CARTESIAN_POINT('',(97.0000014081597,33.0000008791685,5.));
#8569=CARTESIAN_POINT('Origin',(96.9999995976686,58.0000008791685,11.));
#8570=CARTESIAN_POINT('',(96.9999995976686,58.0000008791685,12.));
#8571=CARTESIAN_POINT('',(96.9999995976686,59.0000008791685,11.));
#8572=CARTESIAN_POINT('Origin',(96.9999977871776,45.4999992847443,12.));
#8573=CARTESIAN_POINT('',(96.9999995976686,33.0000008791685,12.));
#8574=CARTESIAN_POINT('Origin',(96.9999995976686,33.0000008791685,11.));
#8575=CARTESIAN_POINT('',(96.9999995976686,32.0000008791685,11.));
#8576=CARTESIAN_POINT('Origin',(97.0000014081597,33.0000008791685,6.));
#8577=CARTESIAN_POINT('',(97.0000014081597,32.0000008791685,6.));
#8578=CARTESIAN_POINT('Origin',(97.0000014081597,59.0000008791685,14.5));
#8579=CARTESIAN_POINT('Origin',(97.0000014081597,32.0000008791685,14.5));
#8580=CARTESIAN_POINT('Ctrl Pts',(88.1000013336539,89.5000013336539,4.));
#8581=CARTESIAN_POINT('Ctrl Pts',(88.1000013336539,88.1000013336539,4.));
#8582=CARTESIAN_POINT('Ctrl Pts',(89.5000013336539,88.1000013336539,4.));
#8583=CARTESIAN_POINT('Ctrl Pts',(90.9000013336539,88.1000013336539,4.));
#8584=CARTESIAN_POINT('Ctrl Pts',(90.9000013336539,89.5000013336539,4.));
#8585=CARTESIAN_POINT('Ctrl Pts',(90.9000013336539,90.9000013336539,4.));
#8586=CARTESIAN_POINT('Ctrl Pts',(89.5000013336539,90.9000013336539,4.));
#8587=CARTESIAN_POINT('Ctrl Pts',(88.1000013336539,90.9000013336539,4.));
#8588=CARTESIAN_POINT('Ctrl Pts',(88.1000013336539,89.5000013336539,4.));
#8589=CARTESIAN_POINT('Ctrl Pts',(88.1000013336539,89.5000013336539,5.00000000000001));
#8590=CARTESIAN_POINT('Ctrl Pts',(88.1000013336539,88.1000013336539,5.00000000000001));
#8591=CARTESIAN_POINT('Ctrl Pts',(89.5000013336539,88.1000013336539,5.00000000000001));
#8592=CARTESIAN_POINT('Ctrl Pts',(90.9000013336539,88.1000013336539,5.00000000000001));
#8593=CARTESIAN_POINT('Ctrl Pts',(90.9000013336539,89.5000013336539,5.00000000000001));
#8594=CARTESIAN_POINT('Ctrl Pts',(90.9000013336539,90.9000013336539,5.00000000000001));
#8595=CARTESIAN_POINT('Ctrl Pts',(89.5000013336539,90.9000013336539,5.00000000000001));
#8596=CARTESIAN_POINT('Ctrl Pts',(88.1000013336539,90.9000013336539,5.00000000000001));
#8597=CARTESIAN_POINT('Ctrl Pts',(88.1000013336539,89.5000013336539,5.00000000000001));
#8598=CARTESIAN_POINT('Ctrl Pts',(89.1000013336539,89.5000013336539,5.));
#8599=CARTESIAN_POINT('Ctrl Pts',(89.1000013336539,89.1000013336539,5.));
#8600=CARTESIAN_POINT('Ctrl Pts',(89.5000013336539,89.1000013336539,5.));
#8601=CARTESIAN_POINT('Ctrl Pts',(89.9000013336539,89.1000013336539,5.));
#8602=CARTESIAN_POINT('Ctrl Pts',(89.9000013336539,89.5000013336539,5.));
#8603=CARTESIAN_POINT('Ctrl Pts',(89.9000013336539,89.9000013336539,5.));
#8604=CARTESIAN_POINT('Ctrl Pts',(89.5000013336539,89.9000013336539,5.));
#8605=CARTESIAN_POINT('Ctrl Pts',(89.1000013336539,89.9000013336539,5.));
#8606=CARTESIAN_POINT('Ctrl Pts',(89.1000013336539,89.5000013336539,5.));
#8607=CARTESIAN_POINT('',(89.1000013336539,89.5000013336539,5.));
#8608=CARTESIAN_POINT('Origin',(89.5000013336539,89.5000013336539,5.));
#8609=CARTESIAN_POINT('',(88.1000013336539,89.5000013336539,4.));
#8610=CARTESIAN_POINT('Origin',(89.1000013336539,89.5000013336539,4.));
#8611=CARTESIAN_POINT('Origin',(89.5000013336539,89.5000013336539,4.));
#8612=CARTESIAN_POINT('Origin',(89.5000013336539,89.5000013336539,5.));
#8613=CARTESIAN_POINT('Ctrl Pts',(8.09999978765845,89.4999979995191,4.));
#8614=CARTESIAN_POINT('Ctrl Pts',(8.09999978765845,88.0999979995191,4.));
#8615=CARTESIAN_POINT('Ctrl Pts',(9.49999978765845,88.0999979995191,4.));
#8616=CARTESIAN_POINT('Ctrl Pts',(10.8999997876585,88.0999979995191,4.));
#8617=CARTESIAN_POINT('Ctrl Pts',(10.8999997876585,89.4999979995191,4.));
#8618=CARTESIAN_POINT('Ctrl Pts',(10.8999997876585,90.8999979995191,4.));
#8619=CARTESIAN_POINT('Ctrl Pts',(9.49999978765845,90.8999979995191,4.));
#8620=CARTESIAN_POINT('Ctrl Pts',(8.09999978765845,90.8999979995191,4.));
#8621=CARTESIAN_POINT('Ctrl Pts',(8.09999978765845,89.4999979995191,4.));
#8622=CARTESIAN_POINT('Ctrl Pts',(8.09999978765845,89.4999979995191,5.00000000000001));
#8623=CARTESIAN_POINT('Ctrl Pts',(8.09999978765845,88.0999979995191,5.00000000000001));
#8624=CARTESIAN_POINT('Ctrl Pts',(9.49999978765845,88.0999979995191,5.00000000000001));
#8625=CARTESIAN_POINT('Ctrl Pts',(10.8999997876585,88.0999979995191,5.00000000000001));
#8626=CARTESIAN_POINT('Ctrl Pts',(10.8999997876585,89.4999979995191,5.00000000000001));
#8627=CARTESIAN_POINT('Ctrl Pts',(10.8999997876585,90.8999979995191,5.00000000000001));
#8628=CARTESIAN_POINT('Ctrl Pts',(9.49999978765845,90.8999979995191,5.00000000000001));
#8629=CARTESIAN_POINT('Ctrl Pts',(8.09999978765845,90.8999979995191,5.00000000000001));
#8630=CARTESIAN_POINT('Ctrl Pts',(8.09999978765845,89.4999979995191,5.00000000000001));
#8631=CARTESIAN_POINT('Ctrl Pts',(9.09999978765846,89.4999979995191,5.));
#8632=CARTESIAN_POINT('Ctrl Pts',(9.09999978765846,89.0999979995191,5.));
#8633=CARTESIAN_POINT('Ctrl Pts',(9.49999978765845,89.0999979995191,5.));
#8634=CARTESIAN_POINT('Ctrl Pts',(9.89999978765844,89.0999979995191,5.));
#8635=CARTESIAN_POINT('Ctrl Pts',(9.89999978765844,89.4999979995191,5.));
#8636=CARTESIAN_POINT('Ctrl Pts',(9.89999978765844,89.8999979995191,5.));
#8637=CARTESIAN_POINT('Ctrl Pts',(9.49999978765845,89.8999979995191,5.));
#8638=CARTESIAN_POINT('Ctrl Pts',(9.09999978765846,89.8999979995191,5.));
#8639=CARTESIAN_POINT('Ctrl Pts',(9.09999978765846,89.4999979995191,5.));
#8640=CARTESIAN_POINT('',(9.09999978765845,89.4999979995191,5.));
#8641=CARTESIAN_POINT('Origin',(9.49999978765845,89.4999979995191,5.));
#8642=CARTESIAN_POINT('',(8.09999978765845,89.4999979995191,4.));
#8643=CARTESIAN_POINT('Origin',(9.09999978765845,89.4999979995191,4.));
#8644=CARTESIAN_POINT('Origin',(9.49999978765845,89.4999979995191,4.));
#8645=CARTESIAN_POINT('Origin',(9.49999978765845,89.4999979995191,5.));
#8646=CARTESIAN_POINT('Origin',(49.5000000596046,4.00000141561032,12.));
#8647=CARTESIAN_POINT('',(49.5000000596046,4.00000141561032,2.));
#8648=CARTESIAN_POINT('Origin',(9.50000014156103,9.50000014156103,3.));
#8649=CARTESIAN_POINT('',(13.500000141561,9.50000014156103,3.));
#8650=CARTESIAN_POINT('',(5.50000014156103,9.50000014156103,3.));
#8651=CARTESIAN_POINT('Origin',(9.50000014156103,9.50000014156103,3.));
#8652=CARTESIAN_POINT('Origin',(9.50000014156103,9.50000014156103,3.));
#8653=CARTESIAN_POINT('',(14.500000141561,9.50000014156103,2.));
#8654=CARTESIAN_POINT('Origin',(14.500000141561,9.50000014156103,3.));
#8655=CARTESIAN_POINT('Origin',(9.50000014156103,9.50000014156103,2.));
#8656=CARTESIAN_POINT('Origin',(49.5000000596046,49.5000014156103,2.));
#8657=CARTESIAN_POINT('',(5.00000005960464,95.0000014156103,2.));
#8658=CARTESIAN_POINT('Origin',(5.00000005960464,94.0000014156103,2.));
#8659=CARTESIAN_POINT('',(94.0000000596046,95.0000014156103,2.));
#8660=CARTESIAN_POINT('Origin',(94.0000000596046,94.0000014156103,2.));
#8661=CARTESIAN_POINT('',(49.5000000596046,95.0000014156103,2.));
#8662=CARTESIAN_POINT('',(94.5000013336539,9.50000014156103,2.));
#8663=CARTESIAN_POINT('Origin',(89.5000013336539,9.50000014156103,2.));
#8664=CARTESIAN_POINT('',(14.500000141561,89.5000013336539,2.));
#8665=CARTESIAN_POINT('Origin',(9.50000014156103,89.5000013336539,2.));
#8666=CARTESIAN_POINT('',(94.5000013336539,89.5000013336539,2.));
#8667=CARTESIAN_POINT('Origin',(89.5000013336539,89.5000013336539,2.));
#8668=CARTESIAN_POINT('Origin',(9.50000014156103,9.50000014156103,3.));
#8669=CARTESIAN_POINT('',(5.50000014156103,9.50000014156103,4.));
#8670=CARTESIAN_POINT('Origin',(9.50000014156103,9.50000014156103,4.));
#8671=CARTESIAN_POINT('',(5.50000014156103,9.50000014156103,3.));
#8672=CARTESIAN_POINT('Origin',(89.5000013336539,9.50000014156103,3.));
#8673=CARTESIAN_POINT('',(93.5000013336539,9.50000014156103,3.));
#8674=CARTESIAN_POINT('',(85.5000013336539,9.50000014156103,3.));
#8675=CARTESIAN_POINT('Origin',(89.5000013336539,9.50000014156103,3.));
#8676=CARTESIAN_POINT('Origin',(89.5000013336539,9.50000014156103,3.));
#8677=CARTESIAN_POINT('Origin',(94.5000013336539,9.50000014156103,3.));
#8678=CARTESIAN_POINT('Origin',(89.5000013336539,9.50000014156103,3.));
#8679=CARTESIAN_POINT('',(85.5000013336539,9.50000014156103,4.));
#8680=CARTESIAN_POINT('Origin',(89.5000013336539,9.50000014156103,4.));
#8681=CARTESIAN_POINT('',(85.5000013336539,9.50000014156103,3.));
#8682=CARTESIAN_POINT('Origin',(89.5000013336539,89.5000013336539,3.));
#8683=CARTESIAN_POINT('',(93.5000013336539,89.5000013336539,3.));
#8684=CARTESIAN_POINT('',(85.5000013336539,89.5000013336539,3.));
#8685=CARTESIAN_POINT('Origin',(89.5000013336539,89.5000013336539,3.));
#8686=CARTESIAN_POINT('Origin',(89.5000013336539,89.5000013336539,3.));
#8687=CARTESIAN_POINT('Origin',(94.5000013336539,89.5000013336539,3.));
#8688=CARTESIAN_POINT('Origin',(89.5000013336539,89.5000013336539,3.));
#8689=CARTESIAN_POINT('',(85.5000013336539,89.5000013336539,4.));
#8690=CARTESIAN_POINT('Origin',(89.5000013336539,89.5000013336539,4.));
#8691=CARTESIAN_POINT('',(85.5000013336539,89.5000013336539,3.));
#8692=CARTESIAN_POINT('Origin',(9.50000014156103,89.5000013336539,3.));
#8693=CARTESIAN_POINT('',(13.500000141561,89.5000013336539,3.));
#8694=CARTESIAN_POINT('',(5.50000014156103,89.5000013336539,3.));
#8695=CARTESIAN_POINT('Origin',(9.50000014156103,89.5000013336539,3.));
#8696=CARTESIAN_POINT('Origin',(9.50000014156103,89.5000013336539,3.));
#8697=CARTESIAN_POINT('Origin',(14.500000141561,89.5000013336539,3.));
#8698=CARTESIAN_POINT('Origin',(9.50000014156103,89.5000013336539,3.));
#8699=CARTESIAN_POINT('',(5.50000014156103,89.5000013336539,4.));
#8700=CARTESIAN_POINT('Origin',(9.50000014156103,89.5000013336539,4.));
#8701=CARTESIAN_POINT('',(5.50000014156103,89.5000013336539,3.));
#8702=CARTESIAN_POINT('Origin',(89.5000013336539,9.50000014156103,1.));
#8703=CARTESIAN_POINT('',(86.5000013336539,9.50000014156103,2.));
#8704=CARTESIAN_POINT('',(86.5000013336539,9.50000014156103,1.));
#8705=CARTESIAN_POINT('Origin',(89.5000013336539,9.50000014156103,2.));
#8706=CARTESIAN_POINT('Origin',(89.5000013336539,9.50000014156103,2.));
#8707=CARTESIAN_POINT('',(89.5000013336539,7.90000014156103,2.));
#8708=CARTESIAN_POINT('Origin',(89.5000013336539,9.50000014156103,2.));
#8709=CARTESIAN_POINT('Origin',(9.50000014156103,9.50000014156103,1.));
#8710=CARTESIAN_POINT('',(6.50000014156103,9.50000014156103,2.));
#8711=CARTESIAN_POINT('',(6.50000014156103,9.50000014156103,1.));
#8712=CARTESIAN_POINT('Origin',(9.50000014156103,9.50000014156103,2.));
#8713=CARTESIAN_POINT('Origin',(9.50000014156103,9.50000014156103,2.));
#8714=CARTESIAN_POINT('',(9.50000014156103,7.90000014156103,2.));
#8715=CARTESIAN_POINT('Origin',(9.50000014156103,9.50000014156103,2.));
#8716=CARTESIAN_POINT('Origin',(9.50000014156103,9.50000014156103,1.95));
#8717=CARTESIAN_POINT('',(9.50000014156103,7.90000014156103,4.));
#8718=CARTESIAN_POINT('Origin',(9.50000014156103,9.50000014156103,4.));
#8719=CARTESIAN_POINT('',(9.50000014156103,7.90000014156103,1.95));
#8720=CARTESIAN_POINT('Origin',(89.5000013336539,9.50000014156103,1.8));
#8721=CARTESIAN_POINT('',(89.5000013336539,7.90000014156103,4.));
#8722=CARTESIAN_POINT('Origin',(89.5000013336539,9.50000014156103,4.));
#8723=CARTESIAN_POINT('',(89.5000013336539,7.90000014156103,1.8));
#8724=CARTESIAN_POINT('Origin',(5.00000005960464,94.0000014156103,12.));
#8725=CARTESIAN_POINT('',(5.00000005960464,95.0000014156103,12.));
#8726=CARTESIAN_POINT('Origin',(49.5000000596046,95.0000014156103,12.));
#8727=CARTESIAN_POINT('',(94.0000000596046,95.0000014156103,12.));
#8728=CARTESIAN_POINT('Origin',(94.0000000596046,94.0000014156103,12.));
#8729=CARTESIAN_POINT('Origin',(9.50000014156103,89.5000013336539,4.));
#8730=CARTESIAN_POINT('Origin',(9.50000014156103,9.50000014156103,4.));
#8731=CARTESIAN_POINT('Origin',(89.5000013336539,9.50000014156103,4.));
#8732=CARTESIAN_POINT('Origin',(89.5000013336539,89.5000013336539,4.));
#8733=UNCERTAINTY_MEASURE_WITH_UNIT(LENGTH_MEASURE(0.01),#8737,
'DISTANCE_ACCURACY_VALUE',
'Maximum model space distance between geometric entities at asserted c
onnectivities');
#8734=UNCERTAINTY_MEASURE_WITH_UNIT(LENGTH_MEASURE(0.01),#8737,
'DISTANCE_ACCURACY_VALUE',
'Maximum model space distance between geometric entities at asserted c
onnectivities');
#8735=(
GEOMETRIC_REPRESENTATION_CONTEXT(3)
GLOBAL_UNCERTAINTY_ASSIGNED_CONTEXT((#8733))
GLOBAL_UNIT_ASSIGNED_CONTEXT((#8737,#8739,#8740))
REPRESENTATION_CONTEXT('','3D')
);
#8736=(
GEOMETRIC_REPRESENTATION_CONTEXT(3)
GLOBAL_UNCERTAINTY_ASSIGNED_CONTEXT((#8734))
GLOBAL_UNIT_ASSIGNED_CONTEXT((#8737,#8739,#8740))
REPRESENTATION_CONTEXT('','3D')
);
#8737=(
LENGTH_UNIT()
NAMED_UNIT(*)
SI_UNIT(.MILLI.,.METRE.)
);
#8738=(
LENGTH_UNIT()
NAMED_UNIT(*)
SI_UNIT($,.METRE.)
);
#8739=(
NAMED_UNIT(*)
PLANE_ANGLE_UNIT()
SI_UNIT($,.RADIAN.)
);
#8740=(
NAMED_UNIT(*)
SI_UNIT($,.STERADIAN.)
SOLID_ANGLE_UNIT()
);
#8741=SHAPE_DEFINITION_REPRESENTATION(#8742,#8743);
#8742=PRODUCT_DEFINITION_SHAPE('',$,#8745);
#8743=SHAPE_REPRESENTATION('',(#4608),#8735);
#8744=PRODUCT_DEFINITION_CONTEXT('part definition',#8749,'design');
#8745=PRODUCT_DEFINITION('SimplePhotoViewerFrame',
'SimplePhotoViewerFrame v2',#8746,#8744);
#8746=PRODUCT_DEFINITION_FORMATION('',$,#8751);
#8747=PRODUCT_RELATED_PRODUCT_CATEGORY('SimplePhotoViewerFrame v2',
'SimplePhotoViewerFrame v2',(#8751));
#8748=APPLICATION_PROTOCOL_DEFINITION('international standard',
'automotive_design',2009,#8749);
#8749=APPLICATION_CONTEXT(
'Core Data for Automotive Mechanical Design Process');
#8750=PRODUCT_CONTEXT('part definition',#8749,'mechanical');
#8751=PRODUCT('SimplePhotoViewerFrame','SimplePhotoViewerFrame v2',$,(#8750));
#8752=PRESENTATION_STYLE_ASSIGNMENT((#8753));
#8753=SURFACE_STYLE_USAGE(.BOTH.,#8754);
#8754=SURFACE_SIDE_STYLE('',(#8755));
#8755=SURFACE_STYLE_FILL_AREA(#8756);
#8756=FILL_AREA_STYLE('\X2\92FC\X0\ - \X2\30B530C630F3\X0\',(#8757));
#8757=FILL_AREA_STYLE_COLOUR('\X2\92FC\X0\ - \X2\30B530C630F3\X0\',#8758);
#8758=COLOUR_RGB('\X2\92FC\X0\ - \X2\30B530C630F3\X0\',0.627450980392157,
0.627450980392157,0.627450980392157);
ENDSEC;
END-ISO-10303-21;
