
/mnt/c/Users/hra/Documents/github/HRA_product/CQ_GOWIN_FPGA_Vol6/SOFTWARE/build/simple_photo_frame.elf:     file format elf32-littlearm

Sections:
Idx Name          Size      VMA       LMA       File off  Algn
  0 .text         0000a1e4  10000000  10000000  00001000  2**3
                  CONTENTS, ALLOC, LOAD, READONLY, CODE
  1 .rodata       00037d88  1000a1e8  1000a1e8  0000b1e8  2**3
                  CONTENTS, ALLOC, LOAD, READONLY, DATA
  2 .ARM.exidx    00000008  10041f70  10041f70  00042f70  2**2
                  CONTENTS, ALLOC, LOAD, READONLY, DATA
  3 .binary_info  00000020  10041f78  10041f78  00042f78  2**2
                  CONTENTS, ALLOC, LOAD, READONLY, DATA
  4 .ram_vector_table 00000110  20000000  20000000  00046000  2**2
                  ALLOC
  5 .uninitialized_data 00000000  20000110  20000110  000454b4  2**0
                  CONTENTS
  6 .data         00001508  20000110  10041f98  00043110  2**3
                  CONTENTS, ALLOC, LOAD, READONLY, CODE
  7 .tdata        00000000  20001618  20001618  000454b4  2**0
                  CONTENTS, ALLOC, LOAD, DATA, THREAD_LOCAL
  8 .tbss         00000000  20001618  20001618  00000000  2**0
                  ALLOC, THREAD_LOCAL
  9 .bss          00001874  20001618  100434a0  00045618  2**3
                  ALLOC
 10 .heap         00000800  20002e8c  100434a0  00045e8c  2**2
                  ALLOC, READONLY
 11 .scratch_x    00000000  20080000  20080000  000454b4  2**0
                  CONTENTS
 12 .scratch_y    00000000  20081000  20081000  000454b4  2**0
                  CONTENTS
 13 .stack_dummy  00000800  20081000  20081000  00046000  2**5
                  ALLOC, READONLY
 14 .flash_end    00000014  100434a0  100434a0  000454a0  2**2
                  CONTENTS, ALLOC, LOAD, READONLY, DATA
 15 .ARM.attributes 00000034  00000000  00000000  000454b4  2**0
                  CONTENTS, READONLY
 16 .comment      00000026  00000000  00000000  000454e8  2**0
                  CONTENTS, READONLY
 17 .debug_info   0005bf2a  00000000  00000000  0004550e  2**0
                  CONTENTS, READONLY, DEBUGGING, OCTETS
 18 .debug_abbrev 0000db61  00000000  00000000  000a1438  2**0
                  CONTENTS, READONLY, DEBUGGING, OCTETS
 19 .debug_loclists 0002b469  00000000  00000000  000aef99  2**0
                  CONTENTS, READONLY, DEBUGGING, OCTETS
 20 .debug_aranges 00001cb0  00000000  00000000  000da408  2**3
                  CONTENTS, READONLY, DEBUGGING, OCTETS
 21 .debug_rnglists 00007784  00000000  00000000  000dc0b8  2**0
                  CONTENTS, READONLY, DEBUGGING, OCTETS
 22 .debug_line   00033e94  00000000  00000000  000e383c  2**0
                  CONTENTS, READONLY, DEBUGGING, OCTETS
 23 .debug_str    0000df1b  00000000  00000000  001176d0  2**0
                  CONTENTS, READONLY, DEBUGGING, OCTETS
 24 .debug_frame  00004fa4  00000000  00000000  001255ec  2**2
                  CONTENTS, READONLY, DEBUGGING, OCTETS
 25 .debug_line_str 00000245  00000000  00000000  0012a590  2**0
                  CONTENTS, READONLY, DEBUGGING, OCTETS

/mnt/c/Users/hra/Documents/github/HRA_product/CQ_GOWIN_FPGA_Vol6/SOFTWARE/build/simple_photo_frame.elf:     file format elf32-littlearm


Disassembly of section .text:

10000000 <__VECTOR_TABLE>:
10000000:	20082000 	.word	0x20082000
10000004:	1000015d 	.word	0x1000015d
10000008:	1000011b 	.word	0x1000011b
1000000c:	1000011d 	.word	0x1000011d
10000010:	10000111 	.word	0x10000111
10000014:	10000111 	.word	0x10000111
10000018:	10000111 	.word	0x10000111
1000001c:	10000111 	.word	0x10000111
10000020:	10000119 	.word	0x10000119
10000024:	10000119 	.word	0x10000119
10000028:	10000119 	.word	0x10000119
1000002c:	1000011f 	.word	0x1000011f
10000030:	10000111 	.word	0x10000111
10000034:	10000119 	.word	0x10000119
10000038:	10000121 	.word	0x10000121
1000003c:	10000123 	.word	0x10000123
10000040:	10000111 	.word	0x10000111
10000044:	10000111 	.word	0x10000111
10000048:	10000111 	.word	0x10000111
1000004c:	10000111 	.word	0x10000111
10000050:	10000111 	.word	0x10000111
10000054:	10000111 	.word	0x10000111
10000058:	10000111 	.word	0x10000111
1000005c:	10000111 	.word	0x10000111
10000060:	10000111 	.word	0x10000111
10000064:	10000111 	.word	0x10000111
10000068:	10000111 	.word	0x10000111
1000006c:	10000111 	.word	0x10000111
10000070:	10000111 	.word	0x10000111
10000074:	10000111 	.word	0x10000111
10000078:	10000111 	.word	0x10000111
1000007c:	10000111 	.word	0x10000111
10000080:	10000111 	.word	0x10000111
10000084:	10000111 	.word	0x10000111
10000088:	10000111 	.word	0x10000111
1000008c:	10000111 	.word	0x10000111
10000090:	10000111 	.word	0x10000111
10000094:	10000111 	.word	0x10000111
10000098:	10000111 	.word	0x10000111
1000009c:	10000111 	.word	0x10000111
100000a0:	10000111 	.word	0x10000111
100000a4:	10000111 	.word	0x10000111
100000a8:	10000111 	.word	0x10000111
100000ac:	10000111 	.word	0x10000111
100000b0:	10000111 	.word	0x10000111
100000b4:	10000111 	.word	0x10000111
100000b8:	10000111 	.word	0x10000111
100000bc:	10000111 	.word	0x10000111
100000c0:	10000111 	.word	0x10000111
100000c4:	10000111 	.word	0x10000111
100000c8:	10000111 	.word	0x10000111
100000cc:	10000111 	.word	0x10000111
100000d0:	10000111 	.word	0x10000111
100000d4:	10000111 	.word	0x10000111
100000d8:	10000111 	.word	0x10000111
100000dc:	10000111 	.word	0x10000111
100000e0:	10000111 	.word	0x10000111
100000e4:	10000111 	.word	0x10000111
100000e8:	10000111 	.word	0x10000111
100000ec:	10000111 	.word	0x10000111
100000f0:	10000111 	.word	0x10000111
100000f4:	10000111 	.word	0x10000111
100000f8:	10000111 	.word	0x10000111
100000fc:	10000111 	.word	0x10000111
10000100:	10000111 	.word	0x10000111
10000104:	10000111 	.word	0x10000111
10000108:	10000111 	.word	0x10000111
1000010c:	10000111 	.word	0x10000111

10000110 <__unhandled_user_irq>:
10000110:	f3ef 8005 	mrs	r0, IPSR
10000114:	3810      	subs	r0, #16

10000116 <unhandled_user_irq_num_in_r0>:
10000116:	be00      	bkpt	0x0000

10000118 <isr_invalid>:
10000118:	be00      	bkpt	0x0000

1000011a <isr_nmi>:
1000011a:	be00      	bkpt	0x0000

1000011c <isr_hardfault>:
1000011c:	be00      	bkpt	0x0000

1000011e <isr_svcall>:
1000011e:	be00      	bkpt	0x0000

10000120 <isr_pendsv>:
10000120:	be00      	bkpt	0x0000

10000122 <isr_systick>:
10000122:	be00      	bkpt	0x0000

10000124 <__default_isrs_end>:
10000124:	7188ebf2 	.word	0x7188ebf2
10000128:	10041f78 	.word	0x10041f78
1000012c:	10041f98 	.word	0x10041f98
10000130:	100001a0 	.word	0x100001a0
10000134:	e71aa390 	.word	0xe71aa390

10000138 <__binary_info_header_end>:
10000138:	ffffded3 	.word	0xffffded3
1000013c:	10210142 	.word	0x10210142
10000140:	000001ff 	.word	0x000001ff
10000144:	00043368 	.word	0x00043368
10000148:	ab123579 	.word	0xab123579

1000014c <_entry_point>:
1000014c:	f04f 0000 	mov.w	r0, #0

10000150 <_enter_vtable_in_r0>:
10000150:	491e      	ldr	r1, [pc, #120]	@ (100001cc <data_cpy_table+0x2c>)
10000152:	6008      	str	r0, [r1, #0]
10000154:	c806      	ldmia	r0!, {r1, r2}
10000156:	f381 8808 	msr	MSP, r1
1000015a:	4710      	bx	r2

1000015c <_reset_handler>:
1000015c:	f04f 4050 	mov.w	r0, #3489660928	@ 0xd0000000
10000160:	6800      	ldr	r0, [r0, #0]
10000162:	b110      	cbz	r0, 1000016a <hold_non_core0_in_bootrom+0x6>

10000164 <hold_non_core0_in_bootrom>:
10000164:	f04f 0000 	mov.w	r0, #0
10000168:	e7f2      	b.n	10000150 <_enter_vtable_in_r0>
1000016a:	a40d      	add	r4, pc, #52	@ (adr r4, 100001a0 <data_cpy_table>)
1000016c:	cc0e      	ldmia	r4!, {r1, r2, r3}
1000016e:	2900      	cmp	r1, #0
10000170:	d002      	beq.n	10000178 <hold_non_core0_in_bootrom+0x14>
10000172:	f000 f812 	bl	1000019a <data_cpy>
10000176:	e7f9      	b.n	1000016c <hold_non_core0_in_bootrom+0x8>
10000178:	4915      	ldr	r1, [pc, #84]	@ (100001d0 <data_cpy_table+0x30>)
1000017a:	4a16      	ldr	r2, [pc, #88]	@ (100001d4 <data_cpy_table+0x34>)
1000017c:	2000      	movs	r0, #0
1000017e:	e000      	b.n	10000182 <bss_fill_test>

10000180 <bss_fill_loop>:
10000180:	c101      	stmia	r1!, {r0}

10000182 <bss_fill_test>:
10000182:	4291      	cmp	r1, r2
10000184:	d1fc      	bne.n	10000180 <bss_fill_loop>

10000186 <platform_entry>:
10000186:	4914      	ldr	r1, [pc, #80]	@ (100001d8 <data_cpy_table+0x38>)
10000188:	4788      	blx	r1
1000018a:	4914      	ldr	r1, [pc, #80]	@ (100001dc <data_cpy_table+0x3c>)
1000018c:	4788      	blx	r1
1000018e:	4914      	ldr	r1, [pc, #80]	@ (100001e0 <data_cpy_table+0x40>)
10000190:	4788      	blx	r1
10000192:	be00      	bkpt	0x0000
10000194:	e7fd      	b.n	10000192 <platform_entry+0xc>

10000196 <data_cpy_loop>:
10000196:	c901      	ldmia	r1!, {r0}
10000198:	c201      	stmia	r2!, {r0}

1000019a <data_cpy>:
1000019a:	429a      	cmp	r2, r3
1000019c:	d3fb      	bcc.n	10000196 <data_cpy_loop>
1000019e:	4770      	bx	lr

100001a0 <data_cpy_table>:
100001a0:	10041f98 	.word	0x10041f98
100001a4:	20000110 	.word	0x20000110
100001a8:	20001618 	.word	0x20001618
100001ac:	100434a0 	.word	0x100434a0
100001b0:	20080000 	.word	0x20080000
100001b4:	20080000 	.word	0x20080000
100001b8:	100434a0 	.word	0x100434a0
100001bc:	20081000 	.word	0x20081000
100001c0:	20081000 	.word	0x20081000
100001c4:	00000000 	.word	0x00000000
100001c8:	4770      	bx	lr
100001ca:	0000      	.short	0x0000
100001cc:	e000ed08 	.word	0xe000ed08
100001d0:	20001618 	.word	0x20001618
100001d4:	20002e8c 	.word	0x20002e8c
100001d8:	10003851 	.word	0x10003851
100001dc:	10000275 	.word	0x10000275
100001e0:	10003849 	.word	0x10003849

100001e4 <_init>:
100001e4:	b5f8      	push	{r3, r4, r5, r6, r7, lr}
100001e6:	bf00      	nop

100001e8 <deregister_tm_clones>:
100001e8:	4803      	ldr	r0, [pc, #12]	@ (100001f8 <deregister_tm_clones+0x10>)
100001ea:	4b04      	ldr	r3, [pc, #16]	@ (100001fc <deregister_tm_clones+0x14>)
100001ec:	4283      	cmp	r3, r0
100001ee:	d002      	beq.n	100001f6 <deregister_tm_clones+0xe>
100001f0:	4b03      	ldr	r3, [pc, #12]	@ (10000200 <deregister_tm_clones+0x18>)
100001f2:	b103      	cbz	r3, 100001f6 <deregister_tm_clones+0xe>
100001f4:	4718      	bx	r3
100001f6:	4770      	bx	lr
100001f8:	20001618 	.word	0x20001618
100001fc:	20001618 	.word	0x20001618
10000200:	00000000 	.word	0x00000000

10000204 <register_tm_clones>:
10000204:	4b06      	ldr	r3, [pc, #24]	@ (10000220 <register_tm_clones+0x1c>)
10000206:	4907      	ldr	r1, [pc, #28]	@ (10000224 <register_tm_clones+0x20>)
10000208:	1ac9      	subs	r1, r1, r3
1000020a:	1089      	asrs	r1, r1, #2
1000020c:	bf48      	it	mi
1000020e:	3101      	addmi	r1, #1
10000210:	1049      	asrs	r1, r1, #1
10000212:	d003      	beq.n	1000021c <register_tm_clones+0x18>
10000214:	4b04      	ldr	r3, [pc, #16]	@ (10000228 <register_tm_clones+0x24>)
10000216:	b10b      	cbz	r3, 1000021c <register_tm_clones+0x18>
10000218:	4801      	ldr	r0, [pc, #4]	@ (10000220 <register_tm_clones+0x1c>)
1000021a:	4718      	bx	r3
1000021c:	4770      	bx	lr
1000021e:	bf00      	nop
10000220:	20001618 	.word	0x20001618
10000224:	20001618 	.word	0x20001618
10000228:	00000000 	.word	0x00000000

1000022c <__do_global_dtors_aux>:
1000022c:	b510      	push	{r4, lr}
1000022e:	4c06      	ldr	r4, [pc, #24]	@ (10000248 <__do_global_dtors_aux+0x1c>)
10000230:	7823      	ldrb	r3, [r4, #0]
10000232:	b943      	cbnz	r3, 10000246 <__do_global_dtors_aux+0x1a>
10000234:	f7ff ffd8 	bl	100001e8 <deregister_tm_clones>
10000238:	4b04      	ldr	r3, [pc, #16]	@ (1000024c <__do_global_dtors_aux+0x20>)
1000023a:	b113      	cbz	r3, 10000242 <__do_global_dtors_aux+0x16>
1000023c:	4804      	ldr	r0, [pc, #16]	@ (10000250 <__do_global_dtors_aux+0x24>)
1000023e:	f3af 8000 	nop.w
10000242:	2301      	movs	r3, #1
10000244:	7023      	strb	r3, [r4, #0]
10000246:	bd10      	pop	{r4, pc}
10000248:	200018b0 	.word	0x200018b0
1000024c:	00000000 	.word	0x00000000
10000250:	1000a1e4 	.word	0x1000a1e4

10000254 <frame_dummy>:
10000254:	b508      	push	{r3, lr}
10000256:	4b04      	ldr	r3, [pc, #16]	@ (10000268 <frame_dummy+0x14>)
10000258:	b11b      	cbz	r3, 10000262 <frame_dummy+0xe>
1000025a:	4904      	ldr	r1, [pc, #16]	@ (1000026c <frame_dummy+0x18>)
1000025c:	4804      	ldr	r0, [pc, #16]	@ (10000270 <frame_dummy+0x1c>)
1000025e:	f3af 8000 	nop.w
10000262:	e8bd 4008 	ldmia.w	sp!, {r3, lr}
10000266:	e7cd      	b.n	10000204 <register_tm_clones>
10000268:	00000000 	.word	0x00000000
1000026c:	200018b4 	.word	0x200018b4
10000270:	1000a1e4 	.word	0x1000a1e4

10000274 <main>:
10000274:	e92d 43f8 	stmdb	sp!, {r3, r4, r5, r6, r7, r8, r9, lr}
10000278:	f003 fc16 	bl	10003aa8 <stdio_init_all>
1000027c:	f000 fa14 	bl	100006a8 <button_init>
10000280:	f000 f8f2 	bl	10000468 <fpga_io_init>
10000284:	f006 f900 	bl	10006488 <cyw43_arch_init>
10000288:	f44f 60fa 	mov.w	r0, #2000	@ 0x7d0
1000028c:	f001 fb62 	bl	10001954 <sleep_ms>
10000290:	2000      	movs	r0, #0
10000292:	f000 f9eb 	bl	1000066c <vram_set_address>
10000296:	f44f 6580 	mov.w	r5, #1024	@ 0x400
1000029a:	f5a5 6480 	sub.w	r4, r5, #1024	@ 0x400
1000029e:	f3c4 0044 	ubfx	r0, r4, #1, #5
100002a2:	f004 033f 	and.w	r3, r4, #63	@ 0x3f
100002a6:	ea40 1343 	orr.w	r3, r0, r3, lsl #5
100002aa:	ea43 20c0 	orr.w	r0, r3, r0, lsl #11
100002ae:	3401      	adds	r4, #1
100002b0:	f000 f9ea 	bl	10000688 <vram_burst_write>
100002b4:	42a5      	cmp	r5, r4
100002b6:	d1f2      	bne.n	1000029e <main+0x2a>
100002b8:	3501      	adds	r5, #1
100002ba:	f5b5 6fbc 	cmp.w	r5, #1504	@ 0x5e0
100002be:	d1ec      	bne.n	1000029a <main+0x26>
100002c0:	f8df 90f4 	ldr.w	r9, [pc, #244]	@ 100003b8 <main+0x144>
100002c4:	f8df 80f4 	ldr.w	r8, [pc, #244]	@ 100003bc <main+0x148>
100002c8:	4d35      	ldr	r5, [pc, #212]	@ (100003a0 <main+0x12c>)
100002ca:	e008      	b.n	100002de <main+0x6a>
100002cc:	f010 0402 	ands.w	r4, r0, #2
100002d0:	d135      	bne.n	1000033e <main+0xca>
100002d2:	0743      	lsls	r3, r0, #29
100002d4:	d43a      	bmi.n	1000034c <main+0xd8>
100002d6:	f000 fa27 	bl	10000728 <button_get>
100002da:	2800      	cmp	r0, #0
100002dc:	d1fb      	bne.n	100002d6 <main+0x62>
100002de:	f000 fa23 	bl	10000728 <button_get>
100002e2:	07c2      	lsls	r2, r0, #31
100002e4:	d5f2      	bpl.n	100002cc <main+0x58>
100002e6:	2101      	movs	r1, #1
100002e8:	2000      	movs	r0, #0
100002ea:	f006 f8bf 	bl	1000646c <cyw43_arch_gpio_put>
100002ee:	f44f 70fa 	mov.w	r0, #500	@ 0x1f4
100002f2:	f001 fb2f 	bl	10001954 <sleep_ms>
100002f6:	2100      	movs	r1, #0
100002f8:	4608      	mov	r0, r1
100002fa:	f006 f8b7 	bl	1000646c <cyw43_arch_gpio_put>
100002fe:	4829      	ldr	r0, [pc, #164]	@ (100003a4 <main+0x130>)
10000300:	f003 fc16 	bl	10003b30 <__wrap_puts>
10000304:	2000      	movs	r0, #0
10000306:	f000 f9c7 	bl	10000698 <display_enable>
1000030a:	f009 fcd1 	bl	10009cb0 <rand>
1000030e:	f000 041f 	and.w	r4, r0, #31
10000312:	f009 fccd 	bl	10009cb0 <rand>
10000316:	f000 063f 	and.w	r6, r0, #63	@ 0x3f
1000031a:	f009 fcc9 	bl	10009cb0 <rand>
1000031e:	02e3      	lsls	r3, r4, #11
10000320:	ea43 1346 	orr.w	r3, r3, r6, lsl #5
10000324:	f000 071f 	and.w	r7, r0, #31
10000328:	ea43 0007 	orr.w	r0, r3, r7
1000032c:	f000 f9b8 	bl	100006a0 <display_set_fill_color>
10000330:	463b      	mov	r3, r7
10000332:	4632      	mov	r2, r6
10000334:	4621      	mov	r1, r4
10000336:	481c      	ldr	r0, [pc, #112]	@ (100003a8 <main+0x134>)
10000338:	f003 fc7c 	bl	10003c34 <__wrap_printf>
1000033c:	e7cb      	b.n	100002d6 <main+0x62>
1000033e:	481b      	ldr	r0, [pc, #108]	@ (100003ac <main+0x138>)
10000340:	f003 fbf6 	bl	10003b30 <__wrap_puts>
10000344:	2001      	movs	r0, #1
10000346:	f000 f9a7 	bl	10000698 <display_enable>
1000034a:	e7c4      	b.n	100002d6 <main+0x62>
1000034c:	4648      	mov	r0, r9
1000034e:	f003 fbef 	bl	10003b30 <__wrap_puts>
10000352:	4640      	mov	r0, r8
10000354:	f003 fbec 	bl	10003b30 <__wrap_puts>
10000358:	4620      	mov	r0, r4
1000035a:	f000 f987 	bl	1000066c <vram_set_address>
1000035e:	b2a0      	uxth	r0, r4
10000360:	3401      	adds	r4, #1
10000362:	f000 f991 	bl	10000688 <vram_burst_write>
10000366:	f5b4 2ff0 	cmp.w	r4, #491520	@ 0x78000
1000036a:	d1f8      	bne.n	1000035e <main+0xea>
1000036c:	4628      	mov	r0, r5
1000036e:	f003 fbdf 	bl	10003b30 <__wrap_puts>
10000372:	2000      	movs	r0, #0
10000374:	f000 f97a 	bl	1000066c <vram_set_address>
10000378:	2400      	movs	r4, #0
1000037a:	4e0d      	ldr	r6, [pc, #52]	@ (100003b0 <main+0x13c>)
1000037c:	f000 f988 	bl	10000690 <vram_burst_read>
10000380:	b2a2      	uxth	r2, r4
10000382:	4290      	cmp	r0, r2
10000384:	d004      	beq.n	10000390 <main+0x11c>
10000386:	4603      	mov	r3, r0
10000388:	4621      	mov	r1, r4
1000038a:	4630      	mov	r0, r6
1000038c:	f003 fc52 	bl	10003c34 <__wrap_printf>
10000390:	3401      	adds	r4, #1
10000392:	f5b4 2ff0 	cmp.w	r4, #491520	@ 0x78000
10000396:	d1f1      	bne.n	1000037c <main+0x108>
10000398:	4806      	ldr	r0, [pc, #24]	@ (100003b4 <main+0x140>)
1000039a:	f003 fbc9 	bl	10003b30 <__wrap_puts>
1000039e:	e79a      	b.n	100002d6 <main+0x62>
100003a0:	1000a210 	.word	0x1000a210
100003a4:	1000a28c 	.word	0x1000a28c
100003a8:	1000a2a0 	.word	0x1000a2a0
100003ac:	1000a2c0 	.word	0x1000a2c0
100003b0:	1000a238 	.word	0x1000a238
100003b4:	1000a274 	.word	0x1000a274
100003b8:	1000a2d4 	.word	0x1000a2d4
100003bc:	1000a1e8 	.word	0x1000a1e8

100003c0 <fpga_wait_ready.isra.0>:
100003c0:	2203      	movs	r2, #3
100003c2:	2300      	movs	r3, #0
100003c4:	e92d 43f0 	stmdb	sp!, {r4, r5, r6, r7, r8, r9, lr}
100003c8:	b083      	sub	sp, #12
100003ca:	f88d 2005 	strb.w	r2, [sp, #5]
100003ce:	f88d 3007 	strb.w	r3, [sp, #7]
100003d2:	f88d 0006 	strb.w	r0, [sp, #6]
100003d6:	f001 fb4b 	bl	10001a70 <time_us_64>
100003da:	f24c 3350 	movw	r3, #50000	@ 0xc350
100003de:	f04f 34ff 	mov.w	r4, #4294967295	@ 0xffffffff
100003e2:	f06f 4200 	mvn.w	r2, #2147483648	@ 0x80000000
100003e6:	eb10 0803 	adds.w	r8, r0, r3
100003ea:	f141 0600 	adc.w	r6, r1, #0
100003ee:	4544      	cmp	r4, r8
100003f0:	eb72 0306 	sbcs.w	r3, r2, r6
100003f4:	bf38      	it	cc
100003f6:	4616      	movcc	r6, r2
100003f8:	f04f 0900 	mov.w	r9, #0
100003fc:	bf38      	it	cc
100003fe:	46a0      	movcc	r8, r4
10000400:	4f17      	ldr	r7, [pc, #92]	@ (10000460 <fpga_wait_ready.isra.0+0xa0>)
10000402:	4c18      	ldr	r4, [pc, #96]	@ (10000464 <fpga_wait_ready.isra.0+0xa4>)
10000404:	6a7b      	ldr	r3, [r7, #36]	@ 0x24
10000406:	429e      	cmp	r6, r3
10000408:	d807      	bhi.n	1000041a <fpga_wait_ready.isra.0+0x5a>
1000040a:	6aba      	ldr	r2, [r7, #40]	@ 0x28
1000040c:	4542      	cmp	r2, r8
1000040e:	d302      	bcc.n	10000416 <fpga_wait_ready.isra.0+0x56>
10000410:	b003      	add	sp, #12
10000412:	e8bd 83f0 	ldmia.w	sp!, {r4, r5, r6, r7, r8, r9, pc}
10000416:	429e      	cmp	r6, r3
10000418:	d1fa      	bne.n	10000410 <fpga_wait_ready.isra.0+0x50>
1000041a:	2505      	movs	r5, #5
1000041c:	ec49 5040 	gpioc_bit_out_put r5, r9
10000420:	2201      	movs	r2, #1
10000422:	eb0d 0105 	add.w	r1, sp, r5
10000426:	4620      	mov	r0, r4
10000428:	f009 feb2 	bl	1000a190 <__spi_write_blocking_veneer>
1000042c:	f10d 0106 	add.w	r1, sp, #6
10000430:	2201      	movs	r2, #1
10000432:	4620      	mov	r0, r4
10000434:	f009 feac 	bl	1000a190 <__spi_write_blocking_veneer>
10000438:	2301      	movs	r3, #1
1000043a:	4620      	mov	r0, r4
1000043c:	eb0d 0105 	add.w	r1, sp, r5
10000440:	f10d 0207 	add.w	r2, sp, #7
10000444:	f009 fe74 	bl	1000a130 <__spi_write_read_blocking_veneer>
10000448:	f04f 0301 	mov.w	r3, #1
1000044c:	ec43 5040 	gpioc_bit_out_put r5, r3
10000450:	f89d 3007 	ldrb.w	r3, [sp, #7]
10000454:	07db      	lsls	r3, r3, #31
10000456:	d4db      	bmi.n	10000410 <fpga_wait_ready.isra.0+0x50>
10000458:	2001      	movs	r0, #1
1000045a:	f001 fa7b 	bl	10001954 <sleep_ms>
1000045e:	e7d1      	b.n	10000404 <fpga_wait_ready.isra.0+0x44>
10000460:	400b0000 	.word	0x400b0000
10000464:	40080000 	.word	0x40080000

10000468 <fpga_io_init>:
10000468:	b5f8      	push	{r3, r4, r5, r6, r7, lr}
1000046a:	2702      	movs	r7, #2
1000046c:	4c18      	ldr	r4, [pc, #96]	@ (100004d0 <fpga_io_init+0x68>)
1000046e:	4919      	ldr	r1, [pc, #100]	@ (100004d4 <fpga_io_init+0x6c>)
10000470:	4620      	mov	r0, r4
10000472:	f005 ff7b 	bl	1000636c <spi_init>
10000476:	4b18      	ldr	r3, [pc, #96]	@ (100004d8 <fpga_io_init+0x70>)
10000478:	6862      	ldr	r2, [r4, #4]
1000047a:	605f      	str	r7, [r3, #4]
1000047c:	6823      	ldr	r3, [r4, #0]
1000047e:	4e17      	ldr	r6, [pc, #92]	@ (100004dc <fpga_io_init+0x74>)
10000480:	4d17      	ldr	r5, [pc, #92]	@ (100004e0 <fpga_io_init+0x78>)
10000482:	f083 0307 	eor.w	r3, r3, #7
10000486:	403a      	ands	r2, r7
10000488:	f003 03cf 	and.w	r3, r3, #207	@ 0xcf
1000048c:	6033      	str	r3, [r6, #0]
1000048e:	2101      	movs	r1, #1
10000490:	606a      	str	r2, [r5, #4]
10000492:	2004      	movs	r0, #4
10000494:	f000 f972 	bl	1000077c <gpio_set_function>
10000498:	2101      	movs	r1, #1
1000049a:	2006      	movs	r0, #6
1000049c:	f000 f96e 	bl	1000077c <gpio_set_function>
100004a0:	2101      	movs	r1, #1
100004a2:	2007      	movs	r0, #7
100004a4:	f000 f96a 	bl	1000077c <gpio_set_function>
100004a8:	2005      	movs	r0, #5
100004aa:	f000 fa05 	bl	100008b8 <gpio_init>
100004ae:	2305      	movs	r3, #5
100004b0:	f04f 0201 	mov.w	r2, #1
100004b4:	ec42 3044 	gpioc_bit_oe_put r3, r2
100004b8:	ec42 3040 	gpioc_bit_out_put r3, r2
100004bc:	2003      	movs	r0, #3
100004be:	f000 f9fb 	bl	100008b8 <gpio_init>
100004c2:	2303      	movs	r3, #3
100004c4:	f04f 0200 	mov.w	r2, #0
100004c8:	ec42 3044 	gpioc_bit_oe_put r3, r2
100004cc:	bdf8      	pop	{r3, r4, r5, r6, r7, pc}
100004ce:	bf00      	nop
100004d0:	40080000 	.word	0x40080000
100004d4:	01e84800 	.word	0x01e84800
100004d8:	40083000 	.word	0x40083000
100004dc:	40081000 	.word	0x40081000
100004e0:	40082000 	.word	0x40082000

100004e4 <fpga_outport>:
100004e4:	e92d 43f0 	stmdb	sp!, {r4, r5, r6, r7, r8, r9, lr}
100004e8:	b083      	sub	sp, #12
100004ea:	4607      	mov	r7, r0
100004ec:	460d      	mov	r5, r1
100004ee:	f04f 0805 	mov.w	r8, #5
100004f2:	f7ff ff65 	bl	100003c0 <fpga_wait_ready.isra.0>
100004f6:	f04f 0300 	mov.w	r3, #0
100004fa:	ec43 8040 	gpioc_bit_out_put r8, r3
100004fe:	2401      	movs	r4, #1
10000500:	4e13      	ldr	r6, [pc, #76]	@ (10000550 <fpga_outport+0x6c>)
10000502:	4622      	mov	r2, r4
10000504:	f10d 0107 	add.w	r1, sp, #7
10000508:	4630      	mov	r0, r6
1000050a:	f88d 4007 	strb.w	r4, [sp, #7]
1000050e:	f009 fe3f 	bl	1000a190 <__spi_write_blocking_veneer>
10000512:	4622      	mov	r2, r4
10000514:	f10d 0107 	add.w	r1, sp, #7
10000518:	4630      	mov	r0, r6
1000051a:	f88d 7007 	strb.w	r7, [sp, #7]
1000051e:	f009 fe37 	bl	1000a190 <__spi_write_blocking_veneer>
10000522:	4622      	mov	r2, r4
10000524:	f10d 0107 	add.w	r1, sp, #7
10000528:	4630      	mov	r0, r6
1000052a:	f88d 5007 	strb.w	r5, [sp, #7]
1000052e:	f009 fe2f 	bl	1000a190 <__spi_write_blocking_veneer>
10000532:	0a2d      	lsrs	r5, r5, #8
10000534:	4622      	mov	r2, r4
10000536:	4630      	mov	r0, r6
10000538:	f10d 0107 	add.w	r1, sp, #7
1000053c:	f88d 5007 	strb.w	r5, [sp, #7]
10000540:	f009 fe26 	bl	1000a190 <__spi_write_blocking_veneer>
10000544:	ec44 8040 	gpioc_bit_out_put r8, r4
10000548:	b003      	add	sp, #12
1000054a:	e8bd 83f0 	ldmia.w	sp!, {r4, r5, r6, r7, r8, r9, pc}
1000054e:	bf00      	nop
10000550:	40080000 	.word	0x40080000

10000554 <fpga_inport>:
10000554:	b5f0      	push	{r4, r5, r6, r7, lr}
10000556:	b083      	sub	sp, #12
10000558:	4604      	mov	r4, r0
1000055a:	f7ff ff31 	bl	100003c0 <fpga_wait_ready.isra.0>
1000055e:	2300      	movs	r3, #0
10000560:	2205      	movs	r2, #5
10000562:	f88d 3003 	strb.w	r3, [sp, #3]
10000566:	f8ad 3004 	strh.w	r3, [sp, #4]
1000056a:	ec43 2040 	gpioc_bit_out_put r2, r3
1000056e:	2302      	movs	r3, #2
10000570:	2201      	movs	r2, #1
10000572:	eb0d 0103 	add.w	r1, sp, r3
10000576:	483b      	ldr	r0, [pc, #236]	@ (10000664 <fpga_inport+0x110>)
10000578:	f88d 3002 	strb.w	r3, [sp, #2]
1000057c:	f009 fe08 	bl	1000a190 <__spi_write_blocking_veneer>
10000580:	2201      	movs	r2, #1
10000582:	f10d 0102 	add.w	r1, sp, #2
10000586:	4837      	ldr	r0, [pc, #220]	@ (10000664 <fpga_inport+0x110>)
10000588:	f88d 4002 	strb.w	r4, [sp, #2]
1000058c:	f009 fe00 	bl	1000a190 <__spi_write_blocking_veneer>
10000590:	f001 fa6e 	bl	10001a70 <time_us_64>
10000594:	f24c 3350 	movw	r3, #50000	@ 0xc350
10000598:	f04f 35ff 	mov.w	r5, #4294967295	@ 0xffffffff
1000059c:	f06f 4200 	mvn.w	r2, #2147483648	@ 0x80000000
100005a0:	18c6      	adds	r6, r0, r3
100005a2:	f141 0400 	adc.w	r4, r1, #0
100005a6:	42b5      	cmp	r5, r6
100005a8:	eb72 0304 	sbcs.w	r3, r2, r4
100005ac:	bf38      	it	cc
100005ae:	4614      	movcc	r4, r2
100005b0:	f04f 4750 	mov.w	r7, #3489660928	@ 0xd0000000
100005b4:	bf38      	it	cc
100005b6:	462e      	movcc	r6, r5
100005b8:	4d2b      	ldr	r5, [pc, #172]	@ (10000668 <fpga_inport+0x114>)
100005ba:	6a6b      	ldr	r3, [r5, #36]	@ 0x24
100005bc:	429c      	cmp	r4, r3
100005be:	d80c      	bhi.n	100005da <fpga_inport+0x86>
100005c0:	6aaa      	ldr	r2, [r5, #40]	@ 0x28
100005c2:	42b2      	cmp	r2, r6
100005c4:	d307      	bcc.n	100005d6 <fpga_inport+0x82>
100005c6:	2305      	movs	r3, #5
100005c8:	f04f 0201 	mov.w	r2, #1
100005cc:	ec42 3040 	gpioc_bit_out_put r3, r2
100005d0:	20aa      	movs	r0, #170	@ 0xaa
100005d2:	b003      	add	sp, #12
100005d4:	bdf0      	pop	{r4, r5, r6, r7, pc}
100005d6:	429c      	cmp	r4, r3
100005d8:	d1f5      	bne.n	100005c6 <fpga_inport+0x72>
100005da:	687b      	ldr	r3, [r7, #4]
100005dc:	071a      	lsls	r2, r3, #28
100005de:	d404      	bmi.n	100005ea <fpga_inport+0x96>
100005e0:	2064      	movs	r0, #100	@ 0x64
100005e2:	2100      	movs	r1, #0
100005e4:	f001 f99e 	bl	10001924 <sleep_us>
100005e8:	e7e7      	b.n	100005ba <fpga_inport+0x66>
100005ea:	2301      	movs	r3, #1
100005ec:	aa01      	add	r2, sp, #4
100005ee:	f10d 0103 	add.w	r1, sp, #3
100005f2:	481c      	ldr	r0, [pc, #112]	@ (10000664 <fpga_inport+0x110>)
100005f4:	f009 fd9c 	bl	1000a130 <__spi_write_read_blocking_veneer>
100005f8:	f001 fa3a 	bl	10001a70 <time_us_64>
100005fc:	f24c 3350 	movw	r3, #50000	@ 0xc350
10000600:	f04f 35ff 	mov.w	r5, #4294967295	@ 0xffffffff
10000604:	f06f 4200 	mvn.w	r2, #2147483648	@ 0x80000000
10000608:	18c6      	adds	r6, r0, r3
1000060a:	f141 0400 	adc.w	r4, r1, #0
1000060e:	42b5      	cmp	r5, r6
10000610:	eb72 0304 	sbcs.w	r3, r2, r4
10000614:	bf38      	it	cc
10000616:	4614      	movcc	r4, r2
10000618:	f04f 4750 	mov.w	r7, #3489660928	@ 0xd0000000
1000061c:	bf38      	it	cc
1000061e:	462e      	movcc	r6, r5
10000620:	4d11      	ldr	r5, [pc, #68]	@ (10000668 <fpga_inport+0x114>)
10000622:	6a6b      	ldr	r3, [r5, #36]	@ 0x24
10000624:	429c      	cmp	r4, r3
10000626:	d804      	bhi.n	10000632 <fpga_inport+0xde>
10000628:	6aaa      	ldr	r2, [r5, #40]	@ 0x28
1000062a:	42b2      	cmp	r2, r6
1000062c:	d2cb      	bcs.n	100005c6 <fpga_inport+0x72>
1000062e:	429c      	cmp	r4, r3
10000630:	d1c9      	bne.n	100005c6 <fpga_inport+0x72>
10000632:	687b      	ldr	r3, [r7, #4]
10000634:	071b      	lsls	r3, r3, #28
10000636:	d404      	bmi.n	10000642 <fpga_inport+0xee>
10000638:	2064      	movs	r0, #100	@ 0x64
1000063a:	2100      	movs	r1, #0
1000063c:	f001 f972 	bl	10001924 <sleep_us>
10000640:	e7ef      	b.n	10000622 <fpga_inport+0xce>
10000642:	f10d 0205 	add.w	r2, sp, #5
10000646:	2301      	movs	r3, #1
10000648:	f10d 0103 	add.w	r1, sp, #3
1000064c:	4805      	ldr	r0, [pc, #20]	@ (10000664 <fpga_inport+0x110>)
1000064e:	f009 fd6f 	bl	1000a130 <__spi_write_read_blocking_veneer>
10000652:	2305      	movs	r3, #5
10000654:	f04f 0201 	mov.w	r2, #1
10000658:	ec42 3040 	gpioc_bit_out_put r3, r2
1000065c:	f8bd 0004 	ldrh.w	r0, [sp, #4]
10000660:	b003      	add	sp, #12
10000662:	bdf0      	pop	{r4, r5, r6, r7, pc}
10000664:	40080000 	.word	0x40080000
10000668:	400b0000 	.word	0x400b0000

1000066c <vram_set_address>:
1000066c:	b510      	push	{r4, lr}
1000066e:	4604      	mov	r4, r0
10000670:	20c0      	movs	r0, #192	@ 0xc0
10000672:	b2a1      	uxth	r1, r4
10000674:	f7ff ff36 	bl	100004e4 <fpga_outport>
10000678:	f3c4 4106 	ubfx	r1, r4, #16, #7
1000067c:	20c1      	movs	r0, #193	@ 0xc1
1000067e:	e8bd 4010 	ldmia.w	sp!, {r4, lr}
10000682:	f7ff bf2f 	b.w	100004e4 <fpga_outport>
10000686:	bf00      	nop

10000688 <vram_burst_write>:
10000688:	4601      	mov	r1, r0
1000068a:	20c2      	movs	r0, #194	@ 0xc2
1000068c:	f7ff bf2a 	b.w	100004e4 <fpga_outport>

10000690 <vram_burst_read>:
10000690:	20c2      	movs	r0, #194	@ 0xc2
10000692:	f7ff bf5f 	b.w	10000554 <fpga_inport>
10000696:	bf00      	nop

10000698 <display_enable>:
10000698:	4601      	mov	r1, r0
1000069a:	2002      	movs	r0, #2
1000069c:	f7ff bf22 	b.w	100004e4 <fpga_outport>

100006a0 <display_set_fill_color>:
100006a0:	4601      	mov	r1, r0
100006a2:	2004      	movs	r0, #4
100006a4:	f7ff bf1e 	b.w	100004e4 <fpga_outport>

100006a8 <button_init>:
100006a8:	b538      	push	{r3, r4, r5, lr}
100006aa:	2010      	movs	r0, #16
100006ac:	f000 f904 	bl	100008b8 <gpio_init>
100006b0:	2400      	movs	r4, #0
100006b2:	2010      	movs	r0, #16
100006b4:	ec44 0044 	gpioc_bit_oe_put r0, r4
100006b8:	2101      	movs	r1, #1
100006ba:	4622      	mov	r2, r4
100006bc:	f000 f87c 	bl	100007b8 <gpio_set_pulls>
100006c0:	2011      	movs	r0, #17
100006c2:	f000 f8f9 	bl	100008b8 <gpio_init>
100006c6:	2011      	movs	r0, #17
100006c8:	ec44 0044 	gpioc_bit_oe_put r0, r4
100006cc:	2101      	movs	r1, #1
100006ce:	4622      	mov	r2, r4
100006d0:	f000 f872 	bl	100007b8 <gpio_set_pulls>
100006d4:	2012      	movs	r0, #18
100006d6:	f000 f8ef 	bl	100008b8 <gpio_init>
100006da:	2012      	movs	r0, #18
100006dc:	ec44 0044 	gpioc_bit_oe_put r0, r4
100006e0:	2101      	movs	r1, #1
100006e2:	4622      	mov	r2, r4
100006e4:	f000 f868 	bl	100007b8 <gpio_set_pulls>
100006e8:	2013      	movs	r0, #19
100006ea:	f000 f8e5 	bl	100008b8 <gpio_init>
100006ee:	2013      	movs	r0, #19
100006f0:	ec44 0044 	gpioc_bit_oe_put r0, r4
100006f4:	2101      	movs	r1, #1
100006f6:	4622      	mov	r2, r4
100006f8:	f000 f85e 	bl	100007b8 <gpio_set_pulls>
100006fc:	2014      	movs	r0, #20
100006fe:	f000 f8db 	bl	100008b8 <gpio_init>
10000702:	2014      	movs	r0, #20
10000704:	ec44 0044 	gpioc_bit_oe_put r0, r4
10000708:	2101      	movs	r1, #1
1000070a:	4622      	mov	r2, r4
1000070c:	f000 f854 	bl	100007b8 <gpio_set_pulls>
10000710:	2015      	movs	r0, #21
10000712:	f000 f8d1 	bl	100008b8 <gpio_init>
10000716:	2015      	movs	r0, #21
10000718:	ec44 0044 	gpioc_bit_oe_put r0, r4
1000071c:	2101      	movs	r1, #1
1000071e:	4622      	mov	r2, r4
10000720:	e8bd 4038 	ldmia.w	sp!, {r3, r4, r5, lr}
10000724:	f000 b848 	b.w	100007b8 <gpio_set_pulls>

10000728 <button_get>:
10000728:	f04f 4350 	mov.w	r3, #3489660928	@ 0xd0000000
1000072c:	6858      	ldr	r0, [r3, #4]
1000072e:	685b      	ldr	r3, [r3, #4]
10000730:	f480 3080 	eor.w	r0, r0, #65536	@ 0x10000
10000734:	039a      	lsls	r2, r3, #14
10000736:	f04f 4350 	mov.w	r3, #3489660928	@ 0xd0000000
1000073a:	685b      	ldr	r3, [r3, #4]
1000073c:	f3c0 4000 	ubfx	r0, r0, #16, #1
10000740:	bf58      	it	pl
10000742:	f040 0002 	orrpl.w	r0, r0, #2
10000746:	035b      	lsls	r3, r3, #13
10000748:	f04f 4350 	mov.w	r3, #3489660928	@ 0xd0000000
1000074c:	685b      	ldr	r3, [r3, #4]
1000074e:	bf58      	it	pl
10000750:	f040 0004 	orrpl.w	r0, r0, #4
10000754:	0319      	lsls	r1, r3, #12
10000756:	f04f 4350 	mov.w	r3, #3489660928	@ 0xd0000000
1000075a:	685b      	ldr	r3, [r3, #4]
1000075c:	bf58      	it	pl
1000075e:	f040 0008 	orrpl.w	r0, r0, #8
10000762:	02da      	lsls	r2, r3, #11
10000764:	f04f 4350 	mov.w	r3, #3489660928	@ 0xd0000000
10000768:	685b      	ldr	r3, [r3, #4]
1000076a:	bf58      	it	pl
1000076c:	f040 0010 	orrpl.w	r0, r0, #16
10000770:	029b      	lsls	r3, r3, #10
10000772:	bf58      	it	pl
10000774:	f040 0020 	orrpl.w	r0, r0, #32
10000778:	4770      	bx	lr
1000077a:	bf00      	nop

1000077c <gpio_set_function>:
1000077c:	b410      	push	{r4}
1000077e:	f44f 7480 	mov.w	r4, #256	@ 0x100
10000782:	4b0c      	ldr	r3, [pc, #48]	@ (100007b4 <gpio_set_function+0x38>)
10000784:	f853 2020 	ldr.w	r2, [r3, r0, lsl #2]
10000788:	eb03 0380 	add.w	r3, r3, r0, lsl #2
1000078c:	00c0      	lsls	r0, r0, #3
1000078e:	f082 0240 	eor.w	r2, r2, #64	@ 0x40
10000792:	f100 4080 	add.w	r0, r0, #1073741824	@ 0x40000000
10000796:	f503 5c80 	add.w	ip, r3, #4096	@ 0x1000
1000079a:	f002 02c0 	and.w	r2, r2, #192	@ 0xc0
1000079e:	f500 3020 	add.w	r0, r0, #163840	@ 0x28000
100007a2:	f503 5340 	add.w	r3, r3, #12288	@ 0x3000
100007a6:	f8cc 2000 	str.w	r2, [ip]
100007aa:	6041      	str	r1, [r0, #4]
100007ac:	601c      	str	r4, [r3, #0]
100007ae:	f85d 4b04 	ldr.w	r4, [sp], #4
100007b2:	4770      	bx	lr
100007b4:	40038004 	.word	0x40038004

100007b8 <gpio_set_pulls>:
100007b8:	b410      	push	{r4}
100007ba:	4c08      	ldr	r4, [pc, #32]	@ (100007dc <gpio_set_pulls+0x24>)
100007bc:	00c9      	lsls	r1, r1, #3
100007be:	ea41 0182 	orr.w	r1, r1, r2, lsl #2
100007c2:	f854 2020 	ldr.w	r2, [r4, r0, lsl #2]
100007c6:	eb04 0380 	add.w	r3, r4, r0, lsl #2
100007ca:	4051      	eors	r1, r2
100007cc:	f503 5380 	add.w	r3, r3, #4096	@ 0x1000
100007d0:	f001 010c 	and.w	r1, r1, #12
100007d4:	f85d 4b04 	ldr.w	r4, [sp], #4
100007d8:	6019      	str	r1, [r3, #0]
100007da:	4770      	bx	lr
100007dc:	40038004 	.word	0x40038004

100007e0 <gpio_set_input_hysteresis_enabled>:
100007e0:	4b06      	ldr	r3, [pc, #24]	@ (100007fc <gpio_set_input_hysteresis_enabled+0x1c>)
100007e2:	2202      	movs	r2, #2
100007e4:	eb03 0380 	add.w	r3, r3, r0, lsl #2
100007e8:	b119      	cbz	r1, 100007f2 <gpio_set_input_hysteresis_enabled+0x12>
100007ea:	f503 5300 	add.w	r3, r3, #8192	@ 0x2000
100007ee:	601a      	str	r2, [r3, #0]
100007f0:	4770      	bx	lr
100007f2:	f503 5340 	add.w	r3, r3, #12288	@ 0x3000
100007f6:	601a      	str	r2, [r3, #0]
100007f8:	4770      	bx	lr
100007fa:	bf00      	nop
100007fc:	40038004 	.word	0x40038004

10000800 <gpio_set_irq_enabled>:
10000800:	b470      	push	{r4, r5, r6}
10000802:	f04f 4650 	mov.w	r6, #3489660928	@ 0xd0000000
10000806:	4b0f      	ldr	r3, [pc, #60]	@ (10000844 <gpio_set_irq_enabled+0x44>)
10000808:	6836      	ldr	r6, [r6, #0]
1000080a:	4d0f      	ldr	r5, [pc, #60]	@ (10000848 <gpio_set_irq_enabled+0x48>)
1000080c:	f000 0c07 	and.w	ip, r0, #7
10000810:	2e00      	cmp	r6, #0
10000812:	bf18      	it	ne
10000814:	462b      	movne	r3, r5
10000816:	08c0      	lsrs	r0, r0, #3
10000818:	4c0c      	ldr	r4, [pc, #48]	@ (1000084c <gpio_set_irq_enabled+0x4c>)
1000081a:	ea4f 0c8c 	mov.w	ip, ip, lsl #2
1000081e:	fa01 f10c 	lsl.w	r1, r1, ip
10000822:	eb03 0380 	add.w	r3, r3, r0, lsl #2
10000826:	308c      	adds	r0, #140	@ 0x8c
10000828:	f844 1020 	str.w	r1, [r4, r0, lsl #2]
1000082c:	b122      	cbz	r2, 10000838 <gpio_set_irq_enabled+0x38>
1000082e:	bc70      	pop	{r4, r5, r6}
10000830:	f503 5300 	add.w	r3, r3, #8192	@ 0x2000
10000834:	6019      	str	r1, [r3, #0]
10000836:	4770      	bx	lr
10000838:	f503 5340 	add.w	r3, r3, #12288	@ 0x3000
1000083c:	6019      	str	r1, [r3, #0]
1000083e:	bc70      	pop	{r4, r5, r6}
10000840:	4770      	bx	lr
10000842:	bf00      	nop
10000844:	40028248 	.word	0x40028248
10000848:	40028290 	.word	0x40028290
1000084c:	40028000 	.word	0x40028000

10000850 <gpio_add_raw_irq_handler_with_order_priority_masked>:
10000850:	e92d 41f0 	stmdb	sp!, {r4, r5, r6, r7, r8, lr}
10000854:	f04f 4850 	mov.w	r8, #3489660928	@ 0xd0000000
10000858:	4f0d      	ldr	r7, [pc, #52]	@ (10000890 <gpio_add_raw_irq_handler_with_order_priority_masked+0x40>)
1000085a:	f8d8 3000 	ldr.w	r3, [r8]
1000085e:	4616      	mov	r6, r2
10000860:	f857 2023 	ldr.w	r2, [r7, r3, lsl #2]
10000864:	4604      	mov	r4, r0
10000866:	4202      	tst	r2, r0
10000868:	460d      	mov	r5, r1
1000086a:	d109      	bne.n	10000880 <gpio_add_raw_irq_handler_with_order_priority_masked+0x30>
1000086c:	4314      	orrs	r4, r2
1000086e:	4629      	mov	r1, r5
10000870:	4632      	mov	r2, r6
10000872:	f847 4023 	str.w	r4, [r7, r3, lsl #2]
10000876:	2015      	movs	r0, #21
10000878:	e8bd 41f0 	ldmia.w	sp!, {r4, r5, r6, r7, r8, lr}
1000087c:	f000 b9d8 	b.w	10000c30 <irq_add_shared_handler>
10000880:	f001 fa84 	bl	10001d8c <hard_assertion_failure>
10000884:	f8d8 3000 	ldr.w	r3, [r8]
10000888:	f857 2023 	ldr.w	r2, [r7, r3, lsl #2]
1000088c:	e7ee      	b.n	1000086c <gpio_add_raw_irq_handler_with_order_priority_masked+0x1c>
1000088e:	bf00      	nop
10000890:	20002e50 	.word	0x20002e50

10000894 <gpio_remove_raw_irq_handler_masked>:
10000894:	b510      	push	{r4, lr}
10000896:	4604      	mov	r4, r0
10000898:	2015      	movs	r0, #21
1000089a:	f000 fabd 	bl	10000e18 <irq_remove_handler>
1000089e:	f04f 4350 	mov.w	r3, #3489660928	@ 0xd0000000
100008a2:	4a04      	ldr	r2, [pc, #16]	@ (100008b4 <gpio_remove_raw_irq_handler_masked+0x20>)
100008a4:	6819      	ldr	r1, [r3, #0]
100008a6:	f852 3021 	ldr.w	r3, [r2, r1, lsl #2]
100008aa:	ea23 0304 	bic.w	r3, r3, r4
100008ae:	f842 3021 	str.w	r3, [r2, r1, lsl #2]
100008b2:	bd10      	pop	{r4, pc}
100008b4:	20002e50 	.word	0x20002e50

100008b8 <gpio_init>:
100008b8:	b430      	push	{r4, r5}
100008ba:	f04f 0300 	mov.w	r3, #0
100008be:	ec43 0044 	gpioc_bit_oe_put r0, r3
100008c2:	ec43 0040 	gpioc_bit_out_put r0, r3
100008c6:	2505      	movs	r5, #5
100008c8:	f44f 7480 	mov.w	r4, #256	@ 0x100
100008cc:	4b0b      	ldr	r3, [pc, #44]	@ (100008fc <gpio_init+0x44>)
100008ce:	00c2      	lsls	r2, r0, #3
100008d0:	f853 1020 	ldr.w	r1, [r3, r0, lsl #2]
100008d4:	eb03 0080 	add.w	r0, r3, r0, lsl #2
100008d8:	f081 0140 	eor.w	r1, r1, #64	@ 0x40
100008dc:	f102 4380 	add.w	r3, r2, #1073741824	@ 0x40000000
100008e0:	f503 3320 	add.w	r3, r3, #163840	@ 0x28000
100008e4:	f001 02c0 	and.w	r2, r1, #192	@ 0xc0
100008e8:	f500 5180 	add.w	r1, r0, #4096	@ 0x1000
100008ec:	f500 5040 	add.w	r0, r0, #12288	@ 0x3000
100008f0:	600a      	str	r2, [r1, #0]
100008f2:	605d      	str	r5, [r3, #4]
100008f4:	6004      	str	r4, [r0, #0]
100008f6:	bc30      	pop	{r4, r5}
100008f8:	4770      	bx	lr
100008fa:	bf00      	nop
100008fc:	40038004 	.word	0x40038004

10000900 <panic>:
10000900:	b40f      	push	{r0, r1, r2, r3}
10000902:	b500      	push	{lr}
10000904:	b083      	sub	sp, #12
10000906:	9c04      	ldr	r4, [sp, #16]
10000908:	4807      	ldr	r0, [pc, #28]	@ (10000928 <panic+0x28>)
1000090a:	f003 f911 	bl	10003b30 <__wrap_puts>
1000090e:	b13c      	cbz	r4, 10000920 <panic+0x20>
10000910:	a905      	add	r1, sp, #20
10000912:	4620      	mov	r0, r4
10000914:	9101      	str	r1, [sp, #4]
10000916:	f002 ff7d 	bl	10003814 <weak_raw_vprintf>
1000091a:	4804      	ldr	r0, [pc, #16]	@ (1000092c <panic+0x2c>)
1000091c:	f003 f908 	bl	10003b30 <__wrap_puts>
10000920:	2001      	movs	r0, #1
10000922:	f002 ff8f 	bl	10003844 <_exit>
10000926:	bf00      	nop
10000928:	1000a2e8 	.word	0x1000a2e8
1000092c:	1000a2f8 	.word	0x1000a2f8

10000930 <hw_claim_lock>:
10000930:	f3ef 8010 	mrs	r0, PRIMASK
10000934:	b672      	cpsid	i
10000936:	4b06      	ldr	r3, [pc, #24]	@ (10000950 <hw_claim_lock+0x20>)
10000938:	e8d3 1fcf 	ldaexb	r1, [r3]
1000093c:	2201      	movs	r2, #1
1000093e:	2900      	cmp	r1, #0
10000940:	d1fa      	bne.n	10000938 <hw_claim_lock+0x8>
10000942:	e8c3 2f41 	strexb	r1, r2, [r3]
10000946:	2900      	cmp	r1, #0
10000948:	d1f6      	bne.n	10000938 <hw_claim_lock+0x8>
1000094a:	f3bf 8f5f 	dmb	sy
1000094e:	4770      	bx	lr
10000950:	20001c83 	.word	0x20001c83

10000954 <hw_claim_unlock>:
10000954:	2300      	movs	r3, #0
10000956:	4a03      	ldr	r2, [pc, #12]	@ (10000964 <hw_claim_unlock+0x10>)
10000958:	e8c2 3f8f 	stlb	r3, [r2]
1000095c:	f380 8810 	msr	PRIMASK, r0
10000960:	4770      	bx	lr
10000962:	bf00      	nop
10000964:	20001c83 	.word	0x20001c83

10000968 <hw_claim_or_assert>:
10000968:	b570      	push	{r4, r5, r6, lr}
1000096a:	4686      	mov	lr, r0
1000096c:	f3ef 8510 	mrs	r5, PRIMASK
10000970:	b672      	cpsid	i
10000972:	4c12      	ldr	r4, [pc, #72]	@ (100009bc <hw_claim_or_assert+0x54>)
10000974:	e8d4 6fcf 	ldaexb	r6, [r4]
10000978:	2001      	movs	r0, #1
1000097a:	2e00      	cmp	r6, #0
1000097c:	d1fa      	bne.n	10000974 <hw_claim_or_assert+0xc>
1000097e:	e8c4 0f46 	strexb	r6, r0, [r4]
10000982:	2e00      	cmp	r6, #0
10000984:	d1f6      	bne.n	10000974 <hw_claim_or_assert+0xc>
10000986:	f3bf 8f5f 	dmb	sy
1000098a:	f04f 0c01 	mov.w	ip, #1
1000098e:	08c8      	lsrs	r0, r1, #3
10000990:	f001 0307 	and.w	r3, r1, #7
10000994:	fa0c f303 	lsl.w	r3, ip, r3
10000998:	f81e c000 	ldrb.w	ip, [lr, r0]
1000099c:	ea1c 0603 	ands.w	r6, ip, r3
100009a0:	d108      	bne.n	100009b4 <hw_claim_or_assert+0x4c>
100009a2:	ea4c 0c03 	orr.w	ip, ip, r3
100009a6:	f80e c000 	strb.w	ip, [lr, r0]
100009aa:	e8c4 6f8f 	stlb	r6, [r4]
100009ae:	f385 8810 	msr	PRIMASK, r5
100009b2:	bd70      	pop	{r4, r5, r6, pc}
100009b4:	4610      	mov	r0, r2
100009b6:	f7ff ffa3 	bl	10000900 <panic>
100009ba:	bf00      	nop
100009bc:	20001c83 	.word	0x20001c83

100009c0 <hw_claim_unused_from_range>:
100009c0:	b5f8      	push	{r3, r4, r5, r6, r7, lr}
100009c2:	f3ef 8510 	mrs	r5, PRIMASK
100009c6:	b672      	cpsid	i
100009c8:	4c23      	ldr	r4, [pc, #140]	@ (10000a58 <hw_claim_unused_from_range+0x98>)
100009ca:	e8d4 7fcf 	ldaexb	r7, [r4]
100009ce:	2601      	movs	r6, #1
100009d0:	2f00      	cmp	r7, #0
100009d2:	d1fa      	bne.n	100009ca <hw_claim_unused_from_range+0xa>
100009d4:	e8c4 6f47 	strexb	r7, r6, [r4]
100009d8:	2f00      	cmp	r7, #0
100009da:	d1f6      	bne.n	100009ca <hw_claim_unused_from_range+0xa>
100009dc:	f3bf 8f5f 	dmb	sy
100009e0:	429a      	cmp	r2, r3
100009e2:	d827      	bhi.n	10000a34 <hw_claim_unused_from_range+0x74>
100009e4:	2601      	movs	r6, #1
100009e6:	08d7      	lsrs	r7, r2, #3
100009e8:	f810 e007 	ldrb.w	lr, [r0, r7]
100009ec:	f002 0c07 	and.w	ip, r2, #7
100009f0:	fa06 fc0c 	lsl.w	ip, r6, ip
100009f4:	ea1e 0f0c 	tst.w	lr, ip
100009f8:	eb00 07d2 	add.w	r7, r0, r2, lsr #3
100009fc:	d10d      	bne.n	10000a1a <hw_claim_unused_from_range+0x5a>
100009fe:	e025      	b.n	10000a4c <hw_claim_unused_from_range+0x8c>
10000a00:	ea4f 0ed2 	mov.w	lr, r2, lsr #3
10000a04:	f810 e00e 	ldrb.w	lr, [r0, lr]
10000a08:	f002 0c07 	and.w	ip, r2, #7
10000a0c:	fa06 fc0c 	lsl.w	ip, r6, ip
10000a10:	ea1e 0f0c 	tst.w	lr, ip
10000a14:	eb00 07d2 	add.w	r7, r0, r2, lsr #3
10000a18:	d018      	beq.n	10000a4c <hw_claim_unused_from_range+0x8c>
10000a1a:	3201      	adds	r2, #1
10000a1c:	4293      	cmp	r3, r2
10000a1e:	d2ef      	bcs.n	10000a00 <hw_claim_unused_from_range+0x40>
10000a20:	f04f 30ff 	mov.w	r0, #4294967295	@ 0xffffffff
10000a24:	2300      	movs	r3, #0
10000a26:	e8c4 3f8f 	stlb	r3, [r4]
10000a2a:	f385 8810 	msr	PRIMASK, r5
10000a2e:	4298      	cmp	r0, r3
10000a30:	db07      	blt.n	10000a42 <hw_claim_unused_from_range+0x82>
10000a32:	bdf8      	pop	{r3, r4, r5, r6, r7, pc}
10000a34:	2300      	movs	r3, #0
10000a36:	e8c4 3f8f 	stlb	r3, [r4]
10000a3a:	f385 8810 	msr	PRIMASK, r5
10000a3e:	f04f 30ff 	mov.w	r0, #4294967295	@ 0xffffffff
10000a42:	2900      	cmp	r1, #0
10000a44:	d0f5      	beq.n	10000a32 <hw_claim_unused_from_range+0x72>
10000a46:	9806      	ldr	r0, [sp, #24]
10000a48:	f7ff ff5a 	bl	10000900 <panic>
10000a4c:	ea4e 0e0c 	orr.w	lr, lr, ip
10000a50:	4610      	mov	r0, r2
10000a52:	f887 e000 	strb.w	lr, [r7]
10000a56:	e7e5      	b.n	10000a24 <hw_claim_unused_from_range+0x64>
10000a58:	20001c83 	.word	0x20001c83

10000a5c <hw_claim_clear>:
10000a5c:	b500      	push	{lr}
10000a5e:	f3ef 8e10 	mrs	lr, PRIMASK
10000a62:	b672      	cpsid	i
10000a64:	4b10      	ldr	r3, [pc, #64]	@ (10000aa8 <hw_claim_clear+0x4c>)
10000a66:	e8d3 cfcf 	ldaexb	ip, [r3]
10000a6a:	2201      	movs	r2, #1
10000a6c:	f1bc 0f00 	cmp.w	ip, #0
10000a70:	d1f9      	bne.n	10000a66 <hw_claim_clear+0xa>
10000a72:	e8c3 2f4c 	strexb	ip, r2, [r3]
10000a76:	f1bc 0f00 	cmp.w	ip, #0
10000a7a:	d1f4      	bne.n	10000a66 <hw_claim_clear+0xa>
10000a7c:	f3bf 8f5f 	dmb	sy
10000a80:	2201      	movs	r2, #1
10000a82:	ea4f 0cd1 	mov.w	ip, r1, lsr #3
10000a86:	f001 0107 	and.w	r1, r1, #7
10000a8a:	fa02 f101 	lsl.w	r1, r2, r1
10000a8e:	f810 200c 	ldrb.w	r2, [r0, ip]
10000a92:	ea22 0201 	bic.w	r2, r2, r1
10000a96:	f800 200c 	strb.w	r2, [r0, ip]
10000a9a:	2200      	movs	r2, #0
10000a9c:	e8c3 2f8f 	stlb	r2, [r3]
10000aa0:	f38e 8810 	msr	PRIMASK, lr
10000aa4:	f85d fb04 	ldr.w	pc, [sp], #4
10000aa8:	20001c83 	.word	0x20001c83

10000aac <next_striped_spin_lock_num>:
10000aac:	4a04      	ldr	r2, [pc, #16]	@ (10000ac0 <next_striped_spin_lock_num+0x14>)
10000aae:	7810      	ldrb	r0, [r2, #0]
10000ab0:	1c43      	adds	r3, r0, #1
10000ab2:	b2db      	uxtb	r3, r3
10000ab4:	2b18      	cmp	r3, #24
10000ab6:	bf28      	it	cs
10000ab8:	2310      	movcs	r3, #16
10000aba:	7013      	strb	r3, [r2, #0]
10000abc:	4770      	bx	lr
10000abe:	bf00      	nop
10000ac0:	20001420 	.word	0x20001420

10000ac4 <spin_lock_claim_unused>:
10000ac4:	b510      	push	{r4, lr}
10000ac6:	4c05      	ldr	r4, [pc, #20]	@ (10000adc <spin_lock_claim_unused+0x18>)
10000ac8:	b082      	sub	sp, #8
10000aca:	4601      	mov	r1, r0
10000acc:	231f      	movs	r3, #31
10000ace:	2218      	movs	r2, #24
10000ad0:	9400      	str	r4, [sp, #0]
10000ad2:	4803      	ldr	r0, [pc, #12]	@ (10000ae0 <spin_lock_claim_unused+0x1c>)
10000ad4:	f7ff ff74 	bl	100009c0 <hw_claim_unused_from_range>
10000ad8:	b002      	add	sp, #8
10000ada:	bd10      	pop	{r4, pc}
10000adc:	1000a2fc 	.word	0x1000a2fc
10000ae0:	200020cc 	.word	0x200020cc

10000ae4 <spinlock_set_extexclall>:
10000ae4:	f04f 22e0 	mov.w	r2, #3758153728	@ 0xe000e000
10000ae8:	6893      	ldr	r3, [r2, #8]
10000aea:	f043 5300 	orr.w	r3, r3, #536870912	@ 0x20000000
10000aee:	6093      	str	r3, [r2, #8]
10000af0:	4770      	bx	lr
10000af2:	bf00      	nop

10000af4 <spin_locks_reset>:
10000af4:	2100      	movs	r1, #0
10000af6:	4b04      	ldr	r3, [pc, #16]	@ (10000b08 <spin_locks_reset+0x14>)
10000af8:	f103 0220 	add.w	r2, r3, #32
10000afc:	e8c3 1f8f 	stlb	r1, [r3]
10000b00:	3301      	adds	r3, #1
10000b02:	4293      	cmp	r3, r2
10000b04:	d1fa      	bne.n	10000afc <spin_locks_reset+0x8>
10000b06:	4770      	bx	lr
10000b08:	20001c78 	.word	0x20001c78

10000b0c <runtime_init_per_core_irq_priorities>:
10000b0c:	f04f 23e0 	mov.w	r3, #3758153728	@ 0xe000e000
10000b10:	f04f 3280 	mov.w	r2, #2155905152	@ 0x80808080
10000b14:	f8c3 2400 	str.w	r2, [r3, #1024]	@ 0x400
10000b18:	f8c3 2404 	str.w	r2, [r3, #1028]	@ 0x404
10000b1c:	f8c3 2408 	str.w	r2, [r3, #1032]	@ 0x408
10000b20:	f8c3 240c 	str.w	r2, [r3, #1036]	@ 0x40c
10000b24:	f8c3 2410 	str.w	r2, [r3, #1040]	@ 0x410
10000b28:	f8c3 2414 	str.w	r2, [r3, #1044]	@ 0x414
10000b2c:	f8c3 2418 	str.w	r2, [r3, #1048]	@ 0x418
10000b30:	f8c3 241c 	str.w	r2, [r3, #1052]	@ 0x41c
10000b34:	f8c3 2420 	str.w	r2, [r3, #1056]	@ 0x420
10000b38:	f8c3 2424 	str.w	r2, [r3, #1060]	@ 0x424
10000b3c:	f8c3 2428 	str.w	r2, [r3, #1064]	@ 0x428
10000b40:	f8c3 242c 	str.w	r2, [r3, #1068]	@ 0x42c
10000b44:	f8c3 2430 	str.w	r2, [r3, #1072]	@ 0x430
10000b48:	b662      	cpsie	i
10000b4a:	4770      	bx	lr

10000b4c <irq_set_enabled>:
10000b4c:	2301      	movs	r3, #1
10000b4e:	f000 021f 	and.w	r2, r0, #31
10000b52:	4093      	lsls	r3, r2
10000b54:	0940      	lsrs	r0, r0, #5
10000b56:	b141      	cbz	r1, 10000b6a <irq_set_enabled+0x1e>
10000b58:	0080      	lsls	r0, r0, #2
10000b5a:	f100 4060 	add.w	r0, r0, #3758096384	@ 0xe0000000
10000b5e:	f500 4061 	add.w	r0, r0, #57600	@ 0xe100
10000b62:	f8c0 3180 	str.w	r3, [r0, #384]	@ 0x180
10000b66:	6003      	str	r3, [r0, #0]
10000b68:	4770      	bx	lr
10000b6a:	4a02      	ldr	r2, [pc, #8]	@ (10000b74 <irq_set_enabled+0x28>)
10000b6c:	3020      	adds	r0, #32
10000b6e:	f842 3020 	str.w	r3, [r2, r0, lsl #2]
10000b72:	4770      	bx	lr
10000b74:	e000e100 	.word	0xe000e100

10000b78 <irq_is_enabled>:
10000b78:	2301      	movs	r3, #1
10000b7a:	4a06      	ldr	r2, [pc, #24]	@ (10000b94 <irq_is_enabled+0x1c>)
10000b7c:	0941      	lsrs	r1, r0, #5
10000b7e:	f852 2021 	ldr.w	r2, [r2, r1, lsl #2]
10000b82:	f000 001f 	and.w	r0, r0, #31
10000b86:	4083      	lsls	r3, r0
10000b88:	4213      	tst	r3, r2
10000b8a:	bf14      	ite	ne
10000b8c:	2001      	movne	r0, #1
10000b8e:	2000      	moveq	r0, #0
10000b90:	4770      	bx	lr
10000b92:	bf00      	nop
10000b94:	e000e100 	.word	0xe000e100

10000b98 <irq_set_pending>:
10000b98:	2201      	movs	r2, #1
10000b9a:	0943      	lsrs	r3, r0, #5
10000b9c:	4903      	ldr	r1, [pc, #12]	@ (10000bac <irq_set_pending+0x14>)
10000b9e:	f000 001f 	and.w	r0, r0, #31
10000ba2:	4082      	lsls	r2, r0
10000ba4:	3340      	adds	r3, #64	@ 0x40
10000ba6:	f841 2023 	str.w	r2, [r1, r3, lsl #2]
10000baa:	4770      	bx	lr
10000bac:	e000e100 	.word	0xe000e100

10000bb0 <irq_has_shared_handler>:
10000bb0:	4a05      	ldr	r2, [pc, #20]	@ (10000bc8 <irq_has_shared_handler+0x18>)
10000bb2:	3010      	adds	r0, #16
10000bb4:	6892      	ldr	r2, [r2, #8]
10000bb6:	4b05      	ldr	r3, [pc, #20]	@ (10000bcc <irq_has_shared_handler+0x1c>)
10000bb8:	f852 0020 	ldr.w	r0, [r2, r0, lsl #2]
10000bbc:	1ac0      	subs	r0, r0, r3
10000bbe:	282f      	cmp	r0, #47	@ 0x2f
10000bc0:	bf8c      	ite	hi
10000bc2:	2000      	movhi	r0, #0
10000bc4:	2001      	movls	r0, #1
10000bc6:	4770      	bx	lr
10000bc8:	e000ed00 	.word	0xe000ed00
10000bcc:	20001424 	.word	0x20001424

10000bd0 <irq_set_exclusive_handler>:
10000bd0:	b5f8      	push	{r3, r4, r5, r6, r7, lr}
10000bd2:	460d      	mov	r5, r1
10000bd4:	f3ef 8710 	mrs	r7, PRIMASK
10000bd8:	b672      	cpsid	i
10000bda:	4e12      	ldr	r6, [pc, #72]	@ (10000c24 <irq_set_exclusive_handler+0x54>)
10000bdc:	e8d6 2fcf 	ldaexb	r2, [r6]
10000be0:	2301      	movs	r3, #1
10000be2:	2a00      	cmp	r2, #0
10000be4:	d1fa      	bne.n	10000bdc <irq_set_exclusive_handler+0xc>
10000be6:	e8c6 3f42 	strexb	r2, r3, [r6]
10000bea:	2a00      	cmp	r2, #0
10000bec:	d1f6      	bne.n	10000bdc <irq_set_exclusive_handler+0xc>
10000bee:	f3bf 8f5f 	dmb	sy
10000bf2:	4b0d      	ldr	r3, [pc, #52]	@ (10000c28 <irq_set_exclusive_handler+0x58>)
10000bf4:	f100 0410 	add.w	r4, r0, #16
10000bf8:	689b      	ldr	r3, [r3, #8]
10000bfa:	4a0c      	ldr	r2, [pc, #48]	@ (10000c2c <irq_set_exclusive_handler+0x5c>)
10000bfc:	f853 3024 	ldr.w	r3, [r3, r4, lsl #2]
10000c00:	4293      	cmp	r3, r2
10000c02:	d003      	beq.n	10000c0c <irq_set_exclusive_handler+0x3c>
10000c04:	4299      	cmp	r1, r3
10000c06:	d001      	beq.n	10000c0c <irq_set_exclusive_handler+0x3c>
10000c08:	f001 f8c0 	bl	10001d8c <hard_assertion_failure>
10000c0c:	4b06      	ldr	r3, [pc, #24]	@ (10000c28 <irq_set_exclusive_handler+0x58>)
10000c0e:	689b      	ldr	r3, [r3, #8]
10000c10:	f843 5024 	str.w	r5, [r3, r4, lsl #2]
10000c14:	f3bf 8f5f 	dmb	sy
10000c18:	2300      	movs	r3, #0
10000c1a:	e8c6 3f8f 	stlb	r3, [r6]
10000c1e:	f387 8810 	msr	PRIMASK, r7
10000c22:	bdf8      	pop	{r3, r4, r5, r6, r7, pc}
10000c24:	20001c81 	.word	0x20001c81
10000c28:	e000ed00 	.word	0xe000ed00
10000c2c:	10000111 	.word	0x10000111

10000c30 <irq_add_shared_handler>:
10000c30:	e92d 4ff0 	stmdb	sp!, {r4, r5, r6, r7, r8, r9, sl, fp, lr}
10000c34:	4681      	mov	r9, r0
10000c36:	468b      	mov	fp, r1
10000c38:	4616      	mov	r6, r2
10000c3a:	b083      	sub	sp, #12
10000c3c:	f3ef 8310 	mrs	r3, PRIMASK
10000c40:	b672      	cpsid	i
10000c42:	f8df a1d0 	ldr.w	sl, [pc, #464]	@ 10000e14 <irq_add_shared_handler+0x1e4>
10000c46:	9300      	str	r3, [sp, #0]
10000c48:	e8da 1fcf 	ldaexb	r1, [sl]
10000c4c:	2301      	movs	r3, #1
10000c4e:	2900      	cmp	r1, #0
10000c50:	d1fa      	bne.n	10000c48 <irq_add_shared_handler+0x18>
10000c52:	e8ca 3f41 	strexb	r1, r3, [sl]
10000c56:	2900      	cmp	r1, #0
10000c58:	d1f6      	bne.n	10000c48 <irq_add_shared_handler+0x18>
10000c5a:	f3bf 8f5f 	dmb	sy
10000c5e:	4b66      	ldr	r3, [pc, #408]	@ (10000df8 <irq_add_shared_handler+0x1c8>)
10000c60:	f993 4000 	ldrsb.w	r4, [r3]
10000c64:	2c00      	cmp	r4, #0
10000c66:	f2c0 80a0 	blt.w	10000daa <irq_add_shared_handler+0x17a>
10000c6a:	4d64      	ldr	r5, [pc, #400]	@ (10000dfc <irq_add_shared_handler+0x1cc>)
10000c6c:	eb04 0744 	add.w	r7, r4, r4, lsl #1
10000c70:	eb05 0887 	add.w	r8, r5, r7, lsl #2
10000c74:	f898 1006 	ldrb.w	r1, [r8, #6]
10000c78:	f109 0910 	add.w	r9, r9, #16
10000c7c:	7019      	strb	r1, [r3, #0]
10000c7e:	4b60      	ldr	r3, [pc, #384]	@ (10000e00 <irq_add_shared_handler+0x1d0>)
10000c80:	00bf      	lsls	r7, r7, #2
10000c82:	689b      	ldr	r3, [r3, #8]
10000c84:	f853 0029 	ldr.w	r0, [r3, r9, lsl #2]
10000c88:	0063      	lsls	r3, r4, #1
10000c8a:	1b41      	subs	r1, r0, r5
10000c8c:	292f      	cmp	r1, #47	@ 0x2f
10000c8e:	d92f      	bls.n	10000cf0 <irq_add_shared_handler+0xc0>
10000c90:	495c      	ldr	r1, [pc, #368]	@ (10000e04 <irq_add_shared_handler+0x1d4>)
10000c92:	4288      	cmp	r0, r1
10000c94:	f040 80a4 	bne.w	10000de0 <irq_add_shared_handler+0x1b0>
10000c98:	441c      	add	r4, r3
10000c9a:	4b5b      	ldr	r3, [pc, #364]	@ (10000e08 <irq_add_shared_handler+0x1d8>)
10000c9c:	3702      	adds	r7, #2
10000c9e:	442f      	add	r7, r5
10000ca0:	3b04      	subs	r3, #4
10000ca2:	1bdb      	subs	r3, r3, r7
10000ca4:	f3c3 034a 	ubfx	r3, r3, #1, #11
10000ca8:	ea6f 43c3 	mvn.w	r3, r3, lsl #19
10000cac:	f44f 4121 	mov.w	r1, #41216	@ 0xa100
10000cb0:	ea6f 43d3 	mvn.w	r3, r3, lsr #19
10000cb4:	f825 1024 	strh.w	r1, [r5, r4, lsl #2]
10000cb8:	eb05 0484 	add.w	r4, r5, r4, lsl #2
10000cbc:	8063      	strh	r3, [r4, #2]
10000cbe:	f64b 5301 	movw	r3, #48385	@ 0xbd01
10000cc2:	80a3      	strh	r3, [r4, #4]
10000cc4:	23ff      	movs	r3, #255	@ 0xff
10000cc6:	f048 0001 	orr.w	r0, r8, #1
10000cca:	71e6      	strb	r6, [r4, #7]
10000ccc:	f8c4 b008 	str.w	fp, [r4, #8]
10000cd0:	71a3      	strb	r3, [r4, #6]
10000cd2:	4b4b      	ldr	r3, [pc, #300]	@ (10000e00 <irq_add_shared_handler+0x1d0>)
10000cd4:	689b      	ldr	r3, [r3, #8]
10000cd6:	f843 0029 	str.w	r0, [r3, r9, lsl #2]
10000cda:	f3bf 8f5f 	dmb	sy
10000cde:	2300      	movs	r3, #0
10000ce0:	e8ca 3f8f 	stlb	r3, [sl]
10000ce4:	9b00      	ldr	r3, [sp, #0]
10000ce6:	f383 8810 	msr	PRIMASK, r3
10000cea:	b003      	add	sp, #12
10000cec:	e8bd 8ff0 	ldmia.w	sp!, {r4, r5, r6, r7, r8, r9, sl, fp, pc}
10000cf0:	f020 0e01 	bic.w	lr, r0, #1
10000cf4:	f89e 1007 	ldrb.w	r1, [lr, #7]
10000cf8:	42b1      	cmp	r1, r6
10000cfa:	d82e      	bhi.n	10000d5a <irq_add_shared_handler+0x12a>
10000cfc:	f44f 4321 	mov.w	r3, #41216	@ 0xa100
10000d00:	53eb      	strh	r3, [r5, r7]
10000d02:	4b41      	ldr	r3, [pc, #260]	@ (10000e08 <irq_add_shared_handler+0x1d8>)
10000d04:	1cb9      	adds	r1, r7, #2
10000d06:	4429      	add	r1, r5
10000d08:	3b04      	subs	r3, #4
10000d0a:	3704      	adds	r7, #4
10000d0c:	1a5b      	subs	r3, r3, r1
10000d0e:	442f      	add	r7, r5
10000d10:	f1ae 0104 	sub.w	r1, lr, #4
10000d14:	4c3d      	ldr	r4, [pc, #244]	@ (10000e0c <irq_add_shared_handler+0x1dc>)
10000d16:	1bc9      	subs	r1, r1, r7
10000d18:	f3c1 014a 	ubfx	r1, r1, #1, #11
10000d1c:	4321      	orrs	r1, r4
10000d1e:	f8a8 1004 	strh.w	r1, [r8, #4]
10000d22:	f3c3 034a 	ubfx	r3, r3, #1, #11
10000d26:	493a      	ldr	r1, [pc, #232]	@ (10000e10 <irq_add_shared_handler+0x1e0>)
10000d28:	4323      	orrs	r3, r4
10000d2a:	f8a8 3002 	strh.w	r3, [r8, #2]
10000d2e:	f64a 20aa 	movw	r0, #43690	@ 0xaaaa
10000d32:	4673      	mov	r3, lr
10000d34:	1b5b      	subs	r3, r3, r5
10000d36:	415b      	adcs	r3, r3
10000d38:	4358      	muls	r0, r3
10000d3a:	0d00      	lsrs	r0, r0, #20
10000d3c:	f888 6007 	strb.w	r6, [r8, #7]
10000d40:	f888 0006 	strb.w	r0, [r8, #6]
10000d44:	f8c8 b008 	str.w	fp, [r8, #8]
10000d48:	f048 0001 	orr.w	r0, r8, #1
10000d4c:	f8ce 1000 	str.w	r1, [lr]
10000d50:	e7bf      	b.n	10000cd2 <irq_add_shared_handler+0xa2>
10000d52:	79d1      	ldrb	r1, [r2, #7]
10000d54:	42b1      	cmp	r1, r6
10000d56:	d92e      	bls.n	10000db6 <irq_add_shared_handler+0x186>
10000d58:	4696      	mov	lr, r2
10000d5a:	f99e c006 	ldrsb.w	ip, [lr, #6]
10000d5e:	eb0c 024c 	add.w	r2, ip, ip, lsl #1
10000d62:	f1bc 0f00 	cmp.w	ip, #0
10000d66:	eb05 0282 	add.w	r2, r5, r2, lsl #2
10000d6a:	daf2      	bge.n	10000d52 <irq_add_shared_handler+0x122>
10000d6c:	f64b 5101 	movw	r1, #48385	@ 0xbd01
10000d70:	f10e 0204 	add.w	r2, lr, #4
10000d74:	f1a8 0704 	sub.w	r7, r8, #4
10000d78:	1abf      	subs	r7, r7, r2
10000d7a:	f3c7 074a 	ubfx	r7, r7, #1, #11
10000d7e:	ea6f 47c7 	mvn.w	r7, r7, lsl #19
10000d82:	ea6f 47d7 	mvn.w	r7, r7, lsr #19
10000d86:	f88e 4006 	strb.w	r4, [lr, #6]
10000d8a:	eb03 0804 	add.w	r8, r3, r4
10000d8e:	4c20      	ldr	r4, [pc, #128]	@ (10000e10 <irq_add_shared_handler+0x1e0>)
10000d90:	eb05 0388 	add.w	r3, r5, r8, lsl #2
10000d94:	f8ae 7004 	strh.w	r7, [lr, #4]
10000d98:	f845 4028 	str.w	r4, [r5, r8, lsl #2]
10000d9c:	8099      	strh	r1, [r3, #4]
10000d9e:	f883 c006 	strb.w	ip, [r3, #6]
10000da2:	71de      	strb	r6, [r3, #7]
10000da4:	f8c3 b008 	str.w	fp, [r3, #8]
10000da8:	e793      	b.n	10000cd2 <irq_add_shared_handler+0xa2>
10000daa:	f000 ffef 	bl	10001d8c <hard_assertion_failure>
10000dae:	4b12      	ldr	r3, [pc, #72]	@ (10000df8 <irq_add_shared_handler+0x1c8>)
10000db0:	f993 4000 	ldrsb.w	r4, [r3]
10000db4:	e759      	b.n	10000c6a <irq_add_shared_handler+0x3a>
10000db6:	4672      	mov	r2, lr
10000db8:	f832 1f04 	ldrh.w	r1, [r2, #4]!
10000dbc:	0549      	lsls	r1, r1, #21
10000dbe:	d414      	bmi.n	10000dea <irq_add_shared_handler+0x1ba>
10000dc0:	1549      	asrs	r1, r1, #21
10000dc2:	3102      	adds	r1, #2
10000dc4:	eb02 0141 	add.w	r1, r2, r1, lsl #1
10000dc8:	9101      	str	r1, [sp, #4]
10000dca:	f06f 0107 	mvn.w	r1, #7
10000dce:	1bc9      	subs	r1, r1, r7
10000dd0:	9f01      	ldr	r7, [sp, #4]
10000dd2:	1b49      	subs	r1, r1, r5
10000dd4:	4439      	add	r1, r7
10000dd6:	f3c1 014a 	ubfx	r1, r1, #1, #11
10000dda:	f441 4160 	orr.w	r1, r1, #57344	@ 0xe000
10000dde:	e7c9      	b.n	10000d74 <irq_add_shared_handler+0x144>
10000de0:	9301      	str	r3, [sp, #4]
10000de2:	f000 ffd3 	bl	10001d8c <hard_assertion_failure>
10000de6:	9b01      	ldr	r3, [sp, #4]
10000de8:	e756      	b.n	10000c98 <irq_add_shared_handler+0x68>
10000dea:	f501 11ff 	add.w	r1, r1, #2088960	@ 0x1fe000
10000dee:	f501 51ff 	add.w	r1, r1, #8160	@ 0x1fe0
10000df2:	311f      	adds	r1, #31
10000df4:	e7e4      	b.n	10000dc0 <irq_add_shared_handler+0x190>
10000df6:	bf00      	nop
10000df8:	20002e85 	.word	0x20002e85
10000dfc:	20001424 	.word	0x20001424
10000e00:	e000ed00 	.word	0xe000ed00
10000e04:	10000111 	.word	0x10000111
10000e08:	20001454 	.word	0x20001454
10000e0c:	ffffe000 	.word	0xffffe000
10000e10:	47804801 	.word	0x47804801
10000e14:	20001c81 	.word	0x20001c81

10000e18 <irq_remove_handler>:
10000e18:	e92d 4ff0 	stmdb	sp!, {r4, r5, r6, r7, r8, r9, sl, fp, lr}
10000e1c:	b083      	sub	sp, #12
10000e1e:	f3ef 8a10 	mrs	sl, PRIMASK
10000e22:	b672      	cpsid	i
10000e24:	4e74      	ldr	r6, [pc, #464]	@ (10000ff8 <irq_remove_handler+0x1e0>)
10000e26:	e8d6 2fcf 	ldaexb	r2, [r6]
10000e2a:	2301      	movs	r3, #1
10000e2c:	2a00      	cmp	r2, #0
10000e2e:	d1fa      	bne.n	10000e26 <irq_remove_handler+0xe>
10000e30:	e8c6 3f42 	strexb	r2, r3, [r6]
10000e34:	2a00      	cmp	r2, #0
10000e36:	d1f6      	bne.n	10000e26 <irq_remove_handler+0xe>
10000e38:	f3bf 8f5f 	dmb	sy
10000e3c:	4b6f      	ldr	r3, [pc, #444]	@ (10000ffc <irq_remove_handler+0x1e4>)
10000e3e:	f100 0810 	add.w	r8, r0, #16
10000e42:	689b      	ldr	r3, [r3, #8]
10000e44:	4a6e      	ldr	r2, [pc, #440]	@ (10001000 <irq_remove_handler+0x1e8>)
10000e46:	f853 5028 	ldr.w	r5, [r3, r8, lsl #2]
10000e4a:	4295      	cmp	r5, r2
10000e4c:	d03f      	beq.n	10000ece <irq_remove_handler+0xb6>
10000e4e:	428d      	cmp	r5, r1
10000e50:	460c      	mov	r4, r1
10000e52:	d04a      	beq.n	10000eea <irq_remove_handler+0xd2>
10000e54:	4f6b      	ldr	r7, [pc, #428]	@ (10001004 <irq_remove_handler+0x1ec>)
10000e56:	1beb      	subs	r3, r5, r7
10000e58:	2b2f      	cmp	r3, #47	@ 0x2f
10000e5a:	d838      	bhi.n	10000ece <irq_remove_handler+0xb6>
10000e5c:	2101      	movs	r1, #1
10000e5e:	ea4f 1950 	mov.w	r9, r0, lsr #5
10000e62:	ea4f 0989 	mov.w	r9, r9, lsl #2
10000e66:	f109 4960 	add.w	r9, r9, #3758096384	@ 0xe0000000
10000e6a:	f509 4961 	add.w	r9, r9, #57600	@ 0xe100
10000e6e:	f000 031f 	and.w	r3, r0, #31
10000e72:	fa01 f003 	lsl.w	r0, r1, r3
10000e76:	f8d9 3000 	ldr.w	r3, [r9]
10000e7a:	f8c9 0080 	str.w	r0, [r9, #128]	@ 0x80
10000e7e:	ea00 0b03 	and.w	fp, r0, r3
10000e82:	f3bf 8f5f 	dmb	sy
10000e86:	f3ef 8105 	mrs	r1, IPSR
10000e8a:	b2c9      	uxtb	r1, r1
10000e8c:	b379      	cbz	r1, 10000eee <irq_remove_handler+0xd6>
10000e8e:	4588      	cmp	r8, r1
10000e90:	d177      	bne.n	10000f82 <irq_remove_handler+0x16a>
10000e92:	f025 0e01 	bic.w	lr, r5, #1
10000e96:	f8de c008 	ldr.w	ip, [lr, #8]
10000e9a:	4564      	cmp	r4, ip
10000e9c:	d105      	bne.n	10000eaa <irq_remove_handler+0x92>
10000e9e:	e07c      	b.n	10000f9a <irq_remove_handler+0x182>
10000ea0:	f8d3 c008 	ldr.w	ip, [r3, #8]
10000ea4:	4564      	cmp	r4, ip
10000ea6:	d032      	beq.n	10000f0e <irq_remove_handler+0xf6>
10000ea8:	469e      	mov	lr, r3
10000eaa:	f99e 2006 	ldrsb.w	r2, [lr, #6]
10000eae:	eb02 0342 	add.w	r3, r2, r2, lsl #1
10000eb2:	2a00      	cmp	r2, #0
10000eb4:	eb07 0383 	add.w	r3, r7, r3, lsl #2
10000eb8:	daf2      	bge.n	10000ea0 <irq_remove_handler+0x88>
10000eba:	4564      	cmp	r4, ip
10000ebc:	f000 8081 	beq.w	10000fc2 <irq_remove_handler+0x1aa>
10000ec0:	f1bb 0f00 	cmp.w	fp, #0
10000ec4:	d020      	beq.n	10000f08 <irq_remove_handler+0xf0>
10000ec6:	f8c9 0180 	str.w	r0, [r9, #384]	@ 0x180
10000eca:	f8c9 0000 	str.w	r0, [r9]
10000ece:	4b4b      	ldr	r3, [pc, #300]	@ (10000ffc <irq_remove_handler+0x1e4>)
10000ed0:	689b      	ldr	r3, [r3, #8]
10000ed2:	f843 5028 	str.w	r5, [r3, r8, lsl #2]
10000ed6:	f3bf 8f5f 	dmb	sy
10000eda:	2300      	movs	r3, #0
10000edc:	e8c6 3f8f 	stlb	r3, [r6]
10000ee0:	f38a 8810 	msr	PRIMASK, sl
10000ee4:	b003      	add	sp, #12
10000ee6:	e8bd 8ff0 	ldmia.w	sp!, {r4, r5, r6, r7, r8, r9, sl, fp, pc}
10000eea:	4615      	mov	r5, r2
10000eec:	e7ef      	b.n	10000ece <irq_remove_handler+0xb6>
10000eee:	f025 0e01 	bic.w	lr, r5, #1
10000ef2:	f8de c008 	ldr.w	ip, [lr, #8]
10000ef6:	4564      	cmp	r4, ip
10000ef8:	d1d7      	bne.n	10000eaa <irq_remove_handler+0x92>
10000efa:	f99e 4006 	ldrsb.w	r4, [lr, #6]
10000efe:	4673      	mov	r3, lr
10000f00:	2c00      	cmp	r4, #0
10000f02:	da08      	bge.n	10000f16 <irq_remove_handler+0xfe>
10000f04:	4615      	mov	r5, r2
10000f06:	e066      	b.n	10000fd6 <irq_remove_handler+0x1be>
10000f08:	f8c9 0080 	str.w	r0, [r9, #128]	@ 0x80
10000f0c:	e7df      	b.n	10000ece <irq_remove_handler+0xb6>
10000f0e:	f993 4006 	ldrsb.w	r4, [r3, #6]
10000f12:	2c00      	cmp	r4, #0
10000f14:	db56      	blt.n	10000fc4 <irq_remove_handler+0x1ac>
10000f16:	eb04 0c44 	add.w	ip, r4, r4, lsl #1
10000f1a:	eb07 0c8c 	add.w	ip, r7, ip, lsl #2
10000f1e:	f8dc 2008 	ldr.w	r2, [ip, #8]
10000f22:	0061      	lsls	r1, r4, #1
10000f24:	609a      	str	r2, [r3, #8]
10000f26:	f89c 2007 	ldrb.w	r2, [ip, #7]
10000f2a:	71da      	strb	r2, [r3, #7]
10000f2c:	f99c 2006 	ldrsb.w	r2, [ip, #6]
10000f30:	2a00      	cmp	r2, #0
10000f32:	719a      	strb	r2, [r3, #6]
10000f34:	db5d      	blt.n	10000ff2 <irq_remove_handler+0x1da>
10000f36:	f8bc 2004 	ldrh.w	r2, [ip, #4]
10000f3a:	0552      	lsls	r2, r2, #21
10000f3c:	d504      	bpl.n	10000f48 <irq_remove_handler+0x130>
10000f3e:	f502 12ff 	add.w	r2, r2, #2088960	@ 0x1fe000
10000f42:	f502 52ff 	add.w	r2, r2, #8160	@ 0x1fe0
10000f46:	321f      	adds	r2, #31
10000f48:	1552      	asrs	r2, r2, #21
10000f4a:	f102 0c02 	add.w	ip, r2, #2
10000f4e:	f04f 0e04 	mov.w	lr, #4
10000f52:	220c      	movs	r2, #12
10000f54:	fb12 e204 	smlabb	r2, r2, r4, lr
10000f58:	eb02 024c 	add.w	r2, r2, ip, lsl #1
10000f5c:	f06f 0c07 	mvn.w	ip, #7
10000f60:	443a      	add	r2, r7
10000f62:	ebac 0c03 	sub.w	ip, ip, r3
10000f66:	4462      	add	r2, ip
10000f68:	f3c2 024a 	ubfx	r2, r2, #1, #11
10000f6c:	f442 4260 	orr.w	r2, r2, #57344	@ 0xe000
10000f70:	809a      	strh	r2, [r3, #4]
10000f72:	4b25      	ldr	r3, [pc, #148]	@ (10001008 <irq_remove_handler+0x1f0>)
10000f74:	4421      	add	r1, r4
10000f76:	781a      	ldrb	r2, [r3, #0]
10000f78:	eb07 0181 	add.w	r1, r7, r1, lsl #2
10000f7c:	701c      	strb	r4, [r3, #0]
10000f7e:	718a      	strb	r2, [r1, #6]
10000f80:	e79e      	b.n	10000ec0 <irq_remove_handler+0xa8>
10000f82:	e9cd 0100 	strd	r0, r1, [sp]
10000f86:	f000 ff01 	bl	10001d8c <hard_assertion_failure>
10000f8a:	e9dd 0100 	ldrd	r0, r1, [sp]
10000f8e:	f025 0e01 	bic.w	lr, r5, #1
10000f92:	f8de c008 	ldr.w	ip, [lr, #8]
10000f96:	4564      	cmp	r4, ip
10000f98:	d187      	bne.n	10000eaa <irq_remove_handler+0x92>
10000f9a:	f99e 4006 	ldrsb.w	r4, [lr, #6]
10000f9e:	4673      	mov	r3, lr
10000fa0:	2c00      	cmp	r4, #0
10000fa2:	dab8      	bge.n	10000f16 <irq_remove_handler+0xfe>
10000fa4:	4a19      	ldr	r2, [pc, #100]	@ (1000100c <irq_remove_handler+0x1f4>)
10000fa6:	4c1a      	ldr	r4, [pc, #104]	@ (10001010 <irq_remove_handler+0x1f8>)
10000fa8:	1ad2      	subs	r2, r2, r3
10000faa:	3a08      	subs	r2, #8
10000fac:	f3c2 310a 	ubfx	r1, r2, #12, #11
10000fb0:	ea6f 5101 	mvn.w	r1, r1, lsl #20
10000fb4:	ea6f 5111 	mvn.w	r1, r1, lsr #20
10000fb8:	ea44 0252 	orr.w	r2, r4, r2, lsr #1
10000fbc:	80da      	strh	r2, [r3, #6]
10000fbe:	8099      	strh	r1, [r3, #4]
10000fc0:	e77e      	b.n	10000ec0 <irq_remove_handler+0xa8>
10000fc2:	4673      	mov	r3, lr
10000fc4:	2900      	cmp	r1, #0
10000fc6:	d1ed      	bne.n	10000fa4 <irq_remove_handler+0x18c>
10000fc8:	22ff      	movs	r2, #255	@ 0xff
10000fca:	f88e 2006 	strb.w	r2, [lr, #6]
10000fce:	f64b 5201 	movw	r2, #48385	@ 0xbd01
10000fd2:	f8ae 2004 	strh.w	r2, [lr, #4]
10000fd6:	4c0c      	ldr	r4, [pc, #48]	@ (10001008 <irq_remove_handler+0x1f0>)
10000fd8:	f64a 22aa 	movw	r2, #43690	@ 0xaaaa
10000fdc:	f894 c000 	ldrb.w	ip, [r4]
10000fe0:	4619      	mov	r1, r3
10000fe2:	1bc9      	subs	r1, r1, r7
10000fe4:	4149      	adcs	r1, r1
10000fe6:	434a      	muls	r2, r1
10000fe8:	0d12      	lsrs	r2, r2, #20
10000fea:	f883 c006 	strb.w	ip, [r3, #6]
10000fee:	7022      	strb	r2, [r4, #0]
10000ff0:	e766      	b.n	10000ec0 <irq_remove_handler+0xa8>
10000ff2:	f64b 5201 	movw	r2, #48385	@ 0xbd01
10000ff6:	e7bb      	b.n	10000f70 <irq_remove_handler+0x158>
10000ff8:	20001c81 	.word	0x20001c81
10000ffc:	e000ed00 	.word	0xe000ed00
10001000:	10000111 	.word	0x10000111
10001004:	20001424 	.word	0x20001424
10001008:	20002e85 	.word	0x20002e85
1000100c:	2000145e 	.word	0x2000145e
10001010:	fffff800 	.word	0xfffff800

10001014 <irq_set_priority>:
10001014:	f04f 0cff 	mov.w	ip, #255	@ 0xff
10001018:	f020 0303 	bic.w	r3, r0, #3
1000101c:	f103 4360 	add.w	r3, r3, #3758096384	@ 0xe0000000
10001020:	f503 4364 	add.w	r3, r3, #58368	@ 0xe400
10001024:	f000 0003 	and.w	r0, r0, #3
10001028:	681a      	ldr	r2, [r3, #0]
1000102a:	00c0      	lsls	r0, r0, #3
1000102c:	fa0c fc00 	lsl.w	ip, ip, r0
10001030:	ea22 020c 	bic.w	r2, r2, ip
10001034:	4081      	lsls	r1, r0
10001036:	430a      	orrs	r2, r1
10001038:	601a      	str	r2, [r3, #0]
1000103a:	4770      	bx	lr

1000103c <irq_add_tail_to_free_list>:
1000103c:	b5f0      	push	{r4, r5, r6, r7, lr}
1000103e:	f3ef 8505 	mrs	r5, IPSR
10001042:	b2ed      	uxtb	r5, r5
10001044:	f3ef 8c10 	mrs	ip, PRIMASK
10001048:	b672      	cpsid	i
1000104a:	4926      	ldr	r1, [pc, #152]	@ (100010e4 <irq_add_tail_to_free_list+0xa8>)
1000104c:	e8d1 2fcf 	ldaexb	r2, [r1]
10001050:	2301      	movs	r3, #1
10001052:	2a00      	cmp	r2, #0
10001054:	d1fa      	bne.n	1000104c <irq_add_tail_to_free_list+0x10>
10001056:	e8c1 3f42 	strexb	r2, r3, [r1]
1000105a:	2a00      	cmp	r2, #0
1000105c:	d1f6      	bne.n	1000104c <irq_add_tail_to_free_list+0x10>
1000105e:	f3bf 8f5f 	dmb	sy
10001062:	4e21      	ldr	r6, [pc, #132]	@ (100010e8 <irq_add_tail_to_free_list+0xac>)
10001064:	f040 0e01 	orr.w	lr, r0, #1
10001068:	68b4      	ldr	r4, [r6, #8]
1000106a:	f64a 23aa 	movw	r3, #43690	@ 0xaaaa
1000106e:	f854 7025 	ldr.w	r7, [r4, r5, lsl #2]
10001072:	4a1e      	ldr	r2, [pc, #120]	@ (100010ec <irq_add_tail_to_free_list+0xb0>)
10001074:	4604      	mov	r4, r0
10001076:	1aa4      	subs	r4, r4, r2
10001078:	4164      	adcs	r4, r4
1000107a:	4363      	muls	r3, r4
1000107c:	0d1b      	lsrs	r3, r3, #20
1000107e:	4577      	cmp	r7, lr
10001080:	b25b      	sxtb	r3, r3
10001082:	d01b      	beq.n	100010bc <irq_add_tail_to_free_list+0x80>
10001084:	f992 4006 	ldrsb.w	r4, [r2, #6]
10001088:	429c      	cmp	r4, r3
1000108a:	d01c      	beq.n	100010c6 <irq_add_tail_to_free_list+0x8a>
1000108c:	f992 4012 	ldrsb.w	r4, [r2, #18]
10001090:	429c      	cmp	r4, r3
10001092:	d023      	beq.n	100010dc <irq_add_tail_to_free_list+0xa0>
10001094:	f992 401e 	ldrsb.w	r4, [r2, #30]
10001098:	429c      	cmp	r4, r3
1000109a:	d021      	beq.n	100010e0 <irq_add_tail_to_free_list+0xa4>
1000109c:	f992 402a 	ldrsb.w	r4, [r2, #42]	@ 0x2a
100010a0:	429c      	cmp	r4, r3
100010a2:	bf08      	it	eq
100010a4:	2403      	moveq	r4, #3
100010a6:	d00f      	beq.n	100010c8 <irq_add_tail_to_free_list+0x8c>
100010a8:	4a11      	ldr	r2, [pc, #68]	@ (100010f0 <irq_add_tail_to_free_list+0xb4>)
100010aa:	2400      	movs	r4, #0
100010ac:	7815      	ldrb	r5, [r2, #0]
100010ae:	7013      	strb	r3, [r2, #0]
100010b0:	7185      	strb	r5, [r0, #6]
100010b2:	e8c1 4f8f 	stlb	r4, [r1]
100010b6:	f38c 8810 	msr	PRIMASK, ip
100010ba:	bdf0      	pop	{r4, r5, r6, r7, pc}
100010bc:	68b2      	ldr	r2, [r6, #8]
100010be:	4c0d      	ldr	r4, [pc, #52]	@ (100010f4 <irq_add_tail_to_free_list+0xb8>)
100010c0:	f842 4025 	str.w	r4, [r2, r5, lsl #2]
100010c4:	e7f0      	b.n	100010a8 <irq_add_tail_to_free_list+0x6c>
100010c6:	2400      	movs	r4, #0
100010c8:	eb04 0444 	add.w	r4, r4, r4, lsl #1
100010cc:	eb02 0284 	add.w	r2, r2, r4, lsl #2
100010d0:	24ff      	movs	r4, #255	@ 0xff
100010d2:	7194      	strb	r4, [r2, #6]
100010d4:	f64b 5401 	movw	r4, #48385	@ 0xbd01
100010d8:	8094      	strh	r4, [r2, #4]
100010da:	e7e5      	b.n	100010a8 <irq_add_tail_to_free_list+0x6c>
100010dc:	2401      	movs	r4, #1
100010de:	e7f3      	b.n	100010c8 <irq_add_tail_to_free_list+0x8c>
100010e0:	2402      	movs	r4, #2
100010e2:	e7f1      	b.n	100010c8 <irq_add_tail_to_free_list+0x8c>
100010e4:	20001c81 	.word	0x20001c81
100010e8:	e000ed00 	.word	0xe000ed00
100010ec:	20001424 	.word	0x20001424
100010f0:	20002e85 	.word	0x20002e85
100010f4:	10000111 	.word	0x10000111

100010f8 <user_irq_unclaim>:
100010f8:	4601      	mov	r1, r0
100010fa:	4802      	ldr	r0, [pc, #8]	@ (10001104 <user_irq_unclaim+0xc>)
100010fc:	f1c1 0133 	rsb	r1, r1, #51	@ 0x33
10001100:	f7ff bcac 	b.w	10000a5c <hw_claim_clear>
10001104:	20002e89 	.word	0x20002e89

10001108 <user_irq_claim_unused>:
10001108:	b510      	push	{r4, lr}
1000110a:	4c07      	ldr	r4, [pc, #28]	@ (10001128 <user_irq_claim_unused+0x20>)
1000110c:	b082      	sub	sp, #8
1000110e:	4601      	mov	r1, r0
10001110:	2305      	movs	r3, #5
10001112:	2200      	movs	r2, #0
10001114:	9400      	str	r4, [sp, #0]
10001116:	4805      	ldr	r0, [pc, #20]	@ (1000112c <user_irq_claim_unused+0x24>)
10001118:	f7ff fc52 	bl	100009c0 <hw_claim_unused_from_range>
1000111c:	2800      	cmp	r0, #0
1000111e:	bfa8      	it	ge
10001120:	f1c0 0033 	rsbge	r0, r0, #51	@ 0x33
10001124:	b002      	add	sp, #8
10001126:	bd10      	pop	{r4, pc}
10001128:	1000a318 	.word	0x1000a318
1000112c:	20002e89 	.word	0x20002e89

10001130 <sem_init>:
10001130:	b570      	push	{r4, r5, r6, lr}
10001132:	4604      	mov	r4, r0
10001134:	460e      	mov	r6, r1
10001136:	4615      	mov	r5, r2
10001138:	f7ff fcb8 	bl	10000aac <next_striped_spin_lock_num>
1000113c:	4601      	mov	r1, r0
1000113e:	4620      	mov	r0, r4
10001140:	f000 f806 	bl	10001150 <lock_init>
10001144:	80a6      	strh	r6, [r4, #4]
10001146:	80e5      	strh	r5, [r4, #6]
10001148:	f3bf 8f5f 	dmb	sy
1000114c:	bd70      	pop	{r4, r5, r6, pc}
1000114e:	bf00      	nop

10001150 <lock_init>:
10001150:	4b01      	ldr	r3, [pc, #4]	@ (10001158 <lock_init+0x8>)
10001152:	440b      	add	r3, r1
10001154:	6003      	str	r3, [r0, #0]
10001156:	4770      	bx	lr
10001158:	20001c78 	.word	0x20001c78

1000115c <runtime_init_mutex>:
1000115c:	b570      	push	{r4, r5, r6, lr}
1000115e:	4c10      	ldr	r4, [pc, #64]	@ (100011a0 <runtime_init_mutex+0x44>)
10001160:	4d10      	ldr	r5, [pc, #64]	@ (100011a4 <runtime_init_mutex+0x48>)
10001162:	42ac      	cmp	r4, r5
10001164:	d20e      	bcs.n	10001184 <runtime_init_mutex+0x28>
10001166:	26ff      	movs	r6, #255	@ 0xff
10001168:	6823      	ldr	r3, [r4, #0]
1000116a:	b163      	cbz	r3, 10001186 <runtime_init_mutex+0x2a>
1000116c:	f7ff fc9e 	bl	10000aac <next_striped_spin_lock_num>
10001170:	4601      	mov	r1, r0
10001172:	4620      	mov	r0, r4
10001174:	f7ff ffec 	bl	10001150 <lock_init>
10001178:	80a6      	strh	r6, [r4, #4]
1000117a:	f3bf 8f5f 	dmb	sy
1000117e:	3408      	adds	r4, #8
10001180:	42ac      	cmp	r4, r5
10001182:	d3f1      	bcc.n	10001168 <runtime_init_mutex+0xc>
10001184:	bd70      	pop	{r4, r5, r6, pc}
10001186:	f7ff fc91 	bl	10000aac <next_striped_spin_lock_num>
1000118a:	4601      	mov	r1, r0
1000118c:	4620      	mov	r0, r4
1000118e:	f7ff ffdf 	bl	10001150 <lock_init>
10001192:	7126      	strb	r6, [r4, #4]
10001194:	f3bf 8f5f 	dmb	sy
10001198:	3408      	adds	r4, #8
1000119a:	42ac      	cmp	r4, r5
1000119c:	d3e4      	bcc.n	10001168 <runtime_init_mutex+0xc>
1000119e:	bd70      	pop	{r4, r5, r6, pc}
100011a0:	20001610 	.word	0x20001610
100011a4:	20001618 	.word	0x20001618

100011a8 <mutex_init>:
100011a8:	b510      	push	{r4, lr}
100011aa:	4604      	mov	r4, r0
100011ac:	f7ff fc7e 	bl	10000aac <next_striped_spin_lock_num>
100011b0:	4601      	mov	r1, r0
100011b2:	4620      	mov	r0, r4
100011b4:	f7ff ffcc 	bl	10001150 <lock_init>
100011b8:	23ff      	movs	r3, #255	@ 0xff
100011ba:	7123      	strb	r3, [r4, #4]
100011bc:	f3bf 8f5f 	dmb	sy
100011c0:	bd10      	pop	{r4, pc}
100011c2:	bf00      	nop

100011c4 <recursive_mutex_init>:
100011c4:	b510      	push	{r4, lr}
100011c6:	4604      	mov	r4, r0
100011c8:	f7ff fc70 	bl	10000aac <next_striped_spin_lock_num>
100011cc:	4601      	mov	r1, r0
100011ce:	4620      	mov	r0, r4
100011d0:	f7ff ffbe 	bl	10001150 <lock_init>
100011d4:	23ff      	movs	r3, #255	@ 0xff
100011d6:	80a3      	strh	r3, [r4, #4]
100011d8:	f3bf 8f5f 	dmb	sy
100011dc:	bd10      	pop	{r4, pc}
100011de:	bf00      	nop

100011e0 <critical_section_init>:
100011e0:	b510      	push	{r4, lr}
100011e2:	4604      	mov	r4, r0
100011e4:	2001      	movs	r0, #1
100011e6:	f7ff fc6d 	bl	10000ac4 <spin_lock_claim_unused>
100011ea:	4b03      	ldr	r3, [pc, #12]	@ (100011f8 <critical_section_init+0x18>)
100011ec:	4403      	add	r3, r0
100011ee:	6023      	str	r3, [r4, #0]
100011f0:	f3bf 8f5f 	dmb	sy
100011f4:	bd10      	pop	{r4, pc}
100011f6:	bf00      	nop
100011f8:	20001c78 	.word	0x20001c78

100011fc <critical_section_init_with_lock_num>:
100011fc:	4b02      	ldr	r3, [pc, #8]	@ (10001208 <critical_section_init_with_lock_num+0xc>)
100011fe:	440b      	add	r3, r1
10001200:	6003      	str	r3, [r0, #0]
10001202:	f3bf 8f5f 	dmb	sy
10001206:	4770      	bx	lr
10001208:	20001c78 	.word	0x20001c78

1000120c <sleep_until_callback>:
1000120c:	4b0d      	ldr	r3, [pc, #52]	@ (10001244 <sleep_until_callback+0x38>)
1000120e:	681a      	ldr	r2, [r3, #0]
10001210:	f3ef 8110 	mrs	r1, PRIMASK
10001214:	b672      	cpsid	i
10001216:	e8d2 cfcf 	ldaexb	ip, [r2]
1000121a:	2001      	movs	r0, #1
1000121c:	f1bc 0f00 	cmp.w	ip, #0
10001220:	d1f9      	bne.n	10001216 <sleep_until_callback+0xa>
10001222:	e8c2 0f4c 	strexb	ip, r0, [r2]
10001226:	f1bc 0f00 	cmp.w	ip, #0
1000122a:	d1f4      	bne.n	10001216 <sleep_until_callback+0xa>
1000122c:	f3bf 8f5f 	dmb	sy
10001230:	2200      	movs	r2, #0
10001232:	681b      	ldr	r3, [r3, #0]
10001234:	e8c3 2f8f 	stlb	r2, [r3]
10001238:	f381 8810 	msr	PRIMASK, r1
1000123c:	bf40      	sev
1000123e:	2000      	movs	r0, #0
10001240:	2100      	movs	r1, #0
10001242:	4770      	bx	lr
10001244:	20002e60 	.word	0x20002e60

10001248 <alarm_pool_irq_handler>:
10001248:	e92d 4ff0 	stmdb	sp!, {r4, r5, r6, r7, r8, r9, sl, fp, lr}
1000124c:	ed2d 8b02 	vpush	{d8}
10001250:	b085      	sub	sp, #20
10001252:	f3ef 8305 	mrs	r3, IPSR
10001256:	b2db      	uxtb	r3, r3
10001258:	3b10      	subs	r3, #16
1000125a:	089a      	lsrs	r2, r3, #2
1000125c:	bf18      	it	ne
1000125e:	2201      	movne	r2, #1
10001260:	f04f 0101 	mov.w	r1, #1
10001264:	f003 0003 	and.w	r0, r3, #3
10001268:	bf18      	it	ne
1000126a:	4daf      	ldrne	r5, [pc, #700]	@ (10001528 <alarm_pool_irq_handler+0x2e0>)
1000126c:	4baf      	ldr	r3, [pc, #700]	@ (1000152c <alarm_pool_irq_handler+0x2e4>)
1000126e:	bf08      	it	eq
10001270:	4daf      	ldreq	r5, [pc, #700]	@ (10001530 <alarm_pool_irq_handler+0x2e8>)
10001272:	eb00 0282 	add.w	r2, r0, r2, lsl #2
10001276:	f853 6022 	ldr.w	r6, [r3, r2, lsl #2]
1000127a:	fa01 fb00 	lsl.w	fp, r1, r0
1000127e:	f505 5341 	add.w	r3, r5, #12352	@ 0x3040
10001282:	ed9f 8ba7 	vldr	d8, [pc, #668]	@ 10001520 <alarm_pool_irq_handler+0x2d8>
10001286:	9001      	str	r0, [sp, #4]
10001288:	f8c3 b004 	str.w	fp, [r3, #4]
1000128c:	e02e      	b.n	100012ec <alarm_pool_irq_handler+0xa4>
1000128e:	88b3      	ldrh	r3, [r6, #4]
10001290:	0418      	lsls	r0, r3, #16
10001292:	f140 8092 	bpl.w	100013ba <alarm_pool_irq_handler+0x172>
10001296:	79b3      	ldrb	r3, [r6, #6]
10001298:	2b00      	cmp	r3, #0
1000129a:	f040 80dc 	bne.w	10001456 <alarm_pool_irq_handler+0x20e>
1000129e:	f9b6 1008 	ldrsh.w	r1, [r6, #8]
100012a2:	2900      	cmp	r1, #0
100012a4:	f2c0 811d 	blt.w	100014e2 <alarm_pool_irq_handler+0x29a>
100012a8:	6973      	ldr	r3, [r6, #20]
100012aa:	eb01 0141 	add.w	r1, r1, r1, lsl #1
100012ae:	eb03 03c1 	add.w	r3, r3, r1, lsl #3
100012b2:	e9d3 4702 	ldrd	r4, r7, [r3, #8]
100012b6:	f1b7 3fff 	cmp.w	r7, #4294967295	@ 0xffffffff
100012ba:	bf08      	it	eq
100012bc:	f1b4 3fff 	cmpeq.w	r4, #4294967295	@ 0xffffffff
100012c0:	d00d      	beq.n	100012de <alarm_pool_irq_handler+0x96>
100012c2:	9b01      	ldr	r3, [sp, #4]
100012c4:	eb05 0183 	add.w	r1, r5, r3, lsl #2
100012c8:	6aab      	ldr	r3, [r5, #40]	@ 0x28
100012ca:	690a      	ldr	r2, [r1, #16]
100012cc:	1ad2      	subs	r2, r2, r3
100012ce:	1ae3      	subs	r3, r4, r3
100012d0:	4293      	cmp	r3, r2
100012d2:	d303      	bcc.n	100012dc <alarm_pool_irq_handler+0x94>
100012d4:	6a2b      	ldr	r3, [r5, #32]
100012d6:	ea13 0f0b 	tst.w	r3, fp
100012da:	d100      	bne.n	100012de <alarm_pool_irq_handler+0x96>
100012dc:	610c      	str	r4, [r1, #16]
100012de:	4628      	mov	r0, r5
100012e0:	f000 fbbe 	bl	10001a60 <timer_time_us_64>
100012e4:	42a0      	cmp	r0, r4
100012e6:	41b9      	sbcs	r1, r7
100012e8:	f2c0 80fb 	blt.w	100014e2 <alarm_pool_irq_handler+0x29a>
100012ec:	f9b6 3008 	ldrsh.w	r3, [r6, #8]
100012f0:	f8c5 b03c 	str.w	fp, [r5, #60]	@ 0x3c
100012f4:	2b00      	cmp	r3, #0
100012f6:	9300      	str	r3, [sp, #0]
100012f8:	dbc9      	blt.n	1000128e <alarm_pool_irq_handler+0x46>
100012fa:	f8d6 9014 	ldr.w	r9, [r6, #20]
100012fe:	eb03 0a43 	add.w	sl, r3, r3, lsl #1
10001302:	4628      	mov	r0, r5
10001304:	eb09 07ca 	add.w	r7, r9, sl, lsl #3
10001308:	e9d7 4802 	ldrd	r4, r8, [r7, #8]
1000130c:	f000 fba8 	bl	10001a60 <timer_time_us_64>
10001310:	42a0      	cmp	r0, r4
10001312:	eb71 0108 	sbcs.w	r1, r1, r8
10001316:	dbba      	blt.n	1000128e <alarm_pool_irq_handler+0x46>
10001318:	f1b8 0f00 	cmp.w	r8, #0
1000131c:	f2c0 80c3 	blt.w	100014a6 <alarm_pool_irq_handler+0x25e>
10001320:	e9d7 3104 	ldrd	r3, r1, [r7, #16]
10001324:	4a83      	ldr	r2, [pc, #524]	@ (10001534 <alarm_pool_irq_handler+0x2ec>)
10001326:	4293      	cmp	r3, r2
10001328:	f000 80ed 	beq.w	10001506 <alarm_pool_irq_handler+0x2be>
1000132c:	887a      	ldrh	r2, [r7, #2]
1000132e:	f9b6 0008 	ldrsh.w	r0, [r6, #8]
10001332:	b292      	uxth	r2, r2
10001334:	ea42 4000 	orr.w	r0, r2, r0, lsl #16
10001338:	4798      	blx	r3
1000133a:	4602      	mov	r2, r0
1000133c:	460b      	mov	r3, r1
1000133e:	ea52 0103 	orrs.w	r1, r2, r3
10001342:	f000 80b0 	beq.w	100014a6 <alarm_pool_irq_handler+0x25e>
10001346:	2b00      	cmp	r3, #0
10001348:	f280 80d1 	bge.w	100014ee <alarm_pool_irq_handler+0x2a6>
1000134c:	ebb4 0e02 	subs.w	lr, r4, r2
10001350:	eb68 0803 	sbc.w	r8, r8, r3
10001354:	f939 303a 	ldrsh.w	r3, [r9, sl, lsl #3]
10001358:	e9c7 e802 	strd	lr, r8, [r7, #8]
1000135c:	2b00      	cmp	r3, #0
1000135e:	db96      	blt.n	1000128e <alarm_pool_irq_handler+0x46>
10001360:	6971      	ldr	r1, [r6, #20]
10001362:	eb03 0243 	add.w	r2, r3, r3, lsl #1
10001366:	eb01 02c2 	add.w	r2, r1, r2, lsl #3
1000136a:	e9d2 7002 	ldrd	r7, r0, [r2, #8]
1000136e:	45be      	cmp	lr, r7
10001370:	eb78 0c00 	sbcs.w	ip, r8, r0
10001374:	ea4f 0243 	mov.w	r2, r3, lsl #1
10001378:	db89      	blt.n	1000128e <alarm_pool_irq_handler+0x46>
1000137a:	46b4      	mov	ip, r6
1000137c:	f82c 3f08 	strh.w	r3, [ip, #8]!
10001380:	e00b      	b.n	1000139a <alarm_pool_irq_handler+0x152>
10001382:	f931 3032 	ldrsh.w	r3, [r1, r2, lsl #3]
10001386:	46a4      	mov	ip, r4
10001388:	2b00      	cmp	r3, #0
1000138a:	db0d      	blt.n	100013a8 <alarm_pool_irq_handler+0x160>
1000138c:	eb03 0043 	add.w	r0, r3, r3, lsl #1
10001390:	eb01 00c0 	add.w	r0, r1, r0, lsl #3
10001394:	005a      	lsls	r2, r3, #1
10001396:	e9d0 7002 	ldrd	r7, r0, [r0, #8]
1000139a:	45be      	cmp	lr, r7
1000139c:	441a      	add	r2, r3
1000139e:	eb78 0000 	sbcs.w	r0, r8, r0
100013a2:	eb01 04c2 	add.w	r4, r1, r2, lsl #3
100013a6:	daec      	bge.n	10001382 <alarm_pool_irq_handler+0x13a>
100013a8:	f829 303a 	strh.w	r3, [r9, sl, lsl #3]
100013ac:	9b00      	ldr	r3, [sp, #0]
100013ae:	f8ac 3000 	strh.w	r3, [ip]
100013b2:	88b3      	ldrh	r3, [r6, #4]
100013b4:	0418      	lsls	r0, r3, #16
100013b6:	f53f af6e 	bmi.w	10001296 <alarm_pool_irq_handler+0x4e>
100013ba:	6933      	ldr	r3, [r6, #16]
100013bc:	f3ef 8210 	mrs	r2, PRIMASK
100013c0:	b672      	cpsid	i
100013c2:	e8d3 0fcf 	ldaexb	r0, [r3]
100013c6:	2101      	movs	r1, #1
100013c8:	2800      	cmp	r0, #0
100013ca:	d1fa      	bne.n	100013c2 <alarm_pool_irq_handler+0x17a>
100013cc:	e8c3 1f40 	strexb	r0, r1, [r3]
100013d0:	2800      	cmp	r0, #0
100013d2:	d1f6      	bne.n	100013c2 <alarm_pool_irq_handler+0x17a>
100013d4:	f3bf 8f5f 	dmb	sy
100013d8:	f64f 74ff 	movw	r4, #65535	@ 0xffff
100013dc:	88b0      	ldrh	r0, [r6, #4]
100013de:	2300      	movs	r3, #0
100013e0:	6931      	ldr	r1, [r6, #16]
100013e2:	b200      	sxth	r0, r0
100013e4:	80b4      	strh	r4, [r6, #4]
100013e6:	e8c1 3f8f 	stlb	r3, [r1]
100013ea:	f382 8810 	msr	PRIMASK, r2
100013ee:	4298      	cmp	r0, r3
100013f0:	f6ff af51 	blt.w	10001296 <alarm_pool_irq_handler+0x4e>
100013f4:	4607      	mov	r7, r0
100013f6:	46a9      	mov	r9, r5
100013f8:	6974      	ldr	r4, [r6, #20]
100013fa:	f106 0808 	add.w	r8, r6, #8
100013fe:	eb07 0e47 	add.w	lr, r7, r7, lsl #1
10001402:	eb04 03ce 	add.w	r3, r4, lr, lsl #3
10001406:	e9d3 5002 	ldrd	r5, r0, [r3, #8]
1000140a:	f9b6 3008 	ldrsh.w	r3, [r6, #8]
1000140e:	46c4      	mov	ip, r8
10001410:	2b00      	cmp	r3, #0
10001412:	db13      	blt.n	1000143c <alarm_pool_irq_handler+0x1f4>
10001414:	46b2      	mov	sl, r6
10001416:	9700      	str	r7, [sp, #0]
10001418:	e004      	b.n	10001424 <alarm_pool_irq_handler+0x1dc>
1000141a:	f934 3036 	ldrsh.w	r3, [r4, r6, lsl #3]
1000141e:	4694      	mov	ip, r2
10001420:	2b00      	cmp	r3, #0
10001422:	db09      	blt.n	10001438 <alarm_pool_irq_handler+0x1f0>
10001424:	eb03 0643 	add.w	r6, r3, r3, lsl #1
10001428:	eb04 02c6 	add.w	r2, r4, r6, lsl #3
1000142c:	e9d2 7102 	ldrd	r7, r1, [r2, #8]
10001430:	42bd      	cmp	r5, r7
10001432:	eb70 0101 	sbcs.w	r1, r0, r1
10001436:	daf0      	bge.n	1000141a <alarm_pool_irq_handler+0x1d2>
10001438:	4656      	mov	r6, sl
1000143a:	9f00      	ldr	r7, [sp, #0]
1000143c:	f8ac 7000 	strh.w	r7, [ip]
10001440:	f934 703e 	ldrsh.w	r7, [r4, lr, lsl #3]
10001444:	f824 303e 	strh.w	r3, [r4, lr, lsl #3]
10001448:	2f00      	cmp	r7, #0
1000144a:	dad8      	bge.n	100013fe <alarm_pool_irq_handler+0x1b6>
1000144c:	79b3      	ldrb	r3, [r6, #6]
1000144e:	464d      	mov	r5, r9
10001450:	2b00      	cmp	r3, #0
10001452:	f43f af24 	beq.w	1000129e <alarm_pool_irq_handler+0x56>
10001456:	2300      	movs	r3, #0
10001458:	71b3      	strb	r3, [r6, #6]
1000145a:	f9b6 3008 	ldrsh.w	r3, [r6, #8]
1000145e:	f106 0808 	add.w	r8, r6, #8
10001462:	1c59      	adds	r1, r3, #1
10001464:	d03d      	beq.n	100014e2 <alarm_pool_irq_handler+0x29a>
10001466:	4619      	mov	r1, r3
10001468:	6977      	ldr	r7, [r6, #20]
1000146a:	e003      	b.n	10001474 <alarm_pool_irq_handler+0x22c>
1000146c:	4680      	mov	r8, r0
1000146e:	1c5a      	adds	r2, r3, #1
10001470:	f43f af17 	beq.w	100012a2 <alarm_pool_irq_handler+0x5a>
10001474:	eb03 0243 	add.w	r2, r3, r3, lsl #1
10001478:	eb07 00c2 	add.w	r0, r7, r2, lsl #3
1000147c:	f8b0 c002 	ldrh.w	ip, [r0, #2]
10001480:	461c      	mov	r4, r3
10001482:	f41c 4f00 	tst.w	ip, #32768	@ 0x8000
10001486:	469e      	mov	lr, r3
10001488:	f937 3032 	ldrsh.w	r3, [r7, r2, lsl #3]
1000148c:	d0ee      	beq.n	1000146c <alarm_pool_irq_handler+0x224>
1000148e:	428c      	cmp	r4, r1
10001490:	ed80 8b02 	vstr	d8, [r0, #8]
10001494:	d005      	beq.n	100014a2 <alarm_pool_irq_handler+0x25a>
10001496:	f8a8 3000 	strh.w	r3, [r8]
1000149a:	8931      	ldrh	r1, [r6, #8]
1000149c:	f827 1032 	strh.w	r1, [r7, r2, lsl #3]
100014a0:	8134      	strh	r4, [r6, #8]
100014a2:	4671      	mov	r1, lr
100014a4:	e7e3      	b.n	1000146e <alarm_pool_irq_handler+0x226>
100014a6:	f839 303a 	ldrh.w	r3, [r9, sl, lsl #3]
100014aa:	8133      	strh	r3, [r6, #8]
100014ac:	6933      	ldr	r3, [r6, #16]
100014ae:	f3ef 8210 	mrs	r2, PRIMASK
100014b2:	b672      	cpsid	i
100014b4:	e8d3 0fcf 	ldaexb	r0, [r3]
100014b8:	2101      	movs	r1, #1
100014ba:	2800      	cmp	r0, #0
100014bc:	d1fa      	bne.n	100014b4 <alarm_pool_irq_handler+0x26c>
100014be:	e8c3 1f40 	strexb	r0, r1, [r3]
100014c2:	2800      	cmp	r0, #0
100014c4:	d1f6      	bne.n	100014b4 <alarm_pool_irq_handler+0x26c>
100014c6:	f3bf 8f5f 	dmb	sy
100014ca:	8873      	ldrh	r3, [r6, #2]
100014cc:	6931      	ldr	r1, [r6, #16]
100014ce:	f829 303a 	strh.w	r3, [r9, sl, lsl #3]
100014d2:	9b00      	ldr	r3, [sp, #0]
100014d4:	8073      	strh	r3, [r6, #2]
100014d6:	2300      	movs	r3, #0
100014d8:	e8c1 3f8f 	stlb	r3, [r1]
100014dc:	f382 8810 	msr	PRIMASK, r2
100014e0:	e6d5      	b.n	1000128e <alarm_pool_irq_handler+0x46>
100014e2:	bf40      	sev
100014e4:	b005      	add	sp, #20
100014e6:	ecbd 8b02 	vpop	{d8}
100014ea:	e8bd 8ff0 	ldmia.w	sp!, {r4, r5, r6, r7, r8, r9, sl, fp, pc}
100014ee:	4628      	mov	r0, r5
100014f0:	e9cd 2302 	strd	r2, r3, [sp, #8]
100014f4:	f000 fab4 	bl	10001a60 <timer_time_us_64>
100014f8:	9a02      	ldr	r2, [sp, #8]
100014fa:	9b03      	ldr	r3, [sp, #12]
100014fc:	eb10 0e02 	adds.w	lr, r0, r2
10001500:	eb43 0801 	adc.w	r8, r3, r1
10001504:	e726      	b.n	10001354 <alarm_pool_irq_handler+0x10c>
10001506:	4608      	mov	r0, r1
10001508:	690b      	ldr	r3, [r1, #16]
1000150a:	9102      	str	r1, [sp, #8]
1000150c:	4798      	blx	r3
1000150e:	2800      	cmp	r0, #0
10001510:	d0c9      	beq.n	100014a6 <alarm_pool_irq_handler+0x25e>
10001512:	9902      	ldr	r1, [sp, #8]
10001514:	e9d1 2300 	ldrd	r2, r3, [r1]
10001518:	e711      	b.n	1000133e <alarm_pool_irq_handler+0xf6>
1000151a:	bf00      	nop
1000151c:	f3af 8000 	nop.w
10001520:	ffffffff 	.word	0xffffffff
10001524:	ffffffff 	.word	0xffffffff
10001528:	400b8000 	.word	0x400b8000
1000152c:	20002e30 	.word	0x20002e30
10001530:	400b0000 	.word	0x400b0000
10001534:	10001249 	.word	0x10001249

10001538 <runtime_init_default_alarm_pool>:
10001538:	e92d 4ff8 	stmdb	sp!, {r3, r4, r5, r6, r7, r8, r9, sl, fp, lr}
1000153c:	4c36      	ldr	r4, [pc, #216]	@ (10001618 <runtime_init_default_alarm_pool+0xe0>)
1000153e:	6925      	ldr	r5, [r4, #16]
10001540:	b12d      	cbz	r5, 1000154e <runtime_init_default_alarm_pool+0x16>
10001542:	e8bd 4ff8 	ldmia.w	sp!, {r3, r4, r5, r6, r7, r8, r9, sl, fp, lr}
10001546:	210a      	movs	r1, #10
10001548:	4834      	ldr	r0, [pc, #208]	@ (1000161c <runtime_init_default_alarm_pool+0xe4>)
1000154a:	f7ff be01 	b.w	10001150 <lock_init>
1000154e:	f8df 80e4 	ldr.w	r8, [pc, #228]	@ 10001634 <runtime_init_default_alarm_pool+0xfc>
10001552:	2103      	movs	r1, #3
10001554:	4640      	mov	r0, r8
10001556:	f000 fa71 	bl	10001a3c <timer_hardware_alarm_claim>
1000155a:	2603      	movs	r6, #3
1000155c:	f8c4 800c 	str.w	r8, [r4, #12]
10001560:	f7ff faa4 	bl	10000aac <next_striped_spin_lock_num>
10001564:	f04f 4c50 	mov.w	ip, #3489660928	@ 0xd0000000
10001568:	4b2d      	ldr	r3, [pc, #180]	@ (10001620 <runtime_init_default_alarm_pool+0xe8>)
1000156a:	7026      	strb	r6, [r4, #0]
1000156c:	4403      	add	r3, r0
1000156e:	6123      	str	r3, [r4, #16]
10001570:	f8dc 3000 	ldr.w	r3, [ip]
10001574:	210f      	movs	r1, #15
10001576:	7063      	strb	r3, [r4, #1]
10001578:	6963      	ldr	r3, [r4, #20]
1000157a:	8061      	strh	r1, [r4, #2]
1000157c:	831d      	strh	r5, [r3, #24]
1000157e:	f04f 0504 	mov.w	r5, #4
10001582:	f8a3 5078 	strh.w	r5, [r3, #120]	@ 0x78
10001586:	f04f 0505 	mov.w	r5, #5
1000158a:	f8a3 5090 	strh.w	r5, [r3, #144]	@ 0x90
1000158e:	f04f 0506 	mov.w	r5, #6
10001592:	f8a3 50a8 	strh.w	r5, [r3, #168]	@ 0xa8
10001596:	f04f 0507 	mov.w	r5, #7
1000159a:	210e      	movs	r1, #14
1000159c:	f64f 72ff 	movw	r2, #65535	@ 0xffff
100015a0:	2708      	movs	r7, #8
100015a2:	f04f 0e0a 	mov.w	lr, #10
100015a6:	f8a3 50c0 	strh.w	r5, [r3, #192]	@ 0xc0
100015aa:	f04f 0901 	mov.w	r9, #1
100015ae:	f04f 0c0c 	mov.w	ip, #12
100015b2:	f04f 0b02 	mov.w	fp, #2
100015b6:	f04f 0a09 	mov.w	sl, #9
100015ba:	200d      	movs	r0, #13
100015bc:	f04f 050b 	mov.w	r5, #11
100015c0:	f8a3 1168 	strh.w	r1, [r3, #360]	@ 0x168
100015c4:	4917      	ldr	r1, [pc, #92]	@ (10001624 <runtime_init_default_alarm_pool+0xec>)
100015c6:	80a2      	strh	r2, [r4, #4]
100015c8:	f8a3 e108 	strh.w	lr, [r3, #264]	@ 0x108
100015cc:	60a1      	str	r1, [r4, #8]
100015ce:	f8a3 b048 	strh.w	fp, [r3, #72]	@ 0x48
100015d2:	f8a3 a0f0 	strh.w	sl, [r3, #240]	@ 0xf0
100015d6:	f8a3 5120 	strh.w	r5, [r3, #288]	@ 0x120
100015da:	f8a3 c138 	strh.w	ip, [r3, #312]	@ 0x138
100015de:	f8a3 0150 	strh.w	r0, [r3, #336]	@ 0x150
100015e2:	f8a3 9030 	strh.w	r9, [r3, #48]	@ 0x30
100015e6:	f8a3 6060 	strh.w	r6, [r3, #96]	@ 0x60
100015ea:	f8a3 70d8 	strh.w	r7, [r3, #216]	@ 0xd8
100015ee:	801a      	strh	r2, [r3, #0]
100015f0:	4b0d      	ldr	r3, [pc, #52]	@ (10001628 <runtime_init_default_alarm_pool+0xf0>)
100015f2:	4630      	mov	r0, r6
100015f4:	f8c8 7020 	str.w	r7, [r8, #32]
100015f8:	490c      	ldr	r1, [pc, #48]	@ (1000162c <runtime_init_default_alarm_pool+0xf4>)
100015fa:	60dc      	str	r4, [r3, #12]
100015fc:	f7ff fae8 	bl	10000bd0 <irq_set_exclusive_handler>
10001600:	4649      	mov	r1, r9
10001602:	4630      	mov	r0, r6
10001604:	f7ff faa2 	bl	10000b4c <irq_set_enabled>
10001608:	4b09      	ldr	r3, [pc, #36]	@ (10001630 <runtime_init_default_alarm_pool+0xf8>)
1000160a:	210a      	movs	r1, #10
1000160c:	641f      	str	r7, [r3, #64]	@ 0x40
1000160e:	4803      	ldr	r0, [pc, #12]	@ (1000161c <runtime_init_default_alarm_pool+0xe4>)
10001610:	e8bd 4ff8 	ldmia.w	sp!, {r3, r4, r5, r6, r7, r8, r9, sl, fp, lr}
10001614:	f7ff bd9c 	b.w	10001150 <lock_init>
10001618:	2000146c 	.word	0x2000146c
1000161c:	20002e60 	.word	0x20002e60
10001620:	20001c78 	.word	0x20001c78
10001624:	0010ffff 	.word	0x0010ffff
10001628:	20002e30 	.word	0x20002e30
1000162c:	10001249 	.word	0x10001249
10001630:	400b2000 	.word	0x400b2000
10001634:	400b0000 	.word	0x400b0000

10001638 <alarm_pool_get_default>:
10001638:	4800      	ldr	r0, [pc, #0]	@ (1000163c <alarm_pool_get_default+0x4>)
1000163a:	4770      	bx	lr
1000163c:	2000146c 	.word	0x2000146c

10001640 <alarm_pool_add_alarm_at>:
10001640:	b5f8      	push	{r3, r4, r5, r6, r7, lr}
10001642:	f89d 7020 	ldrb.w	r7, [sp, #32]
10001646:	4604      	mov	r4, r0
10001648:	4616      	mov	r6, r2
1000164a:	461d      	mov	r5, r3
1000164c:	b937      	cbnz	r7, 1000165c <alarm_pool_add_alarm_at+0x1c>
1000164e:	f000 fa0f 	bl	10001a70 <time_us_64>
10001652:	4286      	cmp	r6, r0
10001654:	eb65 0101 	sbc.w	r1, r5, r1
10001658:	2900      	cmp	r1, #0
1000165a:	db5c      	blt.n	10001716 <alarm_pool_add_alarm_at+0xd6>
1000165c:	6923      	ldr	r3, [r4, #16]
1000165e:	f3ef 8710 	mrs	r7, PRIMASK
10001662:	b672      	cpsid	i
10001664:	e8d3 1fcf 	ldaexb	r1, [r3]
10001668:	2201      	movs	r2, #1
1000166a:	2900      	cmp	r1, #0
1000166c:	d1fa      	bne.n	10001664 <alarm_pool_add_alarm_at+0x24>
1000166e:	e8c3 2f41 	strexb	r1, r2, [r3]
10001672:	2900      	cmp	r1, #0
10001674:	d1f6      	bne.n	10001664 <alarm_pool_add_alarm_at+0x24>
10001676:	f3bf 8f5f 	dmb	sy
1000167a:	f9b4 c002 	ldrsh.w	ip, [r4, #2]
1000167e:	6963      	ldr	r3, [r4, #20]
10001680:	eb0c 014c 	add.w	r1, ip, ip, lsl #1
10001684:	f1bc 0f00 	cmp.w	ip, #0
10001688:	ea4f 02c1 	mov.w	r2, r1, lsl #3
1000168c:	eb03 01c1 	add.w	r1, r3, r1, lsl #3
10001690:	db38      	blt.n	10001704 <alarm_pool_add_alarm_at+0xc4>
10001692:	5a98      	ldrh	r0, [r3, r2]
10001694:	f04f 0e00 	mov.w	lr, #0
10001698:	8060      	strh	r0, [r4, #2]
1000169a:	6920      	ldr	r0, [r4, #16]
1000169c:	e8c0 ef8f 	stlb	lr, [r0]
100016a0:	f387 8810 	msr	PRIMASK, r7
100016a4:	9806      	ldr	r0, [sp, #24]
100016a6:	e9c1 6502 	strd	r6, r5, [r1, #8]
100016aa:	6108      	str	r0, [r1, #16]
100016ac:	9807      	ldr	r0, [sp, #28]
100016ae:	6148      	str	r0, [r1, #20]
100016b0:	8848      	ldrh	r0, [r1, #2]
100016b2:	3001      	adds	r0, #1
100016b4:	f3c0 000e 	ubfx	r0, r0, #0, #15
100016b8:	2801      	cmp	r0, #1
100016ba:	bf38      	it	cc
100016bc:	2001      	movcc	r0, #1
100016be:	8048      	strh	r0, [r1, #2]
100016c0:	ea40 400c 	orr.w	r0, r0, ip, lsl #16
100016c4:	6921      	ldr	r1, [r4, #16]
100016c6:	f3ef 8510 	mrs	r5, PRIMASK
100016ca:	b672      	cpsid	i
100016cc:	e8d1 7fcf 	ldaexb	r7, [r1]
100016d0:	2601      	movs	r6, #1
100016d2:	2f00      	cmp	r7, #0
100016d4:	d1fa      	bne.n	100016cc <alarm_pool_add_alarm_at+0x8c>
100016d6:	e8c1 6f47 	strexb	r7, r6, [r1]
100016da:	2f00      	cmp	r7, #0
100016dc:	d1f6      	bne.n	100016cc <alarm_pool_add_alarm_at+0x8c>
100016de:	f3bf 8f5f 	dmb	sy
100016e2:	88a1      	ldrh	r1, [r4, #4]
100016e4:	5299      	strh	r1, [r3, r2]
100016e6:	f8a4 c004 	strh.w	ip, [r4, #4]
100016ea:	6923      	ldr	r3, [r4, #16]
100016ec:	e8c3 ef8f 	stlb	lr, [r3]
100016f0:	f385 8810 	msr	PRIMASK, r5
100016f4:	2201      	movs	r2, #1
100016f6:	68e3      	ldr	r3, [r4, #12]
100016f8:	7821      	ldrb	r1, [r4, #0]
100016fa:	f503 5301 	add.w	r3, r3, #8256	@ 0x2040
100016fe:	408a      	lsls	r2, r1
10001700:	605a      	str	r2, [r3, #4]
10001702:	bdf8      	pop	{r3, r4, r5, r6, r7, pc}
10001704:	2300      	movs	r3, #0
10001706:	6922      	ldr	r2, [r4, #16]
10001708:	e8c2 3f8f 	stlb	r3, [r2]
1000170c:	f387 8810 	msr	PRIMASK, r7
10001710:	f04f 30ff 	mov.w	r0, #4294967295	@ 0xffffffff
10001714:	bdf8      	pop	{r3, r4, r5, r6, r7, pc}
10001716:	4638      	mov	r0, r7
10001718:	bdf8      	pop	{r3, r4, r5, r6, r7, pc}
1000171a:	bf00      	nop

1000171c <alarm_pool_add_alarm_at_force_in_context>:
1000171c:	4601      	mov	r1, r0
1000171e:	b5f0      	push	{r4, r5, r6, r7, lr}
10001720:	6900      	ldr	r0, [r0, #16]
10001722:	f3ef 8710 	mrs	r7, PRIMASK
10001726:	b672      	cpsid	i
10001728:	e8d0 5fcf 	ldaexb	r5, [r0]
1000172c:	2401      	movs	r4, #1
1000172e:	2d00      	cmp	r5, #0
10001730:	d1fa      	bne.n	10001728 <alarm_pool_add_alarm_at_force_in_context+0xc>
10001732:	e8c0 4f45 	strexb	r5, r4, [r0]
10001736:	2d00      	cmp	r5, #0
10001738:	d1f6      	bne.n	10001728 <alarm_pool_add_alarm_at_force_in_context+0xc>
1000173a:	f3bf 8f5f 	dmb	sy
1000173e:	f9b1 e002 	ldrsh.w	lr, [r1, #2]
10001742:	694c      	ldr	r4, [r1, #20]
10001744:	eb0e 0c4e 	add.w	ip, lr, lr, lsl #1
10001748:	f1be 0f00 	cmp.w	lr, #0
1000174c:	ea4f 05cc 	mov.w	r5, ip, lsl #3
10001750:	eb04 0ccc 	add.w	ip, r4, ip, lsl #3
10001754:	db3d      	blt.n	100017d2 <alarm_pool_add_alarm_at_force_in_context+0xb6>
10001756:	5b60      	ldrh	r0, [r4, r5]
10001758:	2600      	movs	r6, #0
1000175a:	8048      	strh	r0, [r1, #2]
1000175c:	6908      	ldr	r0, [r1, #16]
1000175e:	e8c0 6f8f 	stlb	r6, [r0]
10001762:	f387 8810 	msr	PRIMASK, r7
10001766:	f8bc 0002 	ldrh.w	r0, [ip, #2]
1000176a:	e9cc 2302 	strd	r2, r3, [ip, #8]
1000176e:	3001      	adds	r0, #1
10001770:	f3c0 000e 	ubfx	r0, r0, #0, #15
10001774:	2801      	cmp	r0, #1
10001776:	bf38      	it	cc
10001778:	2001      	movcc	r0, #1
1000177a:	9b05      	ldr	r3, [sp, #20]
1000177c:	f8ac 0002 	strh.w	r0, [ip, #2]
10001780:	f8cc 3010 	str.w	r3, [ip, #16]
10001784:	9b06      	ldr	r3, [sp, #24]
10001786:	ea40 400e 	orr.w	r0, r0, lr, lsl #16
1000178a:	f8cc 3014 	str.w	r3, [ip, #20]
1000178e:	690b      	ldr	r3, [r1, #16]
10001790:	f3ef 8210 	mrs	r2, PRIMASK
10001794:	b672      	cpsid	i
10001796:	e8d3 cfcf 	ldaexb	ip, [r3]
1000179a:	2701      	movs	r7, #1
1000179c:	f1bc 0f00 	cmp.w	ip, #0
100017a0:	d1f9      	bne.n	10001796 <alarm_pool_add_alarm_at_force_in_context+0x7a>
100017a2:	e8c3 7f4c 	strexb	ip, r7, [r3]
100017a6:	f1bc 0f00 	cmp.w	ip, #0
100017aa:	d1f4      	bne.n	10001796 <alarm_pool_add_alarm_at_force_in_context+0x7a>
100017ac:	f3bf 8f5f 	dmb	sy
100017b0:	888b      	ldrh	r3, [r1, #4]
100017b2:	5363      	strh	r3, [r4, r5]
100017b4:	f8a1 e004 	strh.w	lr, [r1, #4]
100017b8:	690b      	ldr	r3, [r1, #16]
100017ba:	e8c3 6f8f 	stlb	r6, [r3]
100017be:	f382 8810 	msr	PRIMASK, r2
100017c2:	2201      	movs	r2, #1
100017c4:	68cb      	ldr	r3, [r1, #12]
100017c6:	7809      	ldrb	r1, [r1, #0]
100017c8:	f503 5301 	add.w	r3, r3, #8256	@ 0x2040
100017cc:	408a      	lsls	r2, r1
100017ce:	605a      	str	r2, [r3, #4]
100017d0:	bdf0      	pop	{r4, r5, r6, r7, pc}
100017d2:	2300      	movs	r3, #0
100017d4:	690a      	ldr	r2, [r1, #16]
100017d6:	e8c2 3f8f 	stlb	r3, [r2]
100017da:	f387 8810 	msr	PRIMASK, r7
100017de:	f04f 30ff 	mov.w	r0, #4294967295	@ 0xffffffff
100017e2:	bdf0      	pop	{r4, r5, r6, r7, pc}

100017e4 <alarm_pool_cancel_alarm>:
100017e4:	4603      	mov	r3, r0
100017e6:	8940      	ldrh	r0, [r0, #10]
100017e8:	ebb0 4f21 	cmp.w	r0, r1, asr #16
100017ec:	dd37      	ble.n	1000185e <alarm_pool_cancel_alarm+0x7a>
100017ee:	6958      	ldr	r0, [r3, #20]
100017f0:	140a      	asrs	r2, r1, #16
100017f2:	eb02 0242 	add.w	r2, r2, r2, lsl #1
100017f6:	b510      	push	{r4, lr}
100017f8:	eb00 00c2 	add.w	r0, r0, r2, lsl #3
100017fc:	691c      	ldr	r4, [r3, #16]
100017fe:	f3ef 8c10 	mrs	ip, PRIMASK
10001802:	b672      	cpsid	i
10001804:	e8d4 efcf 	ldaexb	lr, [r4]
10001808:	2201      	movs	r2, #1
1000180a:	f1be 0f00 	cmp.w	lr, #0
1000180e:	d1f9      	bne.n	10001804 <alarm_pool_cancel_alarm+0x20>
10001810:	e8c4 2f4e 	strexb	lr, r2, [r4]
10001814:	f1be 0f00 	cmp.w	lr, #0
10001818:	d1f4      	bne.n	10001804 <alarm_pool_cancel_alarm+0x20>
1000181a:	f3bf 8f5f 	dmb	sy
1000181e:	8842      	ldrh	r2, [r0, #2]
10001820:	b289      	uxth	r1, r1
10001822:	b292      	uxth	r2, r2
10001824:	428a      	cmp	r2, r1
10001826:	d007      	beq.n	10001838 <alarm_pool_cancel_alarm+0x54>
10001828:	2200      	movs	r2, #0
1000182a:	691b      	ldr	r3, [r3, #16]
1000182c:	e8c3 2f8f 	stlb	r2, [r3]
10001830:	f38c 8810 	msr	PRIMASK, ip
10001834:	2000      	movs	r0, #0
10001836:	bd10      	pop	{r4, pc}
10001838:	f442 4200 	orr.w	r2, r2, #32768	@ 0x8000
1000183c:	8042      	strh	r2, [r0, #2]
1000183e:	2101      	movs	r1, #1
10001840:	2200      	movs	r2, #0
10001842:	6918      	ldr	r0, [r3, #16]
10001844:	7199      	strb	r1, [r3, #6]
10001846:	e8c0 2f8f 	stlb	r2, [r0]
1000184a:	f38c 8810 	msr	PRIMASK, ip
1000184e:	781c      	ldrb	r4, [r3, #0]
10001850:	68da      	ldr	r2, [r3, #12]
10001852:	4608      	mov	r0, r1
10001854:	f502 5301 	add.w	r3, r2, #8256	@ 0x2040
10001858:	40a1      	lsls	r1, r4
1000185a:	6059      	str	r1, [r3, #4]
1000185c:	bd10      	pop	{r4, pc}
1000185e:	2000      	movs	r0, #0
10001860:	4770      	bx	lr
10001862:	bf00      	nop

10001864 <alarm_pool_core_num>:
10001864:	7840      	ldrb	r0, [r0, #1]
10001866:	4770      	bx	lr

10001868 <sleep_until>:
10001868:	e92d 41f0 	stmdb	sp!, {r4, r5, r6, r7, r8, lr}
1000186c:	1f86      	subs	r6, r0, #6
1000186e:	f141 35ff 	adc.w	r5, r1, #4294967295	@ 0xffffffff
10001872:	42b0      	cmp	r0, r6
10001874:	eb71 0305 	sbcs.w	r3, r1, r5
10001878:	bf38      	it	cc
1000187a:	2600      	movcc	r6, #0
1000187c:	b082      	sub	sp, #8
1000187e:	bf38      	it	cc
10001880:	4635      	movcc	r5, r6
10001882:	4604      	mov	r4, r0
10001884:	460f      	mov	r7, r1
10001886:	f000 f8f3 	bl	10001a70 <time_us_64>
1000188a:	1a30      	subs	r0, r6, r0
1000188c:	eb65 0301 	sbc.w	r3, r5, r1
10001890:	2801      	cmp	r0, #1
10001892:	f173 0300 	sbcs.w	r3, r3, #0
10001896:	da06      	bge.n	100018a6 <sleep_until+0x3e>
10001898:	4620      	mov	r0, r4
1000189a:	4639      	mov	r1, r7
1000189c:	b002      	add	sp, #8
1000189e:	e8bd 41f0 	ldmia.w	sp!, {r4, r5, r6, r7, r8, lr}
100018a2:	f000 b8ef 	b.w	10001a84 <busy_wait_until>
100018a6:	f000 f8e3 	bl	10001a70 <time_us_64>
100018aa:	4286      	cmp	r6, r0
100018ac:	eb65 0101 	sbc.w	r1, r5, r1
100018b0:	2900      	cmp	r1, #0
100018b2:	db0a      	blt.n	100018ca <sleep_until+0x62>
100018b4:	2100      	movs	r1, #0
100018b6:	4b17      	ldr	r3, [pc, #92]	@ (10001914 <sleep_until+0xac>)
100018b8:	4632      	mov	r2, r6
100018ba:	9300      	str	r3, [sp, #0]
100018bc:	4816      	ldr	r0, [pc, #88]	@ (10001918 <sleep_until+0xb0>)
100018be:	462b      	mov	r3, r5
100018c0:	9101      	str	r1, [sp, #4]
100018c2:	f7ff ff2b 	bl	1000171c <alarm_pool_add_alarm_at_force_in_context>
100018c6:	2800      	cmp	r0, #0
100018c8:	dbe6      	blt.n	10001898 <sleep_until+0x30>
100018ca:	f04f 0c00 	mov.w	ip, #0
100018ce:	4813      	ldr	r0, [pc, #76]	@ (1000191c <sleep_until+0xb4>)
100018d0:	4a13      	ldr	r2, [pc, #76]	@ (10001920 <sleep_until+0xb8>)
100018d2:	6a43      	ldr	r3, [r0, #36]	@ 0x24
100018d4:	429d      	cmp	r5, r3
100018d6:	d804      	bhi.n	100018e2 <sleep_until+0x7a>
100018d8:	6a81      	ldr	r1, [r0, #40]	@ 0x28
100018da:	42b1      	cmp	r1, r6
100018dc:	d2dc      	bcs.n	10001898 <sleep_until+0x30>
100018de:	429d      	cmp	r5, r3
100018e0:	d1da      	bne.n	10001898 <sleep_until+0x30>
100018e2:	6813      	ldr	r3, [r2, #0]
100018e4:	f3ef 8110 	mrs	r1, PRIMASK
100018e8:	b672      	cpsid	i
100018ea:	e8d3 8fcf 	ldaexb	r8, [r3]
100018ee:	f05f 0e01 	movs.w	lr, #1
100018f2:	f1b8 0f00 	cmp.w	r8, #0
100018f6:	d1f8      	bne.n	100018ea <sleep_until+0x82>
100018f8:	e8c3 ef48 	strexb	r8, lr, [r3]
100018fc:	f1b8 0f00 	cmp.w	r8, #0
10001900:	d1f3      	bne.n	100018ea <sleep_until+0x82>
10001902:	f3bf 8f5f 	dmb	sy
10001906:	6813      	ldr	r3, [r2, #0]
10001908:	e8c3 cf8f 	stlb	ip, [r3]
1000190c:	f381 8810 	msr	PRIMASK, r1
10001910:	bf20      	wfe
10001912:	e7de      	b.n	100018d2 <sleep_until+0x6a>
10001914:	1000120d 	.word	0x1000120d
10001918:	2000146c 	.word	0x2000146c
1000191c:	400b0000 	.word	0x400b0000
10001920:	20002e60 	.word	0x20002e60

10001924 <sleep_us>:
10001924:	b538      	push	{r3, r4, r5, lr}
10001926:	4604      	mov	r4, r0
10001928:	460d      	mov	r5, r1
1000192a:	f000 f8a1 	bl	10001a70 <time_us_64>
1000192e:	f04f 32ff 	mov.w	r2, #4294967295	@ 0xffffffff
10001932:	f06f 4300 	mvn.w	r3, #2147483648	@ 0x80000000
10001936:	1820      	adds	r0, r4, r0
10001938:	eb45 0101 	adc.w	r1, r5, r1
1000193c:	4282      	cmp	r2, r0
1000193e:	eb73 0401 	sbcs.w	r4, r3, r1
10001942:	bf38      	it	cc
10001944:	4619      	movcc	r1, r3
10001946:	e8bd 4038 	ldmia.w	sp!, {r3, r4, r5, lr}
1000194a:	bf38      	it	cc
1000194c:	4610      	movcc	r0, r2
1000194e:	f7ff bf8b 	b.w	10001868 <sleep_until>
10001952:	bf00      	nop

10001954 <sleep_ms>:
10001954:	b510      	push	{r4, lr}
10001956:	4604      	mov	r4, r0
10001958:	f000 f88a 	bl	10001a70 <time_us_64>
1000195c:	f44f 737a 	mov.w	r3, #1000	@ 0x3e8
10001960:	f04f 3cff 	mov.w	ip, #4294967295	@ 0xffffffff
10001964:	f06f 4200 	mvn.w	r2, #2147483648	@ 0x80000000
10001968:	fbe4 0103 	umlal	r0, r1, r4, r3
1000196c:	e8bd 4010 	ldmia.w	sp!, {r4, lr}
10001970:	4584      	cmp	ip, r0
10001972:	eb72 0301 	sbcs.w	r3, r2, r1
10001976:	bf3c      	itt	cc
10001978:	4660      	movcc	r0, ip
1000197a:	4611      	movcc	r1, r2
1000197c:	f7ff bf74 	b.w	10001868 <sleep_until>

10001980 <best_effort_wfe_or_timeout>:
10001980:	e92d 43f0 	stmdb	sp!, {r4, r5, r6, r7, r8, r9, lr}
10001984:	4606      	mov	r6, r0
10001986:	460d      	mov	r5, r1
10001988:	b083      	sub	sp, #12
1000198a:	f3ef 8405 	mrs	r4, IPSR
1000198e:	b2e4      	uxtb	r4, r4
10001990:	b13c      	cbz	r4, 100019a2 <best_effort_wfe_or_timeout+0x22>
10001992:	4b27      	ldr	r3, [pc, #156]	@ (10001a30 <best_effort_wfe_or_timeout+0xb0>)
10001994:	6a58      	ldr	r0, [r3, #36]	@ 0x24
10001996:	42a8      	cmp	r0, r5
10001998:	d21c      	bcs.n	100019d4 <best_effort_wfe_or_timeout+0x54>
1000199a:	2000      	movs	r0, #0
1000199c:	b003      	add	sp, #12
1000199e:	e8bd 83f0 	ldmia.w	sp!, {r4, r5, r6, r7, r8, r9, pc}
100019a2:	4f24      	ldr	r7, [pc, #144]	@ (10001a34 <best_effort_wfe_or_timeout+0xb4>)
100019a4:	f8d7 900c 	ldr.w	r9, [r7, #12]
100019a8:	f897 8000 	ldrb.w	r8, [r7]
100019ac:	4648      	mov	r0, r9
100019ae:	f000 f857 	bl	10001a60 <timer_time_us_64>
100019b2:	f108 0804 	add.w	r8, r8, #4
100019b6:	f859 3028 	ldr.w	r3, [r9, r8, lsl #2]
100019ba:	1a1b      	subs	r3, r3, r0
100019bc:	1a30      	subs	r0, r6, r0
100019be:	eb65 0101 	sbc.w	r1, r5, r1
100019c2:	4298      	cmp	r0, r3
100019c4:	f171 0100 	sbcs.w	r1, r1, #0
100019c8:	db11      	blt.n	100019ee <best_effort_wfe_or_timeout+0x6e>
100019ca:	bf20      	wfe
100019cc:	4b18      	ldr	r3, [pc, #96]	@ (10001a30 <best_effort_wfe_or_timeout+0xb0>)
100019ce:	6a58      	ldr	r0, [r3, #36]	@ 0x24
100019d0:	42a8      	cmp	r0, r5
100019d2:	d3e2      	bcc.n	1000199a <best_effort_wfe_or_timeout+0x1a>
100019d4:	6a9b      	ldr	r3, [r3, #40]	@ 0x28
100019d6:	42b3      	cmp	r3, r6
100019d8:	d303      	bcc.n	100019e2 <best_effort_wfe_or_timeout+0x62>
100019da:	2001      	movs	r0, #1
100019dc:	b003      	add	sp, #12
100019de:	e8bd 83f0 	ldmia.w	sp!, {r4, r5, r6, r7, r8, r9, pc}
100019e2:	1b40      	subs	r0, r0, r5
100019e4:	bf18      	it	ne
100019e6:	2001      	movne	r0, #1
100019e8:	b003      	add	sp, #12
100019ea:	e8bd 83f0 	ldmia.w	sp!, {r4, r5, r6, r7, r8, r9, pc}
100019ee:	f000 f83f 	bl	10001a70 <time_us_64>
100019f2:	4286      	cmp	r6, r0
100019f4:	eb65 0101 	sbc.w	r1, r5, r1
100019f8:	2900      	cmp	r1, #0
100019fa:	dbca      	blt.n	10001992 <best_effort_wfe_or_timeout+0x12>
100019fc:	4b0e      	ldr	r3, [pc, #56]	@ (10001a38 <best_effort_wfe_or_timeout+0xb8>)
100019fe:	4638      	mov	r0, r7
10001a00:	e9cd 3400 	strd	r3, r4, [sp]
10001a04:	4632      	mov	r2, r6
10001a06:	462b      	mov	r3, r5
10001a08:	f7ff fe88 	bl	1000171c <alarm_pool_add_alarm_at_force_in_context>
10001a0c:	1e01      	subs	r1, r0, #0
10001a0e:	ddc0      	ble.n	10001992 <best_effort_wfe_or_timeout+0x12>
10001a10:	4b07      	ldr	r3, [pc, #28]	@ (10001a30 <best_effort_wfe_or_timeout+0xb0>)
10001a12:	6a5a      	ldr	r2, [r3, #36]	@ 0x24
10001a14:	42aa      	cmp	r2, r5
10001a16:	d308      	bcc.n	10001a2a <best_effort_wfe_or_timeout+0xaa>
10001a18:	6a9b      	ldr	r3, [r3, #40]	@ 0x28
10001a1a:	42b3      	cmp	r3, r6
10001a1c:	d303      	bcc.n	10001a26 <best_effort_wfe_or_timeout+0xa6>
10001a1e:	4805      	ldr	r0, [pc, #20]	@ (10001a34 <best_effort_wfe_or_timeout+0xb4>)
10001a20:	f7ff fee0 	bl	100017e4 <alarm_pool_cancel_alarm>
10001a24:	e7b5      	b.n	10001992 <best_effort_wfe_or_timeout+0x12>
10001a26:	42aa      	cmp	r2, r5
10001a28:	d1f9      	bne.n	10001a1e <best_effort_wfe_or_timeout+0x9e>
10001a2a:	bf20      	wfe
10001a2c:	e7f7      	b.n	10001a1e <best_effort_wfe_or_timeout+0x9e>
10001a2e:	bf00      	nop
10001a30:	400b0000 	.word	0x400b0000
10001a34:	2000146c 	.word	0x2000146c
10001a38:	1000120d 	.word	0x1000120d

10001a3c <timer_hardware_alarm_claim>:
10001a3c:	b410      	push	{r4}
10001a3e:	4b05      	ldr	r3, [pc, #20]	@ (10001a54 <timer_hardware_alarm_claim+0x18>)
10001a40:	4c05      	ldr	r4, [pc, #20]	@ (10001a58 <timer_hardware_alarm_claim+0x1c>)
10001a42:	4a06      	ldr	r2, [pc, #24]	@ (10001a5c <timer_hardware_alarm_claim+0x20>)
10001a44:	42a0      	cmp	r0, r4
10001a46:	bf14      	ite	ne
10001a48:	4618      	movne	r0, r3
10001a4a:	1c58      	addeq	r0, r3, #1
10001a4c:	f85d 4b04 	ldr.w	r4, [sp], #4
10001a50:	f7fe bf8a 	b.w	10000968 <hw_claim_or_assert>
10001a54:	200020d0 	.word	0x200020d0
10001a58:	400b8000 	.word	0x400b8000
10001a5c:	1000a334 	.word	0x1000a334

10001a60 <timer_time_us_64>:
10001a60:	4603      	mov	r3, r0
10001a62:	6a41      	ldr	r1, [r0, #36]	@ 0x24
10001a64:	460a      	mov	r2, r1
10001a66:	6a98      	ldr	r0, [r3, #40]	@ 0x28
10001a68:	6a59      	ldr	r1, [r3, #36]	@ 0x24
10001a6a:	428a      	cmp	r2, r1
10001a6c:	d1fa      	bne.n	10001a64 <timer_time_us_64+0x4>
10001a6e:	4770      	bx	lr

10001a70 <time_us_64>:
10001a70:	4b03      	ldr	r3, [pc, #12]	@ (10001a80 <time_us_64+0x10>)
10001a72:	6a59      	ldr	r1, [r3, #36]	@ 0x24
10001a74:	460a      	mov	r2, r1
10001a76:	6a98      	ldr	r0, [r3, #40]	@ 0x28
10001a78:	6a59      	ldr	r1, [r3, #36]	@ 0x24
10001a7a:	4291      	cmp	r1, r2
10001a7c:	d1fa      	bne.n	10001a74 <time_us_64+0x4>
10001a7e:	4770      	bx	lr
10001a80:	400b0000 	.word	0x400b0000

10001a84 <busy_wait_until>:
10001a84:	4a07      	ldr	r2, [pc, #28]	@ (10001aa4 <busy_wait_until+0x20>)
10001a86:	6a53      	ldr	r3, [r2, #36]	@ 0x24
10001a88:	4299      	cmp	r1, r3
10001a8a:	d8fc      	bhi.n	10001a86 <busy_wait_until+0x2>
10001a8c:	4299      	cmp	r1, r3
10001a8e:	d107      	bne.n	10001aa0 <busy_wait_until+0x1c>
10001a90:	4b04      	ldr	r3, [pc, #16]	@ (10001aa4 <busy_wait_until+0x20>)
10001a92:	e002      	b.n	10001a9a <busy_wait_until+0x16>
10001a94:	6a5a      	ldr	r2, [r3, #36]	@ 0x24
10001a96:	4291      	cmp	r1, r2
10001a98:	d102      	bne.n	10001aa0 <busy_wait_until+0x1c>
10001a9a:	6a9a      	ldr	r2, [r3, #40]	@ 0x28
10001a9c:	4282      	cmp	r2, r0
10001a9e:	d3f9      	bcc.n	10001a94 <busy_wait_until+0x10>
10001aa0:	4770      	bx	lr
10001aa2:	bf00      	nop
10001aa4:	400b0000 	.word	0x400b0000

10001aa8 <clock_configure_undivided>:
10001aa8:	eb00 0c40 	add.w	ip, r0, r0, lsl #1
10001aac:	ea4f 0c8c 	mov.w	ip, ip, lsl #2
10001ab0:	f10c 4c80 	add.w	ip, ip, #1073741824	@ 0x40000000
10001ab4:	f50c 3c80 	add.w	ip, ip, #65536	@ 0x10000
10001ab8:	b5f0      	push	{r4, r5, r6, r7, lr}
10001aba:	4616      	mov	r6, r2
10001abc:	f8dc 2004 	ldr.w	r2, [ip, #4]
10001ac0:	1f05      	subs	r5, r0, #4
10001ac2:	f5b2 3f80 	cmp.w	r2, #65536	@ 0x10000
10001ac6:	bf38      	it	cc
10001ac8:	f44f 3280 	movcc.w	r2, #65536	@ 0x10000
10001acc:	b2ed      	uxtb	r5, r5
10001ace:	bf38      	it	cc
10001ad0:	f8cc 2004 	strcc.w	r2, [ip, #4]
10001ad4:	2d01      	cmp	r5, #1
10001ad6:	d92a      	bls.n	10001b2e <clock_configure_undivided+0x86>
10001ad8:	f44f 6700 	mov.w	r7, #2048	@ 0x800
10001adc:	4c25      	ldr	r4, [pc, #148]	@ (10001b74 <clock_configure_undivided+0xcc>)
10001ade:	f50c 5240 	add.w	r2, ip, #12288	@ 0x3000
10001ae2:	6017      	str	r7, [r2, #0]
10001ae4:	f854 2020 	ldr.w	r2, [r4, r0, lsl #2]
10001ae8:	b9b2      	cbnz	r2, 10001b18 <clock_configure_undivided+0x70>
10001aea:	f8dc 2000 	ldr.w	r2, [ip]
10001aee:	2d01      	cmp	r5, #1
10001af0:	ea82 1246 	eor.w	r2, r2, r6, lsl #5
10001af4:	f002 02e0 	and.w	r2, r2, #224	@ 0xe0
10001af8:	f50c 5680 	add.w	r6, ip, #4096	@ 0x1000
10001afc:	6032      	str	r2, [r6, #0]
10001afe:	d92a      	bls.n	10001b56 <clock_configure_undivided+0xae>
10001b00:	f44f 6100 	mov.w	r1, #2048	@ 0x800
10001b04:	f844 3020 	str.w	r3, [r4, r0, lsl #2]
10001b08:	f44f 3380 	mov.w	r3, #65536	@ 0x10000
10001b0c:	f50c 5200 	add.w	r2, ip, #8192	@ 0x2000
10001b10:	6011      	str	r1, [r2, #0]
10001b12:	f8cc 3004 	str.w	r3, [ip, #4]
10001b16:	bdf0      	pop	{r4, r5, r6, r7, pc}
10001b18:	6967      	ldr	r7, [r4, #20]
10001b1a:	fbb7 fef2 	udiv	lr, r7, r2
10001b1e:	f10e 0e01 	add.w	lr, lr, #1
10001b22:	eb0e 0e4e 	add.w	lr, lr, lr, lsl #1
10001b26:	f1be 0e03 	subs.w	lr, lr, #3
10001b2a:	d2fc      	bcs.n	10001b26 <clock_configure_undivided+0x7e>
10001b2c:	e7dd      	b.n	10001aea <clock_configure_undivided+0x42>
10001b2e:	2901      	cmp	r1, #1
10001b30:	d1d2      	bne.n	10001ad8 <clock_configure_undivided+0x30>
10001b32:	2403      	movs	r4, #3
10001b34:	f50c 5240 	add.w	r2, ip, #12288	@ 0x3000
10001b38:	6014      	str	r4, [r2, #0]
10001b3a:	f8dc 2008 	ldr.w	r2, [ip, #8]
10001b3e:	07d2      	lsls	r2, r2, #31
10001b40:	d5fb      	bpl.n	10001b3a <clock_configure_undivided+0x92>
10001b42:	f8dc 2000 	ldr.w	r2, [ip]
10001b46:	4c0b      	ldr	r4, [pc, #44]	@ (10001b74 <clock_configure_undivided+0xcc>)
10001b48:	ea82 1246 	eor.w	r2, r2, r6, lsl #5
10001b4c:	f002 02e0 	and.w	r2, r2, #224	@ 0xe0
10001b50:	f50c 5680 	add.w	r6, ip, #4096	@ 0x1000
10001b54:	6032      	str	r2, [r6, #0]
10001b56:	2201      	movs	r2, #1
10001b58:	f8dc 5000 	ldr.w	r5, [ip]
10001b5c:	404d      	eors	r5, r1
10001b5e:	f005 0503 	and.w	r5, r5, #3
10001b62:	6035      	str	r5, [r6, #0]
10001b64:	fa02 f101 	lsl.w	r1, r2, r1
10001b68:	f8dc 2008 	ldr.w	r2, [ip, #8]
10001b6c:	420a      	tst	r2, r1
10001b6e:	d0fb      	beq.n	10001b68 <clock_configure_undivided+0xc0>
10001b70:	e7c6      	b.n	10001b00 <clock_configure_undivided+0x58>
10001b72:	bf00      	nop
10001b74:	200020d8 	.word	0x200020d8

10001b78 <clock_get_hz>:
10001b78:	4b01      	ldr	r3, [pc, #4]	@ (10001b80 <clock_get_hz+0x8>)
10001b7a:	f853 0020 	ldr.w	r0, [r3, r0, lsl #2]
10001b7e:	4770      	bx	lr
10001b80:	200020d8 	.word	0x200020d8

10001b84 <pll_init>:
10001b84:	b470      	push	{r4, r5, r6}
10001b86:	9d03      	ldr	r5, [sp, #12]
10001b88:	6804      	ldr	r4, [r0, #0]
10001b8a:	032d      	lsls	r5, r5, #12
10001b8c:	ea45 4503 	orr.w	r5, r5, r3, lsl #16
10001b90:	4b1b      	ldr	r3, [pc, #108]	@ (10001c00 <pll_init+0x7c>)
10001b92:	2c00      	cmp	r4, #0
10001b94:	fbb3 f3f1 	udiv	r3, r3, r1
10001b98:	fbb2 f6f3 	udiv	r6, r2, r3
10001b9c:	db1f      	blt.n	10001bde <pll_init+0x5a>
10001b9e:	4a19      	ldr	r2, [pc, #100]	@ (10001c04 <pll_init+0x80>)
10001ba0:	4b19      	ldr	r3, [pc, #100]	@ (10001c08 <pll_init+0x84>)
10001ba2:	4290      	cmp	r0, r2
10001ba4:	bf14      	ite	ne
10001ba6:	f44f 4280 	movne.w	r2, #16384	@ 0x4000
10001baa:	f44f 4200 	moveq.w	r2, #32768	@ 0x8000
10001bae:	4c17      	ldr	r4, [pc, #92]	@ (10001c0c <pll_init+0x88>)
10001bb0:	601a      	str	r2, [r3, #0]
10001bb2:	f503 5380 	add.w	r3, r3, #4096	@ 0x1000
10001bb6:	601a      	str	r2, [r3, #0]
10001bb8:	68a3      	ldr	r3, [r4, #8]
10001bba:	ea32 0303 	bics.w	r3, r2, r3
10001bbe:	d1fb      	bne.n	10001bb8 <pll_init+0x34>
10001bc0:	2221      	movs	r2, #33	@ 0x21
10001bc2:	f500 5340 	add.w	r3, r0, #12288	@ 0x3000
10001bc6:	3304      	adds	r3, #4
10001bc8:	6001      	str	r1, [r0, #0]
10001bca:	6086      	str	r6, [r0, #8]
10001bcc:	601a      	str	r2, [r3, #0]
10001bce:	6802      	ldr	r2, [r0, #0]
10001bd0:	2a00      	cmp	r2, #0
10001bd2:	dafc      	bge.n	10001bce <pll_init+0x4a>
10001bd4:	2208      	movs	r2, #8
10001bd6:	60c5      	str	r5, [r0, #12]
10001bd8:	601a      	str	r2, [r3, #0]
10001bda:	bc70      	pop	{r4, r5, r6}
10001bdc:	4770      	bx	lr
10001bde:	6803      	ldr	r3, [r0, #0]
10001be0:	f003 033f 	and.w	r3, r3, #63	@ 0x3f
10001be4:	428b      	cmp	r3, r1
10001be6:	d1da      	bne.n	10001b9e <pll_init+0x1a>
10001be8:	6883      	ldr	r3, [r0, #8]
10001bea:	f3c3 030b 	ubfx	r3, r3, #0, #12
10001bee:	42b3      	cmp	r3, r6
10001bf0:	d1d5      	bne.n	10001b9e <pll_init+0x1a>
10001bf2:	68c3      	ldr	r3, [r0, #12]
10001bf4:	f403 23ee 	and.w	r3, r3, #487424	@ 0x77000
10001bf8:	42ab      	cmp	r3, r5
10001bfa:	d1d0      	bne.n	10001b9e <pll_init+0x1a>
10001bfc:	e7ed      	b.n	10001bda <pll_init+0x56>
10001bfe:	bf00      	nop
10001c00:	00b71b00 	.word	0x00b71b00
10001c04:	40058000 	.word	0x40058000
10001c08:	40022000 	.word	0x40022000
10001c0c:	40020000 	.word	0x40020000

10001c10 <watchdog_reboot>:
10001c10:	b430      	push	{r4, r5}
10001c12:	f04f 4480 	mov.w	r4, #1073741824	@ 0x40000000
10001c16:	4b1c      	ldr	r3, [pc, #112]	@ (10001c88 <watchdog_reboot+0x78>)
10001c18:	601c      	str	r4, [r3, #0]
10001c1a:	b1e0      	cbz	r0, 10001c56 <watchdog_reboot+0x46>
10001c1c:	4c1b      	ldr	r4, [pc, #108]	@ (10001c8c <watchdog_reboot+0x7c>)
10001c1e:	f5a3 5340 	sub.w	r3, r3, #12288	@ 0x3000
10001c22:	61dc      	str	r4, [r3, #28]
10001c24:	4c1a      	ldr	r4, [pc, #104]	@ (10001c90 <watchdog_reboot+0x80>)
10001c26:	f040 0001 	orr.w	r0, r0, #1
10001c2a:	4044      	eors	r4, r0
10001c2c:	621c      	str	r4, [r3, #32]
10001c2e:	6259      	str	r1, [r3, #36]	@ 0x24
10001c30:	6298      	str	r0, [r3, #40]	@ 0x28
10001c32:	f04f 4580 	mov.w	r5, #1073741824	@ 0x40000000
10001c36:	f04f 61e0 	mov.w	r1, #117440512	@ 0x7000000
10001c3a:	4b13      	ldr	r3, [pc, #76]	@ (10001c88 <watchdog_reboot+0x78>)
10001c3c:	4815      	ldr	r0, [pc, #84]	@ (10001c94 <watchdog_reboot+0x84>)
10001c3e:	4c16      	ldr	r4, [pc, #88]	@ (10001c98 <watchdog_reboot+0x88>)
10001c40:	601d      	str	r5, [r3, #0]
10001c42:	6084      	str	r4, [r0, #8]
10001c44:	6019      	str	r1, [r3, #0]
10001c46:	b94a      	cbnz	r2, 10001c5c <watchdog_reboot+0x4c>
10001c48:	bc30      	pop	{r4, r5}
10001c4a:	f04f 4200 	mov.w	r2, #2147483648	@ 0x80000000
10001c4e:	f5a3 5380 	sub.w	r3, r3, #4096	@ 0x1000
10001c52:	601a      	str	r2, [r3, #0]
10001c54:	4770      	bx	lr
10001c56:	4b11      	ldr	r3, [pc, #68]	@ (10001c9c <watchdog_reboot+0x8c>)
10001c58:	61d8      	str	r0, [r3, #28]
10001c5a:	e7ea      	b.n	10001c32 <watchdog_reboot+0x22>
10001c5c:	f44f 737a 	mov.w	r3, #1000	@ 0x3e8
10001c60:	fb03 f202 	mul.w	r2, r3, r2
10001c64:	f1b2 7f80 	cmp.w	r2, #16777216	@ 0x1000000
10001c68:	bf2a      	itet	cs
10001c6a:	f06f 437f 	mvncs.w	r3, #4278190080	@ 0xff000000
10001c6e:	4613      	movcc	r3, r2
10001c70:	461a      	movcs	r2, r3
10001c72:	f04f 4180 	mov.w	r1, #1073741824	@ 0x40000000
10001c76:	4c0a      	ldr	r4, [pc, #40]	@ (10001ca0 <watchdog_reboot+0x90>)
10001c78:	4808      	ldr	r0, [pc, #32]	@ (10001c9c <watchdog_reboot+0x8c>)
10001c7a:	6023      	str	r3, [r4, #0]
10001c7c:	4b09      	ldr	r3, [pc, #36]	@ (10001ca4 <watchdog_reboot+0x94>)
10001c7e:	6042      	str	r2, [r0, #4]
10001c80:	bc30      	pop	{r4, r5}
10001c82:	6019      	str	r1, [r3, #0]
10001c84:	4770      	bx	lr
10001c86:	bf00      	nop
10001c88:	400db000 	.word	0x400db000
10001c8c:	b007c0d3 	.word	0xb007c0d3
10001c90:	4ff83f2d 	.word	0x4ff83f2d
10001c94:	4001a000 	.word	0x4001a000
10001c98:	01fffff3 	.word	0x01fffff3
10001c9c:	400d8000 	.word	0x400d8000
10001ca0:	20002e20 	.word	0x20002e20
10001ca4:	400da000 	.word	0x400da000

10001ca8 <tick_start>:
10001ca8:	2301      	movs	r3, #1
10001caa:	eb00 0040 	add.w	r0, r0, r0, lsl #1
10001cae:	0080      	lsls	r0, r0, #2
10001cb0:	f100 4080 	add.w	r0, r0, #1073741824	@ 0x40000000
10001cb4:	f500 1084 	add.w	r0, r0, #1081344	@ 0x108000
10001cb8:	6041      	str	r1, [r0, #4]
10001cba:	6003      	str	r3, [r0, #0]
10001cbc:	4770      	bx	lr
10001cbe:	bf00      	nop

10001cc0 <rom_reboot.constprop.0.isra.0>:
10001cc0:	2300      	movs	r3, #0
10001cc2:	b570      	push	{r4, r5, r6, lr}
10001cc4:	8adb      	ldrh	r3, [r3, #22]
10001cc6:	4604      	mov	r4, r0
10001cc8:	460d      	mov	r5, r1
10001cca:	2200      	movs	r2, #0
10001ccc:	e842 f200 	tt	r2, r2
10001cd0:	0252      	lsls	r2, r2, #9
10001cd2:	bf54      	ite	pl
10001cd4:	2110      	movpl	r1, #16
10001cd6:	2104      	movmi	r1, #4
10001cd8:	f244 2052 	movw	r0, #16978	@ 0x4252
10001cdc:	4798      	blx	r3
10001cde:	4686      	mov	lr, r0
10001ce0:	462b      	mov	r3, r5
10001ce2:	4622      	mov	r2, r4
10001ce4:	46f4      	mov	ip, lr
10001ce6:	e8bd 4070 	ldmia.w	sp!, {r4, r5, r6, lr}
10001cea:	210a      	movs	r1, #10
10001cec:	f44f 7081 	mov.w	r0, #258	@ 0x102
10001cf0:	4760      	bx	ip
10001cf2:	bf00      	nop

10001cf4 <rom_func_lookup>:
10001cf4:	2300      	movs	r3, #0
10001cf6:	8adb      	ldrh	r3, [r3, #22]
10001cf8:	2200      	movs	r2, #0
10001cfa:	e842 f200 	tt	r2, r2
10001cfe:	0252      	lsls	r2, r2, #9
10001d00:	d401      	bmi.n	10001d06 <rom_func_lookup+0x12>
10001d02:	2110      	movs	r1, #16
10001d04:	4718      	bx	r3
10001d06:	2104      	movs	r1, #4
10001d08:	4718      	bx	r3
10001d0a:	bf00      	nop

10001d0c <rom_reset_usb_boot_extra>:
10001d0c:	b508      	push	{r3, lr}
10001d0e:	4603      	mov	r3, r0
10001d10:	4608      	mov	r0, r1
10001d12:	1e19      	subs	r1, r3, #0
10001d14:	db02      	blt.n	10001d1c <rom_reset_usb_boot_extra+0x10>
10001d16:	b11a      	cbz	r2, 10001d20 <rom_reset_usb_boot_extra+0x14>
10001d18:	f040 0030 	orr.w	r0, r0, #48	@ 0x30
10001d1c:	f7ff ffd0 	bl	10001cc0 <rom_reboot.constprop.0.isra.0>
10001d20:	f040 0020 	orr.w	r0, r0, #32
10001d24:	e7fa      	b.n	10001d1c <rom_reset_usb_boot_extra+0x10>
10001d26:	bf00      	nop

10001d28 <runtime_init_bootrom_locking_enable>:
10001d28:	4a03      	ldr	r2, [pc, #12]	@ (10001d38 <runtime_init_bootrom_locking_enable+0x10>)
10001d2a:	f8d2 3828 	ldr.w	r3, [r2, #2088]	@ 0x828
10001d2e:	2b00      	cmp	r3, #0
10001d30:	d0fb      	beq.n	10001d2a <runtime_init_bootrom_locking_enable+0x2>
10001d32:	f3bf 8f5f 	dmb	sy
10001d36:	4770      	bx	lr
10001d38:	400e0000 	.word	0x400e0000

10001d3c <runtime_init_boot_locks_reset>:
10001d3c:	2100      	movs	r1, #0
10001d3e:	4b04      	ldr	r3, [pc, #16]	@ (10001d50 <runtime_init_boot_locks_reset+0x14>)
10001d40:	4a04      	ldr	r2, [pc, #16]	@ (10001d54 <runtime_init_boot_locks_reset+0x18>)
10001d42:	f3bf 8f5f 	dmb	sy
10001d46:	f843 1b04 	str.w	r1, [r3], #4
10001d4a:	4293      	cmp	r3, r2
10001d4c:	d1f9      	bne.n	10001d42 <runtime_init_boot_locks_reset+0x6>
10001d4e:	4770      	bx	lr
10001d50:	400e080c 	.word	0x400e080c
10001d54:	400e082c 	.word	0x400e082c

10001d58 <xosc_init>:
10001d58:	b410      	push	{r4}
10001d5a:	f44f 708d 	mov.w	r0, #282	@ 0x11a
10001d5e:	f44f 642a 	mov.w	r4, #2720	@ 0xaa0
10001d62:	4a06      	ldr	r2, [pc, #24]	@ (10001d7c <xosc_init+0x24>)
10001d64:	4b06      	ldr	r3, [pc, #24]	@ (10001d80 <xosc_init+0x28>)
10001d66:	4907      	ldr	r1, [pc, #28]	@ (10001d84 <xosc_init+0x2c>)
10001d68:	6014      	str	r4, [r2, #0]
10001d6a:	60d0      	str	r0, [r2, #12]
10001d6c:	6019      	str	r1, [r3, #0]
10001d6e:	6853      	ldr	r3, [r2, #4]
10001d70:	2b00      	cmp	r3, #0
10001d72:	dafc      	bge.n	10001d6e <xosc_init+0x16>
10001d74:	f85d 4b04 	ldr.w	r4, [sp], #4
10001d78:	4770      	bx	lr
10001d7a:	bf00      	nop
10001d7c:	40048000 	.word	0x40048000
10001d80:	4004a000 	.word	0x4004a000
10001d84:	00fab000 	.word	0x00fab000

10001d88 <first_per_core_initializer>:
10001d88:	4770      	bx	lr
10001d8a:	bf00      	nop

10001d8c <hard_assertion_failure>:
10001d8c:	b508      	push	{r3, lr}
10001d8e:	4801      	ldr	r0, [pc, #4]	@ (10001d94 <hard_assertion_failure+0x8>)
10001d90:	f7fe fdb6 	bl	10000900 <panic>
10001d94:	1000a358 	.word	0x1000a358

10001d98 <runtime_run_initializers>:
10001d98:	b538      	push	{r3, r4, r5, lr}
10001d9a:	4c05      	ldr	r4, [pc, #20]	@ (10001db0 <runtime_run_initializers+0x18>)
10001d9c:	4d05      	ldr	r5, [pc, #20]	@ (10001db4 <runtime_run_initializers+0x1c>)
10001d9e:	42ac      	cmp	r4, r5
10001da0:	d204      	bcs.n	10001dac <runtime_run_initializers+0x14>
10001da2:	f854 3b04 	ldr.w	r3, [r4], #4
10001da6:	4798      	blx	r3
10001da8:	42ac      	cmp	r4, r5
10001daa:	d3fa      	bcc.n	10001da2 <runtime_run_initializers+0xa>
10001dac:	bd38      	pop	{r3, r4, r5, pc}
10001dae:	bf00      	nop
10001db0:	1000a198 	.word	0x1000a198
10001db4:	1000a1d8 	.word	0x1000a1d8

10001db8 <runtime_init_early_resets>:
10001db8:	b410      	push	{r4}
10001dba:	4807      	ldr	r0, [pc, #28]	@ (10001dd8 <runtime_init_early_resets+0x20>)
10001dbc:	4c07      	ldr	r4, [pc, #28]	@ (10001ddc <runtime_init_early_resets+0x24>)
10001dbe:	4b08      	ldr	r3, [pc, #32]	@ (10001de0 <runtime_init_early_resets+0x28>)
10001dc0:	4a08      	ldr	r2, [pc, #32]	@ (10001de4 <runtime_init_early_resets+0x2c>)
10001dc2:	4909      	ldr	r1, [pc, #36]	@ (10001de8 <runtime_init_early_resets+0x30>)
10001dc4:	6004      	str	r4, [r0, #0]
10001dc6:	601a      	str	r2, [r3, #0]
10001dc8:	688b      	ldr	r3, [r1, #8]
10001dca:	ea32 0303 	bics.w	r3, r2, r3
10001dce:	d1fb      	bne.n	10001dc8 <runtime_init_early_resets+0x10>
10001dd0:	f85d 4b04 	ldr.w	r4, [sp], #4
10001dd4:	4770      	bx	lr
10001dd6:	bf00      	nop
10001dd8:	40022000 	.word	0x40022000
10001ddc:	efef3b7f 	.word	0xefef3b7f
10001de0:	40023000 	.word	0x40023000
10001de4:	03f3fff6 	.word	0x03f3fff6
10001de8:	40020000 	.word	0x40020000

10001dec <runtime_init_usb_power_down>:
10001dec:	4b04      	ldr	r3, [pc, #16]	@ (10001e00 <runtime_init_usb_power_down+0x14>)
10001dee:	6cdb      	ldr	r3, [r3, #76]	@ 0x4c
10001df0:	f5b3 4f00 	cmp.w	r3, #32768	@ 0x8000
10001df4:	d103      	bne.n	10001dfe <runtime_init_usb_power_down+0x12>
10001df6:	f44f 2280 	mov.w	r2, #262144	@ 0x40000
10001dfa:	4b02      	ldr	r3, [pc, #8]	@ (10001e04 <runtime_init_usb_power_down+0x18>)
10001dfc:	64da      	str	r2, [r3, #76]	@ 0x4c
10001dfe:	4770      	bx	lr
10001e00:	50110000 	.word	0x50110000
10001e04:	50112000 	.word	0x50112000

10001e08 <runtime_init_per_core_enable_coprocessors>:
10001e08:	f04f 22e0 	mov.w	r2, #3758153728	@ 0xe000e000
10001e0c:	4b04      	ldr	r3, [pc, #16]	@ (10001e20 <runtime_init_per_core_enable_coprocessors+0x18>)
10001e0e:	f8d2 1d88 	ldr.w	r1, [r2, #3464]	@ 0xd88
10001e12:	430b      	orrs	r3, r1
10001e14:	f8c2 3d88 	str.w	r3, [r2, #3464]	@ 0xd88
10001e18:	ee10 0430 	dcp_rcmp r0
10001e1c:	4770      	bx	lr
10001e1e:	bf00      	nop
10001e20:	00300303 	.word	0x00300303

10001e24 <runtime_init_post_clock_resets>:
10001e24:	f06f 4160 	mvn.w	r1, #3758096384	@ 0xe0000000
10001e28:	4b04      	ldr	r3, [pc, #16]	@ (10001e3c <runtime_init_post_clock_resets+0x18>)
10001e2a:	4a05      	ldr	r2, [pc, #20]	@ (10001e40 <runtime_init_post_clock_resets+0x1c>)
10001e2c:	6019      	str	r1, [r3, #0]
10001e2e:	6893      	ldr	r3, [r2, #8]
10001e30:	43db      	mvns	r3, r3
10001e32:	f033 4360 	bics.w	r3, r3, #3758096384	@ 0xe0000000
10001e36:	d1fa      	bne.n	10001e2e <runtime_init_post_clock_resets+0xa>
10001e38:	4770      	bx	lr
10001e3a:	bf00      	nop
10001e3c:	40023000 	.word	0x40023000
10001e40:	40020000 	.word	0x40020000

10001e44 <runtime_init_bootrom_reset>:
10001e44:	b510      	push	{r4, lr}
10001e46:	f245 2053 	movw	r0, #21075	@ 0x5253
10001e4a:	f7ff ff53 	bl	10001cf4 <rom_func_lookup>
10001e4e:	e8bd 4010 	ldmia.w	sp!, {r4, lr}
10001e52:	4603      	mov	r3, r0
10001e54:	2004      	movs	r0, #4
10001e56:	4718      	bx	r3

10001e58 <runtime_init_per_core_bootrom_reset>:
10001e58:	b510      	push	{r4, lr}
10001e5a:	f245 2053 	movw	r0, #21075	@ 0x5253
10001e5e:	f7ff ff49 	bl	10001cf4 <rom_func_lookup>
10001e62:	e8bd 4010 	ldmia.w	sp!, {r4, lr}
10001e66:	4603      	mov	r3, r0
10001e68:	2001      	movs	r0, #1
10001e6a:	4718      	bx	r3

10001e6c <runtime_init_spin_locks_reset>:
10001e6c:	f7fe be42 	b.w	10000af4 <spin_locks_reset>

10001e70 <runtime_init_install_ram_vector_table>:
10001e70:	b570      	push	{r4, r5, r6, lr}
10001e72:	4914      	ldr	r1, [pc, #80]	@ (10001ec4 <runtime_init_install_ram_vector_table+0x54>)
10001e74:	4c14      	ldr	r4, [pc, #80]	@ (10001ec8 <runtime_init_install_ram_vector_table+0x58>)
10001e76:	4d15      	ldr	r5, [pc, #84]	@ (10001ecc <runtime_init_install_ram_vector_table+0x5c>)
10001e78:	1a64      	subs	r4, r4, r1
10001e7a:	10a6      	asrs	r6, r4, #2
10001e7c:	2e44      	cmp	r6, #68	@ 0x44
10001e7e:	4632      	mov	r2, r6
10001e80:	bf28      	it	cs
10001e82:	2244      	movcs	r2, #68	@ 0x44
10001e84:	4628      	mov	r0, r5
10001e86:	0092      	lsls	r2, r2, #2
10001e88:	f008 f844 	bl	10009f14 <memcpy>
10001e8c:	f5b4 7f86 	cmp.w	r4, #268	@ 0x10c
10001e90:	d813      	bhi.n	10001eba <runtime_init_install_ram_vector_table+0x4a>
10001e92:	4a0f      	ldr	r2, [pc, #60]	@ (10001ed0 <runtime_init_install_ram_vector_table+0x60>)
10001e94:	f1c6 0144 	rsb	r1, r6, #68	@ 0x44
10001e98:	d012      	beq.n	10001ec0 <runtime_init_install_ram_vector_table+0x50>
10001e9a:	192b      	adds	r3, r5, r4
10001e9c:	0848      	lsrs	r0, r1, #1
10001e9e:	eb03 00c0 	add.w	r0, r3, r0, lsl #3
10001ea2:	e9c3 2200 	strd	r2, r2, [r3]
10001ea6:	3308      	adds	r3, #8
10001ea8:	4283      	cmp	r3, r0
10001eaa:	d1fa      	bne.n	10001ea2 <runtime_init_install_ram_vector_table+0x32>
10001eac:	07cb      	lsls	r3, r1, #31
10001eae:	d504      	bpl.n	10001eba <runtime_init_install_ram_vector_table+0x4a>
10001eb0:	f021 0301 	bic.w	r3, r1, #1
10001eb4:	4433      	add	r3, r6
10001eb6:	f845 2023 	str.w	r2, [r5, r3, lsl #2]
10001eba:	4b06      	ldr	r3, [pc, #24]	@ (10001ed4 <runtime_init_install_ram_vector_table+0x64>)
10001ebc:	609d      	str	r5, [r3, #8]
10001ebe:	bd70      	pop	{r4, r5, r6, pc}
10001ec0:	2343      	movs	r3, #67	@ 0x43
10001ec2:	e7f8      	b.n	10001eb6 <runtime_init_install_ram_vector_table+0x46>
10001ec4:	10000000 	.word	0x10000000
10001ec8:	10000110 	.word	0x10000110
10001ecc:	20000000 	.word	0x20000000
10001ed0:	10000111 	.word	0x10000111
10001ed4:	e000ed00 	.word	0xe000ed00

10001ed8 <runtime_init_clocks>:
10001ed8:	2300      	movs	r3, #0
10001eda:	b570      	push	{r4, r5, r6, lr}
10001edc:	4c2b      	ldr	r4, [pc, #172]	@ (10001f8c <runtime_init_clocks+0xb4>)
10001ede:	b082      	sub	sp, #8
10001ee0:	f8c4 3084 	str.w	r3, [r4, #132]	@ 0x84
10001ee4:	f7ff ff38 	bl	10001d58 <xosc_init>
10001ee8:	2201      	movs	r2, #1
10001eea:	4b29      	ldr	r3, [pc, #164]	@ (10001f90 <runtime_init_clocks+0xb8>)
10001eec:	63da      	str	r2, [r3, #60]	@ 0x3c
10001eee:	6c63      	ldr	r3, [r4, #68]	@ 0x44
10001ef0:	2b01      	cmp	r3, #1
10001ef2:	d1fc      	bne.n	10001eee <runtime_init_clocks+0x16>
10001ef4:	2103      	movs	r1, #3
10001ef6:	4a26      	ldr	r2, [pc, #152]	@ (10001f90 <runtime_init_clocks+0xb8>)
10001ef8:	4b24      	ldr	r3, [pc, #144]	@ (10001f8c <runtime_init_clocks+0xb4>)
10001efa:	6311      	str	r1, [r2, #48]	@ 0x30
10001efc:	6b9c      	ldr	r4, [r3, #56]	@ 0x38
10001efe:	2c01      	cmp	r4, #1
10001f00:	d1fc      	bne.n	10001efc <runtime_init_clocks+0x24>
10001f02:	2602      	movs	r6, #2
10001f04:	2505      	movs	r5, #5
10001f06:	4621      	mov	r1, r4
10001f08:	2305      	movs	r3, #5
10001f0a:	4a22      	ldr	r2, [pc, #136]	@ (10001f94 <runtime_init_clocks+0xbc>)
10001f0c:	4822      	ldr	r0, [pc, #136]	@ (10001f98 <runtime_init_clocks+0xc0>)
10001f0e:	9600      	str	r6, [sp, #0]
10001f10:	f7ff fe38 	bl	10001b84 <pll_init>
10001f14:	4621      	mov	r1, r4
10001f16:	462b      	mov	r3, r5
10001f18:	4a20      	ldr	r2, [pc, #128]	@ (10001f9c <runtime_init_clocks+0xc4>)
10001f1a:	4821      	ldr	r0, [pc, #132]	@ (10001fa0 <runtime_init_clocks+0xc8>)
10001f1c:	9500      	str	r5, [sp, #0]
10001f1e:	f7ff fe31 	bl	10001b84 <pll_init>
10001f22:	2200      	movs	r2, #0
10001f24:	2004      	movs	r0, #4
10001f26:	4631      	mov	r1, r6
10001f28:	4b1e      	ldr	r3, [pc, #120]	@ (10001fa4 <runtime_init_clocks+0xcc>)
10001f2a:	f7ff fdbd 	bl	10001aa8 <clock_configure_undivided>
10001f2e:	4621      	mov	r1, r4
10001f30:	4628      	mov	r0, r5
10001f32:	2200      	movs	r2, #0
10001f34:	4b1c      	ldr	r3, [pc, #112]	@ (10001fa8 <runtime_init_clocks+0xd0>)
10001f36:	f7ff fdb7 	bl	10001aa8 <clock_configure_undivided>
10001f3a:	2200      	movs	r2, #0
10001f3c:	2008      	movs	r0, #8
10001f3e:	4611      	mov	r1, r2
10001f40:	4b1a      	ldr	r3, [pc, #104]	@ (10001fac <runtime_init_clocks+0xd4>)
10001f42:	f7ff fdb1 	bl	10001aa8 <clock_configure_undivided>
10001f46:	2200      	movs	r2, #0
10001f48:	2009      	movs	r0, #9
10001f4a:	4611      	mov	r1, r2
10001f4c:	4b17      	ldr	r3, [pc, #92]	@ (10001fac <runtime_init_clocks+0xd4>)
10001f4e:	f7ff fdab 	bl	10001aa8 <clock_configure_undivided>
10001f52:	2200      	movs	r2, #0
10001f54:	2006      	movs	r0, #6
10001f56:	4611      	mov	r1, r2
10001f58:	4b13      	ldr	r3, [pc, #76]	@ (10001fa8 <runtime_init_clocks+0xd0>)
10001f5a:	f7ff fda5 	bl	10001aa8 <clock_configure_undivided>
10001f5e:	2200      	movs	r2, #0
10001f60:	4b11      	ldr	r3, [pc, #68]	@ (10001fa8 <runtime_init_clocks+0xd0>)
10001f62:	2007      	movs	r0, #7
10001f64:	4611      	mov	r1, r2
10001f66:	f7ff fd9f 	bl	10001aa8 <clock_configure_undivided>
10001f6a:	2004      	movs	r0, #4
10001f6c:	f7ff fe04 	bl	10001b78 <clock_get_hz>
10001f70:	2400      	movs	r4, #0
10001f72:	4b0f      	ldr	r3, [pc, #60]	@ (10001fb0 <runtime_init_clocks+0xd8>)
10001f74:	fba3 3500 	umull	r3, r5, r3, r0
10001f78:	0cad      	lsrs	r5, r5, #18
10001f7a:	b2e0      	uxtb	r0, r4
10001f7c:	4629      	mov	r1, r5
10001f7e:	3401      	adds	r4, #1
10001f80:	f7ff fe92 	bl	10001ca8 <tick_start>
10001f84:	2c06      	cmp	r4, #6
10001f86:	d1f8      	bne.n	10001f7a <runtime_init_clocks+0xa2>
10001f88:	b002      	add	sp, #8
10001f8a:	bd70      	pop	{r4, r5, r6, pc}
10001f8c:	40010000 	.word	0x40010000
10001f90:	40013000 	.word	0x40013000
10001f94:	59682f00 	.word	0x59682f00
10001f98:	40050000 	.word	0x40050000
10001f9c:	47868c00 	.word	0x47868c00
10001fa0:	40058000 	.word	0x40058000
10001fa4:	00b71b00 	.word	0x00b71b00
10001fa8:	08f0d180 	.word	0x08f0d180
10001fac:	02dc6c00 	.word	0x02dc6c00
10001fb0:	431bde83 	.word	0x431bde83

10001fb4 <generic_save_state>:
10001fb4:	b086      	sub	sp, #24
10001fb6:	b403      	push	{r0, r1}
10001fb8:	fc51 0408 	dcp_pxmd r0, r1
10001fbc:	e9cd 0102 	strd	r0, r1, [sp, #8]
10001fc0:	fc51 0409 	dcp_pymd r0, r1
10001fc4:	e9cd 0104 	strd	r0, r1, [sp, #16]
10001fc8:	ec51 040a 	dcp_refd r0, r1
10001fcc:	e9cd 0106 	strd	r0, r1, [sp, #24]
10001fd0:	bc03      	pop	{r0, r1}
10001fd2:	47f0      	blx	lr

10001fd4 <generic_restore_state>:
10001fd4:	e8bd 5000 	ldmia.w	sp!, {ip, lr}
10001fd8:	ec4e c400 	dcp_wxmd ip, lr
10001fdc:	e8bd 5000 	ldmia.w	sp!, {ip, lr}
10001fe0:	ec4e c401 	dcp_wymd ip, lr
10001fe4:	e8bd 5000 	ldmia.w	sp!, {ip, lr}
10001fe8:	ec4e c402 	dcp_wefd ip, lr
10001fec:	bd00      	pop	{pc}
10001fee:	0000      	movs	r0, r0
10001ff0:	b500      	push	{lr}
10001ff2:	f7ff ffdf 	bl	10001fb4 <generic_save_state>
10001ff6:	e002      	b.n	10001ffe <__wrap___aeabi_dadd+0x6>

10001ff8 <__wrap___aeabi_dadd>:
10001ff8:	fe10 f430 	dcp_pcmp APSR_nzcv
10001ffc:	d4f8      	bmi.n	10001ff0 <generic_restore_state+0x1c>
10001ffe:	ec41 0410 	dcp_wxup r0, r1
10002002:	ec43 2411 	dcp_wyup r2, r3
10002006:	ee00 0401 	dcp_add0
1000200a:	ee10 0401 	dcp_add1
1000200e:	ee80 0420 	dcp_nrdd
10002012:	ec51 0410 	dcp_rdda r0, r1
10002016:	4770      	bx	lr
10002018:	b500      	push	{lr}
1000201a:	f7ff ffcb 	bl	10001fb4 <generic_save_state>
1000201e:	e002      	b.n	10002026 <__wrap___aeabi_dsub+0x6>

10002020 <__wrap___aeabi_dsub>:
10002020:	fe10 f430 	dcp_pcmp APSR_nzcv
10002024:	d4f8      	bmi.n	10002018 <__wrap___aeabi_dadd+0x20>
10002026:	ec41 0410 	dcp_wxup r0, r1
1000202a:	ec43 2411 	dcp_wyup r2, r3
1000202e:	ee00 0401 	dcp_add0
10002032:	ee10 0421 	dcp_sub1
10002036:	ee80 0420 	dcp_nrdd
1000203a:	ec51 0430 	dcp_rdds r0, r1
1000203e:	4770      	bx	lr
10002040:	b500      	push	{lr}
10002042:	f7ff ffb7 	bl	10001fb4 <generic_save_state>
10002046:	e002      	b.n	1000204e <__wrap___aeabi_dmul+0x6>

10002048 <__wrap___aeabi_dmul>:
10002048:	fe10 f430 	dcp_pcmp APSR_nzcv
1000204c:	d4f8      	bmi.n	10002040 <__wrap___aeabi_dsub+0x20>
1000204e:	b510      	push	{r4, lr}
10002050:	ec41 0410 	dcp_wxup r0, r1
10002054:	ec43 2411 	dcp_wyup r2, r3
10002058:	ec51 0404 	dcp_rxms r0, r1, #0x0
1000205c:	ec53 2405 	dcp_ryms r2, r3, #0x0
10002060:	fba0 4c02 	umull	r4, ip, r0, r2
10002064:	f05f 0e00 	movs.w	lr, #0
10002068:	fbe0 ce03 	umlal	ip, lr, r0, r3
1000206c:	fbe1 ce02 	umlal	ip, lr, r1, r2
10002070:	ec4c 4420 	dcp_wxms r4, ip
10002074:	2400      	movs	r4, #0
10002076:	fbe1 e403 	umlal	lr, r4, r1, r3
1000207a:	ec44 e430 	dcp_wxmo lr, r4
1000207e:	ee80 0420 	dcp_nrdd
10002082:	ec51 0450 	dcp_rddm r0, r1
10002086:	e8bd 4010 	ldmia.w	sp!, {r4, lr}
1000208a:	4770      	bx	lr
1000208c:	b500      	push	{lr}
1000208e:	f7ff ff91 	bl	10001fb4 <generic_save_state>
10002092:	e002      	b.n	1000209a <__wrap___aeabi_ddiv+0x6>

10002094 <__wrap___aeabi_ddiv>:
10002094:	fe10 f430 	dcp_pcmp APSR_nzcv
10002098:	d4f8      	bmi.n	1000208c <__wrap___aeabi_dmul+0x44>
1000209a:	ec41 0410 	dcp_wxup r0, r1
1000209e:	ec43 2411 	dcp_wyup r2, r3
100020a2:	ec51 0421 	dcp_rymr r0, r1
100020a6:	fba0 1201 	umull	r1, r2, r0, r1
100020aa:	ea6f 0282 	mvn.w	r2, r2, lsl #2
100020ae:	fb52 0010 	smmlar	r0, r2, r0, r0
100020b2:	fb52 f212 	smmulr	r2, r2, r2
100020b6:	fb52 0010 	smmlar	r0, r2, r0, r0
100020ba:	eba0 7cd0 	sub.w	ip, r0, r0, lsr #31
100020be:	ec53 2404 	dcp_rxms r2, r3, #0x0
100020c2:	fb5c f113 	smmulr	r1, ip, r3
100020c6:	ec53 2415 	dcp_ryms r2, r3, #0x1
100020ca:	fba1 2002 	umull	r2, r0, r1, r2
100020ce:	fb01 0003 	mla	r0, r1, r3, r0
100020d2:	ec53 2444 	dcp_rxms r2, r3, #0x4
100020d6:	eba2 0000 	sub.w	r0, r2, r0
100020da:	fb50 f21c 	smmulr	r2, r0, ip
100020de:	ea4f 1311 	mov.w	r3, r1, lsr #4
100020e2:	eb12 7001 	adds.w	r0, r2, r1, lsl #28
100020e6:	eb43 71e2 	adc.w	r1, r3, r2, asr #31
100020ea:	ea40 5051 	orr.w	r0, r0, r1, lsr #21
100020ee:	ea20 5091 	bic.w	r0, r0, r1, lsr #22
100020f2:	f020 0007 	bic.w	r0, r0, #7
100020f6:	ec53 2475 	dcp_ryms r2, r3, #0x7
100020fa:	fba0 3c02 	umull	r3, ip, r0, r2
100020fe:	ec53 2475 	dcp_ryms r2, r3, #0x7
10002102:	fb00 cc03 	mla	ip, r0, r3, ip
10002106:	fb01 cc02 	mla	ip, r1, r2, ip
1000210a:	ec53 2404 	dcp_rxms r2, r3, #0x0
1000210e:	ebac 4c82 	sub.w	ip, ip, r2, lsl #18
10002112:	ea40 705c 	orr.w	r0, r0, ip, lsr #29
10002116:	f1a0 0001 	sub.w	r0, r0, #1
1000211a:	ec41 0440 	dcp_wxdd r0, r1
1000211e:	ee80 0420 	dcp_nrdd
10002122:	ec51 0470 	dcp_rddd r0, r1
10002126:	4770      	bx	lr
10002128:	b500      	push	{lr}
1000212a:	f7ff ff43 	bl	10001fb4 <generic_save_state>
1000212e:	e002      	b.n	10002136 <__wrap___aeabi_i2d+0x6>

10002130 <__wrap___aeabi_i2d>:
10002130:	fe10 f430 	dcp_pcmp APSR_nzcv
10002134:	d4f8      	bmi.n	10002128 <__wrap___aeabi_ddiv+0x94>
10002136:	ec40 0470 	dcp_wxic r0, r0
1000213a:	ee00 0401 	dcp_add0
1000213e:	ee10 0421 	dcp_sub1
10002142:	ee80 0420 	dcp_nrdd
10002146:	ec51 0430 	dcp_rdds r0, r1
1000214a:	4770      	bx	lr
1000214c:	b500      	push	{lr}
1000214e:	f7ff ff31 	bl	10001fb4 <generic_save_state>
10002152:	e002      	b.n	1000215a <__wrap___aeabi_ui2d+0x6>

10002154 <__wrap___aeabi_ui2d>:
10002154:	fe10 f430 	dcp_pcmp APSR_nzcv
10002158:	d4f8      	bmi.n	1000214c <__wrap___aeabi_i2d+0x1c>
1000215a:	ec40 0460 	dcp_wxuc r0, r0
1000215e:	ee00 0401 	dcp_add0
10002162:	ee10 0421 	dcp_sub1
10002166:	ee80 0420 	dcp_nrdd
1000216a:	ec51 0430 	dcp_rdds r0, r1
1000216e:	4770      	bx	lr
10002170:	b500      	push	{lr}
10002172:	f7ff ff1f 	bl	10001fb4 <generic_save_state>
10002176:	e002      	b.n	1000217e <double2int_z_entry>

10002178 <__wrap___aeabi_d2iz>:
10002178:	fe10 f430 	dcp_pcmp APSR_nzcv
1000217c:	d4f8      	bmi.n	10002170 <__wrap___aeabi_ui2d+0x1c>

1000217e <double2int_z_entry>:
1000217e:	ec41 0480 	dcp_wxdc r0, r1
10002182:	ee00 0401 	dcp_add0
10002186:	ee10 0401 	dcp_add1
1000218a:	ee80 0440 	dcp_ntdc
1000218e:	ee10 0413 	dcp_rdic r0
10002192:	4770      	bx	lr
10002194:	b500      	push	{lr}
10002196:	f7ff ff0d 	bl	10001fb4 <generic_save_state>
1000219a:	e002      	b.n	100021a2 <double2uint_z_entry>

1000219c <__wrap___aeabi_d2uiz>:
1000219c:	fe10 f430 	dcp_pcmp APSR_nzcv
100021a0:	d4f8      	bmi.n	10002194 <double2int_z_entry+0x16>

100021a2 <double2uint_z_entry>:
100021a2:	ec41 0480 	dcp_wxdc r0, r1
100021a6:	ee00 0401 	dcp_add0
100021aa:	ee10 0401 	dcp_add1
100021ae:	ee80 0440 	dcp_ntdc
100021b2:	ee10 0433 	dcp_rduc r0
100021b6:	4770      	bx	lr
100021b8:	b500      	push	{lr}
100021ba:	f7ff fefb 	bl	10001fb4 <generic_save_state>
100021be:	e002      	b.n	100021c6 <__wrap___aeabi_dcmpun+0x6>

100021c0 <__wrap___aeabi_dcmpun>:
100021c0:	fe10 f430 	dcp_pcmp APSR_nzcv
100021c4:	d4f8      	bmi.n	100021b8 <double2uint_z_entry+0x16>
100021c6:	ec41 0410 	dcp_wxup r0, r1
100021ca:	ec43 2411 	dcp_wyup r2, r3
100021ce:	ee00 0401 	dcp_add0
100021d2:	ee10 0430 	dcp_rcmp r0
100021d6:	f3c0 7000 	ubfx	r0, r0, #28, #1
100021da:	4770      	bx	lr
100021dc:	b500      	push	{lr}
100021de:	f7ff fee9 	bl	10001fb4 <generic_save_state>
100021e2:	e002      	b.n	100021ea <__wrap___aeabi_dcmplt+0x6>

100021e4 <__wrap___aeabi_dcmplt>:
100021e4:	fe10 f430 	dcp_pcmp APSR_nzcv
100021e8:	d4f8      	bmi.n	100021dc <__wrap___aeabi_dcmpun+0x1c>
100021ea:	ec43 2410 	dcp_wxup r2, r3
100021ee:	ec41 0411 	dcp_wyup r0, r1
100021f2:	ee00 0401 	dcp_add0
100021f6:	ee10 f430 	dcp_rcmp APSR_nzcv
100021fa:	bf8c      	ite	hi
100021fc:	2001      	movhi	r0, #1
100021fe:	2000      	movls	r0, #0
10002200:	4770      	bx	lr
10002202:	bf00      	nop
10002204:	b500      	push	{lr}
10002206:	f7ff fed5 	bl	10001fb4 <generic_save_state>
1000220a:	e002      	b.n	10002212 <__wrap___aeabi_dcmpge+0x6>

1000220c <__wrap___aeabi_dcmpge>:
1000220c:	fe10 f430 	dcp_pcmp APSR_nzcv
10002210:	d4f8      	bmi.n	10002204 <__wrap___aeabi_dcmplt+0x20>
10002212:	ec41 0410 	dcp_wxup r0, r1
10002216:	ec43 2411 	dcp_wyup r2, r3
1000221a:	ee00 0401 	dcp_add0
1000221e:	ee10 f430 	dcp_rcmp APSR_nzcv
10002222:	bf2c      	ite	cs
10002224:	2001      	movcs	r0, #1
10002226:	2000      	movcc	r0, #0
10002228:	4770      	bx	lr
1000222a:	bf00      	nop
1000222c:	b500      	push	{lr}
1000222e:	f7ff fec1 	bl	10001fb4 <generic_save_state>
10002232:	e002      	b.n	1000223a <__wrap___aeabi_dcmpgt+0x6>

10002234 <__wrap___aeabi_dcmpgt>:
10002234:	fe10 f430 	dcp_pcmp APSR_nzcv
10002238:	d4f8      	bmi.n	1000222c <__wrap___aeabi_dcmpge+0x20>
1000223a:	ec41 0410 	dcp_wxup r0, r1
1000223e:	ec43 2411 	dcp_wyup r2, r3
10002242:	ee00 0401 	dcp_add0
10002246:	ee10 f430 	dcp_rcmp APSR_nzcv
1000224a:	bf8c      	ite	hi
1000224c:	2001      	movhi	r0, #1
1000224e:	2000      	movls	r0, #0
10002250:	4770      	bx	lr
10002252:	bf00      	nop

10002254 <_out_null>:
10002254:	4770      	bx	lr
10002256:	bf00      	nop

10002258 <_out_rev>:
10002258:	e92d 4ff0 	stmdb	sp!, {r4, r5, r6, r7, r8, r9, sl, fp, lr}
1000225c:	b083      	sub	sp, #12
1000225e:	4699      	mov	r9, r3
10002260:	e9dd ab0d 	ldrd	sl, fp, [sp, #52]	@ 0x34
10002264:	9b0f      	ldr	r3, [sp, #60]	@ 0x3c
10002266:	4688      	mov	r8, r1
10002268:	4611      	mov	r1, r2
1000226a:	079a      	lsls	r2, r3, #30
1000226c:	4607      	mov	r7, r0
1000226e:	d116      	bne.n	1000229e <_out_rev+0x46>
10002270:	45da      	cmp	sl, fp
10002272:	d23a      	bcs.n	100022ea <_out_rev+0x92>
10002274:	460c      	mov	r4, r1
10002276:	460d      	mov	r5, r1
10002278:	ebab 060a 	sub.w	r6, fp, sl
1000227c:	440e      	add	r6, r1
1000227e:	4622      	mov	r2, r4
10002280:	464b      	mov	r3, r9
10002282:	4641      	mov	r1, r8
10002284:	2020      	movs	r0, #32
10002286:	3401      	adds	r4, #1
10002288:	47b8      	blx	r7
1000228a:	42b4      	cmp	r4, r6
1000228c:	d1f7      	bne.n	1000227e <_out_rev+0x26>
1000228e:	4629      	mov	r1, r5
10002290:	f1ba 0f00 	cmp.w	sl, #0
10002294:	d108      	bne.n	100022a8 <_out_rev+0x50>
10002296:	4620      	mov	r0, r4
10002298:	b003      	add	sp, #12
1000229a:	e8bd 8ff0 	ldmia.w	sp!, {r4, r5, r6, r7, r8, r9, sl, fp, pc}
1000229e:	460c      	mov	r4, r1
100022a0:	f1ba 0f00 	cmp.w	sl, #0
100022a4:	d010      	beq.n	100022c8 <_out_rev+0x70>
100022a6:	460e      	mov	r6, r1
100022a8:	4655      	mov	r5, sl
100022aa:	9b0c      	ldr	r3, [sp, #48]	@ 0x30
100022ac:	442e      	add	r6, r5
100022ae:	449a      	add	sl, r3
100022b0:	9101      	str	r1, [sp, #4]
100022b2:	1b72      	subs	r2, r6, r5
100022b4:	464b      	mov	r3, r9
100022b6:	3d01      	subs	r5, #1
100022b8:	4641      	mov	r1, r8
100022ba:	f81a 0d01 	ldrb.w	r0, [sl, #-1]!
100022be:	4634      	mov	r4, r6
100022c0:	47b8      	blx	r7
100022c2:	2d00      	cmp	r5, #0
100022c4:	d1f5      	bne.n	100022b2 <_out_rev+0x5a>
100022c6:	9901      	ldr	r1, [sp, #4]
100022c8:	9b0f      	ldr	r3, [sp, #60]	@ 0x3c
100022ca:	079b      	lsls	r3, r3, #30
100022cc:	d5e3      	bpl.n	10002296 <_out_rev+0x3e>
100022ce:	1a65      	subs	r5, r4, r1
100022d0:	45ab      	cmp	fp, r5
100022d2:	d9e0      	bls.n	10002296 <_out_rev+0x3e>
100022d4:	4622      	mov	r2, r4
100022d6:	464b      	mov	r3, r9
100022d8:	4641      	mov	r1, r8
100022da:	2020      	movs	r0, #32
100022dc:	3501      	adds	r5, #1
100022de:	47b8      	blx	r7
100022e0:	455d      	cmp	r5, fp
100022e2:	f104 0401 	add.w	r4, r4, #1
100022e6:	d3f5      	bcc.n	100022d4 <_out_rev+0x7c>
100022e8:	e7d5      	b.n	10002296 <_out_rev+0x3e>
100022ea:	f1ba 0f00 	cmp.w	sl, #0
100022ee:	d1da      	bne.n	100022a6 <_out_rev+0x4e>
100022f0:	460c      	mov	r4, r1
100022f2:	e7d0      	b.n	10002296 <_out_rev+0x3e>

100022f4 <_ntoa_format>:
100022f4:	e92d 4ff0 	stmdb	sp!, {r4, r5, r6, r7, r8, r9, sl, fp, lr}
100022f8:	9f0f      	ldr	r7, [sp, #60]	@ 0x3c
100022fa:	f8dd e024 	ldr.w	lr, [sp, #36]	@ 0x24
100022fe:	f017 0f02 	tst.w	r7, #2
10002302:	9c0a      	ldr	r4, [sp, #40]	@ 0x28
10002304:	f89d 902c 	ldrb.w	r9, [sp, #44]	@ 0x2c
10002308:	9d0e      	ldr	r5, [sp, #56]	@ 0x38
1000230a:	e9dd 860c 	ldrd	r8, r6, [sp, #48]	@ 0x30
1000230e:	d129      	bne.n	10002364 <_ntoa_format+0x70>
10002310:	2d00      	cmp	r5, #0
10002312:	d16f      	bne.n	100023f4 <_ntoa_format+0x100>
10002314:	42b4      	cmp	r4, r6
10002316:	d225      	bcs.n	10002364 <_ntoa_format+0x70>
10002318:	2c20      	cmp	r4, #32
1000231a:	f007 0b01 	and.w	fp, r7, #1
1000231e:	f000 8112 	beq.w	10002546 <_ntoa_format+0x252>
10002322:	f104 3cff 	add.w	ip, r4, #4294967295	@ 0xffffffff
10002326:	f04f 0a30 	mov.w	sl, #48	@ 0x30
1000232a:	44f4      	add	ip, lr
1000232c:	e001      	b.n	10002332 <_ntoa_format+0x3e>
1000232e:	2c20      	cmp	r4, #32
10002330:	d07a      	beq.n	10002428 <_ntoa_format+0x134>
10002332:	3401      	adds	r4, #1
10002334:	42a6      	cmp	r6, r4
10002336:	f80c af01 	strb.w	sl, [ip, #1]!
1000233a:	d8f8      	bhi.n	1000232e <_ntoa_format+0x3a>
1000233c:	f1bb 0f00 	cmp.w	fp, #0
10002340:	d010      	beq.n	10002364 <_ntoa_format+0x70>
10002342:	42ac      	cmp	r4, r5
10002344:	d20e      	bcs.n	10002364 <_ntoa_format+0x70>
10002346:	2c20      	cmp	r4, #32
10002348:	d074      	beq.n	10002434 <_ntoa_format+0x140>
1000234a:	f104 3cff 	add.w	ip, r4, #4294967295	@ 0xffffffff
1000234e:	f04f 0a30 	mov.w	sl, #48	@ 0x30
10002352:	44f4      	add	ip, lr
10002354:	e001      	b.n	1000235a <_ntoa_format+0x66>
10002356:	2c20      	cmp	r4, #32
10002358:	d029      	beq.n	100023ae <_ntoa_format+0xba>
1000235a:	3401      	adds	r4, #1
1000235c:	42ac      	cmp	r4, r5
1000235e:	f80c af01 	strb.w	sl, [ip, #1]!
10002362:	d1f8      	bne.n	10002356 <_ntoa_format+0x62>
10002364:	f017 0f10 	tst.w	r7, #16
10002368:	d03a      	beq.n	100023e0 <_ntoa_format+0xec>
1000236a:	f417 6f80 	tst.w	r7, #1024	@ 0x400
1000236e:	d128      	bne.n	100023c2 <_ntoa_format+0xce>
10002370:	bb1c      	cbnz	r4, 100023ba <_ntoa_format+0xc6>
10002372:	f1b8 0f10 	cmp.w	r8, #16
10002376:	f000 80ca 	beq.w	1000250e <_ntoa_format+0x21a>
1000237a:	f1b8 0f02 	cmp.w	r8, #2
1000237e:	f000 80d4 	beq.w	1000252a <_ntoa_format+0x236>
10002382:	2430      	movs	r4, #48	@ 0x30
10002384:	f88e 4000 	strb.w	r4, [lr]
10002388:	2401      	movs	r4, #1
1000238a:	f1b9 0f00 	cmp.w	r9, #0
1000238e:	d167      	bne.n	10002460 <_ntoa_format+0x16c>
10002390:	077e      	lsls	r6, r7, #29
10002392:	f140 80aa 	bpl.w	100024ea <_ntoa_format+0x1f6>
10002396:	262b      	movs	r6, #43	@ 0x2b
10002398:	f80e 6004 	strb.w	r6, [lr, r4]
1000239c:	3401      	adds	r4, #1
1000239e:	e9cd 570b 	strd	r5, r7, [sp, #44]	@ 0x2c
100023a2:	e9cd e409 	strd	lr, r4, [sp, #36]	@ 0x24
100023a6:	e8bd 4ff0 	ldmia.w	sp!, {r4, r5, r6, r7, r8, r9, sl, fp, lr}
100023aa:	f7ff bf55 	b.w	10002258 <_out_rev>
100023ae:	06fc      	lsls	r4, r7, #27
100023b0:	f140 8089 	bpl.w	100024c6 <_ntoa_format+0x1d2>
100023b4:	057c      	lsls	r4, r7, #21
100023b6:	d435      	bmi.n	10002424 <_ntoa_format+0x130>
100023b8:	2420      	movs	r4, #32
100023ba:	42a6      	cmp	r6, r4
100023bc:	d06a      	beq.n	10002494 <_ntoa_format+0x1a0>
100023be:	42ac      	cmp	r4, r5
100023c0:	d068      	beq.n	10002494 <_ntoa_format+0x1a0>
100023c2:	f1b8 0f10 	cmp.w	r8, #16
100023c6:	f000 8087 	beq.w	100024d8 <_ntoa_format+0x1e4>
100023ca:	f1b8 0f02 	cmp.w	r8, #2
100023ce:	d05a      	beq.n	10002486 <_ntoa_format+0x192>
100023d0:	2c20      	cmp	r4, #32
100023d2:	d0e4      	beq.n	1000239e <_ntoa_format+0xaa>
100023d4:	4626      	mov	r6, r4
100023d6:	3401      	adds	r4, #1
100023d8:	f04f 0c30 	mov.w	ip, #48	@ 0x30
100023dc:	f80e c006 	strb.w	ip, [lr, r6]
100023e0:	2c20      	cmp	r4, #32
100023e2:	d1d2      	bne.n	1000238a <_ntoa_format+0x96>
100023e4:	e9cd 570b 	strd	r5, r7, [sp, #44]	@ 0x2c
100023e8:	e9cd e409 	strd	lr, r4, [sp, #36]	@ 0x24
100023ec:	e8bd 4ff0 	ldmia.w	sp!, {r4, r5, r6, r7, r8, r9, sl, fp, lr}
100023f0:	f7ff bf32 	b.w	10002258 <_out_rev>
100023f4:	f017 0b01 	ands.w	fp, r7, #1
100023f8:	d03e      	beq.n	10002478 <_ntoa_format+0x184>
100023fa:	f1b9 0f00 	cmp.w	r9, #0
100023fe:	d147      	bne.n	10002490 <_ntoa_format+0x19c>
10002400:	f017 0f0c 	tst.w	r7, #12
10002404:	d144      	bne.n	10002490 <_ntoa_format+0x19c>
10002406:	42b4      	cmp	r4, r6
10002408:	d29b      	bcs.n	10002342 <_ntoa_format+0x4e>
1000240a:	2c20      	cmp	r4, #32
1000240c:	d189      	bne.n	10002322 <_ntoa_format+0x2e>
1000240e:	2d20      	cmp	r5, #32
10002410:	d810      	bhi.n	10002434 <_ntoa_format+0x140>
10002412:	06fc      	lsls	r4, r7, #27
10002414:	d557      	bpl.n	100024c6 <_ntoa_format+0x1d2>
10002416:	057c      	lsls	r4, r7, #21
10002418:	d455      	bmi.n	100024c6 <_ntoa_format+0x1d2>
1000241a:	2e20      	cmp	r6, #32
1000241c:	f000 80b9 	beq.w	10002592 <_ntoa_format+0x29e>
10002420:	2d20      	cmp	r5, #32
10002422:	d010      	beq.n	10002446 <_ntoa_format+0x152>
10002424:	2420      	movs	r4, #32
10002426:	e7cc      	b.n	100023c2 <_ntoa_format+0xce>
10002428:	f1bb 0f00 	cmp.w	fp, #0
1000242c:	f000 80a5 	beq.w	1000257a <_ntoa_format+0x286>
10002430:	2d20      	cmp	r5, #32
10002432:	d9bc      	bls.n	100023ae <_ntoa_format+0xba>
10002434:	06fc      	lsls	r4, r7, #27
10002436:	d546      	bpl.n	100024c6 <_ntoa_format+0x1d2>
10002438:	057c      	lsls	r4, r7, #21
1000243a:	d444      	bmi.n	100024c6 <_ntoa_format+0x1d2>
1000243c:	2e20      	cmp	r6, #32
1000243e:	f000 80a8 	beq.w	10002592 <_ntoa_format+0x29e>
10002442:	2d20      	cmp	r5, #32
10002444:	d13f      	bne.n	100024c6 <_ntoa_format+0x1d2>
10002446:	462c      	mov	r4, r5
10002448:	261f      	movs	r6, #31
1000244a:	f1b8 0f10 	cmp.w	r8, #16
1000244e:	d07f      	beq.n	10002550 <_ntoa_format+0x25c>
10002450:	f1b8 0f02 	cmp.w	r8, #2
10002454:	d1c0      	bne.n	100023d8 <_ntoa_format+0xe4>
10002456:	f04f 0c62 	mov.w	ip, #98	@ 0x62
1000245a:	f80e c006 	strb.w	ip, [lr, r6]
1000245e:	e7b7      	b.n	100023d0 <_ntoa_format+0xdc>
10002460:	262d      	movs	r6, #45	@ 0x2d
10002462:	f80e 6004 	strb.w	r6, [lr, r4]
10002466:	3401      	adds	r4, #1
10002468:	e9cd 570b 	strd	r5, r7, [sp, #44]	@ 0x2c
1000246c:	e9cd e409 	strd	lr, r4, [sp, #36]	@ 0x24
10002470:	e8bd 4ff0 	ldmia.w	sp!, {r4, r5, r6, r7, r8, r9, sl, fp, lr}
10002474:	f7ff bef0 	b.w	10002258 <_out_rev>
10002478:	42b4      	cmp	r4, r6
1000247a:	f4bf af73 	bcs.w	10002364 <_ntoa_format+0x70>
1000247e:	2c20      	cmp	r4, #32
10002480:	f47f af4f 	bne.w	10002322 <_ntoa_format+0x2e>
10002484:	e7d6      	b.n	10002434 <_ntoa_format+0x140>
10002486:	2c20      	cmp	r4, #32
10002488:	d089      	beq.n	1000239e <_ntoa_format+0xaa>
1000248a:	4626      	mov	r6, r4
1000248c:	3401      	adds	r4, #1
1000248e:	e7e2      	b.n	10002456 <_ntoa_format+0x162>
10002490:	3d01      	subs	r5, #1
10002492:	e7b8      	b.n	10002406 <_ntoa_format+0x112>
10002494:	1e66      	subs	r6, r4, #1
10002496:	d1d8      	bne.n	1000244a <_ntoa_format+0x156>
10002498:	f1b8 0f10 	cmp.w	r8, #16
1000249c:	d064      	beq.n	10002568 <_ntoa_format+0x274>
1000249e:	f1b8 0f02 	cmp.w	r8, #2
100024a2:	f47f af6e 	bne.w	10002382 <_ntoa_format+0x8e>
100024a6:	2662      	movs	r6, #98	@ 0x62
100024a8:	f88e 6000 	strb.w	r6, [lr]
100024ac:	2630      	movs	r6, #48	@ 0x30
100024ae:	4644      	mov	r4, r8
100024b0:	f88e 6001 	strb.w	r6, [lr, #1]
100024b4:	f1b9 0f00 	cmp.w	r9, #0
100024b8:	f43f af6a 	beq.w	10002390 <_ntoa_format+0x9c>
100024bc:	e7d0      	b.n	10002460 <_ntoa_format+0x16c>
100024be:	f1b8 0f10 	cmp.w	r8, #16
100024c2:	f47f af6c 	bne.w	1000239e <_ntoa_format+0xaa>
100024c6:	2420      	movs	r4, #32
100024c8:	e9cd 570b 	strd	r5, r7, [sp, #44]	@ 0x2c
100024cc:	e9cd e409 	strd	lr, r4, [sp, #36]	@ 0x24
100024d0:	e8bd 4ff0 	ldmia.w	sp!, {r4, r5, r6, r7, r8, r9, sl, fp, lr}
100024d4:	f7ff bec0 	b.w	10002258 <_out_rev>
100024d8:	06be      	lsls	r6, r7, #26
100024da:	d40e      	bmi.n	100024fa <_ntoa_format+0x206>
100024dc:	2c20      	cmp	r4, #32
100024de:	d0f2      	beq.n	100024c6 <_ntoa_format+0x1d2>
100024e0:	2678      	movs	r6, #120	@ 0x78
100024e2:	f80e 6004 	strb.w	r6, [lr, r4]
100024e6:	3401      	adds	r4, #1
100024e8:	e772      	b.n	100023d0 <_ntoa_format+0xdc>
100024ea:	073e      	lsls	r6, r7, #28
100024ec:	f57f af57 	bpl.w	1000239e <_ntoa_format+0xaa>
100024f0:	2620      	movs	r6, #32
100024f2:	f80e 6004 	strb.w	r6, [lr, r4]
100024f6:	3401      	adds	r4, #1
100024f8:	e751      	b.n	1000239e <_ntoa_format+0xaa>
100024fa:	2c20      	cmp	r4, #32
100024fc:	d0e3      	beq.n	100024c6 <_ntoa_format+0x1d2>
100024fe:	f04f 0c58 	mov.w	ip, #88	@ 0x58
10002502:	eb0e 0604 	add.w	r6, lr, r4
10002506:	f886 c000 	strb.w	ip, [r6]
1000250a:	3401      	adds	r4, #1
1000250c:	e760      	b.n	100023d0 <_ntoa_format+0xdc>
1000250e:	06be      	lsls	r6, r7, #26
10002510:	d517      	bpl.n	10002542 <_ntoa_format+0x24e>
10002512:	2458      	movs	r4, #88	@ 0x58
10002514:	f88e 4000 	strb.w	r4, [lr]
10002518:	2430      	movs	r4, #48	@ 0x30
1000251a:	f88e 4001 	strb.w	r4, [lr, #1]
1000251e:	2402      	movs	r4, #2
10002520:	f1b9 0f00 	cmp.w	r9, #0
10002524:	f43f af34 	beq.w	10002390 <_ntoa_format+0x9c>
10002528:	e79a      	b.n	10002460 <_ntoa_format+0x16c>
1000252a:	2462      	movs	r4, #98	@ 0x62
1000252c:	f88e 4000 	strb.w	r4, [lr]
10002530:	2430      	movs	r4, #48	@ 0x30
10002532:	f88e 4001 	strb.w	r4, [lr, #1]
10002536:	2402      	movs	r4, #2
10002538:	f1b9 0f00 	cmp.w	r9, #0
1000253c:	f43f af28 	beq.w	10002390 <_ntoa_format+0x9c>
10002540:	e78e      	b.n	10002460 <_ntoa_format+0x16c>
10002542:	2478      	movs	r4, #120	@ 0x78
10002544:	e7f2      	b.n	1000252c <_ntoa_format+0x238>
10002546:	f1bb 0f00 	cmp.w	fp, #0
1000254a:	f47f af62 	bne.w	10002412 <_ntoa_format+0x11e>
1000254e:	e771      	b.n	10002434 <_ntoa_format+0x140>
10002550:	f017 0f20 	tst.w	r7, #32
10002554:	bf0c      	ite	eq
10002556:	f04f 0c78 	moveq.w	ip, #120	@ 0x78
1000255a:	f04f 0c58 	movne.w	ip, #88	@ 0x58
1000255e:	1ea6      	subs	r6, r4, #2
10002560:	f80e c006 	strb.w	ip, [lr, r6]
10002564:	3c01      	subs	r4, #1
10002566:	e735      	b.n	100023d4 <_ntoa_format+0xe0>
10002568:	06bc      	lsls	r4, r7, #26
1000256a:	d5ea      	bpl.n	10002542 <_ntoa_format+0x24e>
1000256c:	2458      	movs	r4, #88	@ 0x58
1000256e:	f88e 4000 	strb.w	r4, [lr]
10002572:	2430      	movs	r4, #48	@ 0x30
10002574:	f88e 4001 	strb.w	r4, [lr, #1]
10002578:	e7dd      	b.n	10002536 <_ntoa_format+0x242>
1000257a:	f017 0f10 	tst.w	r7, #16
1000257e:	f43f af0e 	beq.w	1000239e <_ntoa_format+0xaa>
10002582:	f417 6f80 	tst.w	r7, #1024	@ 0x400
10002586:	d19a      	bne.n	100024be <_ntoa_format+0x1ca>
10002588:	2e20      	cmp	r6, #32
1000258a:	f47f af18 	bne.w	100023be <_ntoa_format+0xca>
1000258e:	261f      	movs	r6, #31
10002590:	e75b      	b.n	1000244a <_ntoa_format+0x156>
10002592:	4634      	mov	r4, r6
10002594:	261f      	movs	r6, #31
10002596:	e758      	b.n	1000244a <_ntoa_format+0x156>

10002598 <_out_char>:
10002598:	b900      	cbnz	r0, 1000259c <_out_char+0x4>
1000259a:	4770      	bx	lr
1000259c:	f001 ba86 	b.w	10003aac <__wrap_putchar>

100025a0 <_out_fct>:
100025a0:	b110      	cbz	r0, 100025a8 <_out_fct+0x8>
100025a2:	e9d1 3100 	ldrd	r3, r1, [r1]
100025a6:	4718      	bx	r3
100025a8:	4770      	bx	lr
100025aa:	bf00      	nop
100025ac:	0000      	movs	r0, r0
	...

100025b0 <_etoa>:
100025b0:	e92d 4ff0 	stmdb	sp!, {r4, r5, r6, r7, r8, r9, sl, fp, lr}
100025b4:	b09f      	sub	sp, #124	@ 0x7c
100025b6:	ed9d 7b28 	vldr	d7, [sp, #160]	@ 0xa0
100025ba:	e9dd a52a 	ldrd	sl, r5, [sp, #168]	@ 0xa8
100025be:	ec58 7b17 	vmov	r7, r8, d7
100025c2:	4683      	mov	fp, r0
100025c4:	461e      	mov	r6, r3
100025c6:	910d      	str	r1, [sp, #52]	@ 0x34
100025c8:	9210      	str	r2, [sp, #64]	@ 0x40
100025ca:	4643      	mov	r3, r8
100025cc:	463a      	mov	r2, r7
100025ce:	4638      	mov	r0, r7
100025d0:	4641      	mov	r1, r8
100025d2:	ed8d 7b08 	vstr	d7, [sp, #32]
100025d6:	9c2c      	ldr	r4, [sp, #176]	@ 0xb0
100025d8:	f7ff fdf2 	bl	100021c0 <__wrap___aeabi_dcmpun>
100025dc:	2800      	cmp	r0, #0
100025de:	f040 80d8 	bne.w	10002792 <_etoa+0x1e2>
100025e2:	4638      	mov	r0, r7
100025e4:	4641      	mov	r1, r8
100025e6:	f04f 32ff 	mov.w	r2, #4294967295	@ 0xffffffff
100025ea:	4b75      	ldr	r3, [pc, #468]	@ (100027c0 <_etoa+0x210>)
100025ec:	f7ff fe22 	bl	10002234 <__wrap___aeabi_dcmpgt>
100025f0:	2800      	cmp	r0, #0
100025f2:	f040 80ce 	bne.w	10002792 <_etoa+0x1e2>
100025f6:	4638      	mov	r0, r7
100025f8:	4641      	mov	r1, r8
100025fa:	f04f 32ff 	mov.w	r2, #4294967295	@ 0xffffffff
100025fe:	f46f 1380 	mvn.w	r3, #1048576	@ 0x100000
10002602:	f7ff fdef 	bl	100021e4 <__wrap___aeabi_dcmplt>
10002606:	2800      	cmp	r0, #0
10002608:	f040 80c3 	bne.w	10002792 <_etoa+0x1e2>
1000260c:	e9dd 7808 	ldrd	r7, r8, [sp, #32]
10002610:	2200      	movs	r2, #0
10002612:	4638      	mov	r0, r7
10002614:	4641      	mov	r1, r8
10002616:	2300      	movs	r3, #0
10002618:	f7ff fde4 	bl	100021e4 <__wrap___aeabi_dcmplt>
1000261c:	2800      	cmp	r0, #0
1000261e:	f040 81c0 	bne.w	100029a2 <_etoa+0x3f2>
10002622:	e9cd 780a 	strd	r7, r8, [sp, #40]	@ 0x28
10002626:	e9dd 230a 	ldrd	r2, r3, [sp, #40]	@ 0x28
1000262a:	4690      	mov	r8, r2
1000262c:	461f      	mov	r7, r3
1000262e:	f414 6380 	ands.w	r3, r4, #1024	@ 0x400
10002632:	bf08      	it	eq
10002634:	f04f 0a06 	moveq.w	sl, #6
10002638:	9313      	str	r3, [sp, #76]	@ 0x4c
1000263a:	f404 6200 	and.w	r2, r4, #2048	@ 0x800
1000263e:	ea58 0307 	orrs.w	r3, r8, r7
10002642:	9211      	str	r2, [sp, #68]	@ 0x44
10002644:	f040 80c0 	bne.w	100027c8 <_etoa+0x218>
10002648:	2a00      	cmp	r2, #0
1000264a:	f000 81a2 	beq.w	10002992 <_etoa+0x3e2>
1000264e:	ed9f 7b5a 	vldr	d7, [pc, #360]	@ 100027b8 <_etoa+0x208>
10002652:	2700      	movs	r7, #0
10002654:	ed8d 7b0e 	vstr	d7, [sp, #56]	@ 0x38
10002658:	f04f 0900 	mov.w	r9, #0
1000265c:	45ba      	cmp	sl, r7
1000265e:	bfcc      	ite	gt
10002660:	ebaa 0a07 	subgt.w	sl, sl, r7
10002664:	f04f 0a00 	movle.w	sl, #0
10002668:	464f      	mov	r7, r9
1000266a:	bfc8      	it	gt
1000266c:	f10a 3aff 	addgt.w	sl, sl, #4294967295	@ 0xffffffff
10002670:	f444 6480 	orr.w	r4, r4, #1024	@ 0x400
10002674:	454d      	cmp	r5, r9
10002676:	bf94      	ite	ls
10002678:	f04f 0800 	movls.w	r8, #0
1000267c:	eba5 0809 	subhi.w	r8, r5, r9
10002680:	f014 0302 	ands.w	r3, r4, #2
10002684:	9311      	str	r3, [sp, #68]	@ 0x44
10002686:	d004      	beq.n	10002692 <_etoa+0xe2>
10002688:	f1b9 0f00 	cmp.w	r9, #0
1000268c:	bf18      	it	ne
1000268e:	f04f 0800 	movne.w	r8, #0
10002692:	b13f      	cbz	r7, 100026a4 <_etoa+0xf4>
10002694:	e9dd 010a 	ldrd	r0, r1, [sp, #40]	@ 0x28
10002698:	e9dd 230e 	ldrd	r2, r3, [sp, #56]	@ 0x38
1000269c:	f7ff fcfa 	bl	10002094 <__wrap___aeabi_ddiv>
100026a0:	e9cd 010a 	strd	r0, r1, [sp, #40]	@ 0x28
100026a4:	e9dd 0108 	ldrd	r0, r1, [sp, #32]
100026a8:	2200      	movs	r2, #0
100026aa:	2300      	movs	r3, #0
100026ac:	f7ff fd9a 	bl	100021e4 <__wrap___aeabi_dcmplt>
100026b0:	b130      	cbz	r0, 100026c0 <_etoa+0x110>
100026b2:	e9dd 010a 	ldrd	r0, r1, [sp, #40]	@ 0x28
100026b6:	4602      	mov	r2, r0
100026b8:	f101 4300 	add.w	r3, r1, #2147483648	@ 0x80000000
100026bc:	e9cd 230a 	strd	r2, r3, [sp, #40]	@ 0x28
100026c0:	ed9d 7b0a 	vldr	d7, [sp, #40]	@ 0x28
100026c4:	e9cd a802 	strd	sl, r8, [sp, #8]
100026c8:	f8dd a034 	ldr.w	sl, [sp, #52]	@ 0x34
100026cc:	f424 6300 	bic.w	r3, r4, #2048	@ 0x800
100026d0:	9304      	str	r3, [sp, #16]
100026d2:	ed8d 7b00 	vstr	d7, [sp]
100026d6:	4633      	mov	r3, r6
100026d8:	4651      	mov	r1, sl
100026da:	4658      	mov	r0, fp
100026dc:	9a10      	ldr	r2, [sp, #64]	@ 0x40
100026de:	f000 f997 	bl	10002a10 <_ftoa>
100026e2:	4680      	mov	r8, r0
100026e4:	f1b9 0f00 	cmp.w	r9, #0
100026e8:	d04f      	beq.n	1000278a <_etoa+0x1da>
100026ea:	f014 0f20 	tst.w	r4, #32
100026ee:	4602      	mov	r2, r0
100026f0:	f100 0401 	add.w	r4, r0, #1
100026f4:	4633      	mov	r3, r6
100026f6:	bf0c      	ite	eq
100026f8:	2065      	moveq	r0, #101	@ 0x65
100026fa:	2045      	movne	r0, #69	@ 0x45
100026fc:	4651      	mov	r1, sl
100026fe:	47d8      	blx	fp
10002700:	f109 30ff 	add.w	r0, r9, #4294967295	@ 0xffffffff
10002704:	ea87 7ce7 	eor.w	ip, r7, r7, asr #31
10002708:	f10d 0958 	add.w	r9, sp, #88	@ 0x58
1000270c:	2200      	movs	r2, #0
1000270e:	464b      	mov	r3, r9
10002710:	f8df 80b0 	ldr.w	r8, [pc, #176]	@ 100027c4 <_etoa+0x214>
10002714:	ebac 7ce7 	sub.w	ip, ip, r7, asr #31
10002718:	ea4f 7ed7 	mov.w	lr, r7, lsr #31
1000271c:	e001      	b.n	10002722 <_etoa+0x172>
1000271e:	2a20      	cmp	r2, #32
10002720:	d010      	beq.n	10002744 <_etoa+0x194>
10002722:	46e2      	mov	sl, ip
10002724:	fba8 710c 	umull	r7, r1, r8, ip
10002728:	08c9      	lsrs	r1, r1, #3
1000272a:	eb01 0781 	add.w	r7, r1, r1, lsl #2
1000272e:	ebac 0747 	sub.w	r7, ip, r7, lsl #1
10002732:	3730      	adds	r7, #48	@ 0x30
10002734:	f1ba 0f09 	cmp.w	sl, #9
10002738:	468c      	mov	ip, r1
1000273a:	f102 0201 	add.w	r2, r2, #1
1000273e:	f803 7b01 	strb.w	r7, [r3], #1
10002742:	d8ec      	bhi.n	1000271e <_etoa+0x16e>
10002744:	2305      	movs	r3, #5
10002746:	9005      	str	r0, [sp, #20]
10002748:	9306      	str	r3, [sp, #24]
1000274a:	2000      	movs	r0, #0
1000274c:	230a      	movs	r3, #10
1000274e:	9f0d      	ldr	r7, [sp, #52]	@ 0x34
10002750:	e9cd 3003 	strd	r3, r0, [sp, #12]
10002754:	e9cd 2e01 	strd	r2, lr, [sp, #4]
10002758:	4633      	mov	r3, r6
1000275a:	4622      	mov	r2, r4
1000275c:	4639      	mov	r1, r7
1000275e:	4658      	mov	r0, fp
10002760:	f8cd 9000 	str.w	r9, [sp]
10002764:	f7ff fdc6 	bl	100022f4 <_ntoa_format>
10002768:	9b11      	ldr	r3, [sp, #68]	@ 0x44
1000276a:	4680      	mov	r8, r0
1000276c:	b16b      	cbz	r3, 1000278a <_etoa+0x1da>
1000276e:	9b10      	ldr	r3, [sp, #64]	@ 0x40
10002770:	1ac4      	subs	r4, r0, r3
10002772:	42a5      	cmp	r5, r4
10002774:	d909      	bls.n	1000278a <_etoa+0x1da>
10002776:	4642      	mov	r2, r8
10002778:	4633      	mov	r3, r6
1000277a:	4639      	mov	r1, r7
1000277c:	2020      	movs	r0, #32
1000277e:	3401      	adds	r4, #1
10002780:	47d8      	blx	fp
10002782:	42a5      	cmp	r5, r4
10002784:	f108 0801 	add.w	r8, r8, #1
10002788:	d8f5      	bhi.n	10002776 <_etoa+0x1c6>
1000278a:	4640      	mov	r0, r8
1000278c:	b01f      	add	sp, #124	@ 0x7c
1000278e:	e8bd 8ff0 	ldmia.w	sp!, {r4, r5, r6, r7, r8, r9, sl, fp, pc}
10002792:	ed9d 7b08 	vldr	d7, [sp, #32]
10002796:	4633      	mov	r3, r6
10002798:	4658      	mov	r0, fp
1000279a:	9a10      	ldr	r2, [sp, #64]	@ 0x40
1000279c:	990d      	ldr	r1, [sp, #52]	@ 0x34
1000279e:	ed8d 7b28 	vstr	d7, [sp, #160]	@ 0xa0
100027a2:	e9cd 542b 	strd	r5, r4, [sp, #172]	@ 0xac
100027a6:	f8cd a0a8 	str.w	sl, [sp, #168]	@ 0xa8
100027aa:	b01f      	add	sp, #124	@ 0x7c
100027ac:	e8bd 4ff0 	ldmia.w	sp!, {r4, r5, r6, r7, r8, r9, sl, fp, lr}
100027b0:	f000 b92e 	b.w	10002a10 <_ftoa>
100027b4:	f3af 8000 	nop.w
	...
100027c0:	7fefffff 	.word	0x7fefffff
100027c4:	cccccccd 	.word	0xcccccccd
100027c8:	f3c7 500a 	ubfx	r0, r7, #20, #11
100027cc:	f2a0 30ff 	subw	r0, r0, #1023	@ 0x3ff
100027d0:	f7ff fcae 	bl	10002130 <__wrap___aeabi_i2d>
100027d4:	a38a      	add	r3, pc, #552	@ (adr r3, 10002a00 <_etoa+0x450>)
100027d6:	e9d3 2300 	ldrd	r2, r3, [r3]
100027da:	f7ff fc35 	bl	10002048 <__wrap___aeabi_dmul>
100027de:	a38a      	add	r3, pc, #552	@ (adr r3, 10002a08 <_etoa+0x458>)
100027e0:	e9d3 2300 	ldrd	r2, r3, [r3]
100027e4:	f7ff fc08 	bl	10001ff8 <__wrap___aeabi_dadd>
100027e8:	f3c7 0713 	ubfx	r7, r7, #0, #20
100027ec:	e9cd 010e 	strd	r0, r1, [sp, #56]	@ 0x38
100027f0:	f047 517f 	orr.w	r1, r7, #1069547520	@ 0x3fc00000
100027f4:	4640      	mov	r0, r8
100027f6:	2200      	movs	r2, #0
100027f8:	4b7b      	ldr	r3, [pc, #492]	@ (100029e8 <_etoa+0x438>)
100027fa:	f441 1140 	orr.w	r1, r1, #3145728	@ 0x300000
100027fe:	f7ff fc0f 	bl	10002020 <__wrap___aeabi_dsub>
10002802:	a36b      	add	r3, pc, #428	@ (adr r3, 100029b0 <_etoa+0x400>)
10002804:	e9d3 2300 	ldrd	r2, r3, [r3]
10002808:	f7ff fc1e 	bl	10002048 <__wrap___aeabi_dmul>
1000280c:	4602      	mov	r2, r0
1000280e:	460b      	mov	r3, r1
10002810:	e9dd 010e 	ldrd	r0, r1, [sp, #56]	@ 0x38
10002814:	f7ff fbf0 	bl	10001ff8 <__wrap___aeabi_dadd>
10002818:	f7ff fcae 	bl	10002178 <__wrap___aeabi_d2iz>
1000281c:	4607      	mov	r7, r0
1000281e:	f7ff fc87 	bl	10002130 <__wrap___aeabi_i2d>
10002822:	a365      	add	r3, pc, #404	@ (adr r3, 100029b8 <_etoa+0x408>)
10002824:	e9d3 2300 	ldrd	r2, r3, [r3]
10002828:	4680      	mov	r8, r0
1000282a:	4689      	mov	r9, r1
1000282c:	f7ff fc0c 	bl	10002048 <__wrap___aeabi_dmul>
10002830:	2200      	movs	r2, #0
10002832:	4b6e      	ldr	r3, [pc, #440]	@ (100029ec <_etoa+0x43c>)
10002834:	f7ff fbe0 	bl	10001ff8 <__wrap___aeabi_dadd>
10002838:	f7ff fc9e 	bl	10002178 <__wrap___aeabi_d2iz>
1000283c:	4603      	mov	r3, r0
1000283e:	4649      	mov	r1, r9
10002840:	4640      	mov	r0, r8
10002842:	9312      	str	r3, [sp, #72]	@ 0x48
10002844:	a35e      	add	r3, pc, #376	@ (adr r3, 100029c0 <_etoa+0x410>)
10002846:	e9d3 2300 	ldrd	r2, r3, [r3]
1000284a:	f7ff fbfd 	bl	10002048 <__wrap___aeabi_dmul>
1000284e:	4680      	mov	r8, r0
10002850:	9812      	ldr	r0, [sp, #72]	@ 0x48
10002852:	4689      	mov	r9, r1
10002854:	f7ff fc6c 	bl	10002130 <__wrap___aeabi_i2d>
10002858:	a35b      	add	r3, pc, #364	@ (adr r3, 100029c8 <_etoa+0x418>)
1000285a:	e9d3 2300 	ldrd	r2, r3, [r3]
1000285e:	f7ff fbf3 	bl	10002048 <__wrap___aeabi_dmul>
10002862:	4602      	mov	r2, r0
10002864:	460b      	mov	r3, r1
10002866:	4640      	mov	r0, r8
10002868:	4649      	mov	r1, r9
1000286a:	f7ff fbd9 	bl	10002020 <__wrap___aeabi_dsub>
1000286e:	4602      	mov	r2, r0
10002870:	460b      	mov	r3, r1
10002872:	4680      	mov	r8, r0
10002874:	4689      	mov	r9, r1
10002876:	f7ff fbe7 	bl	10002048 <__wrap___aeabi_dmul>
1000287a:	4642      	mov	r2, r8
1000287c:	464b      	mov	r3, r9
1000287e:	e9cd 010e 	strd	r0, r1, [sp, #56]	@ 0x38
10002882:	4640      	mov	r0, r8
10002884:	4649      	mov	r1, r9
10002886:	f7ff fbb7 	bl	10001ff8 <__wrap___aeabi_dadd>
1000288a:	2200      	movs	r2, #0
1000288c:	e9cd 0114 	strd	r0, r1, [sp, #80]	@ 0x50
10002890:	e9dd 010e 	ldrd	r0, r1, [sp, #56]	@ 0x38
10002894:	4b56      	ldr	r3, [pc, #344]	@ (100029f0 <_etoa+0x440>)
10002896:	f7ff fbfd 	bl	10002094 <__wrap___aeabi_ddiv>
1000289a:	2200      	movs	r2, #0
1000289c:	4b55      	ldr	r3, [pc, #340]	@ (100029f4 <_etoa+0x444>)
1000289e:	f7ff fbab 	bl	10001ff8 <__wrap___aeabi_dadd>
100028a2:	4602      	mov	r2, r0
100028a4:	460b      	mov	r3, r1
100028a6:	e9dd 010e 	ldrd	r0, r1, [sp, #56]	@ 0x38
100028aa:	f7ff fbf3 	bl	10002094 <__wrap___aeabi_ddiv>
100028ae:	2200      	movs	r2, #0
100028b0:	4b51      	ldr	r3, [pc, #324]	@ (100029f8 <_etoa+0x448>)
100028b2:	f7ff fba1 	bl	10001ff8 <__wrap___aeabi_dadd>
100028b6:	4602      	mov	r2, r0
100028b8:	460b      	mov	r3, r1
100028ba:	e9dd 010e 	ldrd	r0, r1, [sp, #56]	@ 0x38
100028be:	f7ff fbe9 	bl	10002094 <__wrap___aeabi_ddiv>
100028c2:	4642      	mov	r2, r8
100028c4:	464b      	mov	r3, r9
100028c6:	4680      	mov	r8, r0
100028c8:	4689      	mov	r9, r1
100028ca:	2000      	movs	r0, #0
100028cc:	f04f 4180 	mov.w	r1, #1073741824	@ 0x40000000
100028d0:	f7ff fba6 	bl	10002020 <__wrap___aeabi_dsub>
100028d4:	4602      	mov	r2, r0
100028d6:	460b      	mov	r3, r1
100028d8:	4640      	mov	r0, r8
100028da:	4649      	mov	r1, r9
100028dc:	f7ff fb8c 	bl	10001ff8 <__wrap___aeabi_dadd>
100028e0:	4602      	mov	r2, r0
100028e2:	460b      	mov	r3, r1
100028e4:	e9dd 0114 	ldrd	r0, r1, [sp, #80]	@ 0x50
100028e8:	f7ff fbd4 	bl	10002094 <__wrap___aeabi_ddiv>
100028ec:	2200      	movs	r2, #0
100028ee:	4b43      	ldr	r3, [pc, #268]	@ (100029fc <_etoa+0x44c>)
100028f0:	f7ff fb82 	bl	10001ff8 <__wrap___aeabi_dadd>
100028f4:	9b12      	ldr	r3, [sp, #72]	@ 0x48
100028f6:	2200      	movs	r2, #0
100028f8:	f203 3cff 	addw	ip, r3, #1023	@ 0x3ff
100028fc:	ea4f 530c 	mov.w	r3, ip, lsl #20
10002900:	f7ff fba2 	bl	10002048 <__wrap___aeabi_dmul>
10002904:	4680      	mov	r8, r0
10002906:	4689      	mov	r9, r1
10002908:	e9dd 010a 	ldrd	r0, r1, [sp, #40]	@ 0x28
1000290c:	4642      	mov	r2, r8
1000290e:	464b      	mov	r3, r9
10002910:	e9cd 890e 	strd	r8, r9, [sp, #56]	@ 0x38
10002914:	f7ff fc66 	bl	100021e4 <__wrap___aeabi_dcmplt>
10002918:	bb68      	cbnz	r0, 10002976 <_etoa+0x3c6>
1000291a:	4643      	mov	r3, r8
1000291c:	4649      	mov	r1, r9
1000291e:	f107 0263 	add.w	r2, r7, #99	@ 0x63
10002922:	2ac6      	cmp	r2, #198	@ 0xc6
10002924:	9a11      	ldr	r2, [sp, #68]	@ 0x44
10002926:	bf8c      	ite	hi
10002928:	f04f 0905 	movhi.w	r9, #5
1000292c:	f04f 0904 	movls.w	r9, #4
10002930:	2a00      	cmp	r2, #0
10002932:	f43f ae9f 	beq.w	10002674 <_etoa+0xc4>
10002936:	430b      	orrs	r3, r1
10002938:	f43f ae8e 	beq.w	10002658 <_etoa+0xa8>
1000293c:	e9dd 010a 	ldrd	r0, r1, [sp, #40]	@ 0x28
10002940:	a323      	add	r3, pc, #140	@ (adr r3, 100029d0 <_etoa+0x420>)
10002942:	e9d3 2300 	ldrd	r2, r3, [r3]
10002946:	f7ff fc61 	bl	1000220c <__wrap___aeabi_dcmpge>
1000294a:	b148      	cbz	r0, 10002960 <_etoa+0x3b0>
1000294c:	e9dd 010a 	ldrd	r0, r1, [sp, #40]	@ 0x28
10002950:	a321      	add	r3, pc, #132	@ (adr r3, 100029d8 <_etoa+0x428>)
10002952:	e9d3 2300 	ldrd	r2, r3, [r3]
10002956:	f7ff fc45 	bl	100021e4 <__wrap___aeabi_dcmplt>
1000295a:	2800      	cmp	r0, #0
1000295c:	f47f ae7c 	bne.w	10002658 <_etoa+0xa8>
10002960:	f1ba 0f00 	cmp.w	sl, #0
10002964:	f43f ae86 	beq.w	10002674 <_etoa+0xc4>
10002968:	9b13      	ldr	r3, [sp, #76]	@ 0x4c
1000296a:	2b00      	cmp	r3, #0
1000296c:	f43f ae82 	beq.w	10002674 <_etoa+0xc4>
10002970:	f10a 3aff 	add.w	sl, sl, #4294967295	@ 0xffffffff
10002974:	e67e      	b.n	10002674 <_etoa+0xc4>
10002976:	2200      	movs	r2, #0
10002978:	4b1e      	ldr	r3, [pc, #120]	@ (100029f4 <_etoa+0x444>)
1000297a:	4640      	mov	r0, r8
1000297c:	4649      	mov	r1, r9
1000297e:	f7ff fb89 	bl	10002094 <__wrap___aeabi_ddiv>
10002982:	460a      	mov	r2, r1
10002984:	4601      	mov	r1, r0
10002986:	4603      	mov	r3, r0
10002988:	e9cd 120e 	strd	r1, r2, [sp, #56]	@ 0x38
1000298c:	3f01      	subs	r7, #1
1000298e:	4611      	mov	r1, r2
10002990:	e7c5      	b.n	1000291e <_etoa+0x36e>
10002992:	ed9f 7b13 	vldr	d7, [pc, #76]	@ 100029e0 <_etoa+0x430>
10002996:	4617      	mov	r7, r2
10002998:	f04f 0904 	mov.w	r9, #4
1000299c:	ed8d 7b0e 	vstr	d7, [sp, #56]	@ 0x38
100029a0:	e668      	b.n	10002674 <_etoa+0xc4>
100029a2:	f108 4300 	add.w	r3, r8, #2147483648	@ 0x80000000
100029a6:	970a      	str	r7, [sp, #40]	@ 0x28
100029a8:	930b      	str	r3, [sp, #44]	@ 0x2c
100029aa:	e63c      	b.n	10002626 <_etoa+0x76>
100029ac:	f3af 8000 	nop.w
100029b0:	636f4361 	.word	0x636f4361
100029b4:	3fd287a7 	.word	0x3fd287a7
100029b8:	0979a371 	.word	0x0979a371
100029bc:	400a934f 	.word	0x400a934f
100029c0:	bbb55516 	.word	0xbbb55516
100029c4:	40026bb1 	.word	0x40026bb1
100029c8:	fefa39ef 	.word	0xfefa39ef
100029cc:	3fe62e42 	.word	0x3fe62e42
100029d0:	eb1c432d 	.word	0xeb1c432d
100029d4:	3f1a36e2 	.word	0x3f1a36e2
100029d8:	00000000 	.word	0x00000000
100029dc:	412e8480 	.word	0x412e8480
	...
100029e8:	3ff80000 	.word	0x3ff80000
100029ec:	3fe00000 	.word	0x3fe00000
100029f0:	402c0000 	.word	0x402c0000
100029f4:	40240000 	.word	0x40240000
100029f8:	40180000 	.word	0x40180000
100029fc:	3ff00000 	.word	0x3ff00000
10002a00:	509f79fb 	.word	0x509f79fb
10002a04:	3fd34413 	.word	0x3fd34413
10002a08:	8b60c8b3 	.word	0x8b60c8b3
10002a0c:	3fc68a28 	.word	0x3fc68a28

10002a10 <_ftoa>:
10002a10:	e92d 4ff0 	stmdb	sp!, {r4, r5, r6, r7, r8, r9, sl, fp, lr}
10002a14:	b097      	sub	sp, #92	@ 0x5c
10002a16:	e9dd 8920 	ldrd	r8, r9, [sp, #128]	@ 0x80
10002a1a:	e9cd 0104 	strd	r0, r1, [sp, #16]
10002a1e:	e9dd 4b22 	ldrd	r4, fp, [sp, #136]	@ 0x88
10002a22:	e9cd 2306 	strd	r2, r3, [sp, #24]
10002a26:	4640      	mov	r0, r8
10002a28:	4642      	mov	r2, r8
10002a2a:	464b      	mov	r3, r9
10002a2c:	4649      	mov	r1, r9
10002a2e:	f8dd a090 	ldr.w	sl, [sp, #144]	@ 0x90
10002a32:	f7ff fbc5 	bl	100021c0 <__wrap___aeabi_dcmpun>
10002a36:	2800      	cmp	r0, #0
10002a38:	f040 81c5 	bne.w	10002dc6 <_ftoa+0x3b6>
10002a3c:	4640      	mov	r0, r8
10002a3e:	4649      	mov	r1, r9
10002a40:	f04f 32ff 	mov.w	r2, #4294967295	@ 0xffffffff
10002a44:	f46f 1380 	mvn.w	r3, #1048576	@ 0x100000
10002a48:	f7ff fbcc 	bl	100021e4 <__wrap___aeabi_dcmplt>
10002a4c:	2800      	cmp	r0, #0
10002a4e:	f040 811d 	bne.w	10002c8c <_ftoa+0x27c>
10002a52:	4640      	mov	r0, r8
10002a54:	4649      	mov	r1, r9
10002a56:	f04f 32ff 	mov.w	r2, #4294967295	@ 0xffffffff
10002a5a:	4bc1      	ldr	r3, [pc, #772]	@ (10002d60 <_ftoa+0x350>)
10002a5c:	f7ff fbea 	bl	10002234 <__wrap___aeabi_dcmpgt>
10002a60:	2800      	cmp	r0, #0
10002a62:	f040 80e3 	bne.w	10002c2c <_ftoa+0x21c>
10002a66:	a3b8      	add	r3, pc, #736	@ (adr r3, 10002d48 <_ftoa+0x338>)
10002a68:	e9d3 2300 	ldrd	r2, r3, [r3]
10002a6c:	4640      	mov	r0, r8
10002a6e:	4649      	mov	r1, r9
10002a70:	f7ff fbe0 	bl	10002234 <__wrap___aeabi_dcmpgt>
10002a74:	2800      	cmp	r0, #0
10002a76:	f040 80cb 	bne.w	10002c10 <_ftoa+0x200>
10002a7a:	a3b5      	add	r3, pc, #724	@ (adr r3, 10002d50 <_ftoa+0x340>)
10002a7c:	e9d3 2300 	ldrd	r2, r3, [r3]
10002a80:	4640      	mov	r0, r8
10002a82:	4649      	mov	r1, r9
10002a84:	f7ff fbae 	bl	100021e4 <__wrap___aeabi_dcmplt>
10002a88:	2800      	cmp	r0, #0
10002a8a:	f040 80c1 	bne.w	10002c10 <_ftoa+0x200>
10002a8e:	4640      	mov	r0, r8
10002a90:	4649      	mov	r1, r9
10002a92:	2200      	movs	r2, #0
10002a94:	2300      	movs	r3, #0
10002a96:	f7ff fba5 	bl	100021e4 <__wrap___aeabi_dcmplt>
10002a9a:	2800      	cmp	r0, #0
10002a9c:	f040 80e0 	bne.w	10002c60 <_ftoa+0x250>
10002aa0:	f41a 6580 	ands.w	r5, sl, #1024	@ 0x400
10002aa4:	900d      	str	r0, [sp, #52]	@ 0x34
10002aa6:	f000 80e9 	beq.w	10002c7c <_ftoa+0x26c>
10002aaa:	2c09      	cmp	r4, #9
10002aac:	f240 8196 	bls.w	10002ddc <_ftoa+0x3cc>
10002ab0:	ab0e      	add	r3, sp, #56	@ 0x38
10002ab2:	461a      	mov	r2, r3
10002ab4:	930c      	str	r3, [sp, #48]	@ 0x30
10002ab6:	2130      	movs	r1, #48	@ 0x30
10002ab8:	2300      	movs	r3, #0
10002aba:	f1a4 0509 	sub.w	r5, r4, #9
10002abe:	3301      	adds	r3, #1
10002ac0:	2b20      	cmp	r3, #32
10002ac2:	f802 1b01 	strb.w	r1, [r2], #1
10002ac6:	eba4 0603 	sub.w	r6, r4, r3
10002aca:	f000 813a 	beq.w	10002d42 <_ftoa+0x332>
10002ace:	42ab      	cmp	r3, r5
10002ad0:	d1f5      	bne.n	10002abe <_ftoa+0xae>
10002ad2:	ed9f 7b9d 	vldr	d7, [pc, #628]	@ 10002d48 <_ftoa+0x338>
10002ad6:	ed8d 7b08 	vstr	d7, [sp, #32]
10002ada:	4649      	mov	r1, r9
10002adc:	4640      	mov	r0, r8
10002ade:	f7ff fb4b 	bl	10002178 <__wrap___aeabi_d2iz>
10002ae2:	4604      	mov	r4, r0
10002ae4:	f7ff fb24 	bl	10002130 <__wrap___aeabi_i2d>
10002ae8:	4602      	mov	r2, r0
10002aea:	460b      	mov	r3, r1
10002aec:	4640      	mov	r0, r8
10002aee:	4649      	mov	r1, r9
10002af0:	f7ff fa96 	bl	10002020 <__wrap___aeabi_dsub>
10002af4:	e9dd 2308 	ldrd	r2, r3, [sp, #32]
10002af8:	f7ff faa6 	bl	10002048 <__wrap___aeabi_dmul>
10002afc:	4602      	mov	r2, r0
10002afe:	460b      	mov	r3, r1
10002b00:	e9cd 230a 	strd	r2, r3, [sp, #40]	@ 0x28
10002b04:	f7ff fb4a 	bl	1000219c <__wrap___aeabi_d2uiz>
10002b08:	4607      	mov	r7, r0
10002b0a:	f7ff fb23 	bl	10002154 <__wrap___aeabi_ui2d>
10002b0e:	4602      	mov	r2, r0
10002b10:	460b      	mov	r3, r1
10002b12:	e9dd 010a 	ldrd	r0, r1, [sp, #40]	@ 0x28
10002b16:	f7ff fa83 	bl	10002020 <__wrap___aeabi_dsub>
10002b1a:	4602      	mov	r2, r0
10002b1c:	460b      	mov	r3, r1
10002b1e:	e9cd 230a 	strd	r2, r3, [sp, #40]	@ 0x28
10002b22:	2200      	movs	r2, #0
10002b24:	4b8f      	ldr	r3, [pc, #572]	@ (10002d64 <_ftoa+0x354>)
10002b26:	f7ff fb85 	bl	10002234 <__wrap___aeabi_dcmpgt>
10002b2a:	2800      	cmp	r0, #0
10002b2c:	f000 80db 	beq.w	10002ce6 <_ftoa+0x2d6>
10002b30:	3701      	adds	r7, #1
10002b32:	4638      	mov	r0, r7
10002b34:	f7ff fb0e 	bl	10002154 <__wrap___aeabi_ui2d>
10002b38:	e9dd 2308 	ldrd	r2, r3, [sp, #32]
10002b3c:	f7ff fb66 	bl	1000220c <__wrap___aeabi_dcmpge>
10002b40:	b108      	cbz	r0, 10002b46 <_ftoa+0x136>
10002b42:	2700      	movs	r7, #0
10002b44:	3401      	adds	r4, #1
10002b46:	2e00      	cmp	r6, #0
10002b48:	f040 80b1 	bne.w	10002cae <_ftoa+0x29e>
10002b4c:	4620      	mov	r0, r4
10002b4e:	f7ff faef 	bl	10002130 <__wrap___aeabi_i2d>
10002b52:	4602      	mov	r2, r0
10002b54:	460b      	mov	r3, r1
10002b56:	4640      	mov	r0, r8
10002b58:	4649      	mov	r1, r9
10002b5a:	f7ff fa61 	bl	10002020 <__wrap___aeabi_dsub>
10002b5e:	2200      	movs	r2, #0
10002b60:	4b80      	ldr	r3, [pc, #512]	@ (10002d64 <_ftoa+0x354>)
10002b62:	4606      	mov	r6, r0
10002b64:	460f      	mov	r7, r1
10002b66:	f7ff fb3d 	bl	100021e4 <__wrap___aeabi_dcmplt>
10002b6a:	b940      	cbnz	r0, 10002b7e <_ftoa+0x16e>
10002b6c:	4630      	mov	r0, r6
10002b6e:	4639      	mov	r1, r7
10002b70:	2200      	movs	r2, #0
10002b72:	4b7c      	ldr	r3, [pc, #496]	@ (10002d64 <_ftoa+0x354>)
10002b74:	f7ff fb5e 	bl	10002234 <__wrap___aeabi_dcmpgt>
10002b78:	2800      	cmp	r0, #0
10002b7a:	f000 8115 	beq.w	10002da8 <_ftoa+0x398>
10002b7e:	9b0c      	ldr	r3, [sp, #48]	@ 0x30
10002b80:	1e69      	subs	r1, r5, #1
10002b82:	4879      	ldr	r0, [pc, #484]	@ (10002d68 <_ftoa+0x358>)
10002b84:	4419      	add	r1, r3
10002b86:	e010      	b.n	10002baa <_ftoa+0x19a>
10002b88:	fb80 6204 	smull	r6, r2, r0, r4
10002b8c:	ebc3 03a2 	rsb	r3, r3, r2, asr #2
10002b90:	eb03 0283 	add.w	r2, r3, r3, lsl #2
10002b94:	eba4 0442 	sub.w	r4, r4, r2, lsl #1
10002b98:	f104 0230 	add.w	r2, r4, #48	@ 0x30
10002b9c:	3501      	adds	r5, #1
10002b9e:	461c      	mov	r4, r3
10002ba0:	f801 2f01 	strb.w	r2, [r1, #1]!
10002ba4:	2b00      	cmp	r3, #0
10002ba6:	f000 80ab 	beq.w	10002d00 <_ftoa+0x2f0>
10002baa:	2d20      	cmp	r5, #32
10002bac:	ea4f 73e4 	mov.w	r3, r4, asr #31
10002bb0:	d1ea      	bne.n	10002b88 <_ftoa+0x178>
10002bb2:	f00a 0303 	and.w	r3, sl, #3
10002bb6:	2b01      	cmp	r3, #1
10002bb8:	d11c      	bne.n	10002bf4 <_ftoa+0x1e4>
10002bba:	f1bb 0f00 	cmp.w	fp, #0
10002bbe:	d019      	beq.n	10002bf4 <_ftoa+0x1e4>
10002bc0:	9b0d      	ldr	r3, [sp, #52]	@ 0x34
10002bc2:	2b00      	cmp	r3, #0
10002bc4:	f040 80f9 	bne.w	10002dba <_ftoa+0x3aa>
10002bc8:	f01a 0f0c 	tst.w	sl, #12
10002bcc:	f040 80f5 	bne.w	10002dba <_ftoa+0x3aa>
10002bd0:	45ab      	cmp	fp, r5
10002bd2:	f240 80d3 	bls.w	10002d7c <_ftoa+0x36c>
10002bd6:	2d20      	cmp	r5, #32
10002bd8:	d00b      	beq.n	10002bf2 <_ftoa+0x1e2>
10002bda:	2230      	movs	r2, #48	@ 0x30
10002bdc:	990c      	ldr	r1, [sp, #48]	@ 0x30
10002bde:	1e6b      	subs	r3, r5, #1
10002be0:	440b      	add	r3, r1
10002be2:	3501      	adds	r5, #1
10002be4:	455d      	cmp	r5, fp
10002be6:	f803 2f01 	strb.w	r2, [r3, #1]!
10002bea:	f000 808d 	beq.w	10002d08 <_ftoa+0x2f8>
10002bee:	2d20      	cmp	r5, #32
10002bf0:	d1f7      	bne.n	10002be2 <_ftoa+0x1d2>
10002bf2:	2520      	movs	r5, #32
10002bf4:	e9dd 2306 	ldrd	r2, r3, [sp, #24]
10002bf8:	e9dd 0104 	ldrd	r0, r1, [sp, #16]
10002bfc:	9c0c      	ldr	r4, [sp, #48]	@ 0x30
10002bfe:	e9cd ba02 	strd	fp, sl, [sp, #8]
10002c02:	9501      	str	r5, [sp, #4]
10002c04:	9400      	str	r4, [sp, #0]
10002c06:	f7ff fb27 	bl	10002258 <_out_rev>
10002c0a:	b017      	add	sp, #92	@ 0x5c
10002c0c:	e8bd 8ff0 	ldmia.w	sp!, {r4, r5, r6, r7, r8, r9, sl, fp, pc}
10002c10:	e9cd 8920 	strd	r8, r9, [sp, #128]	@ 0x80
10002c14:	e9dd 2306 	ldrd	r2, r3, [sp, #24]
10002c18:	e9dd 0104 	ldrd	r0, r1, [sp, #16]
10002c1c:	e9cd ba23 	strd	fp, sl, [sp, #140]	@ 0x8c
10002c20:	9422      	str	r4, [sp, #136]	@ 0x88
10002c22:	b017      	add	sp, #92	@ 0x5c
10002c24:	e8bd 4ff0 	ldmia.w	sp!, {r4, r5, r6, r7, r8, r9, sl, fp, lr}
10002c28:	f7ff bcc2 	b.w	100025b0 <_etoa>
10002c2c:	4d4f      	ldr	r5, [pc, #316]	@ (10002d6c <_ftoa+0x35c>)
10002c2e:	f8cd a08c 	str.w	sl, [sp, #140]	@ 0x8c
10002c32:	f00a 0a04 	and.w	sl, sl, #4
10002c36:	f1ba 0f00 	cmp.w	sl, #0
10002c3a:	4c4d      	ldr	r4, [pc, #308]	@ (10002d70 <_ftoa+0x360>)
10002c3c:	bf18      	it	ne
10002c3e:	462c      	movne	r4, r5
10002c40:	e9dd 2306 	ldrd	r2, r3, [sp, #24]
10002c44:	e9dd 0104 	ldrd	r0, r1, [sp, #16]
10002c48:	9420      	str	r4, [sp, #128]	@ 0x80
10002c4a:	bf0c      	ite	eq
10002c4c:	2403      	moveq	r4, #3
10002c4e:	2404      	movne	r4, #4
10002c50:	f8cd b088 	str.w	fp, [sp, #136]	@ 0x88
10002c54:	9421      	str	r4, [sp, #132]	@ 0x84
10002c56:	b017      	add	sp, #92	@ 0x5c
10002c58:	e8bd 4ff0 	ldmia.w	sp!, {r4, r5, r6, r7, r8, r9, sl, fp, lr}
10002c5c:	f7ff bafc 	b.w	10002258 <_out_rev>
10002c60:	464b      	mov	r3, r9
10002c62:	4642      	mov	r2, r8
10002c64:	2000      	movs	r0, #0
10002c66:	2100      	movs	r1, #0
10002c68:	f7ff f9da 	bl	10002020 <__wrap___aeabi_dsub>
10002c6c:	2301      	movs	r3, #1
10002c6e:	f41a 6580 	ands.w	r5, sl, #1024	@ 0x400
10002c72:	4680      	mov	r8, r0
10002c74:	4689      	mov	r9, r1
10002c76:	930d      	str	r3, [sp, #52]	@ 0x34
10002c78:	f47f af17 	bne.w	10002aaa <_ftoa+0x9a>
10002c7c:	ed9f 7b36 	vldr	d7, [pc, #216]	@ 10002d58 <_ftoa+0x348>
10002c80:	ab0e      	add	r3, sp, #56	@ 0x38
10002c82:	2606      	movs	r6, #6
10002c84:	ed8d 7b08 	vstr	d7, [sp, #32]
10002c88:	930c      	str	r3, [sp, #48]	@ 0x30
10002c8a:	e726      	b.n	10002ada <_ftoa+0xca>
10002c8c:	2404      	movs	r4, #4
10002c8e:	e9dd 2306 	ldrd	r2, r3, [sp, #24]
10002c92:	e9dd 0104 	ldrd	r0, r1, [sp, #16]
10002c96:	4d37      	ldr	r5, [pc, #220]	@ (10002d74 <_ftoa+0x364>)
10002c98:	f8cd a08c 	str.w	sl, [sp, #140]	@ 0x8c
10002c9c:	f8cd b088 	str.w	fp, [sp, #136]	@ 0x88
10002ca0:	9520      	str	r5, [sp, #128]	@ 0x80
10002ca2:	9421      	str	r4, [sp, #132]	@ 0x84
10002ca4:	b017      	add	sp, #92	@ 0x5c
10002ca6:	e8bd 4ff0 	ldmia.w	sp!, {r4, r5, r6, r7, r8, r9, sl, fp, lr}
10002caa:	f7ff bad5 	b.w	10002258 <_out_rev>
10002cae:	9b0c      	ldr	r3, [sp, #48]	@ 0x30
10002cb0:	1e68      	subs	r0, r5, #1
10002cb2:	f8df c0c4 	ldr.w	ip, [pc, #196]	@ 10002d78 <_ftoa+0x368>
10002cb6:	4418      	add	r0, r3
10002cb8:	e00d      	b.n	10002cd6 <_ftoa+0x2c6>
10002cba:	fbac 2107 	umull	r2, r1, ip, r7
10002cbe:	08c9      	lsrs	r1, r1, #3
10002cc0:	eb01 0281 	add.w	r2, r1, r1, lsl #2
10002cc4:	eba7 0242 	sub.w	r2, r7, r2, lsl #1
10002cc8:	3230      	adds	r2, #48	@ 0x30
10002cca:	2f09      	cmp	r7, #9
10002ccc:	f800 2f01 	strb.w	r2, [r0, #1]!
10002cd0:	d927      	bls.n	10002d22 <_ftoa+0x312>
10002cd2:	460f      	mov	r7, r1
10002cd4:	461d      	mov	r5, r3
10002cd6:	2d20      	cmp	r5, #32
10002cd8:	f105 0301 	add.w	r3, r5, #1
10002cdc:	f106 36ff 	add.w	r6, r6, #4294967295	@ 0xffffffff
10002ce0:	d1eb      	bne.n	10002cba <_ftoa+0x2aa>
10002ce2:	2520      	movs	r5, #32
10002ce4:	e74b      	b.n	10002b7e <_ftoa+0x16e>
10002ce6:	2200      	movs	r2, #0
10002ce8:	e9dd 010a 	ldrd	r0, r1, [sp, #40]	@ 0x28
10002cec:	4b1d      	ldr	r3, [pc, #116]	@ (10002d64 <_ftoa+0x354>)
10002cee:	f7ff fa79 	bl	100021e4 <__wrap___aeabi_dcmplt>
10002cf2:	2800      	cmp	r0, #0
10002cf4:	f47f af27 	bne.w	10002b46 <_ftoa+0x136>
10002cf8:	2f00      	cmp	r7, #0
10002cfa:	d15a      	bne.n	10002db2 <_ftoa+0x3a2>
10002cfc:	3701      	adds	r7, #1
10002cfe:	e722      	b.n	10002b46 <_ftoa+0x136>
10002d00:	f00a 0303 	and.w	r3, sl, #3
10002d04:	2b01      	cmp	r3, #1
10002d06:	d075      	beq.n	10002df4 <_ftoa+0x3e4>
10002d08:	2d20      	cmp	r5, #32
10002d0a:	f43f af73 	beq.w	10002bf4 <_ftoa+0x1e4>
10002d0e:	9b0d      	ldr	r3, [sp, #52]	@ 0x34
10002d10:	b3bb      	cbz	r3, 10002d82 <_ftoa+0x372>
10002d12:	222d      	movs	r2, #45	@ 0x2d
10002d14:	f105 0358 	add.w	r3, r5, #88	@ 0x58
10002d18:	446b      	add	r3, sp
10002d1a:	f803 2c20 	strb.w	r2, [r3, #-32]
10002d1e:	3501      	adds	r5, #1
10002d20:	e768      	b.n	10002bf4 <_ftoa+0x1e4>
10002d22:	2b20      	cmp	r3, #32
10002d24:	d0dd      	beq.n	10002ce2 <_ftoa+0x2d2>
10002d26:	b3ae      	cbz	r6, 10002d94 <_ftoa+0x384>
10002d28:	9a0c      	ldr	r2, [sp, #48]	@ 0x30
10002d2a:	441e      	add	r6, r3
10002d2c:	4415      	add	r5, r2
10002d2e:	2230      	movs	r2, #48	@ 0x30
10002d30:	e001      	b.n	10002d36 <_ftoa+0x326>
10002d32:	42b3      	cmp	r3, r6
10002d34:	d02e      	beq.n	10002d94 <_ftoa+0x384>
10002d36:	3301      	adds	r3, #1
10002d38:	2b20      	cmp	r3, #32
10002d3a:	f805 2f01 	strb.w	r2, [r5, #1]!
10002d3e:	d1f8      	bne.n	10002d32 <_ftoa+0x322>
10002d40:	e7cf      	b.n	10002ce2 <_ftoa+0x2d2>
10002d42:	461d      	mov	r5, r3
10002d44:	e6c5      	b.n	10002ad2 <_ftoa+0xc2>
10002d46:	bf00      	nop
10002d48:	00000000 	.word	0x00000000
10002d4c:	41cdcd65 	.word	0x41cdcd65
10002d50:	00000000 	.word	0x00000000
10002d54:	c1cdcd65 	.word	0xc1cdcd65
10002d58:	00000000 	.word	0x00000000
10002d5c:	412e8480 	.word	0x412e8480
10002d60:	7fefffff 	.word	0x7fefffff
10002d64:	3fe00000 	.word	0x3fe00000
10002d68:	66666667 	.word	0x66666667
10002d6c:	1000a3ac 	.word	0x1000a3ac
10002d70:	1000a3b4 	.word	0x1000a3b4
10002d74:	1000a3bc 	.word	0x1000a3bc
10002d78:	cccccccd 	.word	0xcccccccd
10002d7c:	2d20      	cmp	r5, #32
10002d7e:	f43f af39 	beq.w	10002bf4 <_ftoa+0x1e4>
10002d82:	f01a 0f04 	tst.w	sl, #4
10002d86:	d10d      	bne.n	10002da4 <_ftoa+0x394>
10002d88:	f01a 0f08 	tst.w	sl, #8
10002d8c:	f43f af32 	beq.w	10002bf4 <_ftoa+0x1e4>
10002d90:	2220      	movs	r2, #32
10002d92:	e7bf      	b.n	10002d14 <_ftoa+0x304>
10002d94:	212e      	movs	r1, #46	@ 0x2e
10002d96:	f103 0258 	add.w	r2, r3, #88	@ 0x58
10002d9a:	446a      	add	r2, sp
10002d9c:	f802 1c20 	strb.w	r1, [r2, #-32]
10002da0:	1c5d      	adds	r5, r3, #1
10002da2:	e6ec      	b.n	10002b7e <_ftoa+0x16e>
10002da4:	222b      	movs	r2, #43	@ 0x2b
10002da6:	e7b5      	b.n	10002d14 <_ftoa+0x304>
10002da8:	07e3      	lsls	r3, r4, #31
10002daa:	f57f aee8 	bpl.w	10002b7e <_ftoa+0x16e>
10002dae:	3401      	adds	r4, #1
10002db0:	e6e5      	b.n	10002b7e <_ftoa+0x16e>
10002db2:	07fa      	lsls	r2, r7, #31
10002db4:	f57f aec7 	bpl.w	10002b46 <_ftoa+0x136>
10002db8:	e7a0      	b.n	10002cfc <_ftoa+0x2ec>
10002dba:	f10b 3bff 	add.w	fp, fp, #4294967295	@ 0xffffffff
10002dbe:	45ab      	cmp	fp, r5
10002dc0:	f63f af09 	bhi.w	10002bd6 <_ftoa+0x1c6>
10002dc4:	e7a0      	b.n	10002d08 <_ftoa+0x2f8>
10002dc6:	2403      	movs	r4, #3
10002dc8:	e9dd 2306 	ldrd	r2, r3, [sp, #24]
10002dcc:	e9dd 0104 	ldrd	r0, r1, [sp, #16]
10002dd0:	4d0a      	ldr	r5, [pc, #40]	@ (10002dfc <_ftoa+0x3ec>)
10002dd2:	f8cd a08c 	str.w	sl, [sp, #140]	@ 0x8c
10002dd6:	f8cd b088 	str.w	fp, [sp, #136]	@ 0x88
10002dda:	e761      	b.n	10002ca0 <_ftoa+0x290>
10002ddc:	4b08      	ldr	r3, [pc, #32]	@ (10002e00 <_ftoa+0x3f0>)
10002dde:	4626      	mov	r6, r4
10002de0:	eb03 03c4 	add.w	r3, r3, r4, lsl #3
10002de4:	ed93 7b00 	vldr	d7, [r3]
10002de8:	ab0e      	add	r3, sp, #56	@ 0x38
10002dea:	ed8d 7b08 	vstr	d7, [sp, #32]
10002dee:	2500      	movs	r5, #0
10002df0:	930c      	str	r3, [sp, #48]	@ 0x30
10002df2:	e672      	b.n	10002ada <_ftoa+0xca>
10002df4:	f1bb 0f00 	cmp.w	fp, #0
10002df8:	d086      	beq.n	10002d08 <_ftoa+0x2f8>
10002dfa:	e6e1      	b.n	10002bc0 <_ftoa+0x1b0>
10002dfc:	1000a3b8 	.word	0x1000a3b8
10002e00:	1000a880 	.word	0x1000a880

10002e04 <_vsnprintf>:
10002e04:	e92d 4ff0 	stmdb	sp!, {r4, r5, r6, r7, r8, r9, sl, fp, lr}
10002e08:	469a      	mov	sl, r3
10002e0a:	b09b      	sub	sp, #108	@ 0x6c
10002e0c:	9c24      	ldr	r4, [sp, #144]	@ 0x90
10002e0e:	4d96      	ldr	r5, [pc, #600]	@ (10003068 <_vsnprintf+0x264>)
10002e10:	940b      	str	r4, [sp, #44]	@ 0x2c
10002e12:	4c96      	ldr	r4, [pc, #600]	@ (1000306c <_vsnprintf+0x268>)
10002e14:	1e0b      	subs	r3, r1, #0
10002e16:	bf18      	it	ne
10002e18:	4683      	movne	fp, r0
10002e1a:	6025      	str	r5, [r4, #0]
10002e1c:	f89a 0000 	ldrb.w	r0, [sl]
10002e20:	4c93      	ldr	r4, [pc, #588]	@ (10003070 <_vsnprintf+0x26c>)
10002e22:	930a      	str	r3, [sp, #40]	@ 0x28
10002e24:	bf08      	it	eq
10002e26:	46a3      	moveq	fp, r4
10002e28:	9209      	str	r2, [sp, #36]	@ 0x24
10002e2a:	2800      	cmp	r0, #0
10002e2c:	f000 82bc 	beq.w	100033a8 <_vsnprintf+0x5a4>
10002e30:	f04f 0900 	mov.w	r9, #0
10002e34:	e00a      	b.n	10002e4c <_vsnprintf+0x48>
10002e36:	464a      	mov	r2, r9
10002e38:	9b09      	ldr	r3, [sp, #36]	@ 0x24
10002e3a:	990a      	ldr	r1, [sp, #40]	@ 0x28
10002e3c:	f109 0901 	add.w	r9, r9, #1
10002e40:	47d8      	blx	fp
10002e42:	f89a 0000 	ldrb.w	r0, [sl]
10002e46:	2800      	cmp	r0, #0
10002e48:	f000 80ce 	beq.w	10002fe8 <_vsnprintf+0x1e4>
10002e4c:	2825      	cmp	r0, #37	@ 0x25
10002e4e:	f10a 0a01 	add.w	sl, sl, #1
10002e52:	d1f0      	bne.n	10002e36 <_vsnprintf+0x32>
10002e54:	2300      	movs	r3, #0
10002e56:	4652      	mov	r2, sl
10002e58:	f812 0b01 	ldrb.w	r0, [r2], #1
10002e5c:	f1a0 0120 	sub.w	r1, r0, #32
10002e60:	2910      	cmp	r1, #16
10002e62:	d80a      	bhi.n	10002e7a <_vsnprintf+0x76>
10002e64:	e8df f001 	tbb	[pc, r1]
10002e68:	3c090940 	.word	0x3c090940
10002e6c:	09090909 	.word	0x09090909
10002e70:	38090909 	.word	0x38090909
10002e74:	09093409 	.word	0x09093409
10002e78:	30          	.byte	0x30
10002e79:	00          	.byte	0x00
10002e7a:	f1a0 0130 	sub.w	r1, r0, #48	@ 0x30
10002e7e:	2909      	cmp	r1, #9
10002e80:	f240 808c 	bls.w	10002f9c <_vsnprintf+0x198>
10002e84:	282a      	cmp	r0, #42	@ 0x2a
10002e86:	f000 80f5 	beq.w	10003074 <_vsnprintf+0x270>
10002e8a:	2100      	movs	r1, #0
10002e8c:	910c      	str	r1, [sp, #48]	@ 0x30
10002e8e:	282e      	cmp	r0, #46	@ 0x2e
10002e90:	f000 8099 	beq.w	10002fc6 <_vsnprintf+0x1c2>
10002e94:	2700      	movs	r7, #0
10002e96:	f1a0 0168 	sub.w	r1, r0, #104	@ 0x68
10002e9a:	2912      	cmp	r1, #18
10002e9c:	d82d      	bhi.n	10002efa <_vsnprintf+0xf6>
10002e9e:	e8df f011 	tbh	[pc, r1, lsl #1]
10002ea2:	0157      	.short	0x0157
10002ea4:	0151002c 	.word	0x0151002c
10002ea8:	0145002c 	.word	0x0145002c
10002eac:	002c002c 	.word	0x002c002c
10002eb0:	002c002c 	.word	0x002c002c
10002eb4:	002c002c 	.word	0x002c002c
10002eb8:	0027002c 	.word	0x0027002c
10002ebc:	002c002c 	.word	0x002c002c
10002ec0:	002c002c 	.word	0x002c002c
10002ec4:	0027002c 	.word	0x0027002c
10002ec8:	4692      	mov	sl, r2
10002eca:	f043 0301 	orr.w	r3, r3, #1
10002ece:	e7c2      	b.n	10002e56 <_vsnprintf+0x52>
10002ed0:	4692      	mov	sl, r2
10002ed2:	f043 0302 	orr.w	r3, r3, #2
10002ed6:	e7be      	b.n	10002e56 <_vsnprintf+0x52>
10002ed8:	4692      	mov	sl, r2
10002eda:	f043 0304 	orr.w	r3, r3, #4
10002ede:	e7ba      	b.n	10002e56 <_vsnprintf+0x52>
10002ee0:	4692      	mov	sl, r2
10002ee2:	f043 0310 	orr.w	r3, r3, #16
10002ee6:	e7b6      	b.n	10002e56 <_vsnprintf+0x52>
10002ee8:	4692      	mov	sl, r2
10002eea:	f043 0308 	orr.w	r3, r3, #8
10002eee:	e7b2      	b.n	10002e56 <_vsnprintf+0x52>
10002ef0:	f89a 0001 	ldrb.w	r0, [sl, #1]
10002ef4:	f443 7380 	orr.w	r3, r3, #256	@ 0x100
10002ef8:	3201      	adds	r2, #1
10002efa:	2867      	cmp	r0, #103	@ 0x67
10002efc:	4692      	mov	sl, r2
10002efe:	f200 8082 	bhi.w	10003006 <_vsnprintf+0x202>
10002f02:	2824      	cmp	r0, #36	@ 0x24
10002f04:	f240 80c6 	bls.w	10003094 <_vsnprintf+0x290>
10002f08:	f1a0 0225 	sub.w	r2, r0, #37	@ 0x25
10002f0c:	2a42      	cmp	r2, #66	@ 0x42
10002f0e:	f200 80c1 	bhi.w	10003094 <_vsnprintf+0x290>
10002f12:	e8df f012 	tbh	[pc, r2, lsl #1]
10002f16:	015f      	.short	0x015f
10002f18:	00bf00bf 	.word	0x00bf00bf
10002f1c:	00bf00bf 	.word	0x00bf00bf
10002f20:	00bf00bf 	.word	0x00bf00bf
10002f24:	00bf00bf 	.word	0x00bf00bf
10002f28:	00bf00bf 	.word	0x00bf00bf
10002f2c:	00bf00bf 	.word	0x00bf00bf
10002f30:	00bf00bf 	.word	0x00bf00bf
10002f34:	00bf00bf 	.word	0x00bf00bf
10002f38:	00bf00bf 	.word	0x00bf00bf
10002f3c:	00bf00bf 	.word	0x00bf00bf
10002f40:	00bf00bf 	.word	0x00bf00bf
10002f44:	00bf00bf 	.word	0x00bf00bf
10002f48:	00bf00bf 	.word	0x00bf00bf
10002f4c:	00bf00bf 	.word	0x00bf00bf
10002f50:	00bf00bf 	.word	0x00bf00bf
10002f54:	012600bf 	.word	0x012600bf
10002f58:	01260145 	.word	0x01260145
10002f5c:	00bf00bf 	.word	0x00bf00bf
10002f60:	00bf00bf 	.word	0x00bf00bf
10002f64:	00bf00bf 	.word	0x00bf00bf
10002f68:	00bf00bf 	.word	0x00bf00bf
10002f6c:	00bf00bf 	.word	0x00bf00bf
10002f70:	00bf00bf 	.word	0x00bf00bf
10002f74:	00bf00bf 	.word	0x00bf00bf
10002f78:	00bf00bf 	.word	0x00bf00bf
10002f7c:	00bf01d3 	.word	0x00bf01d3
10002f80:	00bf00bf 	.word	0x00bf00bf
10002f84:	00bf00bf 	.word	0x00bf00bf
10002f88:	00bf00bf 	.word	0x00bf00bf
10002f8c:	00bf00bf 	.word	0x00bf00bf
10002f90:	016701d3 	.word	0x016701d3
10002f94:	012601d3 	.word	0x012601d3
10002f98:	01260145 	.word	0x01260145
10002f9c:	2100      	movs	r1, #0
10002f9e:	e000      	b.n	10002fa2 <_vsnprintf+0x19e>
10002fa0:	3201      	adds	r2, #1
10002fa2:	eb01 0181 	add.w	r1, r1, r1, lsl #2
10002fa6:	eb00 0141 	add.w	r1, r0, r1, lsl #1
10002faa:	7810      	ldrb	r0, [r2, #0]
10002fac:	4692      	mov	sl, r2
10002fae:	f1a0 0430 	sub.w	r4, r0, #48	@ 0x30
10002fb2:	2c09      	cmp	r4, #9
10002fb4:	f1a1 0130 	sub.w	r1, r1, #48	@ 0x30
10002fb8:	d9f2      	bls.n	10002fa0 <_vsnprintf+0x19c>
10002fba:	282e      	cmp	r0, #46	@ 0x2e
10002fbc:	910c      	str	r1, [sp, #48]	@ 0x30
10002fbe:	f102 0201 	add.w	r2, r2, #1
10002fc2:	f47f af67 	bne.w	10002e94 <_vsnprintf+0x90>
10002fc6:	f89a 0001 	ldrb.w	r0, [sl, #1]
10002fca:	4611      	mov	r1, r2
10002fcc:	f1a0 0630 	sub.w	r6, r0, #48	@ 0x30
10002fd0:	2e09      	cmp	r6, #9
10002fd2:	f443 6380 	orr.w	r3, r3, #1024	@ 0x400
10002fd6:	f240 8131 	bls.w	1000323c <_vsnprintf+0x438>
10002fda:	282a      	cmp	r0, #42	@ 0x2a
10002fdc:	f000 813e 	beq.w	1000325c <_vsnprintf+0x458>
10002fe0:	4692      	mov	sl, r2
10002fe2:	2700      	movs	r7, #0
10002fe4:	3201      	adds	r2, #1
10002fe6:	e756      	b.n	10002e96 <_vsnprintf+0x92>
10002fe8:	464c      	mov	r4, r9
10002fea:	9b09      	ldr	r3, [sp, #36]	@ 0x24
10002fec:	4599      	cmp	r9, r3
10002fee:	d301      	bcc.n	10002ff4 <_vsnprintf+0x1f0>
10002ff0:	f103 39ff 	add.w	r9, r3, #4294967295	@ 0xffffffff
10002ff4:	464a      	mov	r2, r9
10002ff6:	2000      	movs	r0, #0
10002ff8:	9b09      	ldr	r3, [sp, #36]	@ 0x24
10002ffa:	990a      	ldr	r1, [sp, #40]	@ 0x28
10002ffc:	47d8      	blx	fp
10002ffe:	4620      	mov	r0, r4
10003000:	b01b      	add	sp, #108	@ 0x6c
10003002:	e8bd 8ff0 	ldmia.w	sp!, {r4, r5, r6, r7, r8, r9, sl, fp, pc}
10003006:	f1a0 0269 	sub.w	r2, r0, #105	@ 0x69
1000300a:	b2d2      	uxtb	r2, r2
1000300c:	2a0f      	cmp	r2, #15
1000300e:	d841      	bhi.n	10003094 <_vsnprintf+0x290>
10003010:	2601      	movs	r6, #1
10003012:	f249 0141 	movw	r1, #36929	@ 0x9041
10003016:	4096      	lsls	r6, r2
10003018:	400e      	ands	r6, r1
1000301a:	f040 8101 	bne.w	10003220 <_vsnprintf+0x41c>
1000301e:	2a0a      	cmp	r2, #10
10003020:	d03f      	beq.n	100030a2 <_vsnprintf+0x29e>
10003022:	2a07      	cmp	r2, #7
10003024:	d136      	bne.n	10003094 <_vsnprintf+0x290>
10003026:	9c0b      	ldr	r4, [sp, #44]	@ 0x2c
10003028:	f854 2b04 	ldr.w	r2, [r4], #4
1000302c:	2a00      	cmp	r2, #0
1000302e:	f000 8128 	beq.w	10003282 <_vsnprintf+0x47e>
10003032:	f043 0121 	orr.w	r1, r3, #33	@ 0x21
10003036:	f10d 0e48 	add.w	lr, sp, #72	@ 0x48
1000303a:	4670      	mov	r0, lr
1000303c:	e003      	b.n	10003046 <_vsnprintf+0x242>
1000303e:	2e20      	cmp	r6, #32
10003040:	f000 8129 	beq.w	10003296 <_vsnprintf+0x492>
10003044:	461a      	mov	r2, r3
10003046:	f002 050f 	and.w	r5, r2, #15
1000304a:	462b      	mov	r3, r5
1000304c:	2d09      	cmp	r5, #9
1000304e:	bf94      	ite	ls
10003050:	3330      	addls	r3, #48	@ 0x30
10003052:	3337      	addhi	r3, #55	@ 0x37
10003054:	2a0f      	cmp	r2, #15
10003056:	f800 3b01 	strb.w	r3, [r0], #1
1000305a:	f106 0601 	add.w	r6, r6, #1
1000305e:	ea4f 1312 	mov.w	r3, r2, lsr #4
10003062:	d8ec      	bhi.n	1000303e <_vsnprintf+0x23a>
10003064:	e117      	b.n	10003296 <_vsnprintf+0x492>
10003066:	bf00      	nop
10003068:	10002e05 	.word	0x10002e05
1000306c:	20002e1c 	.word	0x20002e1c
10003070:	10002255 	.word	0x10002255
10003074:	9c0b      	ldr	r4, [sp, #44]	@ 0x2c
10003076:	f89a 0001 	ldrb.w	r0, [sl, #1]
1000307a:	f854 5b04 	ldr.w	r5, [r4], #4
1000307e:	4692      	mov	sl, r2
10003080:	2d00      	cmp	r5, #0
10003082:	bfbd      	ittte	lt
10003084:	4269      	neglt	r1, r5
10003086:	f043 0302 	orrlt.w	r3, r3, #2
1000308a:	910c      	strlt	r1, [sp, #48]	@ 0x30
1000308c:	950c      	strge	r5, [sp, #48]	@ 0x30
1000308e:	940b      	str	r4, [sp, #44]	@ 0x2c
10003090:	3201      	adds	r2, #1
10003092:	e6fc      	b.n	10002e8e <_vsnprintf+0x8a>
10003094:	464a      	mov	r2, r9
10003096:	9b09      	ldr	r3, [sp, #36]	@ 0x24
10003098:	990a      	ldr	r1, [sp, #40]	@ 0x28
1000309a:	f109 0901 	add.w	r9, r9, #1
1000309e:	47d8      	blx	fp
100030a0:	e6cf      	b.n	10002e42 <_vsnprintf+0x3e>
100030a2:	990b      	ldr	r1, [sp, #44]	@ 0x2c
100030a4:	f851 8b04 	ldr.w	r8, [r1], #4
100030a8:	f898 2000 	ldrb.w	r2, [r8]
100030ac:	4610      	mov	r0, r2
100030ae:	2f00      	cmp	r7, #0
100030b0:	f040 80e1 	bne.w	10003276 <_vsnprintf+0x472>
100030b4:	b172      	cbz	r2, 100030d4 <_vsnprintf+0x2d0>
100030b6:	f06f 0c01 	mvn.w	ip, #1
100030ba:	f10c 0c01 	add.w	ip, ip, #1
100030be:	4646      	mov	r6, r8
100030c0:	44c4      	add	ip, r8
100030c2:	e001      	b.n	100030c8 <_vsnprintf+0x2c4>
100030c4:	4566      	cmp	r6, ip
100030c6:	d003      	beq.n	100030d0 <_vsnprintf+0x2cc>
100030c8:	f816 4f01 	ldrb.w	r4, [r6, #1]!
100030cc:	2c00      	cmp	r4, #0
100030ce:	d1f9      	bne.n	100030c4 <_vsnprintf+0x2c0>
100030d0:	eba6 0608 	sub.w	r6, r6, r8
100030d4:	f413 6c80 	ands.w	ip, r3, #1024	@ 0x400
100030d8:	d002      	beq.n	100030e0 <_vsnprintf+0x2dc>
100030da:	42be      	cmp	r6, r7
100030dc:	bf28      	it	cs
100030de:	463e      	movcs	r6, r7
100030e0:	f013 0402 	ands.w	r4, r3, #2
100030e4:	f000 8187 	beq.w	100033f6 <_vsnprintf+0x5f2>
100030e8:	2a00      	cmp	r2, #0
100030ea:	f000 812b 	beq.w	10003344 <_vsnprintf+0x540>
100030ee:	f1bc 0f00 	cmp.w	ip, #0
100030f2:	f000 8141 	beq.w	10003378 <_vsnprintf+0x574>
100030f6:	940b      	str	r4, [sp, #44]	@ 0x2c
100030f8:	960d      	str	r6, [sp, #52]	@ 0x34
100030fa:	464a      	mov	r2, r9
100030fc:	e9dd 5409 	ldrd	r5, r4, [sp, #36]	@ 0x24
10003100:	460e      	mov	r6, r1
10003102:	444f      	add	r7, r9
10003104:	e008      	b.n	10003118 <_vsnprintf+0x314>
10003106:	462b      	mov	r3, r5
10003108:	4621      	mov	r1, r4
1000310a:	47d8      	blx	fp
1000310c:	f818 0f01 	ldrb.w	r0, [r8, #1]!
10003110:	f109 0901 	add.w	r9, r9, #1
10003114:	b110      	cbz	r0, 1000311c <_vsnprintf+0x318>
10003116:	464a      	mov	r2, r9
10003118:	454f      	cmp	r7, r9
1000311a:	d1f4      	bne.n	10003106 <_vsnprintf+0x302>
1000311c:	4631      	mov	r1, r6
1000311e:	9c0b      	ldr	r4, [sp, #44]	@ 0x2c
10003120:	9e0d      	ldr	r6, [sp, #52]	@ 0x34
10003122:	2c00      	cmp	r4, #0
10003124:	f040 810e 	bne.w	10003344 <_vsnprintf+0x540>
10003128:	910b      	str	r1, [sp, #44]	@ 0x2c
1000312a:	e68a      	b.n	10002e42 <_vsnprintf+0x3e>
1000312c:	f89a 0001 	ldrb.w	r0, [sl, #1]
10003130:	286c      	cmp	r0, #108	@ 0x6c
10003132:	f47f aedf 	bne.w	10002ef4 <_vsnprintf+0xf0>
10003136:	f89a 0002 	ldrb.w	r0, [sl, #2]
1000313a:	f443 7340 	orr.w	r3, r3, #768	@ 0x300
1000313e:	f10a 0203 	add.w	r2, sl, #3
10003142:	e6da      	b.n	10002efa <_vsnprintf+0xf6>
10003144:	f89a 0001 	ldrb.w	r0, [sl, #1]
10003148:	f443 7300 	orr.w	r3, r3, #512	@ 0x200
1000314c:	3201      	adds	r2, #1
1000314e:	e6d4      	b.n	10002efa <_vsnprintf+0xf6>
10003150:	f89a 0001 	ldrb.w	r0, [sl, #1]
10003154:	2868      	cmp	r0, #104	@ 0x68
10003156:	f000 8120 	beq.w	1000339a <_vsnprintf+0x596>
1000315a:	f043 0380 	orr.w	r3, r3, #128	@ 0x80
1000315e:	3201      	adds	r2, #1
10003160:	e6cb      	b.n	10002efa <_vsnprintf+0xf6>
10003162:	2867      	cmp	r0, #103	@ 0x67
10003164:	f000 80e7 	beq.w	10003336 <_vsnprintf+0x532>
10003168:	2847      	cmp	r0, #71	@ 0x47
1000316a:	f000 8100 	beq.w	1000336e <_vsnprintf+0x56a>
1000316e:	2845      	cmp	r0, #69	@ 0x45
10003170:	f000 80ff 	beq.w	10003372 <_vsnprintf+0x56e>
10003174:	9c0b      	ldr	r4, [sp, #44]	@ 0x2c
10003176:	9304      	str	r3, [sp, #16]
10003178:	9b0c      	ldr	r3, [sp, #48]	@ 0x30
1000317a:	3407      	adds	r4, #7
1000317c:	e9cd 7302 	strd	r7, r3, [sp, #8]
10003180:	f024 0307 	bic.w	r3, r4, #7
10003184:	461c      	mov	r4, r3
10003186:	e9dd 3109 	ldrd	r3, r1, [sp, #36]	@ 0x24
1000318a:	e8f4 6702 	ldrd	r6, r7, [r4], #8
1000318e:	464a      	mov	r2, r9
10003190:	4658      	mov	r0, fp
10003192:	e9cd 6700 	strd	r6, r7, [sp]
10003196:	940b      	str	r4, [sp, #44]	@ 0x2c
10003198:	f7ff fa0a 	bl	100025b0 <_etoa>
1000319c:	4681      	mov	r9, r0
1000319e:	e650      	b.n	10002e42 <_vsnprintf+0x3e>
100031a0:	2846      	cmp	r0, #70	@ 0x46
100031a2:	9c0b      	ldr	r4, [sp, #44]	@ 0x2c
100031a4:	bf08      	it	eq
100031a6:	f043 0320 	orreq.w	r3, r3, #32
100031aa:	9304      	str	r3, [sp, #16]
100031ac:	9b0c      	ldr	r3, [sp, #48]	@ 0x30
100031ae:	3407      	adds	r4, #7
100031b0:	e9cd 7302 	strd	r7, r3, [sp, #8]
100031b4:	f024 0307 	bic.w	r3, r4, #7
100031b8:	461c      	mov	r4, r3
100031ba:	e9dd 3109 	ldrd	r3, r1, [sp, #36]	@ 0x24
100031be:	e8f4 6702 	ldrd	r6, r7, [r4], #8
100031c2:	464a      	mov	r2, r9
100031c4:	4658      	mov	r0, fp
100031c6:	e9cd 6700 	strd	r6, r7, [sp]
100031ca:	940b      	str	r4, [sp, #44]	@ 0x2c
100031cc:	f7ff fc20 	bl	10002a10 <_ftoa>
100031d0:	4681      	mov	r9, r0
100031d2:	e636      	b.n	10002e42 <_vsnprintf+0x3e>
100031d4:	464a      	mov	r2, r9
100031d6:	2025      	movs	r0, #37	@ 0x25
100031d8:	9b09      	ldr	r3, [sp, #36]	@ 0x24
100031da:	990a      	ldr	r1, [sp, #40]	@ 0x28
100031dc:	f109 0901 	add.w	r9, r9, #1
100031e0:	47d8      	blx	fp
100031e2:	e62e      	b.n	10002e42 <_vsnprintf+0x3e>
100031e4:	9a0b      	ldr	r2, [sp, #44]	@ 0x2c
100031e6:	079c      	lsls	r4, r3, #30
100031e8:	f102 0704 	add.w	r7, r2, #4
100031ec:	f109 0601 	add.w	r6, r9, #1
100031f0:	f140 80e6 	bpl.w	100033c0 <_vsnprintf+0x5bc>
100031f4:	7810      	ldrb	r0, [r2, #0]
100031f6:	9b09      	ldr	r3, [sp, #36]	@ 0x24
100031f8:	464a      	mov	r2, r9
100031fa:	990a      	ldr	r1, [sp, #40]	@ 0x28
100031fc:	47d8      	blx	fp
100031fe:	9b0c      	ldr	r3, [sp, #48]	@ 0x30
10003200:	2b01      	cmp	r3, #1
10003202:	f240 812c 	bls.w	1000345e <_vsnprintf+0x65a>
10003206:	e9dd 5409 	ldrd	r5, r4, [sp, #36]	@ 0x24
1000320a:	4499      	add	r9, r3
1000320c:	4632      	mov	r2, r6
1000320e:	462b      	mov	r3, r5
10003210:	4621      	mov	r1, r4
10003212:	2020      	movs	r0, #32
10003214:	3601      	adds	r6, #1
10003216:	47d8      	blx	fp
10003218:	454e      	cmp	r6, r9
1000321a:	d1f7      	bne.n	1000320c <_vsnprintf+0x408>
1000321c:	970b      	str	r7, [sp, #44]	@ 0x2c
1000321e:	e610      	b.n	10002e42 <_vsnprintf+0x3e>
10003220:	286f      	cmp	r0, #111	@ 0x6f
10003222:	f000 808b 	beq.w	1000333c <_vsnprintf+0x538>
10003226:	f240 8165 	bls.w	100034f4 <_vsnprintf+0x6f0>
1000322a:	2878      	cmp	r0, #120	@ 0x78
1000322c:	f000 8108 	beq.w	10003440 <_vsnprintf+0x63c>
10003230:	f04f 080a 	mov.w	r8, #10
10003234:	f023 0310 	bic.w	r3, r3, #16
10003238:	46c4      	mov	ip, r8
1000323a:	e047      	b.n	100032cc <_vsnprintf+0x4c8>
1000323c:	2700      	movs	r7, #0
1000323e:	eb07 0787 	add.w	r7, r7, r7, lsl #2
10003242:	eb00 0047 	add.w	r0, r0, r7, lsl #1
10003246:	f1a0 0730 	sub.w	r7, r0, #48	@ 0x30
1000324a:	f811 0f01 	ldrb.w	r0, [r1, #1]!
1000324e:	f1a0 0230 	sub.w	r2, r0, #48	@ 0x30
10003252:	2a09      	cmp	r2, #9
10003254:	d9f3      	bls.n	1000323e <_vsnprintf+0x43a>
10003256:	468a      	mov	sl, r1
10003258:	1c4a      	adds	r2, r1, #1
1000325a:	e61c      	b.n	10002e96 <_vsnprintf+0x92>
1000325c:	9c0b      	ldr	r4, [sp, #44]	@ 0x2c
1000325e:	f89a 0002 	ldrb.w	r0, [sl, #2]
10003262:	f854 7b04 	ldr.w	r7, [r4], #4
10003266:	f10a 0a02 	add.w	sl, sl, #2
1000326a:	f10a 0201 	add.w	r2, sl, #1
1000326e:	940b      	str	r4, [sp, #44]	@ 0x2c
10003270:	ea27 77e7 	bic.w	r7, r7, r7, asr #31
10003274:	e60f      	b.n	10002e96 <_vsnprintf+0x92>
10003276:	2a00      	cmp	r2, #0
10003278:	f43f af2c 	beq.w	100030d4 <_vsnprintf+0x2d0>
1000327c:	f107 3cff 	add.w	ip, r7, #4294967295	@ 0xffffffff
10003280:	e71b      	b.n	100030ba <_vsnprintf+0x2b6>
10003282:	f023 0110 	bic.w	r1, r3, #16
10003286:	f413 6280 	ands.w	r2, r3, #1024	@ 0x400
1000328a:	f041 0121 	orr.w	r1, r1, #33	@ 0x21
1000328e:	f43f aed2 	beq.w	10003036 <_vsnprintf+0x232>
10003292:	f10d 0e48 	add.w	lr, sp, #72	@ 0x48
10003296:	2308      	movs	r3, #8
10003298:	2010      	movs	r0, #16
1000329a:	9305      	str	r3, [sp, #20]
1000329c:	2300      	movs	r3, #0
1000329e:	464a      	mov	r2, r9
100032a0:	e9cd 3002 	strd	r3, r0, [sp, #8]
100032a4:	9106      	str	r1, [sp, #24]
100032a6:	4658      	mov	r0, fp
100032a8:	e9dd 3109 	ldrd	r3, r1, [sp, #36]	@ 0x24
100032ac:	e9cd e600 	strd	lr, r6, [sp]
100032b0:	9704      	str	r7, [sp, #16]
100032b2:	f7ff f81f 	bl	100022f4 <_ntoa_format>
100032b6:	940b      	str	r4, [sp, #44]	@ 0x2c
100032b8:	4681      	mov	r9, r0
100032ba:	e5c2      	b.n	10002e42 <_vsnprintf+0x3e>
100032bc:	2858      	cmp	r0, #88	@ 0x58
100032be:	d079      	beq.n	100033b4 <_vsnprintf+0x5b0>
100032c0:	2862      	cmp	r0, #98	@ 0x62
100032c2:	f040 8251 	bne.w	10003768 <_vsnprintf+0x964>
100032c6:	f04f 0802 	mov.w	r8, #2
100032ca:	46c4      	mov	ip, r8
100032cc:	f413 6080 	ands.w	r0, r3, #1024	@ 0x400
100032d0:	d16d      	bne.n	100033ae <_vsnprintf+0x5aa>
100032d2:	f023 030c 	bic.w	r3, r3, #12
100032d6:	f413 7200 	ands.w	r2, r3, #512	@ 0x200
100032da:	f040 80c2 	bne.w	10003462 <_vsnprintf+0x65e>
100032de:	990b      	ldr	r1, [sp, #44]	@ 0x2c
100032e0:	3104      	adds	r1, #4
100032e2:	910d      	str	r1, [sp, #52]	@ 0x34
100032e4:	f413 7180 	ands.w	r1, r3, #256	@ 0x100
100032e8:	f040 822e 	bne.w	10003748 <_vsnprintf+0x944>
100032ec:	065e      	lsls	r6, r3, #25
100032ee:	9a0b      	ldr	r2, [sp, #44]	@ 0x2c
100032f0:	f140 80aa 	bpl.w	10003448 <_vsnprintf+0x644>
100032f4:	7812      	ldrb	r2, [r2, #0]
100032f6:	2a00      	cmp	r2, #0
100032f8:	f040 80da 	bne.w	100034b0 <_vsnprintf+0x6ac>
100032fc:	f023 0310 	bic.w	r3, r3, #16
10003300:	2800      	cmp	r0, #0
10003302:	f000 80d5 	beq.w	100034b0 <_vsnprintf+0x6ac>
10003306:	4611      	mov	r1, r2
10003308:	f10d 0e48 	add.w	lr, sp, #72	@ 0x48
1000330c:	9306      	str	r3, [sp, #24]
1000330e:	9b0c      	ldr	r3, [sp, #48]	@ 0x30
10003310:	f8cd c00c 	str.w	ip, [sp, #12]
10003314:	e9cd 7304 	strd	r7, r3, [sp, #16]
10003318:	9101      	str	r1, [sp, #4]
1000331a:	2300      	movs	r3, #0
1000331c:	464a      	mov	r2, r9
1000331e:	9302      	str	r3, [sp, #8]
10003320:	4658      	mov	r0, fp
10003322:	e9dd 3109 	ldrd	r3, r1, [sp, #36]	@ 0x24
10003326:	f8cd e000 	str.w	lr, [sp]
1000332a:	f7fe ffe3 	bl	100022f4 <_ntoa_format>
1000332e:	9b0d      	ldr	r3, [sp, #52]	@ 0x34
10003330:	4681      	mov	r9, r0
10003332:	930b      	str	r3, [sp, #44]	@ 0x2c
10003334:	e585      	b.n	10002e42 <_vsnprintf+0x3e>
10003336:	f443 6300 	orr.w	r3, r3, #2048	@ 0x800
1000333a:	e71b      	b.n	10003174 <_vsnprintf+0x370>
1000333c:	f04f 0808 	mov.w	r8, #8
10003340:	46c4      	mov	ip, r8
10003342:	e7c3      	b.n	100032cc <_vsnprintf+0x4c8>
10003344:	9b0c      	ldr	r3, [sp, #48]	@ 0x30
10003346:	464c      	mov	r4, r9
10003348:	42b3      	cmp	r3, r6
1000334a:	f67f aeed 	bls.w	10003128 <_vsnprintf+0x324>
1000334e:	460f      	mov	r7, r1
10003350:	444b      	add	r3, r9
10003352:	eba3 0906 	sub.w	r9, r3, r6
10003356:	e9dd 6509 	ldrd	r6, r5, [sp, #36]	@ 0x24
1000335a:	4622      	mov	r2, r4
1000335c:	4633      	mov	r3, r6
1000335e:	4629      	mov	r1, r5
10003360:	2020      	movs	r0, #32
10003362:	3401      	adds	r4, #1
10003364:	47d8      	blx	fp
10003366:	454c      	cmp	r4, r9
10003368:	d1f7      	bne.n	1000335a <_vsnprintf+0x556>
1000336a:	4639      	mov	r1, r7
1000336c:	e6dc      	b.n	10003128 <_vsnprintf+0x324>
1000336e:	f443 6300 	orr.w	r3, r3, #2048	@ 0x800
10003372:	f043 0320 	orr.w	r3, r3, #32
10003376:	e6fd      	b.n	10003174 <_vsnprintf+0x370>
10003378:	460f      	mov	r7, r1
1000337a:	940b      	str	r4, [sp, #44]	@ 0x2c
1000337c:	e9dd 5409 	ldrd	r5, r4, [sp, #36]	@ 0x24
10003380:	464a      	mov	r2, r9
10003382:	462b      	mov	r3, r5
10003384:	4621      	mov	r1, r4
10003386:	47d8      	blx	fp
10003388:	f818 0f01 	ldrb.w	r0, [r8, #1]!
1000338c:	f109 0901 	add.w	r9, r9, #1
10003390:	2800      	cmp	r0, #0
10003392:	d1f5      	bne.n	10003380 <_vsnprintf+0x57c>
10003394:	4639      	mov	r1, r7
10003396:	9c0b      	ldr	r4, [sp, #44]	@ 0x2c
10003398:	e6c3      	b.n	10003122 <_vsnprintf+0x31e>
1000339a:	f89a 0002 	ldrb.w	r0, [sl, #2]
1000339e:	f043 03c0 	orr.w	r3, r3, #192	@ 0xc0
100033a2:	f10a 0203 	add.w	r2, sl, #3
100033a6:	e5a8      	b.n	10002efa <_vsnprintf+0xf6>
100033a8:	4604      	mov	r4, r0
100033aa:	4681      	mov	r9, r0
100033ac:	e61d      	b.n	10002fea <_vsnprintf+0x1e6>
100033ae:	f023 030d 	bic.w	r3, r3, #13
100033b2:	e790      	b.n	100032d6 <_vsnprintf+0x4d2>
100033b4:	f04f 0810 	mov.w	r8, #16
100033b8:	f043 0320 	orr.w	r3, r3, #32
100033bc:	46c4      	mov	ip, r8
100033be:	e785      	b.n	100032cc <_vsnprintf+0x4c8>
100033c0:	9b0c      	ldr	r3, [sp, #48]	@ 0x30
100033c2:	2b01      	cmp	r3, #1
100033c4:	d945      	bls.n	10003452 <_vsnprintf+0x64e>
100033c6:	e9dd 5409 	ldrd	r5, r4, [sp, #36]	@ 0x24
100033ca:	464e      	mov	r6, r9
100033cc:	f109 38ff 	add.w	r8, r9, #4294967295	@ 0xffffffff
100033d0:	4498      	add	r8, r3
100033d2:	4632      	mov	r2, r6
100033d4:	462b      	mov	r3, r5
100033d6:	4621      	mov	r1, r4
100033d8:	2020      	movs	r0, #32
100033da:	3601      	adds	r6, #1
100033dc:	47d8      	blx	fp
100033de:	4546      	cmp	r6, r8
100033e0:	d1f7      	bne.n	100033d2 <_vsnprintf+0x5ce>
100033e2:	9b0c      	ldr	r3, [sp, #48]	@ 0x30
100033e4:	4632      	mov	r2, r6
100033e6:	4499      	add	r9, r3
100033e8:	9b0b      	ldr	r3, [sp, #44]	@ 0x2c
100033ea:	7818      	ldrb	r0, [r3, #0]
100033ec:	e9dd 3109 	ldrd	r3, r1, [sp, #36]	@ 0x24
100033f0:	47d8      	blx	fp
100033f2:	970b      	str	r7, [sp, #44]	@ 0x2c
100033f4:	e525      	b.n	10002e42 <_vsnprintf+0x3e>
100033f6:	9b0c      	ldr	r3, [sp, #48]	@ 0x30
100033f8:	42b3      	cmp	r3, r6
100033fa:	f240 81ee 	bls.w	100037da <_vsnprintf+0x9d6>
100033fe:	e9cd 480d 	strd	r4, r8, [sp, #52]	@ 0x34
10003402:	e9dd 5409 	ldrd	r5, r4, [sp, #36]	@ 0x24
10003406:	4688      	mov	r8, r1
10003408:	444b      	add	r3, r9
1000340a:	1b9e      	subs	r6, r3, r6
1000340c:	f8cd c02c 	str.w	ip, [sp, #44]	@ 0x2c
10003410:	464a      	mov	r2, r9
10003412:	462b      	mov	r3, r5
10003414:	4621      	mov	r1, r4
10003416:	2020      	movs	r0, #32
10003418:	f109 0901 	add.w	r9, r9, #1
1000341c:	47d8      	blx	fp
1000341e:	45b1      	cmp	r9, r6
10003420:	d1f6      	bne.n	10003410 <_vsnprintf+0x60c>
10003422:	4641      	mov	r1, r8
10003424:	f8dd 8038 	ldr.w	r8, [sp, #56]	@ 0x38
10003428:	9b0c      	ldr	r3, [sp, #48]	@ 0x30
1000342a:	f8dd c02c 	ldr.w	ip, [sp, #44]	@ 0x2c
1000342e:	9c0d      	ldr	r4, [sp, #52]	@ 0x34
10003430:	f898 2000 	ldrb.w	r2, [r8]
10003434:	1c5e      	adds	r6, r3, #1
10003436:	4610      	mov	r0, r2
10003438:	2a00      	cmp	r2, #0
1000343a:	f47f ae58 	bne.w	100030ee <_vsnprintf+0x2ea>
1000343e:	e673      	b.n	10003128 <_vsnprintf+0x324>
10003440:	f04f 0810 	mov.w	r8, #16
10003444:	46c4      	mov	ip, r8
10003446:	e741      	b.n	100032cc <_vsnprintf+0x4c8>
10003448:	061d      	lsls	r5, r3, #24
1000344a:	bf4c      	ite	mi
1000344c:	8812      	ldrhmi	r2, [r2, #0]
1000344e:	6812      	ldrpl	r2, [r2, #0]
10003450:	e751      	b.n	100032f6 <_vsnprintf+0x4f2>
10003452:	4613      	mov	r3, r2
10003454:	464a      	mov	r2, r9
10003456:	7818      	ldrb	r0, [r3, #0]
10003458:	e9dd 3109 	ldrd	r3, r1, [sp, #36]	@ 0x24
1000345c:	47d8      	blx	fp
1000345e:	46b1      	mov	r9, r6
10003460:	e6dc      	b.n	1000321c <_vsnprintf+0x418>
10003462:	9c0b      	ldr	r4, [sp, #44]	@ 0x2c
10003464:	3407      	adds	r4, #7
10003466:	f024 0407 	bic.w	r4, r4, #7
1000346a:	4622      	mov	r2, r4
1000346c:	6865      	ldr	r5, [r4, #4]
1000346e:	f852 4b08 	ldr.w	r4, [r2], #8
10003472:	920b      	str	r2, [sp, #44]	@ 0x2c
10003474:	ea54 0205 	orrs.w	r2, r4, r5
10003478:	f040 812c 	bne.w	100036d4 <_vsnprintf+0x8d0>
1000347c:	f023 0310 	bic.w	r3, r3, #16
10003480:	2800      	cmp	r0, #0
10003482:	f000 8127 	beq.w	100036d4 <_vsnprintf+0x8d0>
10003486:	2600      	movs	r6, #0
10003488:	f10d 0e48 	add.w	lr, sp, #72	@ 0x48
1000348c:	9306      	str	r3, [sp, #24]
1000348e:	9b0c      	ldr	r3, [sp, #48]	@ 0x30
10003490:	464a      	mov	r2, r9
10003492:	e9cd 7304 	strd	r7, r3, [sp, #16]
10003496:	2300      	movs	r3, #0
10003498:	e9cd e600 	strd	lr, r6, [sp]
1000349c:	f8cd c00c 	str.w	ip, [sp, #12]
100034a0:	9302      	str	r3, [sp, #8]
100034a2:	4658      	mov	r0, fp
100034a4:	e9dd 3109 	ldrd	r3, r1, [sp, #36]	@ 0x24
100034a8:	f7fe ff24 	bl	100022f4 <_ntoa_format>
100034ac:	4681      	mov	r9, r0
100034ae:	e4c8      	b.n	10002e42 <_vsnprintf+0x3e>
100034b0:	f013 0f20 	tst.w	r3, #32
100034b4:	bf14      	ite	ne
100034b6:	2041      	movne	r0, #65	@ 0x41
100034b8:	2061      	moveq	r0, #97	@ 0x61
100034ba:	f10d 0e48 	add.w	lr, sp, #72	@ 0x48
100034be:	4676      	mov	r6, lr
100034c0:	f1a0 080a 	sub.w	r8, r0, #10
100034c4:	e003      	b.n	100034ce <_vsnprintf+0x6ca>
100034c6:	2920      	cmp	r1, #32
100034c8:	f43f af20 	beq.w	1000330c <_vsnprintf+0x508>
100034cc:	4622      	mov	r2, r4
100034ce:	fbb2 f4fc 	udiv	r4, r2, ip
100034d2:	fb0c 2514 	mls	r5, ip, r4, r2
100034d6:	b2e8      	uxtb	r0, r5
100034d8:	2d09      	cmp	r5, #9
100034da:	f100 0530 	add.w	r5, r0, #48	@ 0x30
100034de:	bf8a      	itet	hi
100034e0:	4440      	addhi	r0, r8
100034e2:	b2e8      	uxtbls	r0, r5
100034e4:	b2c0      	uxtbhi	r0, r0
100034e6:	4562      	cmp	r2, ip
100034e8:	f806 0b01 	strb.w	r0, [r6], #1
100034ec:	f101 0101 	add.w	r1, r1, #1
100034f0:	d2e9      	bcs.n	100034c6 <_vsnprintf+0x6c2>
100034f2:	e70b      	b.n	1000330c <_vsnprintf+0x508>
100034f4:	f023 0210 	bic.w	r2, r3, #16
100034f8:	2869      	cmp	r0, #105	@ 0x69
100034fa:	920d      	str	r2, [sp, #52]	@ 0x34
100034fc:	f040 816f 	bne.w	100037de <_vsnprintf+0x9da>
10003500:	f413 6280 	ands.w	r2, r3, #1024	@ 0x400
10003504:	d004      	beq.n	10003510 <_vsnprintf+0x70c>
10003506:	f44f 6280 	mov.w	r2, #1024	@ 0x400
1000350a:	f023 0311 	bic.w	r3, r3, #17
1000350e:	930d      	str	r3, [sp, #52]	@ 0x34
10003510:	9b0d      	ldr	r3, [sp, #52]	@ 0x34
10003512:	f413 7600 	ands.w	r6, r3, #512	@ 0x200
10003516:	d140      	bne.n	1000359a <_vsnprintf+0x796>
10003518:	9b0b      	ldr	r3, [sp, #44]	@ 0x2c
1000351a:	f103 0804 	add.w	r8, r3, #4
1000351e:	9b0d      	ldr	r3, [sp, #52]	@ 0x34
10003520:	f413 7080 	ands.w	r0, r3, #256	@ 0x100
10003524:	f040 8098 	bne.w	10003658 <_vsnprintf+0x854>
10003528:	0659      	lsls	r1, r3, #25
1000352a:	f140 80c6 	bpl.w	100036ba <_vsnprintf+0x8b6>
1000352e:	9b0b      	ldr	r3, [sp, #44]	@ 0x2c
10003530:	7819      	ldrb	r1, [r3, #0]
10003532:	460c      	mov	r4, r1
10003534:	0fcb      	lsrs	r3, r1, #31
10003536:	2900      	cmp	r1, #0
10003538:	f000 80b9 	beq.w	100036ae <_vsnprintf+0x8aa>
1000353c:	4622      	mov	r2, r4
1000353e:	f10d 0e48 	add.w	lr, sp, #72	@ 0x48
10003542:	4674      	mov	r4, lr
10003544:	4616      	mov	r6, r2
10003546:	f8df c2a0 	ldr.w	ip, [pc, #672]	@ 100037e8 <_vsnprintf+0x9e4>
1000354a:	e001      	b.n	10003550 <_vsnprintf+0x74c>
1000354c:	2820      	cmp	r0, #32
1000354e:	d00f      	beq.n	10003570 <_vsnprintf+0x76c>
10003550:	4635      	mov	r5, r6
10003552:	fbac 2106 	umull	r2, r1, ip, r6
10003556:	08c9      	lsrs	r1, r1, #3
10003558:	eb01 0281 	add.w	r2, r1, r1, lsl #2
1000355c:	eba6 0242 	sub.w	r2, r6, r2, lsl #1
10003560:	3230      	adds	r2, #48	@ 0x30
10003562:	2d09      	cmp	r5, #9
10003564:	460e      	mov	r6, r1
10003566:	f100 0001 	add.w	r0, r0, #1
1000356a:	f804 2b01 	strb.w	r2, [r4], #1
1000356e:	d8ed      	bhi.n	1000354c <_vsnprintf+0x748>
10003570:	9a0d      	ldr	r2, [sp, #52]	@ 0x34
10003572:	e9cd 0301 	strd	r0, r3, [sp, #4]
10003576:	9206      	str	r2, [sp, #24]
10003578:	9a0c      	ldr	r2, [sp, #48]	@ 0x30
1000357a:	e9cd 7204 	strd	r7, r2, [sp, #16]
1000357e:	230a      	movs	r3, #10
10003580:	464a      	mov	r2, r9
10003582:	9303      	str	r3, [sp, #12]
10003584:	4658      	mov	r0, fp
10003586:	e9dd 3109 	ldrd	r3, r1, [sp, #36]	@ 0x24
1000358a:	f8cd e000 	str.w	lr, [sp]
1000358e:	f7fe feb1 	bl	100022f4 <_ntoa_format>
10003592:	f8cd 802c 	str.w	r8, [sp, #44]	@ 0x2c
10003596:	4681      	mov	r9, r0
10003598:	e453      	b.n	10002e42 <_vsnprintf+0x3e>
1000359a:	9c0b      	ldr	r4, [sp, #44]	@ 0x2c
1000359c:	3407      	adds	r4, #7
1000359e:	f024 0407 	bic.w	r4, r4, #7
100035a2:	4621      	mov	r1, r4
100035a4:	4608      	mov	r0, r1
100035a6:	6863      	ldr	r3, [r4, #4]
100035a8:	f850 1b08 	ldr.w	r1, [r0], #8
100035ac:	0fdc      	lsrs	r4, r3, #31
100035ae:	900b      	str	r0, [sp, #44]	@ 0x2c
100035b0:	ea51 0003 	orrs.w	r0, r1, r3
100035b4:	f000 80c3 	beq.w	1000373e <_vsnprintf+0x93a>
100035b8:	460a      	mov	r2, r1
100035ba:	1e19      	subs	r1, r3, #0
100035bc:	db48      	blt.n	10003650 <_vsnprintf+0x84c>
100035be:	4613      	mov	r3, r2
100035c0:	f10d 0e48 	add.w	lr, sp, #72	@ 0x48
100035c4:	46f4      	mov	ip, lr
100035c6:	2600      	movs	r6, #0
100035c8:	e9cd 940e 	strd	r9, r4, [sp, #56]	@ 0x38
100035cc:	f8df 8218 	ldr.w	r8, [pc, #536]	@ 100037e8 <_vsnprintf+0x9e4>
100035d0:	e001      	b.n	100035d6 <_vsnprintf+0x7d2>
100035d2:	2e20      	cmp	r6, #32
100035d4:	d02d      	beq.n	10003632 <_vsnprintf+0x82e>
100035d6:	185a      	adds	r2, r3, r1
100035d8:	f142 0200 	adc.w	r2, r2, #0
100035dc:	fba8 5902 	umull	r5, r9, r8, r2
100035e0:	f029 0503 	bic.w	r5, r9, #3
100035e4:	eb05 0599 	add.w	r5, r5, r9, lsr #2
100035e8:	1b52      	subs	r2, r2, r5
100035ea:	461c      	mov	r4, r3
100035ec:	1a9b      	subs	r3, r3, r2
100035ee:	f161 0500 	sbc.w	r5, r1, #0
100035f2:	4608      	mov	r0, r1
100035f4:	f04f 31cc 	mov.w	r1, #3435973836	@ 0xcccccccc
100035f8:	fb01 f103 	mul.w	r1, r1, r3
100035fc:	fb08 1105 	mla	r1, r8, r5, r1
10003600:	fba3 5308 	umull	r5, r3, r3, r8
10003604:	4419      	add	r1, r3
10003606:	2305      	movs	r3, #5
10003608:	f005 0901 	and.w	r9, r5, #1
1000360c:	fba9 3903 	umull	r3, r9, r9, r3
10003610:	189b      	adds	r3, r3, r2
10003612:	2c0a      	cmp	r4, #10
10003614:	f103 0330 	add.w	r3, r3, #48	@ 0x30
10003618:	ea4f 0555 	mov.w	r5, r5, lsr #1
1000361c:	f170 0000 	sbcs.w	r0, r0, #0
10003620:	f80c 3b01 	strb.w	r3, [ip], #1
10003624:	f106 0601 	add.w	r6, r6, #1
10003628:	ea45 73c1 	orr.w	r3, r5, r1, lsl #31
1000362c:	ea4f 0151 	mov.w	r1, r1, lsr #1
10003630:	d2cf      	bcs.n	100035d2 <_vsnprintf+0x7ce>
10003632:	e9dd 940e 	ldrd	r9, r4, [sp, #56]	@ 0x38
10003636:	9b0d      	ldr	r3, [sp, #52]	@ 0x34
10003638:	464a      	mov	r2, r9
1000363a:	9306      	str	r3, [sp, #24]
1000363c:	9b0c      	ldr	r3, [sp, #48]	@ 0x30
1000363e:	e9cd 6401 	strd	r6, r4, [sp, #4]
10003642:	e9cd 7304 	strd	r7, r3, [sp, #16]
10003646:	230a      	movs	r3, #10
10003648:	f8cd e000 	str.w	lr, [sp]
1000364c:	9303      	str	r3, [sp, #12]
1000364e:	e728      	b.n	100034a2 <_vsnprintf+0x69e>
10003650:	4252      	negs	r2, r2
10003652:	eb61 0141 	sbc.w	r1, r1, r1, lsl #1
10003656:	e7b2      	b.n	100035be <_vsnprintf+0x7ba>
10003658:	9b0b      	ldr	r3, [sp, #44]	@ 0x2c
1000365a:	6819      	ldr	r1, [r3, #0]
1000365c:	0fcb      	lsrs	r3, r1, #31
1000365e:	2900      	cmp	r1, #0
10003660:	f000 80ab 	beq.w	100037ba <_vsnprintf+0x9b6>
10003664:	ea81 72e1 	eor.w	r2, r1, r1, asr #31
10003668:	eba2 72e1 	sub.w	r2, r2, r1, asr #31
1000366c:	f10d 0e48 	add.w	lr, sp, #72	@ 0x48
10003670:	4670      	mov	r0, lr
10003672:	f8df c174 	ldr.w	ip, [pc, #372]	@ 100037e8 <_vsnprintf+0x9e4>
10003676:	e001      	b.n	1000367c <_vsnprintf+0x878>
10003678:	2e20      	cmp	r6, #32
1000367a:	d010      	beq.n	1000369e <_vsnprintf+0x89a>
1000367c:	4615      	mov	r5, r2
1000367e:	fbac 4102 	umull	r4, r1, ip, r2
10003682:	08c9      	lsrs	r1, r1, #3
10003684:	eb01 0481 	add.w	r4, r1, r1, lsl #2
10003688:	eba2 0444 	sub.w	r4, r2, r4, lsl #1
1000368c:	f104 0230 	add.w	r2, r4, #48	@ 0x30
10003690:	2d09      	cmp	r5, #9
10003692:	f800 2b01 	strb.w	r2, [r0], #1
10003696:	f106 0601 	add.w	r6, r6, #1
1000369a:	460a      	mov	r2, r1
1000369c:	d8ec      	bhi.n	10003678 <_vsnprintf+0x874>
1000369e:	9a0d      	ldr	r2, [sp, #52]	@ 0x34
100036a0:	e9cd 6301 	strd	r6, r3, [sp, #4]
100036a4:	9206      	str	r2, [sp, #24]
100036a6:	9a0c      	ldr	r2, [sp, #48]	@ 0x30
100036a8:	e9cd 7204 	strd	r7, r2, [sp, #16]
100036ac:	e767      	b.n	1000357e <_vsnprintf+0x77a>
100036ae:	2a00      	cmp	r2, #0
100036b0:	f43f af45 	beq.w	1000353e <_vsnprintf+0x73a>
100036b4:	f10d 0e48 	add.w	lr, sp, #72	@ 0x48
100036b8:	e75a      	b.n	10003570 <_vsnprintf+0x76c>
100036ba:	f013 0f80 	tst.w	r3, #128	@ 0x80
100036be:	9b0b      	ldr	r3, [sp, #44]	@ 0x2c
100036c0:	f000 8081 	beq.w	100037c6 <_vsnprintf+0x9c2>
100036c4:	f9b3 1000 	ldrsh.w	r1, [r3]
100036c8:	ea81 74e1 	eor.w	r4, r1, r1, asr #31
100036cc:	eba4 74e1 	sub.w	r4, r4, r1, asr #31
100036d0:	b2a4      	uxth	r4, r4
100036d2:	e72f      	b.n	10003534 <_vsnprintf+0x730>
100036d4:	f013 0f20 	tst.w	r3, #32
100036d8:	bf14      	ite	ne
100036da:	2241      	movne	r2, #65	@ 0x41
100036dc:	2261      	moveq	r2, #97	@ 0x61
100036de:	f10d 0e48 	add.w	lr, sp, #72	@ 0x48
100036e2:	3a0a      	subs	r2, #10
100036e4:	e9cd 970d 	strd	r9, r7, [sp, #52]	@ 0x34
100036e8:	f8cd b044 	str.w	fp, [sp, #68]	@ 0x44
100036ec:	2600      	movs	r6, #0
100036ee:	4677      	mov	r7, lr
100036f0:	46f3      	mov	fp, lr
100036f2:	4691      	mov	r9, r2
100036f4:	e9cd 3c0f 	strd	r3, ip, [sp, #60]	@ 0x3c
100036f8:	e003      	b.n	10003702 <_vsnprintf+0x8fe>
100036fa:	2e20      	cmp	r6, #32
100036fc:	d017      	beq.n	1000372e <_vsnprintf+0x92a>
100036fe:	4604      	mov	r4, r0
10003700:	460d      	mov	r5, r1
10003702:	4629      	mov	r1, r5
10003704:	4642      	mov	r2, r8
10003706:	2300      	movs	r3, #0
10003708:	4620      	mov	r0, r4
1000370a:	f006 fd09 	bl	1000a120 <____aeabi_uldivmod_veneer>
1000370e:	b2d2      	uxtb	r2, r2
10003710:	2a09      	cmp	r2, #9
10003712:	f102 0330 	add.w	r3, r2, #48	@ 0x30
10003716:	bf88      	it	hi
10003718:	eb02 0309 	addhi.w	r3, r2, r9
1000371c:	4544      	cmp	r4, r8
1000371e:	b2db      	uxtb	r3, r3
10003720:	f175 0500 	sbcs.w	r5, r5, #0
10003724:	f807 3b01 	strb.w	r3, [r7], #1
10003728:	f106 0601 	add.w	r6, r6, #1
1000372c:	d2e5      	bcs.n	100036fa <_vsnprintf+0x8f6>
1000372e:	46de      	mov	lr, fp
10003730:	e9dd 970d 	ldrd	r9, r7, [sp, #52]	@ 0x34
10003734:	e9dd 3c0f 	ldrd	r3, ip, [sp, #60]	@ 0x3c
10003738:	f8dd b044 	ldr.w	fp, [sp, #68]	@ 0x44
1000373c:	e6a6      	b.n	1000348c <_vsnprintf+0x688>
1000373e:	2a00      	cmp	r2, #0
10003740:	d147      	bne.n	100037d2 <_vsnprintf+0x9ce>
10003742:	4613      	mov	r3, r2
10003744:	4611      	mov	r1, r2
10003746:	e73b      	b.n	100035c0 <_vsnprintf+0x7bc>
10003748:	990b      	ldr	r1, [sp, #44]	@ 0x2c
1000374a:	6809      	ldr	r1, [r1, #0]
1000374c:	b9a1      	cbnz	r1, 10003778 <_vsnprintf+0x974>
1000374e:	f023 0310 	bic.w	r3, r3, #16
10003752:	b188      	cbz	r0, 10003778 <_vsnprintf+0x974>
10003754:	f10d 0e48 	add.w	lr, sp, #72	@ 0x48
10003758:	9306      	str	r3, [sp, #24]
1000375a:	9b0c      	ldr	r3, [sp, #48]	@ 0x30
1000375c:	f8cd c00c 	str.w	ip, [sp, #12]
10003760:	e9cd 7304 	strd	r7, r3, [sp, #16]
10003764:	9201      	str	r2, [sp, #4]
10003766:	e5d8      	b.n	1000331a <_vsnprintf+0x516>
10003768:	f413 6280 	ands.w	r2, r3, #1024	@ 0x400
1000376c:	f47f aecb 	bne.w	10003506 <_vsnprintf+0x702>
10003770:	f023 0310 	bic.w	r3, r3, #16
10003774:	930d      	str	r3, [sp, #52]	@ 0x34
10003776:	e6cb      	b.n	10003510 <_vsnprintf+0x70c>
10003778:	f013 0f20 	tst.w	r3, #32
1000377c:	bf14      	ite	ne
1000377e:	2041      	movne	r0, #65	@ 0x41
10003780:	2061      	moveq	r0, #97	@ 0x61
10003782:	f10d 0e48 	add.w	lr, sp, #72	@ 0x48
10003786:	4676      	mov	r6, lr
10003788:	f1a0 080a 	sub.w	r8, r0, #10
1000378c:	e002      	b.n	10003794 <_vsnprintf+0x990>
1000378e:	2a20      	cmp	r2, #32
10003790:	d0e2      	beq.n	10003758 <_vsnprintf+0x954>
10003792:	4621      	mov	r1, r4
10003794:	fbb1 f4fc 	udiv	r4, r1, ip
10003798:	fb0c 1514 	mls	r5, ip, r4, r1
1000379c:	b2e8      	uxtb	r0, r5
1000379e:	2d09      	cmp	r5, #9
100037a0:	f100 0530 	add.w	r5, r0, #48	@ 0x30
100037a4:	bf8a      	itet	hi
100037a6:	4440      	addhi	r0, r8
100037a8:	b2e8      	uxtbls	r0, r5
100037aa:	b2c0      	uxtbhi	r0, r0
100037ac:	4561      	cmp	r1, ip
100037ae:	f806 0b01 	strb.w	r0, [r6], #1
100037b2:	f102 0201 	add.w	r2, r2, #1
100037b6:	d2ea      	bcs.n	1000378e <_vsnprintf+0x98a>
100037b8:	e7ce      	b.n	10003758 <_vsnprintf+0x954>
100037ba:	2a00      	cmp	r2, #0
100037bc:	f43f af56 	beq.w	1000366c <_vsnprintf+0x868>
100037c0:	f10d 0e48 	add.w	lr, sp, #72	@ 0x48
100037c4:	e76b      	b.n	1000369e <_vsnprintf+0x89a>
100037c6:	6819      	ldr	r1, [r3, #0]
100037c8:	ea81 74e1 	eor.w	r4, r1, r1, asr #31
100037cc:	eba4 74e1 	sub.w	r4, r4, r1, asr #31
100037d0:	e6b0      	b.n	10003534 <_vsnprintf+0x730>
100037d2:	2600      	movs	r6, #0
100037d4:	f10d 0e48 	add.w	lr, sp, #72	@ 0x48
100037d8:	e72d      	b.n	10003636 <_vsnprintf+0x832>
100037da:	3601      	adds	r6, #1
100037dc:	e62b      	b.n	10003436 <_vsnprintf+0x632>
100037de:	f04f 080a 	mov.w	r8, #10
100037e2:	4613      	mov	r3, r2
100037e4:	46c4      	mov	ip, r8
100037e6:	e571      	b.n	100032cc <_vsnprintf+0x4c8>
100037e8:	cccccccd 	.word	0xcccccccd

100037ec <vfctprintf>:
100037ec:	b570      	push	{r4, r5, r6, lr}
100037ee:	4694      	mov	ip, r2
100037f0:	461e      	mov	r6, r3
100037f2:	4605      	mov	r5, r0
100037f4:	460c      	mov	r4, r1
100037f6:	b084      	sub	sp, #16
100037f8:	f04f 32ff 	mov.w	r2, #4294967295	@ 0xffffffff
100037fc:	4663      	mov	r3, ip
100037fe:	a902      	add	r1, sp, #8
10003800:	9600      	str	r6, [sp, #0]
10003802:	4803      	ldr	r0, [pc, #12]	@ (10003810 <vfctprintf+0x24>)
10003804:	e9cd 5402 	strd	r5, r4, [sp, #8]
10003808:	f7ff fafc 	bl	10002e04 <_vsnprintf>
1000380c:	b004      	add	sp, #16
1000380e:	bd70      	pop	{r4, r5, r6, pc}
10003810:	100025a1 	.word	0x100025a1

10003814 <weak_raw_vprintf>:
10003814:	b510      	push	{r4, lr}
10003816:	4b09      	ldr	r3, [pc, #36]	@ (1000383c <weak_raw_vprintf+0x28>)
10003818:	b084      	sub	sp, #16
1000381a:	681c      	ldr	r4, [r3, #0]
1000381c:	b14c      	cbz	r4, 10003832 <weak_raw_vprintf+0x1e>
1000381e:	4603      	mov	r3, r0
10003820:	9100      	str	r1, [sp, #0]
10003822:	f04f 32ff 	mov.w	r2, #4294967295	@ 0xffffffff
10003826:	a903      	add	r1, sp, #12
10003828:	4805      	ldr	r0, [pc, #20]	@ (10003840 <weak_raw_vprintf+0x2c>)
1000382a:	47a0      	blx	r4
1000382c:	2001      	movs	r0, #1
1000382e:	b004      	add	sp, #16
10003830:	bd10      	pop	{r4, pc}
10003832:	f000 f97d 	bl	10003b30 <__wrap_puts>
10003836:	4620      	mov	r0, r4
10003838:	b004      	add	sp, #16
1000383a:	bd10      	pop	{r4, pc}
1000383c:	20002e1c 	.word	0x20002e1c
10003840:	10002599 	.word	0x10002599

10003844 <_exit>:
10003844:	be00      	bkpt	0x0000
10003846:	e7fd      	b.n	10003844 <_exit>

10003848 <exit>:
10003848:	b508      	push	{r3, lr}
1000384a:	f7ff fffb 	bl	10003844 <_exit>
1000384e:	bf00      	nop

10003850 <runtime_init>:
10003850:	b538      	push	{r3, r4, r5, lr}
10003852:	4c06      	ldr	r4, [pc, #24]	@ (1000386c <runtime_init+0x1c>)
10003854:	4d06      	ldr	r5, [pc, #24]	@ (10003870 <runtime_init+0x20>)
10003856:	f7fe fa9f 	bl	10001d98 <runtime_run_initializers>
1000385a:	42ac      	cmp	r4, r5
1000385c:	d204      	bcs.n	10003868 <runtime_init+0x18>
1000385e:	f854 3b04 	ldr.w	r3, [r4], #4
10003862:	4798      	blx	r3
10003864:	42ac      	cmp	r4, r5
10003866:	d3fa      	bcc.n	1000385e <runtime_init+0xe>
10003868:	bd38      	pop	{r3, r4, r5, pc}
1000386a:	bf00      	nop
1000386c:	1000a1d8 	.word	0x1000a1d8
10003870:	1000a1e4 	.word	0x1000a1e4

10003874 <stdio_out_chars_no_crlf>:
10003874:	6803      	ldr	r3, [r0, #0]
10003876:	4608      	mov	r0, r1
10003878:	4611      	mov	r1, r2
1000387a:	4718      	bx	r3

1000387c <stdio_out_chars_crlf>:
1000387c:	7d43      	ldrb	r3, [r0, #21]
1000387e:	e92d 47f0 	stmdb	sp!, {r4, r5, r6, r7, r8, r9, sl, lr}
10003882:	4681      	mov	r9, r0
10003884:	460f      	mov	r7, r1
10003886:	4616      	mov	r6, r2
10003888:	2b00      	cmp	r3, #0
1000388a:	d043      	beq.n	10003914 <stdio_out_chars_crlf+0x98>
1000388c:	2a00      	cmp	r2, #0
1000388e:	dd3b      	ble.n	10003908 <stdio_out_chars_crlf+0x8c>
10003890:	7d03      	ldrb	r3, [r0, #20]
10003892:	2000      	movs	r0, #0
10003894:	1e4d      	subs	r5, r1, #1
10003896:	4601      	mov	r1, r0
10003898:	f815 2f01 	ldrb.w	r2, [r5, #1]!
1000389c:	f8df 8084 	ldr.w	r8, [pc, #132]	@ 10003924 <stdio_out_chars_crlf+0xa8>
100038a0:	2a0a      	cmp	r2, #10
100038a2:	f101 0401 	add.w	r4, r1, #1
100038a6:	d00e      	beq.n	100038c6 <stdio_out_chars_crlf+0x4a>
100038a8:	42a6      	cmp	r6, r4
100038aa:	d01c      	beq.n	100038e6 <stdio_out_chars_crlf+0x6a>
100038ac:	782b      	ldrb	r3, [r5, #0]
100038ae:	4621      	mov	r1, r4
100038b0:	f1a3 030d 	sub.w	r3, r3, #13
100038b4:	fab3 f383 	clz	r3, r3
100038b8:	f815 2f01 	ldrb.w	r2, [r5, #1]!
100038bc:	095b      	lsrs	r3, r3, #5
100038be:	2a0a      	cmp	r2, #10
100038c0:	f101 0401 	add.w	r4, r1, #1
100038c4:	d1f0      	bne.n	100038a8 <stdio_out_chars_crlf+0x2c>
100038c6:	2b00      	cmp	r3, #0
100038c8:	d1ee      	bne.n	100038a8 <stdio_out_chars_crlf+0x2c>
100038ca:	4281      	cmp	r1, r0
100038cc:	eba1 0100 	sub.w	r1, r1, r0
100038d0:	4438      	add	r0, r7
100038d2:	dc1b      	bgt.n	1000390c <stdio_out_chars_crlf+0x90>
100038d4:	2102      	movs	r1, #2
100038d6:	4640      	mov	r0, r8
100038d8:	f8d9 3000 	ldr.w	r3, [r9]
100038dc:	4798      	blx	r3
100038de:	42a6      	cmp	r6, r4
100038e0:	d008      	beq.n	100038f4 <stdio_out_chars_crlf+0x78>
100038e2:	4620      	mov	r0, r4
100038e4:	e7e2      	b.n	100038ac <stdio_out_chars_crlf+0x30>
100038e6:	4286      	cmp	r6, r0
100038e8:	dd04      	ble.n	100038f4 <stdio_out_chars_crlf+0x78>
100038ea:	1a31      	subs	r1, r6, r0
100038ec:	f8d9 3000 	ldr.w	r3, [r9]
100038f0:	4438      	add	r0, r7
100038f2:	4798      	blx	r3
100038f4:	4437      	add	r7, r6
100038f6:	f817 3c01 	ldrb.w	r3, [r7, #-1]
100038fa:	f1a3 030d 	sub.w	r3, r3, #13
100038fe:	fab3 f383 	clz	r3, r3
10003902:	095b      	lsrs	r3, r3, #5
10003904:	f889 3014 	strb.w	r3, [r9, #20]
10003908:	e8bd 87f0 	ldmia.w	sp!, {r4, r5, r6, r7, r8, r9, sl, pc}
1000390c:	f8d9 3000 	ldr.w	r3, [r9]
10003910:	4798      	blx	r3
10003912:	e7df      	b.n	100038d4 <stdio_out_chars_crlf+0x58>
10003914:	4638      	mov	r0, r7
10003916:	f8d9 3000 	ldr.w	r3, [r9]
1000391a:	4611      	mov	r1, r2
1000391c:	e8bd 47f0 	ldmia.w	sp!, {r4, r5, r6, r7, r8, r9, sl, lr}
10003920:	4718      	bx	r3
10003922:	bf00      	nop
10003924:	1000a8d0 	.word	0x1000a8d0

10003928 <stdio_buffered_printer>:
10003928:	680b      	ldr	r3, [r1, #0]
1000392a:	e92d 41f0 	stmdb	sp!, {r4, r5, r6, r7, r8, lr}
1000392e:	2b80      	cmp	r3, #128	@ 0x80
10003930:	460d      	mov	r5, r1
10003932:	4606      	mov	r6, r0
10003934:	d005      	beq.n	10003942 <stdio_buffered_printer+0x1a>
10003936:	1c5a      	adds	r2, r3, #1
10003938:	442b      	add	r3, r5
1000393a:	602a      	str	r2, [r5, #0]
1000393c:	711e      	strb	r6, [r3, #4]
1000393e:	e8bd 81f0 	ldmia.w	sp!, {r4, r5, r6, r7, r8, pc}
10003942:	4b0f      	ldr	r3, [pc, #60]	@ (10003980 <stdio_buffered_printer+0x58>)
10003944:	681c      	ldr	r4, [r3, #0]
10003946:	b1a4      	cbz	r4, 10003972 <stdio_buffered_printer+0x4a>
10003948:	4f0e      	ldr	r7, [pc, #56]	@ (10003984 <stdio_buffered_printer+0x5c>)
1000394a:	f101 0804 	add.w	r8, r1, #4
1000394e:	e001      	b.n	10003954 <stdio_buffered_printer+0x2c>
10003950:	6924      	ldr	r4, [r4, #16]
10003952:	b174      	cbz	r4, 10003972 <stdio_buffered_printer+0x4a>
10003954:	6823      	ldr	r3, [r4, #0]
10003956:	2b00      	cmp	r3, #0
10003958:	d0fa      	beq.n	10003950 <stdio_buffered_printer+0x28>
1000395a:	683b      	ldr	r3, [r7, #0]
1000395c:	b10b      	cbz	r3, 10003962 <stdio_buffered_printer+0x3a>
1000395e:	42a3      	cmp	r3, r4
10003960:	d1f6      	bne.n	10003950 <stdio_buffered_printer+0x28>
10003962:	4620      	mov	r0, r4
10003964:	4641      	mov	r1, r8
10003966:	682a      	ldr	r2, [r5, #0]
10003968:	f7ff ff88 	bl	1000387c <stdio_out_chars_crlf>
1000396c:	6924      	ldr	r4, [r4, #16]
1000396e:	2c00      	cmp	r4, #0
10003970:	d1f0      	bne.n	10003954 <stdio_buffered_printer+0x2c>
10003972:	2300      	movs	r3, #0
10003974:	2201      	movs	r2, #1
10003976:	442b      	add	r3, r5
10003978:	602a      	str	r2, [r5, #0]
1000397a:	711e      	strb	r6, [r3, #4]
1000397c:	e8bd 81f0 	ldmia.w	sp!, {r4, r5, r6, r7, r8, pc}
10003980:	20002a10 	.word	0x20002a10
10003984:	20002a18 	.word	0x20002a18

10003988 <stdio_put_string>:
10003988:	e92d 47f0 	stmdb	sp!, {r4, r5, r6, r7, r8, r9, sl, lr}
1000398c:	b082      	sub	sp, #8
1000398e:	460d      	mov	r5, r1
10003990:	4692      	mov	sl, r2
10003992:	4699      	mov	r9, r3
10003994:	4607      	mov	r7, r0
10003996:	f7fe f86b 	bl	10001a70 <time_us_64>
1000399a:	f04f 36ff 	mov.w	r6, #4294967295	@ 0xffffffff
1000399e:	f06f 4400 	mvn.w	r4, #2147483648	@ 0x80000000
100039a2:	4a2f      	ldr	r2, [pc, #188]	@ (10003a60 <stdio_put_string+0xd8>)
100039a4:	1882      	adds	r2, r0, r2
100039a6:	f141 0300 	adc.w	r3, r1, #0
100039aa:	4296      	cmp	r6, r2
100039ac:	eb74 0103 	sbcs.w	r1, r4, r3
100039b0:	bf3c      	itt	cc
100039b2:	4632      	movcc	r2, r6
100039b4:	4623      	movcc	r3, r4
100039b6:	482b      	ldr	r0, [pc, #172]	@ (10003a64 <stdio_put_string+0xdc>)
100039b8:	f006 fbce 	bl	1000a158 <__mutex_try_enter_block_until_veneer>
100039bc:	1c6b      	adds	r3, r5, #1
100039be:	4680      	mov	r8, r0
100039c0:	d103      	bne.n	100039ca <stdio_put_string+0x42>
100039c2:	4638      	mov	r0, r7
100039c4:	f006 fb22 	bl	1000a00c <strlen>
100039c8:	4605      	mov	r5, r0
100039ca:	4b27      	ldr	r3, [pc, #156]	@ (10003a68 <stdio_put_string+0xe0>)
100039cc:	4e27      	ldr	r6, [pc, #156]	@ (10003a6c <stdio_put_string+0xe4>)
100039ce:	681c      	ldr	r4, [r3, #0]
100039d0:	4b27      	ldr	r3, [pc, #156]	@ (10003a70 <stdio_put_string+0xe8>)
100039d2:	f1b9 0f00 	cmp.w	r9, #0
100039d6:	bf18      	it	ne
100039d8:	461e      	movne	r6, r3
100039da:	b1b4      	cbz	r4, 10003a0a <stdio_put_string+0x82>
100039dc:	f1ba 0f00 	cmp.w	sl, #0
100039e0:	d11a      	bne.n	10003a18 <stdio_put_string+0x90>
100039e2:	f8df 9090 	ldr.w	r9, [pc, #144]	@ 10003a74 <stdio_put_string+0xec>
100039e6:	e001      	b.n	100039ec <stdio_put_string+0x64>
100039e8:	6924      	ldr	r4, [r4, #16]
100039ea:	b174      	cbz	r4, 10003a0a <stdio_put_string+0x82>
100039ec:	6823      	ldr	r3, [r4, #0]
100039ee:	2b00      	cmp	r3, #0
100039f0:	d0fa      	beq.n	100039e8 <stdio_put_string+0x60>
100039f2:	f8d9 3000 	ldr.w	r3, [r9]
100039f6:	b10b      	cbz	r3, 100039fc <stdio_put_string+0x74>
100039f8:	429c      	cmp	r4, r3
100039fa:	d1f5      	bne.n	100039e8 <stdio_put_string+0x60>
100039fc:	4620      	mov	r0, r4
100039fe:	462a      	mov	r2, r5
10003a00:	4639      	mov	r1, r7
10003a02:	47b0      	blx	r6
10003a04:	6924      	ldr	r4, [r4, #16]
10003a06:	2c00      	cmp	r4, #0
10003a08:	d1f0      	bne.n	100039ec <stdio_put_string+0x64>
10003a0a:	f1b8 0f00 	cmp.w	r8, #0
10003a0e:	d11f      	bne.n	10003a50 <stdio_put_string+0xc8>
10003a10:	4628      	mov	r0, r5
10003a12:	b002      	add	sp, #8
10003a14:	e8bd 87f0 	ldmia.w	sp!, {r4, r5, r6, r7, r8, r9, sl, pc}
10003a18:	f04f 0a0a 	mov.w	sl, #10
10003a1c:	f8df 9054 	ldr.w	r9, [pc, #84]	@ 10003a74 <stdio_put_string+0xec>
10003a20:	e002      	b.n	10003a28 <stdio_put_string+0xa0>
10003a22:	6924      	ldr	r4, [r4, #16]
10003a24:	2c00      	cmp	r4, #0
10003a26:	d0f0      	beq.n	10003a0a <stdio_put_string+0x82>
10003a28:	6823      	ldr	r3, [r4, #0]
10003a2a:	2b00      	cmp	r3, #0
10003a2c:	d0f9      	beq.n	10003a22 <stdio_put_string+0x9a>
10003a2e:	f8d9 3000 	ldr.w	r3, [r9]
10003a32:	b10b      	cbz	r3, 10003a38 <stdio_put_string+0xb0>
10003a34:	42a3      	cmp	r3, r4
10003a36:	d1f4      	bne.n	10003a22 <stdio_put_string+0x9a>
10003a38:	462a      	mov	r2, r5
10003a3a:	4639      	mov	r1, r7
10003a3c:	4620      	mov	r0, r4
10003a3e:	47b0      	blx	r6
10003a40:	2201      	movs	r2, #1
10003a42:	4620      	mov	r0, r4
10003a44:	f10d 0107 	add.w	r1, sp, #7
10003a48:	f88d a007 	strb.w	sl, [sp, #7]
10003a4c:	47b0      	blx	r6
10003a4e:	e7e8      	b.n	10003a22 <stdio_put_string+0x9a>
10003a50:	4804      	ldr	r0, [pc, #16]	@ (10003a64 <stdio_put_string+0xdc>)
10003a52:	f006 fb69 	bl	1000a128 <__mutex_exit_veneer>
10003a56:	4628      	mov	r0, r5
10003a58:	b002      	add	sp, #8
10003a5a:	e8bd 87f0 	ldmia.w	sp!, {r4, r5, r6, r7, r8, r9, sl, pc}
10003a5e:	bf00      	nop
10003a60:	000f4240 	.word	0x000f4240
10003a64:	20001610 	.word	0x20001610
10003a68:	20002a10 	.word	0x20002a10
10003a6c:	10003875 	.word	0x10003875
10003a70:	1000387d 	.word	0x1000387d
10003a74:	20002a18 	.word	0x20002a18

10003a78 <stdio_set_driver_enabled>:
10003a78:	4a0a      	ldr	r2, [pc, #40]	@ (10003aa4 <stdio_set_driver_enabled+0x2c>)
10003a7a:	6813      	ldr	r3, [r2, #0]
10003a7c:	b14b      	cbz	r3, 10003a92 <stdio_set_driver_enabled+0x1a>
10003a7e:	4283      	cmp	r3, r0
10003a80:	d102      	bne.n	10003a88 <stdio_set_driver_enabled+0x10>
10003a82:	e009      	b.n	10003a98 <stdio_set_driver_enabled+0x20>
10003a84:	4298      	cmp	r0, r3
10003a86:	d007      	beq.n	10003a98 <stdio_set_driver_enabled+0x20>
10003a88:	f103 0210 	add.w	r2, r3, #16
10003a8c:	691b      	ldr	r3, [r3, #16]
10003a8e:	2b00      	cmp	r3, #0
10003a90:	d1f8      	bne.n	10003a84 <stdio_set_driver_enabled+0xc>
10003a92:	b101      	cbz	r1, 10003a96 <stdio_set_driver_enabled+0x1e>
10003a94:	6010      	str	r0, [r2, #0]
10003a96:	4770      	bx	lr
10003a98:	2900      	cmp	r1, #0
10003a9a:	d1fc      	bne.n	10003a96 <stdio_set_driver_enabled+0x1e>
10003a9c:	6903      	ldr	r3, [r0, #16]
10003a9e:	6013      	str	r3, [r2, #0]
10003aa0:	6101      	str	r1, [r0, #16]
10003aa2:	4770      	bx	lr
10003aa4:	20002a10 	.word	0x20002a10

10003aa8 <stdio_init_all>:
10003aa8:	f000 bae0 	b.w	1000406c <stdio_usb_init>

10003aac <__wrap_putchar>:
10003aac:	b5f0      	push	{r4, r5, r6, r7, lr}
10003aae:	b083      	sub	sp, #12
10003ab0:	4606      	mov	r6, r0
10003ab2:	f88d 0007 	strb.w	r0, [sp, #7]
10003ab6:	f7fd ffdb 	bl	10001a70 <time_us_64>
10003aba:	f04f 35ff 	mov.w	r5, #4294967295	@ 0xffffffff
10003abe:	f06f 4400 	mvn.w	r4, #2147483648	@ 0x80000000
10003ac2:	4a17      	ldr	r2, [pc, #92]	@ (10003b20 <__wrap_putchar+0x74>)
10003ac4:	1882      	adds	r2, r0, r2
10003ac6:	f141 0300 	adc.w	r3, r1, #0
10003aca:	4295      	cmp	r5, r2
10003acc:	eb74 0103 	sbcs.w	r1, r4, r3
10003ad0:	bf3c      	itt	cc
10003ad2:	4623      	movcc	r3, r4
10003ad4:	462a      	movcc	r2, r5
10003ad6:	4813      	ldr	r0, [pc, #76]	@ (10003b24 <__wrap_putchar+0x78>)
10003ad8:	f006 fb3e 	bl	1000a158 <__mutex_try_enter_block_until_veneer>
10003adc:	4b12      	ldr	r3, [pc, #72]	@ (10003b28 <__wrap_putchar+0x7c>)
10003ade:	4607      	mov	r7, r0
10003ae0:	681c      	ldr	r4, [r3, #0]
10003ae2:	b19c      	cbz	r4, 10003b0c <__wrap_putchar+0x60>
10003ae4:	4d11      	ldr	r5, [pc, #68]	@ (10003b2c <__wrap_putchar+0x80>)
10003ae6:	e001      	b.n	10003aec <__wrap_putchar+0x40>
10003ae8:	6924      	ldr	r4, [r4, #16]
10003aea:	b17c      	cbz	r4, 10003b0c <__wrap_putchar+0x60>
10003aec:	6823      	ldr	r3, [r4, #0]
10003aee:	2b00      	cmp	r3, #0
10003af0:	d0fa      	beq.n	10003ae8 <__wrap_putchar+0x3c>
10003af2:	682b      	ldr	r3, [r5, #0]
10003af4:	b10b      	cbz	r3, 10003afa <__wrap_putchar+0x4e>
10003af6:	429c      	cmp	r4, r3
10003af8:	d1f6      	bne.n	10003ae8 <__wrap_putchar+0x3c>
10003afa:	4620      	mov	r0, r4
10003afc:	2201      	movs	r2, #1
10003afe:	f10d 0107 	add.w	r1, sp, #7
10003b02:	f7ff febb 	bl	1000387c <stdio_out_chars_crlf>
10003b06:	6924      	ldr	r4, [r4, #16]
10003b08:	2c00      	cmp	r4, #0
10003b0a:	d1ef      	bne.n	10003aec <__wrap_putchar+0x40>
10003b0c:	b917      	cbnz	r7, 10003b14 <__wrap_putchar+0x68>
10003b0e:	4630      	mov	r0, r6
10003b10:	b003      	add	sp, #12
10003b12:	bdf0      	pop	{r4, r5, r6, r7, pc}
10003b14:	4803      	ldr	r0, [pc, #12]	@ (10003b24 <__wrap_putchar+0x78>)
10003b16:	f006 fb07 	bl	1000a128 <__mutex_exit_veneer>
10003b1a:	4630      	mov	r0, r6
10003b1c:	b003      	add	sp, #12
10003b1e:	bdf0      	pop	{r4, r5, r6, r7, pc}
10003b20:	000f4240 	.word	0x000f4240
10003b24:	20001610 	.word	0x20001610
10003b28:	20002a10 	.word	0x20002a10
10003b2c:	20002a18 	.word	0x20002a18

10003b30 <__wrap_puts>:
10003b30:	b538      	push	{r3, r4, r5, lr}
10003b32:	4604      	mov	r4, r0
10003b34:	f006 fa6a 	bl	1000a00c <strlen>
10003b38:	2301      	movs	r3, #1
10003b3a:	4605      	mov	r5, r0
10003b3c:	461a      	mov	r2, r3
10003b3e:	4620      	mov	r0, r4
10003b40:	4629      	mov	r1, r5
10003b42:	f7ff ff21 	bl	10003988 <stdio_put_string>
10003b46:	4b08      	ldr	r3, [pc, #32]	@ (10003b68 <__wrap_puts+0x38>)
10003b48:	681c      	ldr	r4, [r3, #0]
10003b4a:	b12c      	cbz	r4, 10003b58 <__wrap_puts+0x28>
10003b4c:	6863      	ldr	r3, [r4, #4]
10003b4e:	b12b      	cbz	r3, 10003b5c <__wrap_puts+0x2c>
10003b50:	4798      	blx	r3
10003b52:	6924      	ldr	r4, [r4, #16]
10003b54:	2c00      	cmp	r4, #0
10003b56:	d1f9      	bne.n	10003b4c <__wrap_puts+0x1c>
10003b58:	4628      	mov	r0, r5
10003b5a:	bd38      	pop	{r3, r4, r5, pc}
10003b5c:	6924      	ldr	r4, [r4, #16]
10003b5e:	2c00      	cmp	r4, #0
10003b60:	d1f4      	bne.n	10003b4c <__wrap_puts+0x1c>
10003b62:	4628      	mov	r0, r5
10003b64:	bd38      	pop	{r3, r4, r5, pc}
10003b66:	bf00      	nop
10003b68:	20002a10 	.word	0x20002a10

10003b6c <__wrap_vprintf>:
10003b6c:	e92d 41f0 	stmdb	sp!, {r4, r5, r6, r7, r8, lr}
10003b70:	b0a2      	sub	sp, #136	@ 0x88
10003b72:	4604      	mov	r4, r0
10003b74:	460d      	mov	r5, r1
10003b76:	f7fd ff7b 	bl	10001a70 <time_us_64>
10003b7a:	f04f 37ff 	mov.w	r7, #4294967295	@ 0xffffffff
10003b7e:	f06f 4600 	mvn.w	r6, #2147483648	@ 0x80000000
10003b82:	4a27      	ldr	r2, [pc, #156]	@ (10003c20 <__wrap_vprintf+0xb4>)
10003b84:	1882      	adds	r2, r0, r2
10003b86:	f141 0300 	adc.w	r3, r1, #0
10003b8a:	4297      	cmp	r7, r2
10003b8c:	eb76 0103 	sbcs.w	r1, r6, r3
10003b90:	bf3c      	itt	cc
10003b92:	463a      	movcc	r2, r7
10003b94:	4633      	movcc	r3, r6
10003b96:	4823      	ldr	r0, [pc, #140]	@ (10003c24 <__wrap_vprintf+0xb8>)
10003b98:	f006 fade 	bl	1000a158 <__mutex_try_enter_block_until_veneer>
10003b9c:	2600      	movs	r6, #0
10003b9e:	462b      	mov	r3, r5
10003ba0:	4607      	mov	r7, r0
10003ba2:	4622      	mov	r2, r4
10003ba4:	4820      	ldr	r0, [pc, #128]	@ (10003c28 <__wrap_vprintf+0xbc>)
10003ba6:	a901      	add	r1, sp, #4
10003ba8:	9601      	str	r6, [sp, #4]
10003baa:	f7ff fe1f 	bl	100037ec <vfctprintf>
10003bae:	9b01      	ldr	r3, [sp, #4]
10003bb0:	4606      	mov	r6, r0
10003bb2:	b97b      	cbnz	r3, 10003bd4 <__wrap_vprintf+0x68>
10003bb4:	4b1d      	ldr	r3, [pc, #116]	@ (10003c2c <__wrap_vprintf+0xc0>)
10003bb6:	681c      	ldr	r4, [r3, #0]
10003bb8:	b12c      	cbz	r4, 10003bc6 <__wrap_vprintf+0x5a>
10003bba:	6863      	ldr	r3, [r4, #4]
10003bbc:	b143      	cbz	r3, 10003bd0 <__wrap_vprintf+0x64>
10003bbe:	4798      	blx	r3
10003bc0:	6924      	ldr	r4, [r4, #16]
10003bc2:	2c00      	cmp	r4, #0
10003bc4:	d1f9      	bne.n	10003bba <__wrap_vprintf+0x4e>
10003bc6:	bb0f      	cbnz	r7, 10003c0c <__wrap_vprintf+0xa0>
10003bc8:	4630      	mov	r0, r6
10003bca:	b022      	add	sp, #136	@ 0x88
10003bcc:	e8bd 81f0 	ldmia.w	sp!, {r4, r5, r6, r7, r8, pc}
10003bd0:	6924      	ldr	r4, [r4, #16]
10003bd2:	e7f1      	b.n	10003bb8 <__wrap_vprintf+0x4c>
10003bd4:	f8df 8054 	ldr.w	r8, [pc, #84]	@ 10003c2c <__wrap_vprintf+0xc0>
10003bd8:	f8d8 5000 	ldr.w	r5, [r8]
10003bdc:	b1ed      	cbz	r5, 10003c1a <__wrap_vprintf+0xae>
10003bde:	4c14      	ldr	r4, [pc, #80]	@ (10003c30 <__wrap_vprintf+0xc4>)
10003be0:	e001      	b.n	10003be6 <__wrap_vprintf+0x7a>
10003be2:	692d      	ldr	r5, [r5, #16]
10003be4:	b175      	cbz	r5, 10003c04 <__wrap_vprintf+0x98>
10003be6:	682b      	ldr	r3, [r5, #0]
10003be8:	2b00      	cmp	r3, #0
10003bea:	d0fa      	beq.n	10003be2 <__wrap_vprintf+0x76>
10003bec:	6823      	ldr	r3, [r4, #0]
10003bee:	b10b      	cbz	r3, 10003bf4 <__wrap_vprintf+0x88>
10003bf0:	42ab      	cmp	r3, r5
10003bf2:	d1f6      	bne.n	10003be2 <__wrap_vprintf+0x76>
10003bf4:	4628      	mov	r0, r5
10003bf6:	9a01      	ldr	r2, [sp, #4]
10003bf8:	a902      	add	r1, sp, #8
10003bfa:	f7ff fe3f 	bl	1000387c <stdio_out_chars_crlf>
10003bfe:	692d      	ldr	r5, [r5, #16]
10003c00:	2d00      	cmp	r5, #0
10003c02:	d1f0      	bne.n	10003be6 <__wrap_vprintf+0x7a>
10003c04:	f8d8 4000 	ldr.w	r4, [r8]
10003c08:	9501      	str	r5, [sp, #4]
10003c0a:	e7d5      	b.n	10003bb8 <__wrap_vprintf+0x4c>
10003c0c:	4805      	ldr	r0, [pc, #20]	@ (10003c24 <__wrap_vprintf+0xb8>)
10003c0e:	f006 fa8b 	bl	1000a128 <__mutex_exit_veneer>
10003c12:	4630      	mov	r0, r6
10003c14:	b022      	add	sp, #136	@ 0x88
10003c16:	e8bd 81f0 	ldmia.w	sp!, {r4, r5, r6, r7, r8, pc}
10003c1a:	9501      	str	r5, [sp, #4]
10003c1c:	e7d3      	b.n	10003bc6 <__wrap_vprintf+0x5a>
10003c1e:	bf00      	nop
10003c20:	000f4240 	.word	0x000f4240
10003c24:	20001610 	.word	0x20001610
10003c28:	10003929 	.word	0x10003929
10003c2c:	20002a10 	.word	0x20002a10
10003c30:	20002a18 	.word	0x20002a18

10003c34 <__wrap_printf>:
10003c34:	b40f      	push	{r0, r1, r2, r3}
10003c36:	b500      	push	{lr}
10003c38:	b083      	sub	sp, #12
10003c3a:	a904      	add	r1, sp, #16
10003c3c:	f851 0b04 	ldr.w	r0, [r1], #4
10003c40:	9101      	str	r1, [sp, #4]
10003c42:	f7ff ff93 	bl	10003b6c <__wrap_vprintf>
10003c46:	b003      	add	sp, #12
10003c48:	f85d eb04 	ldr.w	lr, [sp], #4
10003c4c:	b004      	add	sp, #16
10003c4e:	4770      	bx	lr

10003c50 <resetd_init>:
10003c50:	4770      	bx	lr
10003c52:	bf00      	nop

10003c54 <resetd_reset>:
10003c54:	2200      	movs	r2, #0
10003c56:	4b01      	ldr	r3, [pc, #4]	@ (10003c5c <resetd_reset+0x8>)
10003c58:	701a      	strb	r2, [r3, #0]
10003c5a:	4770      	bx	lr
10003c5c:	20002e86 	.word	0x20002e86

10003c60 <resetd_open>:
10003c60:	794b      	ldrb	r3, [r1, #5]
10003c62:	2bff      	cmp	r3, #255	@ 0xff
10003c64:	d10b      	bne.n	10003c7e <resetd_open+0x1e>
10003c66:	7988      	ldrb	r0, [r1, #6]
10003c68:	b948      	cbnz	r0, 10003c7e <resetd_open+0x1e>
10003c6a:	79cb      	ldrb	r3, [r1, #7]
10003c6c:	2b01      	cmp	r3, #1
10003c6e:	d107      	bne.n	10003c80 <resetd_open+0x20>
10003c70:	2a08      	cmp	r2, #8
10003c72:	d905      	bls.n	10003c80 <resetd_open+0x20>
10003c74:	4b03      	ldr	r3, [pc, #12]	@ (10003c84 <resetd_open+0x24>)
10003c76:	788a      	ldrb	r2, [r1, #2]
10003c78:	2009      	movs	r0, #9
10003c7a:	701a      	strb	r2, [r3, #0]
10003c7c:	4770      	bx	lr
10003c7e:	2000      	movs	r0, #0
10003c80:	4770      	bx	lr
10003c82:	bf00      	nop
10003c84:	20002e86 	.word	0x20002e86

10003c88 <resetd_xfer_cb>:
10003c88:	2001      	movs	r0, #1
10003c8a:	4770      	bx	lr

10003c8c <resetd_control_xfer_cb>:
10003c8c:	2901      	cmp	r1, #1
10003c8e:	d001      	beq.n	10003c94 <resetd_control_xfer_cb+0x8>
10003c90:	2001      	movs	r0, #1
10003c92:	4770      	bx	lr
10003c94:	b508      	push	{r3, lr}
10003c96:	4b10      	ldr	r3, [pc, #64]	@ (10003cd8 <resetd_control_xfer_cb+0x4c>)
10003c98:	8891      	ldrh	r1, [r2, #4]
10003c9a:	781b      	ldrb	r3, [r3, #0]
10003c9c:	4299      	cmp	r1, r3
10003c9e:	d001      	beq.n	10003ca4 <resetd_control_xfer_cb+0x18>
10003ca0:	2000      	movs	r0, #0
10003ca2:	bd08      	pop	{r3, pc}
10003ca4:	7853      	ldrb	r3, [r2, #1]
10003ca6:	2b01      	cmp	r3, #1
10003ca8:	d008      	beq.n	10003cbc <resetd_control_xfer_cb+0x30>
10003caa:	2b02      	cmp	r3, #2
10003cac:	d1f8      	bne.n	10003ca0 <resetd_control_xfer_cb+0x14>
10003cae:	2100      	movs	r1, #0
10003cb0:	2264      	movs	r2, #100	@ 0x64
10003cb2:	4608      	mov	r0, r1
10003cb4:	f7fd ffac 	bl	10001c10 <watchdog_reboot>
10003cb8:	2001      	movs	r0, #1
10003cba:	bd08      	pop	{r3, pc}
10003cbc:	8851      	ldrh	r1, [r2, #2]
10003cbe:	05cb      	lsls	r3, r1, #23
10003cc0:	bf4b      	itete	mi
10003cc2:	0a4a      	lsrmi	r2, r1, #9
10003cc4:	0a4a      	lsrpl	r2, r1, #9
10003cc6:	4610      	movmi	r0, r2
10003cc8:	f04f 30ff 	movpl.w	r0, #4294967295	@ 0xffffffff
10003ccc:	f002 0201 	and.w	r2, r2, #1
10003cd0:	f001 017f 	and.w	r1, r1, #127	@ 0x7f
10003cd4:	f7fe f81a 	bl	10001d0c <rom_reset_usb_boot_extra>
10003cd8:	20002e86 	.word	0x20002e86

10003cdc <tud_descriptor_bos_cb>:
10003cdc:	4800      	ldr	r0, [pc, #0]	@ (10003ce0 <tud_descriptor_bos_cb+0x4>)
10003cde:	4770      	bx	lr
10003ce0:	1000a99c 	.word	0x1000a99c

10003ce4 <tud_vendor_control_xfer_cb>:
10003ce4:	2901      	cmp	r1, #1
10003ce6:	d107      	bne.n	10003cf8 <tud_vendor_control_xfer_cb+0x14>
10003ce8:	7853      	ldrb	r3, [r2, #1]
10003cea:	2b01      	cmp	r3, #1
10003cec:	d102      	bne.n	10003cf4 <tud_vendor_control_xfer_cb+0x10>
10003cee:	8893      	ldrh	r3, [r2, #4]
10003cf0:	2b07      	cmp	r3, #7
10003cf2:	d003      	beq.n	10003cfc <tud_vendor_control_xfer_cb+0x18>
10003cf4:	2000      	movs	r0, #0
10003cf6:	4770      	bx	lr
10003cf8:	2001      	movs	r0, #1
10003cfa:	4770      	bx	lr
10003cfc:	4611      	mov	r1, r2
10003cfe:	23a6      	movs	r3, #166	@ 0xa6
10003d00:	4a01      	ldr	r2, [pc, #4]	@ (10003d08 <tud_vendor_control_xfer_cb+0x24>)
10003d02:	f001 ba49 	b.w	10005198 <tud_control_xfer>
10003d06:	bf00      	nop
10003d08:	1000a8f4 	.word	0x1000a8f4

10003d0c <usbd_app_driver_get_cb>:
10003d0c:	4603      	mov	r3, r0
10003d0e:	2201      	movs	r2, #1
10003d10:	4801      	ldr	r0, [pc, #4]	@ (10003d18 <usbd_app_driver_get_cb+0xc>)
10003d12:	701a      	strb	r2, [r3, #0]
10003d14:	4770      	bx	lr
10003d16:	bf00      	nop
10003d18:	1000a8d4 	.word	0x1000a8d4

10003d1c <tud_cdc_line_coding_cb>:
10003d1c:	b508      	push	{r3, lr}
10003d1e:	680b      	ldr	r3, [r1, #0]
10003d20:	f5b3 6f96 	cmp.w	r3, #1200	@ 0x4b0
10003d24:	d000      	beq.n	10003d28 <tud_cdc_line_coding_cb+0xc>
10003d26:	bd08      	pop	{r3, pc}
10003d28:	2200      	movs	r2, #0
10003d2a:	f04f 30ff 	mov.w	r0, #4294967295	@ 0xffffffff
10003d2e:	4611      	mov	r1, r2
10003d30:	f7fd ffec 	bl	10001d0c <rom_reset_usb_boot_extra>

10003d34 <stdio_usb_set_chars_available_callback>:
10003d34:	4a02      	ldr	r2, [pc, #8]	@ (10003d40 <stdio_usb_set_chars_available_callback+0xc>)
10003d36:	4b03      	ldr	r3, [pc, #12]	@ (10003d44 <stdio_usb_set_chars_available_callback+0x10>)
10003d38:	6010      	str	r0, [r2, #0]
10003d3a:	6019      	str	r1, [r3, #0]
10003d3c:	4770      	bx	lr
10003d3e:	bf00      	nop
10003d40:	200020c4 	.word	0x200020c4
10003d44:	200020c8 	.word	0x200020c8

10003d48 <timer_task>:
10003d48:	4b18      	ldr	r3, [pc, #96]	@ (10003dac <timer_task+0x64>)
10003d4a:	b570      	push	{r4, r5, r6, lr}
10003d4c:	681a      	ldr	r2, [r3, #0]
10003d4e:	2a00      	cmp	r2, #0
10003d50:	d028      	beq.n	10003da4 <timer_task+0x5c>
10003d52:	f3ef 8110 	mrs	r1, PRIMASK
10003d56:	b672      	cpsid	i
10003d58:	e8d2 4fcf 	ldaexb	r4, [r2]
10003d5c:	2001      	movs	r0, #1
10003d5e:	2c00      	cmp	r4, #0
10003d60:	d1fa      	bne.n	10003d58 <timer_task+0x10>
10003d62:	e8c2 0f44 	strexb	r4, r0, [r2]
10003d66:	2c00      	cmp	r4, #0
10003d68:	d1f6      	bne.n	10003d58 <timer_task+0x10>
10003d6a:	f3bf 8f5f 	dmb	sy
10003d6e:	2200      	movs	r2, #0
10003d70:	4c0f      	ldr	r4, [pc, #60]	@ (10003db0 <timer_task+0x68>)
10003d72:	6818      	ldr	r0, [r3, #0]
10003d74:	6059      	str	r1, [r3, #4]
10003d76:	7022      	strb	r2, [r4, #0]
10003d78:	e8c0 2f8f 	stlb	r2, [r0]
10003d7c:	f381 8810 	msr	PRIMASK, r1
10003d80:	2400      	movs	r4, #0
10003d82:	2500      	movs	r5, #0
10003d84:	4e0b      	ldr	r6, [pc, #44]	@ (10003db4 <timer_task+0x6c>)
10003d86:	7830      	ldrb	r0, [r6, #0]
10003d88:	f7fc fef6 	bl	10000b78 <irq_is_enabled>
10003d8c:	b920      	cbnz	r0, 10003d98 <timer_task+0x50>
10003d8e:	2400      	movs	r4, #0
10003d90:	2500      	movs	r5, #0
10003d92:	4620      	mov	r0, r4
10003d94:	4629      	mov	r1, r5
10003d96:	bd70      	pop	{r4, r5, r6, pc}
10003d98:	7830      	ldrb	r0, [r6, #0]
10003d9a:	f7fc fefd 	bl	10000b98 <irq_set_pending>
10003d9e:	4620      	mov	r0, r4
10003da0:	4629      	mov	r1, r5
10003da2:	bd70      	pop	{r4, r5, r6, pc}
10003da4:	f44f 747a 	mov.w	r4, #1000	@ 0x3e8
10003da8:	2500      	movs	r5, #0
10003daa:	e7eb      	b.n	10003d84 <timer_task+0x3c>
10003dac:	20002e28 	.word	0x20002e28
10003db0:	20002e88 	.word	0x20002e88
10003db4:	20002e87 	.word	0x20002e87

10003db8 <usb_irq>:
10003db8:	4b01      	ldr	r3, [pc, #4]	@ (10003dc0 <usb_irq+0x8>)
10003dba:	7818      	ldrb	r0, [r3, #0]
10003dbc:	f7fc beec 	b.w	10000b98 <irq_set_pending>
10003dc0:	20002e87 	.word	0x20002e87

10003dc4 <stdio_usb_in_chars>:
10003dc4:	b538      	push	{r3, r4, r5, lr}
10003dc6:	4604      	mov	r4, r0
10003dc8:	2000      	movs	r0, #0
10003dca:	460d      	mov	r5, r1
10003dcc:	f001 fb10 	bl	100053f0 <tud_cdc_n_connected>
10003dd0:	b3a8      	cbz	r0, 10003e3e <stdio_usb_in_chars+0x7a>
10003dd2:	2000      	movs	r0, #0
10003dd4:	f001 fb22 	bl	1000541c <tud_cdc_n_available>
10003dd8:	b388      	cbz	r0, 10003e3e <stdio_usb_in_chars+0x7a>
10003dda:	f7fd fe49 	bl	10001a70 <time_us_64>
10003dde:	f04f 3eff 	mov.w	lr, #4294967295	@ 0xffffffff
10003de2:	f06f 4c00 	mvn.w	ip, #2147483648	@ 0x80000000
10003de6:	4a17      	ldr	r2, [pc, #92]	@ (10003e44 <stdio_usb_in_chars+0x80>)
10003de8:	1882      	adds	r2, r0, r2
10003dea:	f141 0300 	adc.w	r3, r1, #0
10003dee:	4596      	cmp	lr, r2
10003df0:	eb7c 0103 	sbcs.w	r1, ip, r3
10003df4:	bf3c      	itt	cc
10003df6:	4672      	movcc	r2, lr
10003df8:	4663      	movcc	r3, ip
10003dfa:	4813      	ldr	r0, [pc, #76]	@ (10003e48 <stdio_usb_in_chars+0x84>)
10003dfc:	f006 f9ac 	bl	1000a158 <__mutex_try_enter_block_until_veneer>
10003e00:	b1e8      	cbz	r0, 10003e3e <stdio_usb_in_chars+0x7a>
10003e02:	2000      	movs	r0, #0
10003e04:	f001 faf4 	bl	100053f0 <tud_cdc_n_connected>
10003e08:	b958      	cbnz	r0, 10003e22 <stdio_usb_in_chars+0x5e>
10003e0a:	2100      	movs	r1, #0
10003e0c:	f04f 30ff 	mov.w	r0, #4294967295	@ 0xffffffff
10003e10:	f000 fd1a 	bl	10004848 <tud_task_ext>
10003e14:	f06f 0402 	mvn.w	r4, #2
10003e18:	480b      	ldr	r0, [pc, #44]	@ (10003e48 <stdio_usb_in_chars+0x84>)
10003e1a:	f006 f985 	bl	1000a128 <__mutex_exit_veneer>
10003e1e:	4620      	mov	r0, r4
10003e20:	bd38      	pop	{r3, r4, r5, pc}
10003e22:	2000      	movs	r0, #0
10003e24:	f001 fafa 	bl	1000541c <tud_cdc_n_available>
10003e28:	2800      	cmp	r0, #0
10003e2a:	d0ee      	beq.n	10003e0a <stdio_usb_in_chars+0x46>
10003e2c:	4621      	mov	r1, r4
10003e2e:	462a      	mov	r2, r5
10003e30:	2000      	movs	r0, #0
10003e32:	f001 faff 	bl	10005434 <tud_cdc_n_read>
10003e36:	4604      	mov	r4, r0
10003e38:	2800      	cmp	r0, #0
10003e3a:	d1ed      	bne.n	10003e18 <stdio_usb_in_chars+0x54>
10003e3c:	e7ea      	b.n	10003e14 <stdio_usb_in_chars+0x50>
10003e3e:	f06f 0402 	mvn.w	r4, #2
10003e42:	e7ec      	b.n	10003e1e <stdio_usb_in_chars+0x5a>
10003e44:	000f4240 	.word	0x000f4240
10003e48:	20002e64 	.word	0x20002e64

10003e4c <stdio_usb_out_flush>:
10003e4c:	b508      	push	{r3, lr}
10003e4e:	f7fd fe0f 	bl	10001a70 <time_us_64>
10003e52:	f04f 3eff 	mov.w	lr, #4294967295	@ 0xffffffff
10003e56:	f06f 4c00 	mvn.w	ip, #2147483648	@ 0x80000000
10003e5a:	4a0f      	ldr	r2, [pc, #60]	@ (10003e98 <stdio_usb_out_flush+0x4c>)
10003e5c:	1882      	adds	r2, r0, r2
10003e5e:	f141 0300 	adc.w	r3, r1, #0
10003e62:	4596      	cmp	lr, r2
10003e64:	eb7c 0103 	sbcs.w	r1, ip, r3
10003e68:	bf3c      	itt	cc
10003e6a:	4672      	movcc	r2, lr
10003e6c:	4663      	movcc	r3, ip
10003e6e:	480b      	ldr	r0, [pc, #44]	@ (10003e9c <stdio_usb_out_flush+0x50>)
10003e70:	f006 f972 	bl	1000a158 <__mutex_try_enter_block_until_veneer>
10003e74:	b170      	cbz	r0, 10003e94 <stdio_usb_out_flush+0x48>
10003e76:	f04f 30ff 	mov.w	r0, #4294967295	@ 0xffffffff
10003e7a:	2100      	movs	r1, #0
10003e7c:	f000 fce4 	bl	10004848 <tud_task_ext>
10003e80:	2000      	movs	r0, #0
10003e82:	f001 fb1d 	bl	100054c0 <tud_cdc_n_write_flush>
10003e86:	2800      	cmp	r0, #0
10003e88:	d1f5      	bne.n	10003e76 <stdio_usb_out_flush+0x2a>
10003e8a:	e8bd 4008 	ldmia.w	sp!, {r3, lr}
10003e8e:	4803      	ldr	r0, [pc, #12]	@ (10003e9c <stdio_usb_out_flush+0x50>)
10003e90:	f006 b94a 	b.w	1000a128 <__mutex_exit_veneer>
10003e94:	bd08      	pop	{r3, pc}
10003e96:	bf00      	nop
10003e98:	000f4240 	.word	0x000f4240
10003e9c:	20002e64 	.word	0x20002e64

10003ea0 <stdio_usb_out_chars>:
10003ea0:	e92d 43f8 	stmdb	sp!, {r3, r4, r5, r6, r7, r8, r9, lr}
10003ea4:	4607      	mov	r7, r0
10003ea6:	460e      	mov	r6, r1
10003ea8:	f7fd fde2 	bl	10001a70 <time_us_64>
10003eac:	f04f 35ff 	mov.w	r5, #4294967295	@ 0xffffffff
10003eb0:	f06f 4400 	mvn.w	r4, #2147483648	@ 0x80000000
10003eb4:	4a33      	ldr	r2, [pc, #204]	@ (10003f84 <stdio_usb_out_chars+0xe4>)
10003eb6:	1882      	adds	r2, r0, r2
10003eb8:	f141 0300 	adc.w	r3, r1, #0
10003ebc:	4295      	cmp	r5, r2
10003ebe:	eb74 0103 	sbcs.w	r1, r4, r3
10003ec2:	bf3c      	itt	cc
10003ec4:	462a      	movcc	r2, r5
10003ec6:	4623      	movcc	r3, r4
10003ec8:	482f      	ldr	r0, [pc, #188]	@ (10003f88 <stdio_usb_out_chars+0xe8>)
10003eca:	f006 f945 	bl	1000a158 <__mutex_try_enter_block_until_veneer>
10003ece:	b908      	cbnz	r0, 10003ed4 <stdio_usb_out_chars+0x34>
10003ed0:	e8bd 83f8 	ldmia.w	sp!, {r3, r4, r5, r6, r7, r8, r9, pc}
10003ed4:	2000      	movs	r0, #0
10003ed6:	f001 fa8b 	bl	100053f0 <tud_cdc_n_connected>
10003eda:	2800      	cmp	r0, #0
10003edc:	d048      	beq.n	10003f70 <stdio_usb_out_chars+0xd0>
10003ede:	2e00      	cmp	r6, #0
10003ee0:	dd41      	ble.n	10003f66 <stdio_usb_out_chars+0xc6>
10003ee2:	2500      	movs	r5, #0
10003ee4:	f8df 80a4 	ldr.w	r8, [pc, #164]	@ 10003f8c <stdio_usb_out_chars+0xec>
10003ee8:	f8df 90a4 	ldr.w	r9, [pc, #164]	@ 10003f90 <stdio_usb_out_chars+0xf0>
10003eec:	e013      	b.n	10003f16 <stdio_usb_out_chars+0x76>
10003eee:	4622      	mov	r2, r4
10003ef0:	2000      	movs	r0, #0
10003ef2:	f001 fb2b 	bl	1000554c <tud_cdc_n_write>
10003ef6:	2100      	movs	r1, #0
10003ef8:	4604      	mov	r4, r0
10003efa:	f04f 30ff 	mov.w	r0, #4294967295	@ 0xffffffff
10003efe:	f000 fca3 	bl	10004848 <tud_task_ext>
10003f02:	2000      	movs	r0, #0
10003f04:	f001 fadc 	bl	100054c0 <tud_cdc_n_write_flush>
10003f08:	f7fd fdb2 	bl	10001a70 <time_us_64>
10003f0c:	e9c8 0100 	strd	r0, r1, [r8]
10003f10:	4425      	add	r5, r4
10003f12:	42ae      	cmp	r6, r5
10003f14:	dd27      	ble.n	10003f66 <stdio_usb_out_chars+0xc6>
10003f16:	2000      	movs	r0, #0
10003f18:	f001 fb3a 	bl	10005590 <tud_cdc_n_write_available>
10003f1c:	1b74      	subs	r4, r6, r5
10003f1e:	4284      	cmp	r4, r0
10003f20:	bfa8      	it	ge
10003f22:	4604      	movge	r4, r0
10003f24:	1979      	adds	r1, r7, r5
10003f26:	2c00      	cmp	r4, #0
10003f28:	d1e1      	bne.n	10003eee <stdio_usb_out_chars+0x4e>
10003f2a:	4621      	mov	r1, r4
10003f2c:	f04f 30ff 	mov.w	r0, #4294967295	@ 0xffffffff
10003f30:	f000 fc8a 	bl	10004848 <tud_task_ext>
10003f34:	4620      	mov	r0, r4
10003f36:	f001 fac3 	bl	100054c0 <tud_cdc_n_write_flush>
10003f3a:	4620      	mov	r0, r4
10003f3c:	f001 fa58 	bl	100053f0 <tud_cdc_n_connected>
10003f40:	b188      	cbz	r0, 10003f66 <stdio_usb_out_chars+0xc6>
10003f42:	4620      	mov	r0, r4
10003f44:	f001 fb24 	bl	10005590 <tud_cdc_n_write_available>
10003f48:	2800      	cmp	r0, #0
10003f4a:	d1e2      	bne.n	10003f12 <stdio_usb_out_chars+0x72>
10003f4c:	f7fd fd90 	bl	10001a70 <time_us_64>
10003f50:	f8d8 3000 	ldr.w	r3, [r8]
10003f54:	f8d8 2004 	ldr.w	r2, [r8, #4]
10003f58:	eb13 0309 	adds.w	r3, r3, r9
10003f5c:	f142 0200 	adc.w	r2, r2, #0
10003f60:	4283      	cmp	r3, r0
10003f62:	418a      	sbcs	r2, r1
10003f64:	d2d5      	bcs.n	10003f12 <stdio_usb_out_chars+0x72>
10003f66:	4808      	ldr	r0, [pc, #32]	@ (10003f88 <stdio_usb_out_chars+0xe8>)
10003f68:	e8bd 43f8 	ldmia.w	sp!, {r3, r4, r5, r6, r7, r8, r9, lr}
10003f6c:	f006 b8dc 	b.w	1000a128 <__mutex_exit_veneer>
10003f70:	2000      	movs	r0, #0
10003f72:	2100      	movs	r1, #0
10003f74:	4b05      	ldr	r3, [pc, #20]	@ (10003f8c <stdio_usb_out_chars+0xec>)
10003f76:	e9c3 0100 	strd	r0, r1, [r3]
10003f7a:	e8bd 43f8 	ldmia.w	sp!, {r3, r4, r5, r6, r7, r8, r9, lr}
10003f7e:	4802      	ldr	r0, [pc, #8]	@ (10003f88 <stdio_usb_out_chars+0xe8>)
10003f80:	f006 b8d2 	b.w	1000a128 <__mutex_exit_veneer>
10003f84:	000f4240 	.word	0x000f4240
10003f88:	20002e64 	.word	0x20002e64
10003f8c:	200018a8 	.word	0x200018a8
10003f90:	0007a120 	.word	0x0007a120

10003f94 <low_priority_worker_irq>:
10003f94:	b530      	push	{r4, r5, lr}
10003f96:	2100      	movs	r1, #0
10003f98:	b085      	sub	sp, #20
10003f9a:	482e      	ldr	r0, [pc, #184]	@ (10004054 <low_priority_worker_irq+0xc0>)
10003f9c:	f006 f8ec 	bl	1000a178 <__mutex_try_enter_veneer>
10003fa0:	b9f0      	cbnz	r0, 10003fe0 <low_priority_worker_irq+0x4c>
10003fa2:	4b2d      	ldr	r3, [pc, #180]	@ (10004058 <low_priority_worker_irq+0xc4>)
10003fa4:	681a      	ldr	r2, [r3, #0]
10003fa6:	b1ca      	cbz	r2, 10003fdc <low_priority_worker_irq+0x48>
10003fa8:	f3ef 8110 	mrs	r1, PRIMASK
10003fac:	b672      	cpsid	i
10003fae:	e8d2 5fcf 	ldaexb	r5, [r2]
10003fb2:	2401      	movs	r4, #1
10003fb4:	2d00      	cmp	r5, #0
10003fb6:	d1fa      	bne.n	10003fae <low_priority_worker_irq+0x1a>
10003fb8:	e8c2 4f45 	strexb	r5, r4, [r2]
10003fbc:	2d00      	cmp	r5, #0
10003fbe:	d1f6      	bne.n	10003fae <low_priority_worker_irq+0x1a>
10003fc0:	f3bf 8f5f 	dmb	sy
10003fc4:	4c25      	ldr	r4, [pc, #148]	@ (1000405c <low_priority_worker_irq+0xc8>)
10003fc6:	681d      	ldr	r5, [r3, #0]
10003fc8:	7822      	ldrb	r2, [r4, #0]
10003fca:	6059      	str	r1, [r3, #4]
10003fcc:	b2d3      	uxtb	r3, r2
10003fce:	2201      	movs	r2, #1
10003fd0:	7022      	strb	r2, [r4, #0]
10003fd2:	e8c5 0f8f 	stlb	r0, [r5]
10003fd6:	f381 8810 	msr	PRIMASK, r1
10003fda:	b1cb      	cbz	r3, 10004010 <low_priority_worker_irq+0x7c>
10003fdc:	b005      	add	sp, #20
10003fde:	bd30      	pop	{r4, r5, pc}
10003fe0:	2100      	movs	r1, #0
10003fe2:	f04f 30ff 	mov.w	r0, #4294967295	@ 0xffffffff
10003fe6:	f000 fc2f 	bl	10004848 <tud_task_ext>
10003fea:	2000      	movs	r0, #0
10003fec:	f001 fa16 	bl	1000541c <tud_cdc_n_available>
10003ff0:	4604      	mov	r4, r0
10003ff2:	4818      	ldr	r0, [pc, #96]	@ (10004054 <low_priority_worker_irq+0xc0>)
10003ff4:	f006 f898 	bl	1000a128 <__mutex_exit_veneer>
10003ff8:	2c00      	cmp	r4, #0
10003ffa:	d0ef      	beq.n	10003fdc <low_priority_worker_irq+0x48>
10003ffc:	4b18      	ldr	r3, [pc, #96]	@ (10004060 <low_priority_worker_irq+0xcc>)
10003ffe:	681b      	ldr	r3, [r3, #0]
10004000:	2b00      	cmp	r3, #0
10004002:	d0eb      	beq.n	10003fdc <low_priority_worker_irq+0x48>
10004004:	4a17      	ldr	r2, [pc, #92]	@ (10004064 <low_priority_worker_irq+0xd0>)
10004006:	6810      	ldr	r0, [r2, #0]
10004008:	b005      	add	sp, #20
1000400a:	e8bd 4030 	ldmia.w	sp!, {r4, r5, lr}
1000400e:	4718      	bx	r3
10004010:	f7fd fb12 	bl	10001638 <alarm_pool_get_default>
10004014:	4604      	mov	r4, r0
10004016:	f7fd fd2b 	bl	10001a70 <time_us_64>
1000401a:	f04f 3cff 	mov.w	ip, #4294967295	@ 0xffffffff
1000401e:	f06f 4500 	mvn.w	r5, #2147483648	@ 0x80000000
10004022:	f510 727a 	adds.w	r2, r0, #1000	@ 0x3e8
10004026:	f141 0300 	adc.w	r3, r1, #0
1000402a:	4594      	cmp	ip, r2
1000402c:	eb75 0103 	sbcs.w	r1, r5, r3
10004030:	bf38      	it	cc
10004032:	462b      	movcc	r3, r5
10004034:	f04f 0100 	mov.w	r1, #0
10004038:	f04f 0501 	mov.w	r5, #1
1000403c:	4620      	mov	r0, r4
1000403e:	4c0a      	ldr	r4, [pc, #40]	@ (10004068 <low_priority_worker_irq+0xd4>)
10004040:	bf38      	it	cc
10004042:	4662      	movcc	r2, ip
10004044:	e9cd 1501 	strd	r1, r5, [sp, #4]
10004048:	9400      	str	r4, [sp, #0]
1000404a:	f7fd faf9 	bl	10001640 <alarm_pool_add_alarm_at>
1000404e:	b005      	add	sp, #20
10004050:	bd30      	pop	{r4, r5, pc}
10004052:	bf00      	nop
10004054:	20002e64 	.word	0x20002e64
10004058:	20002e28 	.word	0x20002e28
1000405c:	20002e88 	.word	0x20002e88
10004060:	200020c4 	.word	0x200020c4
10004064:	200020c8 	.word	0x200020c8
10004068:	10003d49 	.word	0x10003d49

1000406c <stdio_usb_init>:
1000406c:	f04f 4350 	mov.w	r3, #3489660928	@ 0xd0000000
10004070:	b530      	push	{r4, r5, lr}
10004072:	b085      	sub	sp, #20
10004074:	681c      	ldr	r4, [r3, #0]
10004076:	f7fd fadf 	bl	10001638 <alarm_pool_get_default>
1000407a:	f7fd fbf3 	bl	10001864 <alarm_pool_core_num>
1000407e:	42a0      	cmp	r0, r4
10004080:	d002      	beq.n	10004088 <stdio_usb_init+0x1c>
10004082:	2000      	movs	r0, #0
10004084:	b005      	add	sp, #20
10004086:	bd30      	pop	{r4, r5, pc}
10004088:	2100      	movs	r1, #0
1000408a:	4b2a      	ldr	r3, [pc, #168]	@ (10004134 <stdio_usb_init+0xc8>)
1000408c:	4608      	mov	r0, r1
1000408e:	781b      	ldrb	r3, [r3, #0]
10004090:	f001 fd4e 	bl	10005b30 <tusb_rhport_init>
10004094:	4828      	ldr	r0, [pc, #160]	@ (10004138 <stdio_usb_init+0xcc>)
10004096:	6803      	ldr	r3, [r0, #0]
10004098:	2b00      	cmp	r3, #0
1000409a:	d047      	beq.n	1000412c <stdio_usb_init+0xc0>
1000409c:	2001      	movs	r0, #1
1000409e:	f7fd f833 	bl	10001108 <user_irq_claim_unused>
100040a2:	4603      	mov	r3, r0
100040a4:	4c25      	ldr	r4, [pc, #148]	@ (1000413c <stdio_usb_init+0xd0>)
100040a6:	4926      	ldr	r1, [pc, #152]	@ (10004140 <stdio_usb_init+0xd4>)
100040a8:	b2c0      	uxtb	r0, r0
100040aa:	7023      	strb	r3, [r4, #0]
100040ac:	f7fc fd90 	bl	10000bd0 <irq_set_exclusive_handler>
100040b0:	7820      	ldrb	r0, [r4, #0]
100040b2:	2101      	movs	r1, #1
100040b4:	f7fc fd4a 	bl	10000b4c <irq_set_enabled>
100040b8:	200e      	movs	r0, #14
100040ba:	f7fc fd79 	bl	10000bb0 <irq_has_shared_handler>
100040be:	bb40      	cbnz	r0, 10004112 <stdio_usb_init+0xa6>
100040c0:	4b20      	ldr	r3, [pc, #128]	@ (10004144 <stdio_usb_init+0xd8>)
100040c2:	2501      	movs	r5, #1
100040c4:	e9c3 0000 	strd	r0, r0, [r3]
100040c8:	f7fd fab6 	bl	10001638 <alarm_pool_get_default>
100040cc:	4604      	mov	r4, r0
100040ce:	f7fd fccf 	bl	10001a70 <time_us_64>
100040d2:	f04f 3eff 	mov.w	lr, #4294967295	@ 0xffffffff
100040d6:	f06f 4c00 	mvn.w	ip, #2147483648	@ 0x80000000
100040da:	f510 727a 	adds.w	r2, r0, #1000	@ 0x3e8
100040de:	f141 0300 	adc.w	r3, r1, #0
100040e2:	4596      	cmp	lr, r2
100040e4:	eb7c 0103 	sbcs.w	r1, ip, r3
100040e8:	f04f 0100 	mov.w	r1, #0
100040ec:	4620      	mov	r0, r4
100040ee:	4c16      	ldr	r4, [pc, #88]	@ (10004148 <stdio_usb_init+0xdc>)
100040f0:	bf3c      	itt	cc
100040f2:	4672      	movcc	r2, lr
100040f4:	4663      	movcc	r3, ip
100040f6:	e9cd 1501 	strd	r1, r5, [sp, #4]
100040fa:	9400      	str	r4, [sp, #0]
100040fc:	f7fd faa0 	bl	10001640 <alarm_pool_add_alarm_at>
10004100:	2800      	cmp	r0, #0
10004102:	dbbe      	blt.n	10004082 <stdio_usb_init+0x16>
10004104:	2101      	movs	r1, #1
10004106:	4811      	ldr	r0, [pc, #68]	@ (1000414c <stdio_usb_init+0xe0>)
10004108:	f7ff fcb6 	bl	10003a78 <stdio_set_driver_enabled>
1000410c:	2001      	movs	r0, #1
1000410e:	b005      	add	sp, #20
10004110:	bd30      	pop	{r4, r5, pc}
10004112:	2001      	movs	r0, #1
10004114:	f7fc fcd6 	bl	10000ac4 <spin_lock_claim_unused>
10004118:	4601      	mov	r1, r0
1000411a:	480a      	ldr	r0, [pc, #40]	@ (10004144 <stdio_usb_init+0xd8>)
1000411c:	f7fd f86e 	bl	100011fc <critical_section_init_with_lock_num>
10004120:	2200      	movs	r2, #0
10004122:	200e      	movs	r0, #14
10004124:	490a      	ldr	r1, [pc, #40]	@ (10004150 <stdio_usb_init+0xe4>)
10004126:	f7fc fd83 	bl	10000c30 <irq_add_shared_handler>
1000412a:	e7eb      	b.n	10004104 <stdio_usb_init+0x98>
1000412c:	f7fd f83c 	bl	100011a8 <mutex_init>
10004130:	e7b4      	b.n	1000409c <stdio_usb_init+0x30>
10004132:	bf00      	nop
10004134:	10041f94 	.word	0x10041f94
10004138:	20002e64 	.word	0x20002e64
1000413c:	20002e87 	.word	0x20002e87
10004140:	10003f95 	.word	0x10003f95
10004144:	20002e28 	.word	0x20002e28
10004148:	10003d49 	.word	0x10003d49
1000414c:	20001484 	.word	0x20001484
10004150:	10003db9 	.word	0x10003db9

10004154 <tud_descriptor_device_cb>:
10004154:	4800      	ldr	r0, [pc, #0]	@ (10004158 <tud_descriptor_device_cb+0x4>)
10004156:	4770      	bx	lr
10004158:	1000aa38 	.word	0x1000aa38

1000415c <tud_descriptor_configuration_cb>:
1000415c:	4800      	ldr	r0, [pc, #0]	@ (10004160 <tud_descriptor_configuration_cb+0x4>)
1000415e:	4770      	bx	lr
10004160:	1000a9e4 	.word	0x1000a9e4

10004164 <tud_descriptor_string_cb>:
10004164:	b538      	push	{r3, r4, r5, lr}
10004166:	4b18      	ldr	r3, [pc, #96]	@ (100041c8 <tud_descriptor_string_cb+0x64>)
10004168:	4604      	mov	r4, r0
1000416a:	781a      	ldrb	r2, [r3, #0]
1000416c:	b30a      	cbz	r2, 100041b2 <tud_descriptor_string_cb+0x4e>
1000416e:	b944      	cbnz	r4, 10004182 <tud_descriptor_string_cb+0x1e>
10004170:	f240 4209 	movw	r2, #1033	@ 0x409
10004174:	f44f 7341 	mov.w	r3, #772	@ 0x304
10004178:	4d14      	ldr	r5, [pc, #80]	@ (100041cc <tud_descriptor_string_cb+0x68>)
1000417a:	806a      	strh	r2, [r5, #2]
1000417c:	4813      	ldr	r0, [pc, #76]	@ (100041cc <tud_descriptor_string_cb+0x68>)
1000417e:	802b      	strh	r3, [r5, #0]
10004180:	bd38      	pop	{r3, r4, r5, pc}
10004182:	2c05      	cmp	r4, #5
10004184:	d81a      	bhi.n	100041bc <tud_descriptor_string_cb+0x58>
10004186:	4b12      	ldr	r3, [pc, #72]	@ (100041d0 <tud_descriptor_string_cb+0x6c>)
10004188:	4d10      	ldr	r5, [pc, #64]	@ (100041cc <tud_descriptor_string_cb+0x68>)
1000418a:	f853 1024 	ldr.w	r1, [r3, r4, lsl #2]
1000418e:	4628      	mov	r0, r5
10004190:	2300      	movs	r3, #0
10004192:	3901      	subs	r1, #1
10004194:	e003      	b.n	1000419e <tud_descriptor_string_cb+0x3a>
10004196:	2b13      	cmp	r3, #19
10004198:	f820 2f02 	strh.w	r2, [r0, #2]!
1000419c:	d010      	beq.n	100041c0 <tud_descriptor_string_cb+0x5c>
1000419e:	f811 2f01 	ldrb.w	r2, [r1, #1]!
100041a2:	3301      	adds	r3, #1
100041a4:	b2db      	uxtb	r3, r3
100041a6:	2a00      	cmp	r2, #0
100041a8:	d1f5      	bne.n	10004196 <tud_descriptor_string_cb+0x32>
100041aa:	005b      	lsls	r3, r3, #1
100041ac:	f443 7340 	orr.w	r3, r3, #768	@ 0x300
100041b0:	e7e4      	b.n	1000417c <tud_descriptor_string_cb+0x18>
100041b2:	2111      	movs	r1, #17
100041b4:	4618      	mov	r0, r3
100041b6:	f000 f82d 	bl	10004214 <pico_get_unique_board_id_string>
100041ba:	e7d8      	b.n	1000416e <tud_descriptor_string_cb+0xa>
100041bc:	2000      	movs	r0, #0
100041be:	bd38      	pop	{r3, r4, r5, pc}
100041c0:	f44f 734a 	mov.w	r3, #808	@ 0x328
100041c4:	e7da      	b.n	1000417c <tud_descriptor_string_cb+0x18>
100041c6:	bf00      	nop
100041c8:	20002e6c 	.word	0x20002e6c
100041cc:	200029e8 	.word	0x200029e8
100041d0:	1000a9cc 	.word	0x1000a9cc

100041d4 <_retrieve_unique_id_on_boot>:
100041d4:	b500      	push	{lr}
100041d6:	f245 3047 	movw	r0, #21319	@ 0x5347
100041da:	b08b      	sub	sp, #44	@ 0x2c
100041dc:	f7fd fd8a 	bl	10001cf4 <rom_func_lookup>
100041e0:	2201      	movs	r2, #1
100041e2:	4603      	mov	r3, r0
100041e4:	2109      	movs	r1, #9
100041e6:	a801      	add	r0, sp, #4
100041e8:	4798      	blx	r3
100041ea:	e9dd 3203 	ldrd	r3, r2, [sp, #12]
100041ee:	4904      	ldr	r1, [pc, #16]	@ (10004200 <_retrieve_unique_id_on_boot+0x2c>)
100041f0:	ba12      	rev	r2, r2
100041f2:	ba1b      	rev	r3, r3
100041f4:	e9c1 2300 	strd	r2, r3, [r1]
100041f8:	b00b      	add	sp, #44	@ 0x2c
100041fa:	f85d fb04 	ldr.w	pc, [sp], #4
100041fe:	bf00      	nop
10004200:	20002e58 	.word	0x20002e58

10004204 <pico_get_unique_board_id>:
10004204:	4603      	mov	r3, r0
10004206:	4a02      	ldr	r2, [pc, #8]	@ (10004210 <pico_get_unique_board_id+0xc>)
10004208:	ca03      	ldmia	r2!, {r0, r1}
1000420a:	6018      	str	r0, [r3, #0]
1000420c:	6059      	str	r1, [r3, #4]
1000420e:	4770      	bx	lr
10004210:	20002e58 	.word	0x20002e58

10004214 <pico_get_unique_board_id_string>:
10004214:	2901      	cmp	r1, #1
10004216:	f101 33ff 	add.w	r3, r1, #4294967295	@ 0xffffffff
1000421a:	f000 80b3 	beq.w	10004384 <pico_get_unique_board_id_string+0x170>
1000421e:	495d      	ldr	r1, [pc, #372]	@ (10004394 <pico_get_unique_board_id_string+0x180>)
10004220:	780a      	ldrb	r2, [r1, #0]
10004222:	ea4f 1c12 	mov.w	ip, r2, lsr #4
10004226:	2a9f      	cmp	r2, #159	@ 0x9f
10004228:	bf8c      	ite	hi
1000422a:	f10c 0c37 	addhi.w	ip, ip, #55	@ 0x37
1000422e:	f10c 0c30 	addls.w	ip, ip, #48	@ 0x30
10004232:	2b01      	cmp	r3, #1
10004234:	f880 c000 	strb.w	ip, [r0]
10004238:	f000 80a7 	beq.w	1000438a <pico_get_unique_board_id_string+0x176>
1000423c:	f002 020f 	and.w	r2, r2, #15
10004240:	2a09      	cmp	r2, #9
10004242:	bf8c      	ite	hi
10004244:	3237      	addhi	r2, #55	@ 0x37
10004246:	3230      	addls	r2, #48	@ 0x30
10004248:	2b02      	cmp	r3, #2
1000424a:	7042      	strb	r2, [r0, #1]
1000424c:	f000 809d 	beq.w	1000438a <pico_get_unique_board_id_string+0x176>
10004250:	784a      	ldrb	r2, [r1, #1]
10004252:	ea4f 1c12 	mov.w	ip, r2, lsr #4
10004256:	2a9f      	cmp	r2, #159	@ 0x9f
10004258:	bf8c      	ite	hi
1000425a:	f10c 0c37 	addhi.w	ip, ip, #55	@ 0x37
1000425e:	f10c 0c30 	addls.w	ip, ip, #48	@ 0x30
10004262:	2b03      	cmp	r3, #3
10004264:	f880 c002 	strb.w	ip, [r0, #2]
10004268:	f000 808f 	beq.w	1000438a <pico_get_unique_board_id_string+0x176>
1000426c:	f002 020f 	and.w	r2, r2, #15
10004270:	2a09      	cmp	r2, #9
10004272:	bf8c      	ite	hi
10004274:	3237      	addhi	r2, #55	@ 0x37
10004276:	3230      	addls	r2, #48	@ 0x30
10004278:	2b04      	cmp	r3, #4
1000427a:	70c2      	strb	r2, [r0, #3]
1000427c:	f000 8085 	beq.w	1000438a <pico_get_unique_board_id_string+0x176>
10004280:	788a      	ldrb	r2, [r1, #2]
10004282:	ea4f 1c12 	mov.w	ip, r2, lsr #4
10004286:	2a9f      	cmp	r2, #159	@ 0x9f
10004288:	bf8c      	ite	hi
1000428a:	f10c 0c37 	addhi.w	ip, ip, #55	@ 0x37
1000428e:	f10c 0c30 	addls.w	ip, ip, #48	@ 0x30
10004292:	2b05      	cmp	r3, #5
10004294:	f880 c004 	strb.w	ip, [r0, #4]
10004298:	d077      	beq.n	1000438a <pico_get_unique_board_id_string+0x176>
1000429a:	f002 020f 	and.w	r2, r2, #15
1000429e:	2a09      	cmp	r2, #9
100042a0:	bf8c      	ite	hi
100042a2:	3237      	addhi	r2, #55	@ 0x37
100042a4:	3230      	addls	r2, #48	@ 0x30
100042a6:	2b06      	cmp	r3, #6
100042a8:	7142      	strb	r2, [r0, #5]
100042aa:	d06e      	beq.n	1000438a <pico_get_unique_board_id_string+0x176>
100042ac:	78ca      	ldrb	r2, [r1, #3]
100042ae:	ea4f 1c12 	mov.w	ip, r2, lsr #4
100042b2:	2a9f      	cmp	r2, #159	@ 0x9f
100042b4:	bf8c      	ite	hi
100042b6:	f10c 0c37 	addhi.w	ip, ip, #55	@ 0x37
100042ba:	f10c 0c30 	addls.w	ip, ip, #48	@ 0x30
100042be:	2b07      	cmp	r3, #7
100042c0:	f880 c006 	strb.w	ip, [r0, #6]
100042c4:	d061      	beq.n	1000438a <pico_get_unique_board_id_string+0x176>
100042c6:	f002 020f 	and.w	r2, r2, #15
100042ca:	2a09      	cmp	r2, #9
100042cc:	bf8c      	ite	hi
100042ce:	3237      	addhi	r2, #55	@ 0x37
100042d0:	3230      	addls	r2, #48	@ 0x30
100042d2:	2b08      	cmp	r3, #8
100042d4:	71c2      	strb	r2, [r0, #7]
100042d6:	d058      	beq.n	1000438a <pico_get_unique_board_id_string+0x176>
100042d8:	790a      	ldrb	r2, [r1, #4]
100042da:	ea4f 1c12 	mov.w	ip, r2, lsr #4
100042de:	2a9f      	cmp	r2, #159	@ 0x9f
100042e0:	bf8c      	ite	hi
100042e2:	f10c 0c37 	addhi.w	ip, ip, #55	@ 0x37
100042e6:	f10c 0c30 	addls.w	ip, ip, #48	@ 0x30
100042ea:	2b09      	cmp	r3, #9
100042ec:	f880 c008 	strb.w	ip, [r0, #8]
100042f0:	d04b      	beq.n	1000438a <pico_get_unique_board_id_string+0x176>
100042f2:	f002 020f 	and.w	r2, r2, #15
100042f6:	2a09      	cmp	r2, #9
100042f8:	bf8c      	ite	hi
100042fa:	3237      	addhi	r2, #55	@ 0x37
100042fc:	3230      	addls	r2, #48	@ 0x30
100042fe:	2b0a      	cmp	r3, #10
10004300:	7242      	strb	r2, [r0, #9]
10004302:	d042      	beq.n	1000438a <pico_get_unique_board_id_string+0x176>
10004304:	794a      	ldrb	r2, [r1, #5]
10004306:	ea4f 1c12 	mov.w	ip, r2, lsr #4
1000430a:	2a9f      	cmp	r2, #159	@ 0x9f
1000430c:	bf8c      	ite	hi
1000430e:	f10c 0c37 	addhi.w	ip, ip, #55	@ 0x37
10004312:	f10c 0c30 	addls.w	ip, ip, #48	@ 0x30
10004316:	2b0b      	cmp	r3, #11
10004318:	f880 c00a 	strb.w	ip, [r0, #10]
1000431c:	d035      	beq.n	1000438a <pico_get_unique_board_id_string+0x176>
1000431e:	f002 020f 	and.w	r2, r2, #15
10004322:	2a09      	cmp	r2, #9
10004324:	bf8c      	ite	hi
10004326:	3237      	addhi	r2, #55	@ 0x37
10004328:	3230      	addls	r2, #48	@ 0x30
1000432a:	2b0c      	cmp	r3, #12
1000432c:	72c2      	strb	r2, [r0, #11]
1000432e:	d02c      	beq.n	1000438a <pico_get_unique_board_id_string+0x176>
10004330:	798a      	ldrb	r2, [r1, #6]
10004332:	ea4f 1c12 	mov.w	ip, r2, lsr #4
10004336:	2a9f      	cmp	r2, #159	@ 0x9f
10004338:	bf8c      	ite	hi
1000433a:	f10c 0c37 	addhi.w	ip, ip, #55	@ 0x37
1000433e:	f10c 0c30 	addls.w	ip, ip, #48	@ 0x30
10004342:	2b0d      	cmp	r3, #13
10004344:	f880 c00c 	strb.w	ip, [r0, #12]
10004348:	d01f      	beq.n	1000438a <pico_get_unique_board_id_string+0x176>
1000434a:	f002 020f 	and.w	r2, r2, #15
1000434e:	2a09      	cmp	r2, #9
10004350:	bf8c      	ite	hi
10004352:	3237      	addhi	r2, #55	@ 0x37
10004354:	3230      	addls	r2, #48	@ 0x30
10004356:	2b0e      	cmp	r3, #14
10004358:	7342      	strb	r2, [r0, #13]
1000435a:	d016      	beq.n	1000438a <pico_get_unique_board_id_string+0x176>
1000435c:	79ca      	ldrb	r2, [r1, #7]
1000435e:	0911      	lsrs	r1, r2, #4
10004360:	2a9f      	cmp	r2, #159	@ 0x9f
10004362:	bf8c      	ite	hi
10004364:	3137      	addhi	r1, #55	@ 0x37
10004366:	3130      	addls	r1, #48	@ 0x30
10004368:	2b0f      	cmp	r3, #15
1000436a:	7381      	strb	r1, [r0, #14]
1000436c:	d00d      	beq.n	1000438a <pico_get_unique_board_id_string+0x176>
1000436e:	f002 020f 	and.w	r2, r2, #15
10004372:	2a09      	cmp	r2, #9
10004374:	bf94      	ite	ls
10004376:	3230      	addls	r2, #48	@ 0x30
10004378:	3237      	addhi	r2, #55	@ 0x37
1000437a:	2b10      	cmp	r3, #16
1000437c:	73c2      	strb	r2, [r0, #15]
1000437e:	bf18      	it	ne
10004380:	3010      	addne	r0, #16
10004382:	d002      	beq.n	1000438a <pico_get_unique_board_id_string+0x176>
10004384:	2300      	movs	r3, #0
10004386:	7003      	strb	r3, [r0, #0]
10004388:	4770      	bx	lr
1000438a:	4418      	add	r0, r3
1000438c:	2300      	movs	r3, #0
1000438e:	7003      	strb	r3, [r0, #0]
10004390:	4770      	bx	lr
10004392:	bf00      	nop
10004394:	20002e58 	.word	0x20002e58

10004398 <dcd_init>:
10004398:	b570      	push	{r4, r5, r6, lr}
1000439a:	f000 f933 	bl	10004604 <rp2040_usb_init>
1000439e:	230c      	movs	r3, #12
100043a0:	2640      	movs	r6, #64	@ 0x40
100043a2:	4c1b      	ldr	r4, [pc, #108]	@ (10004410 <dcd_init+0x78>)
100043a4:	22ff      	movs	r2, #255	@ 0xff
100043a6:	67a3      	str	r3, [r4, #120]	@ 0x78
100043a8:	200e      	movs	r0, #14
100043aa:	491a      	ldr	r1, [pc, #104]	@ (10004414 <dcd_init+0x7c>)
100043ac:	f7fc fc40 	bl	10000c30 <irq_add_shared_handler>
100043b0:	4b19      	ldr	r3, [pc, #100]	@ (10004418 <dcd_init+0x80>)
100043b2:	4632      	mov	r2, r6
100043b4:	2100      	movs	r1, #0
100043b6:	4618      	mov	r0, r3
100043b8:	f005 fc9a 	bl	10009cf0 <memset>
100043bc:	4603      	mov	r3, r0
100043be:	2100      	movs	r1, #0
100043c0:	2501      	movs	r5, #1
100043c2:	2080      	movs	r0, #128	@ 0x80
100043c4:	4a15      	ldr	r2, [pc, #84]	@ (1000441c <dcd_init+0x84>)
100043c6:	8458      	strh	r0, [r3, #34]	@ 0x22
100043c8:	609a      	str	r2, [r3, #8]
100043ca:	3a84      	subs	r2, #132	@ 0x84
100043cc:	705d      	strb	r5, [r3, #1]
100043ce:	831e      	strh	r6, [r3, #24]
100043d0:	871e      	strh	r6, [r3, #56]	@ 0x38
100043d2:	6059      	str	r1, [r3, #4]
100043d4:	f8c2 1084 	str.w	r1, [r2, #132]	@ 0x84
100043d8:	f8c2 1080 	str.w	r1, [r2, #128]	@ 0x80
100043dc:	f502 7280 	add.w	r2, r2, #256	@ 0x100
100043e0:	60da      	str	r2, [r3, #12]
100043e2:	62da      	str	r2, [r3, #44]	@ 0x2c
100043e4:	3a80      	subs	r2, #128	@ 0x80
100043e6:	f883 1021 	strb.w	r1, [r3, #33]	@ 0x21
100043ea:	f883 103b 	strb.w	r1, [r3, #59]	@ 0x3b
100043ee:	6259      	str	r1, [r3, #36]	@ 0x24
100043f0:	629a      	str	r2, [r3, #40]	@ 0x28
100043f2:	f04f 5600 	mov.w	r6, #536870912	@ 0x20000000
100043f6:	f005 fe9f 	bl	1000a138 <__reset_non_control_endpoints_veneer>
100043fa:	f44f 3280 	mov.w	r2, #65536	@ 0x10000
100043fe:	4908      	ldr	r1, [pc, #32]	@ (10004420 <dcd_init+0x88>)
10004400:	4b08      	ldr	r3, [pc, #32]	@ (10004424 <dcd_init+0x8c>)
10004402:	6425      	str	r5, [r4, #64]	@ 0x40
10004404:	4628      	mov	r0, r5
10004406:	64e6      	str	r6, [r4, #76]	@ 0x4c
10004408:	f8c4 1090 	str.w	r1, [r4, #144]	@ 0x90
1000440c:	64da      	str	r2, [r3, #76]	@ 0x4c
1000440e:	bd70      	pop	{r4, r5, r6, pc}
10004410:	50110000 	.word	0x50110000
10004414:	2000059d 	.word	0x2000059d
10004418:	20002a1c 	.word	0x20002a1c
1000441c:	50100084 	.word	0x50100084
10004420:	0001d010 	.word	0x0001d010
10004424:	50112000 	.word	0x50112000

10004428 <dcd_int_enable>:
10004428:	2101      	movs	r1, #1
1000442a:	200e      	movs	r0, #14
1000442c:	f7fc bb8e 	b.w	10000b4c <irq_set_enabled>

10004430 <dcd_set_address>:
10004430:	2200      	movs	r2, #0
10004432:	4802      	ldr	r0, [pc, #8]	@ (1000443c <dcd_set_address+0xc>)
10004434:	4611      	mov	r1, r2
10004436:	f000 b905 	b.w	10004644 <hw_endpoint_xfer_start>
1000443a:	bf00      	nop
1000443c:	20002a3c 	.word	0x20002a3c

10004440 <dcd_sof_enable>:
10004440:	4b04      	ldr	r3, [pc, #16]	@ (10004454 <dcd_sof_enable+0x14>)
10004442:	7019      	strb	r1, [r3, #0]
10004444:	b121      	cbz	r1, 10004450 <dcd_sof_enable+0x10>
10004446:	f44f 3200 	mov.w	r2, #131072	@ 0x20000
1000444a:	4b03      	ldr	r3, [pc, #12]	@ (10004458 <dcd_sof_enable+0x18>)
1000444c:	f8c3 2090 	str.w	r2, [r3, #144]	@ 0x90
10004450:	4770      	bx	lr
10004452:	bf00      	nop
10004454:	20002e83 	.word	0x20002e83
10004458:	50112000 	.word	0x50112000

1000445c <dcd_edpt0_status_complete>:
1000445c:	780b      	ldrb	r3, [r1, #0]
1000445e:	065b      	lsls	r3, r3, #25
10004460:	d102      	bne.n	10004468 <dcd_edpt0_status_complete+0xc>
10004462:	784b      	ldrb	r3, [r1, #1]
10004464:	2b05      	cmp	r3, #5
10004466:	d000      	beq.n	1000446a <dcd_edpt0_status_complete+0xe>
10004468:	4770      	bx	lr
1000446a:	884b      	ldrh	r3, [r1, #2]
1000446c:	4a01      	ldr	r2, [pc, #4]	@ (10004474 <dcd_edpt0_status_complete+0x18>)
1000446e:	b2db      	uxtb	r3, r3
10004470:	6013      	str	r3, [r2, #0]
10004472:	4770      	bx	lr
10004474:	50110000 	.word	0x50110000

10004478 <dcd_edpt_open>:
10004478:	78cb      	ldrb	r3, [r1, #3]
1000447a:	e92d 41f0 	stmdb	sp!, {r4, r5, r6, r7, r8, lr}
1000447e:	f003 0e03 	and.w	lr, r3, #3
10004482:	f1be 0f01 	cmp.w	lr, #1
10004486:	f3c3 0001 	ubfx	r0, r3, #0, #2
1000448a:	d05d      	beq.n	10004548 <dcd_edpt_open+0xd0>
1000448c:	2700      	movs	r7, #0
1000448e:	f891 c002 	ldrb.w	ip, [r1, #2]
10004492:	4c35      	ldr	r4, [pc, #212]	@ (10004568 <dcd_edpt_open+0xf0>)
10004494:	f00c 037f 	and.w	r3, ip, #127	@ 0x7f
10004498:	005e      	lsls	r6, r3, #1
1000449a:	8889      	ldrh	r1, [r1, #4]
1000449c:	eb06 12dc 	add.w	r2, r6, ip, lsr #7
100044a0:	eb04 1242 	add.w	r2, r4, r2, lsl #5
100044a4:	ea4f 15dc 	mov.w	r5, ip, lsr #7
100044a8:	76d0      	strb	r0, [r2, #27]
100044aa:	f3c1 010a 	ubfx	r1, r1, #0, #11
100044ae:	f085 0001 	eor.w	r0, r5, #1
100044b2:	7050      	strb	r0, [r2, #1]
100044b4:	f882 c002 	strb.w	ip, [r2, #2]
100044b8:	8311      	strh	r1, [r2, #24]
100044ba:	70d7      	strb	r7, [r2, #3]
100044bc:	b218      	sxth	r0, r3
100044be:	00da      	lsls	r2, r3, #3
100044c0:	bb8d      	cbnz	r5, 10004526 <dcd_edpt_open+0xae>
100044c2:	482a      	ldr	r0, [pc, #168]	@ (1000456c <dcd_edpt_open+0xf4>)
100044c4:	3204      	adds	r2, #4
100044c6:	eb04 1c83 	add.w	ip, r4, r3, lsl #6
100044ca:	eb02 0800 	add.w	r8, r2, r0
100044ce:	f8cc 8008 	str.w	r8, [ip, #8]
100044d2:	5017      	str	r7, [r2, r0]
100044d4:	b38b      	cbz	r3, 1000453a <dcd_edpt_open+0xc2>
100044d6:	4a26      	ldr	r2, [pc, #152]	@ (10004570 <dcd_edpt_open+0xf8>)
100044d8:	00db      	lsls	r3, r3, #3
100044da:	441a      	add	r2, r3
100044dc:	f8cc 2004 	str.w	r2, [ip, #4]
100044e0:	4b24      	ldr	r3, [pc, #144]	@ (10004574 <dcd_edpt_open+0xfc>)
100044e2:	313f      	adds	r1, #63	@ 0x3f
100044e4:	681a      	ldr	r2, [r3, #0]
100044e6:	f021 013f 	bic.w	r1, r1, #63	@ 0x3f
100044ea:	f1be 0f02 	cmp.w	lr, #2
100044ee:	bf08      	it	eq
100044f0:	0049      	lsleq	r1, r1, #1
100044f2:	4411      	add	r1, r2
100044f4:	6019      	str	r1, [r3, #0]
100044f6:	4b20      	ldr	r3, [pc, #128]	@ (10004578 <dcd_edpt_open+0x100>)
100044f8:	1977      	adds	r7, r6, r5
100044fa:	eb04 1747 	add.w	r7, r4, r7, lsl #5
100044fe:	4299      	cmp	r1, r3
10004500:	60fa      	str	r2, [r7, #12]
10004502:	d82c      	bhi.n	1000455e <dcd_edpt_open+0xe6>
10004504:	442e      	add	r6, r5
10004506:	eb04 1346 	add.w	r3, r4, r6, lsl #5
1000450a:	7ed9      	ldrb	r1, [r3, #27]
1000450c:	f082 42a0 	eor.w	r2, r2, #1342177280	@ 0x50000000
10004510:	f482 1280 	eor.w	r2, r2, #1048576	@ 0x100000
10004514:	685b      	ldr	r3, [r3, #4]
10004516:	ea42 6281 	orr.w	r2, r2, r1, lsl #26
1000451a:	f042 4200 	orr.w	r2, r2, #2147483648	@ 0x80000000
1000451e:	601a      	str	r2, [r3, #0]
10004520:	2001      	movs	r0, #1
10004522:	e8bd 81f0 	ldmia.w	sp!, {r4, r5, r6, r7, r8, pc}
10004526:	f8df c044 	ldr.w	ip, [pc, #68]	@ 1000456c <dcd_edpt_open+0xf4>
1000452a:	eb04 1883 	add.w	r8, r4, r3, lsl #6
1000452e:	4462      	add	r2, ip
10004530:	f8c8 2028 	str.w	r2, [r8, #40]	@ 0x28
10004534:	f84c 7030 	str.w	r7, [ip, r0, lsl #3]
10004538:	b94b      	cbnz	r3, 1000454e <dcd_edpt_open+0xd6>
1000453a:	2200      	movs	r2, #0
1000453c:	490f      	ldr	r1, [pc, #60]	@ (1000457c <dcd_edpt_open+0x104>)
1000453e:	eb04 1345 	add.w	r3, r4, r5, lsl #5
10004542:	60d9      	str	r1, [r3, #12]
10004544:	605a      	str	r2, [r3, #4]
10004546:	e7eb      	b.n	10004520 <dcd_edpt_open+0xa8>
10004548:	2000      	movs	r0, #0
1000454a:	e8bd 81f0 	ldmia.w	sp!, {r4, r5, r6, r7, r8, pc}
1000454e:	00db      	lsls	r3, r3, #3
10004550:	f103 43a0 	add.w	r3, r3, #1342177280	@ 0x50000000
10004554:	f503 1380 	add.w	r3, r3, #1048576	@ 0x100000
10004558:	f8c8 3024 	str.w	r3, [r8, #36]	@ 0x24
1000455c:	e7c0      	b.n	100044e0 <dcd_edpt_open+0x68>
1000455e:	f7fd fc15 	bl	10001d8c <hard_assertion_failure>
10004562:	68fa      	ldr	r2, [r7, #12]
10004564:	e7ce      	b.n	10004504 <dcd_edpt_open+0x8c>
10004566:	bf00      	nop
10004568:	20002a1c 	.word	0x20002a1c
1000456c:	50100080 	.word	0x50100080
10004570:	50100004 	.word	0x50100004
10004574:	20002e24 	.word	0x20002e24
10004578:	50100fff 	.word	0x50100fff
1000457c:	50100100 	.word	0x50100100

10004580 <dcd_edpt_close_all>:
10004580:	f005 bdda 	b.w	1000a138 <__reset_non_control_endpoints_veneer>

10004584 <dcd_edpt_xfer>:
10004584:	468c      	mov	ip, r1
10004586:	b508      	push	{r3, lr}
10004588:	4611      	mov	r1, r2
1000458a:	4807      	ldr	r0, [pc, #28]	@ (100045a8 <dcd_edpt_xfer+0x24>)
1000458c:	461a      	mov	r2, r3
1000458e:	f00c 037f 	and.w	r3, ip, #127	@ 0x7f
10004592:	ea4f 1cdc 	mov.w	ip, ip, lsr #7
10004596:	eb0c 0c43 	add.w	ip, ip, r3, lsl #1
1000459a:	eb00 104c 	add.w	r0, r0, ip, lsl #5
1000459e:	f000 f851 	bl	10004644 <hw_endpoint_xfer_start>
100045a2:	2001      	movs	r0, #1
100045a4:	bd08      	pop	{r3, pc}
100045a6:	bf00      	nop
100045a8:	20002a1c 	.word	0x20002a1c

100045ac <dcd_edpt_stall>:
100045ac:	09cb      	lsrs	r3, r1, #7
100045ae:	f011 017f 	ands.w	r1, r1, #127	@ 0x7f
100045b2:	d103      	bne.n	100045bc <dcd_edpt_stall+0x10>
100045b4:	4a06      	ldr	r2, [pc, #24]	@ (100045d0 <dcd_edpt_stall+0x24>)
100045b6:	f1c3 0002 	rsb	r0, r3, #2
100045ba:	6690      	str	r0, [r2, #104]	@ 0x68
100045bc:	4805      	ldr	r0, [pc, #20]	@ (100045d4 <dcd_edpt_stall+0x28>)
100045be:	eb03 0341 	add.w	r3, r3, r1, lsl #1
100045c2:	f44f 6200 	mov.w	r2, #2048	@ 0x800
100045c6:	2100      	movs	r1, #0
100045c8:	eb00 1043 	add.w	r0, r0, r3, lsl #5
100045cc:	f005 bdc0 	b.w	1000a150 <___hw_endpoint_buffer_control_update32_veneer>
100045d0:	50112000 	.word	0x50112000
100045d4:	20002a1c 	.word	0x20002a1c

100045d8 <dcd_edpt_clear_stall>:
100045d8:	f011 037f 	ands.w	r3, r1, #127	@ 0x7f
100045dc:	d100      	bne.n	100045e0 <dcd_edpt_clear_stall+0x8>
100045de:	4770      	bx	lr
100045e0:	2200      	movs	r2, #0
100045e2:	b410      	push	{r4}
100045e4:	09c8      	lsrs	r0, r1, #7
100045e6:	4c06      	ldr	r4, [pc, #24]	@ (10004600 <dcd_edpt_clear_stall+0x28>)
100045e8:	eb00 0043 	add.w	r0, r0, r3, lsl #1
100045ec:	eb04 1340 	add.w	r3, r4, r0, lsl #5
100045f0:	f46f 6100 	mvn.w	r1, #2048	@ 0x800
100045f4:	4618      	mov	r0, r3
100045f6:	f85d 4b04 	ldr.w	r4, [sp], #4
100045fa:	70da      	strb	r2, [r3, #3]
100045fc:	f005 bda8 	b.w	1000a150 <___hw_endpoint_buffer_control_update32_veneer>
10004600:	20002a1c 	.word	0x20002a1c

10004604 <rp2040_usb_init>:
10004604:	f04f 5280 	mov.w	r2, #268435456	@ 0x10000000
10004608:	4809      	ldr	r0, [pc, #36]	@ (10004630 <rp2040_usb_init+0x2c>)
1000460a:	490a      	ldr	r1, [pc, #40]	@ (10004634 <rp2040_usb_init+0x30>)
1000460c:	b508      	push	{r3, lr}
1000460e:	4b0a      	ldr	r3, [pc, #40]	@ (10004638 <rp2040_usb_init+0x34>)
10004610:	6002      	str	r2, [r0, #0]
10004612:	600a      	str	r2, [r1, #0]
10004614:	6899      	ldr	r1, [r3, #8]
10004616:	43c9      	mvns	r1, r1
10004618:	f011 5180 	ands.w	r1, r1, #268435456	@ 0x10000000
1000461c:	d1fa      	bne.n	10004614 <rp2040_usb_init+0x10>
1000461e:	f44f 5280 	mov.w	r2, #4096	@ 0x1000
10004622:	4806      	ldr	r0, [pc, #24]	@ (1000463c <rp2040_usb_init+0x38>)
10004624:	f005 fb64 	bl	10009cf0 <memset>
10004628:	2209      	movs	r2, #9
1000462a:	4b05      	ldr	r3, [pc, #20]	@ (10004640 <rp2040_usb_init+0x3c>)
1000462c:	675a      	str	r2, [r3, #116]	@ 0x74
1000462e:	bd08      	pop	{r3, pc}
10004630:	40022000 	.word	0x40022000
10004634:	40023000 	.word	0x40023000
10004638:	40020000 	.word	0x40020000
1000463c:	50100000 	.word	0x50100000
10004640:	50110000 	.word	0x50110000

10004644 <hw_endpoint_xfer_start>:
10004644:	2300      	movs	r3, #0
10004646:	f04f 0c01 	mov.w	ip, #1
1000464a:	b510      	push	{r4, lr}
1000464c:	f880 c01a 	strb.w	ip, [r0, #26]
10004650:	8282      	strh	r2, [r0, #20]
10004652:	82c3      	strh	r3, [r0, #22]
10004654:	6101      	str	r1, [r0, #16]
10004656:	4604      	mov	r4, r0
10004658:	f005 fd76 	bl	1000a148 <__e15_is_bulkin_ep_veneer>
1000465c:	b120      	cbz	r0, 10004668 <hw_endpoint_xfer_start+0x24>
1000465e:	f44f 3200 	mov.w	r2, #131072	@ 0x20000
10004662:	4b07      	ldr	r3, [pc, #28]	@ (10004680 <hw_endpoint_xfer_start+0x3c>)
10004664:	f8c3 2090 	str.w	r2, [r3, #144]	@ 0x90
10004668:	4620      	mov	r0, r4
1000466a:	f005 fd69 	bl	1000a140 <__e15_is_critical_frame_period_veneer>
1000466e:	b110      	cbz	r0, 10004676 <hw_endpoint_xfer_start+0x32>
10004670:	2301      	movs	r3, #1
10004672:	7723      	strb	r3, [r4, #28]
10004674:	bd10      	pop	{r4, pc}
10004676:	4620      	mov	r0, r4
10004678:	e8bd 4010 	ldmia.w	sp!, {r4, lr}
1000467c:	f005 bd4c 	b.w	1000a118 <__hw_endpoint_start_next_buffer_veneer>
10004680:	50112000 	.word	0x50112000

10004684 <configuration_reset>:
10004684:	e92d 41f0 	stmdb	sp!, {r4, r5, r6, r7, r8, lr}
10004688:	2400      	movs	r4, #0
1000468a:	4e1d      	ldr	r6, [pc, #116]	@ (10004700 <configuration_reset+0x7c>)
1000468c:	4605      	mov	r5, r0
1000468e:	4623      	mov	r3, r4
10004690:	7832      	ldrb	r2, [r6, #0]
10004692:	f8df 8078 	ldr.w	r8, [pc, #120]	@ 1000470c <configuration_reset+0x88>
10004696:	4f1b      	ldr	r7, [pc, #108]	@ (10004704 <configuration_reset+0x80>)
10004698:	e00d      	b.n	100046b6 <configuration_reset+0x32>
1000469a:	683b      	ldr	r3, [r7, #0]
1000469c:	eb13 1344 	adds.w	r3, r3, r4, lsl #5
100046a0:	d025      	beq.n	100046ee <configuration_reset+0x6a>
100046a2:	68db      	ldr	r3, [r3, #12]
100046a4:	4628      	mov	r0, r5
100046a6:	4798      	blx	r3
100046a8:	7832      	ldrb	r2, [r6, #0]
100046aa:	3401      	adds	r4, #1
100046ac:	b2e4      	uxtb	r4, r4
100046ae:	1c51      	adds	r1, r2, #1
100046b0:	42a1      	cmp	r1, r4
100046b2:	4623      	mov	r3, r4
100046b4:	db06      	blt.n	100046c4 <configuration_reset+0x40>
100046b6:	42a2      	cmp	r2, r4
100046b8:	eba3 0302 	sub.w	r3, r3, r2
100046bc:	d8ed      	bhi.n	1000469a <configuration_reset+0x16>
100046be:	eb08 1343 	add.w	r3, r8, r3, lsl #5
100046c2:	e7ee      	b.n	100046a2 <configuration_reset+0x1e>
100046c4:	4c10      	ldr	r4, [pc, #64]	@ (10004708 <configuration_reset+0x84>)
100046c6:	2254      	movs	r2, #84	@ 0x54
100046c8:	2100      	movs	r1, #0
100046ca:	4620      	mov	r0, r4
100046cc:	f005 fb10 	bl	10009cf0 <memset>
100046d0:	f04f 33ff 	mov.w	r3, #4294967295	@ 0xffffffff
100046d4:	1d25      	adds	r5, r4, #4
100046d6:	6063      	str	r3, [r4, #4]
100046d8:	e9c5 3301 	strd	r3, r3, [r5, #4]
100046dc:	60eb      	str	r3, [r5, #12]
100046de:	f104 0014 	add.w	r0, r4, #20
100046e2:	2220      	movs	r2, #32
100046e4:	e8bd 41f0 	ldmia.w	sp!, {r4, r5, r6, r7, r8, lr}
100046e8:	21ff      	movs	r1, #255	@ 0xff
100046ea:	f005 bb01 	b.w	10009cf0 <memset>
100046ee:	f04f 23e0 	mov.w	r3, #3758153728	@ 0xe000e000
100046f2:	f8d3 3df0 	ldr.w	r3, [r3, #3568]	@ 0xdf0
100046f6:	07db      	lsls	r3, r3, #31
100046f8:	d500      	bpl.n	100046fc <configuration_reset+0x78>
100046fa:	be00      	bkpt	0x0000
100046fc:	e8bd 81f0 	ldmia.w	sp!, {r4, r5, r6, r7, r8, pc}
10004700:	20002e82 	.word	0x20002e82
10004704:	20001b9c 	.word	0x20001b9c
10004708:	20001ca4 	.word	0x20001ca4
1000470c:	1000aa4c 	.word	0x1000aa4c

10004710 <tud_event_hook_cb>:
10004710:	4770      	bx	lr
10004712:	bf00      	nop

10004714 <tud_sof_cb>:
10004714:	4770      	bx	lr
10004716:	bf00      	nop

10004718 <tud_descriptor_device_qualifier_cb>:
10004718:	2000      	movs	r0, #0
1000471a:	4770      	bx	lr

1000471c <tud_descriptor_other_speed_configuration_cb>:
1000471c:	2000      	movs	r0, #0
1000471e:	4770      	bx	lr

10004720 <tud_mount_cb>:
10004720:	4770      	bx	lr
10004722:	bf00      	nop

10004724 <tud_umount_cb>:
10004724:	4770      	bx	lr
10004726:	bf00      	nop

10004728 <tud_suspend_cb>:
10004728:	4770      	bx	lr
1000472a:	bf00      	nop

1000472c <tud_resume_cb>:
1000472c:	4770      	bx	lr
1000472e:	bf00      	nop

10004730 <tud_mounted>:
10004730:	4b02      	ldr	r3, [pc, #8]	@ (1000473c <tud_mounted+0xc>)
10004732:	7858      	ldrb	r0, [r3, #1]
10004734:	3800      	subs	r0, #0
10004736:	bf18      	it	ne
10004738:	2001      	movne	r0, #1
1000473a:	4770      	bx	lr
1000473c:	20001ca4 	.word	0x20001ca4

10004740 <tud_suspended>:
10004740:	4b02      	ldr	r3, [pc, #8]	@ (1000474c <tud_suspended+0xc>)
10004742:	7818      	ldrb	r0, [r3, #0]
10004744:	f3c0 0080 	ubfx	r0, r0, #2, #1
10004748:	4770      	bx	lr
1000474a:	bf00      	nop
1000474c:	20001ca4 	.word	0x20001ca4

10004750 <tud_rhport_init>:
10004750:	e92d 47f0 	stmdb	sp!, {r4, r5, r6, r7, r8, r9, sl, lr}
10004754:	f8df a0e8 	ldr.w	sl, [pc, #232]	@ 10004840 <tud_rhport_init+0xf0>
10004758:	f89a 3000 	ldrb.w	r3, [sl]
1000475c:	2bff      	cmp	r3, #255	@ 0xff
1000475e:	d002      	beq.n	10004766 <tud_rhport_init+0x16>
10004760:	2001      	movs	r0, #1
10004762:	e8bd 87f0 	ldmia.w	sp!, {r4, r5, r6, r7, r8, r9, sl, pc}
10004766:	460e      	mov	r6, r1
10004768:	2900      	cmp	r1, #0
1000476a:	d03e      	beq.n	100047ea <tud_rhport_init+0x9a>
1000476c:	2100      	movs	r1, #0
1000476e:	2254      	movs	r2, #84	@ 0x54
10004770:	4607      	mov	r7, r0
10004772:	4829      	ldr	r0, [pc, #164]	@ (10004818 <tud_rhport_init+0xc8>)
10004774:	f005 fabc 	bl	10009cf0 <memset>
10004778:	2200      	movs	r2, #0
1000477a:	4c28      	ldr	r4, [pc, #160]	@ (1000481c <tud_rhport_init+0xcc>)
1000477c:	4b28      	ldr	r3, [pc, #160]	@ (10004820 <tud_rhport_init+0xd0>)
1000477e:	4620      	mov	r0, r4
10004780:	701a      	strb	r2, [r3, #0]
10004782:	f7fc fd11 	bl	100011a8 <mutex_init>
10004786:	4b27      	ldr	r3, [pc, #156]	@ (10004824 <tud_rhport_init+0xd4>)
10004788:	4827      	ldr	r0, [pc, #156]	@ (10004828 <tud_rhport_init+0xd8>)
1000478a:	601c      	str	r4, [r3, #0]
1000478c:	4c27      	ldr	r4, [pc, #156]	@ (1000482c <tud_rhport_init+0xdc>)
1000478e:	f7fc fd27 	bl	100011e0 <critical_section_init>
10004792:	4620      	mov	r0, r4
10004794:	f001 fdb0 	bl	100062f8 <tu_fifo_clear>
10004798:	4a25      	ldr	r2, [pc, #148]	@ (10004830 <tud_rhport_init+0xe0>)
1000479a:	4b26      	ldr	r3, [pc, #152]	@ (10004834 <tud_rhport_init+0xe4>)
1000479c:	4d26      	ldr	r5, [pc, #152]	@ (10004838 <tud_rhport_init+0xe8>)
1000479e:	6014      	str	r4, [r2, #0]
100047a0:	b363      	cbz	r3, 100047fc <tud_rhport_init+0xac>
100047a2:	4628      	mov	r0, r5
100047a4:	f7ff fab2 	bl	10003d0c <usbd_app_driver_get_cb>
100047a8:	4b24      	ldr	r3, [pc, #144]	@ (1000483c <tud_rhport_init+0xec>)
100047aa:	782a      	ldrb	r2, [r5, #0]
100047ac:	6018      	str	r0, [r3, #0]
100047ae:	2400      	movs	r4, #0
100047b0:	f8df 9090 	ldr.w	r9, [pc, #144]	@ 10004844 <tud_rhport_init+0xf4>
100047b4:	4623      	mov	r3, r4
100047b6:	f8df 8084 	ldr.w	r8, [pc, #132]	@ 1000483c <tud_rhport_init+0xec>
100047ba:	e00e      	b.n	100047da <tud_rhport_init+0x8a>
100047bc:	f8d8 3000 	ldr.w	r3, [r8]
100047c0:	eb13 1344 	adds.w	r3, r3, r4, lsl #5
100047c4:	d011      	beq.n	100047ea <tud_rhport_init+0x9a>
100047c6:	685b      	ldr	r3, [r3, #4]
100047c8:	b17b      	cbz	r3, 100047ea <tud_rhport_init+0x9a>
100047ca:	4798      	blx	r3
100047cc:	782a      	ldrb	r2, [r5, #0]
100047ce:	3401      	adds	r4, #1
100047d0:	b2e4      	uxtb	r4, r4
100047d2:	1c51      	adds	r1, r2, #1
100047d4:	42a1      	cmp	r1, r4
100047d6:	4623      	mov	r3, r4
100047d8:	db12      	blt.n	10004800 <tud_rhport_init+0xb0>
100047da:	42a2      	cmp	r2, r4
100047dc:	d8ee      	bhi.n	100047bc <tud_rhport_init+0x6c>
100047de:	1a9b      	subs	r3, r3, r2
100047e0:	eb09 1343 	add.w	r3, r9, r3, lsl #5
100047e4:	685b      	ldr	r3, [r3, #4]
100047e6:	2b00      	cmp	r3, #0
100047e8:	d1ef      	bne.n	100047ca <tud_rhport_init+0x7a>
100047ea:	f04f 23e0 	mov.w	r3, #3758153728	@ 0xe000e000
100047ee:	f8d3 3df0 	ldr.w	r3, [r3, #3568]	@ 0xdf0
100047f2:	07db      	lsls	r3, r3, #31
100047f4:	d500      	bpl.n	100047f8 <tud_rhport_init+0xa8>
100047f6:	be00      	bkpt	0x0000
100047f8:	2000      	movs	r0, #0
100047fa:	e7b2      	b.n	10004762 <tud_rhport_init+0x12>
100047fc:	782a      	ldrb	r2, [r5, #0]
100047fe:	e7d6      	b.n	100047ae <tud_rhport_init+0x5e>
10004800:	4631      	mov	r1, r6
10004802:	4638      	mov	r0, r7
10004804:	f88a 7000 	strb.w	r7, [sl]
10004808:	f7ff fdc6 	bl	10004398 <dcd_init>
1000480c:	2800      	cmp	r0, #0
1000480e:	d0ec      	beq.n	100047ea <tud_rhport_init+0x9a>
10004810:	4638      	mov	r0, r7
10004812:	f7ff fe09 	bl	10004428 <dcd_int_enable>
10004816:	e7a3      	b.n	10004760 <tud_rhport_init+0x10>
10004818:	20001ca4 	.word	0x20001ca4
1000481c:	20001c9c 	.word	0x20001c9c
10004820:	20002e84 	.word	0x20002e84
10004824:	20001cf8 	.word	0x20001cf8
10004828:	200014b0 	.word	0x200014b0
1000482c:	2000149c 	.word	0x2000149c
10004830:	20001cfc 	.word	0x20001cfc
10004834:	10003d0d 	.word	0x10003d0d
10004838:	20002e82 	.word	0x20002e82
1000483c:	20001b9c 	.word	0x20001b9c
10004840:	200014b8 	.word	0x200014b8
10004844:	1000aa4c 	.word	0x1000aa4c

10004848 <tud_task_ext>:
10004848:	e92d 4ff0 	stmdb	sp!, {r4, r5, r6, r7, r8, r9, sl, fp, lr}
1000484c:	f8df 92c8 	ldr.w	r9, [pc, #712]	@ 10004b18 <tud_task_ext+0x2d0>
10004850:	b08b      	sub	sp, #44	@ 0x2c
10004852:	f899 3000 	ldrb.w	r3, [r9]
10004856:	2bff      	cmp	r3, #255	@ 0xff
10004858:	f000 80f1 	beq.w	10004a3e <tud_task_ext+0x1f6>
1000485c:	4ca8      	ldr	r4, [pc, #672]	@ (10004b00 <tud_task_ext+0x2b8>)
1000485e:	4da9      	ldr	r5, [pc, #676]	@ (10004b04 <tud_task_ext+0x2bc>)
10004860:	f8df a2b0 	ldr.w	sl, [pc, #688]	@ 10004b14 <tud_task_ext+0x2cc>
10004864:	f8df b2b4 	ldr.w	fp, [pc, #692]	@ 10004b1c <tud_task_ext+0x2d4>
10004868:	6826      	ldr	r6, [r4, #0]
1000486a:	6973      	ldr	r3, [r6, #20]
1000486c:	f3ef 8210 	mrs	r2, PRIMASK
10004870:	b672      	cpsid	i
10004872:	e8d3 0fcf 	ldaexb	r0, [r3]
10004876:	2101      	movs	r1, #1
10004878:	2800      	cmp	r0, #0
1000487a:	d1fa      	bne.n	10004872 <tud_task_ext+0x2a>
1000487c:	e8c3 1f40 	strexb	r0, r1, [r3]
10004880:	2800      	cmp	r0, #0
10004882:	d1f6      	bne.n	10004872 <tud_task_ext+0x2a>
10004884:	f3bf 8f5f 	dmb	sy
10004888:	61b2      	str	r2, [r6, #24]
1000488a:	4630      	mov	r0, r6
1000488c:	a907      	add	r1, sp, #28
1000488e:	f001 fb81 	bl	10005f94 <tu_fifo_read>
10004892:	2300      	movs	r3, #0
10004894:	6972      	ldr	r2, [r6, #20]
10004896:	e8c2 3f8f 	stlb	r3, [r2]
1000489a:	69b3      	ldr	r3, [r6, #24]
1000489c:	f383 8810 	msr	PRIMASK, r3
100048a0:	2800      	cmp	r0, #0
100048a2:	f000 80cc 	beq.w	10004a3e <tud_task_ext+0x1f6>
100048a6:	f89d 301d 	ldrb.w	r3, [sp, #29]
100048aa:	3b01      	subs	r3, #1
100048ac:	2b07      	cmp	r3, #7
100048ae:	f200 837d 	bhi.w	10004fac <tud_task_ext+0x764>
100048b2:	e8df f003 	tbb	[pc, r3]
100048b6:	b1a7      	.short	0xb1a7
100048b8:	358e9d95 	.word	0x358e9d95
100048bc:	040a      	.short	0x040a
100048be:	9b08      	ldr	r3, [sp, #32]
100048c0:	2b00      	cmp	r3, #0
100048c2:	d0d1      	beq.n	10004868 <tud_task_ext+0x20>
100048c4:	9809      	ldr	r0, [sp, #36]	@ 0x24
100048c6:	4798      	blx	r3
100048c8:	e7ce      	b.n	10004868 <tud_task_ext+0x20>
100048ca:	f89d 1020 	ldrb.w	r1, [sp, #32]
100048ce:	f001 067f 	and.w	r6, r1, #127	@ 0x7f
100048d2:	eb05 0046 	add.w	r0, r5, r6, lsl #1
100048d6:	eb00 10d1 	add.w	r0, r0, r1, lsr #7
100048da:	f890 3034 	ldrb.w	r3, [r0, #52]	@ 0x34
100048de:	f023 0301 	bic.w	r3, r3, #1
100048e2:	f880 3034 	strb.w	r3, [r0, #52]	@ 0x34
100048e6:	f890 3034 	ldrb.w	r3, [r0, #52]	@ 0x34
100048ea:	f023 0304 	bic.w	r3, r3, #4
100048ee:	f880 3034 	strb.w	r3, [r0, #52]	@ 0x34
100048f2:	2e00      	cmp	r6, #0
100048f4:	f000 80a6 	beq.w	10004a44 <tud_task_ext+0x1fc>
100048f8:	7d03      	ldrb	r3, [r0, #20]
100048fa:	f89a 2000 	ldrb.w	r2, [sl]
100048fe:	4293      	cmp	r3, r2
10004900:	f080 8093 	bcs.w	10004a2a <tud_task_ext+0x1e2>
10004904:	4a80      	ldr	r2, [pc, #512]	@ (10004b08 <tud_task_ext+0x2c0>)
10004906:	6812      	ldr	r2, [r2, #0]
10004908:	eb12 1343 	adds.w	r3, r2, r3, lsl #5
1000490c:	f000 8090 	beq.w	10004a30 <tud_task_ext+0x1e8>
10004910:	699e      	ldr	r6, [r3, #24]
10004912:	f89d 2021 	ldrb.w	r2, [sp, #33]	@ 0x21
10004916:	9b09      	ldr	r3, [sp, #36]	@ 0x24
10004918:	f89d 001c 	ldrb.w	r0, [sp, #28]
1000491c:	47b0      	blx	r6
1000491e:	e7a3      	b.n	10004868 <tud_task_ext+0x20>
10004920:	f89b 3000 	ldrb.w	r3, [fp]
10004924:	2b00      	cmp	r3, #0
10004926:	f000 8083 	beq.w	10004a30 <tud_task_ext+0x1e8>
1000492a:	f89b 3000 	ldrb.w	r3, [fp]
1000492e:	3b01      	subs	r3, #1
10004930:	b2db      	uxtb	r3, r3
10004932:	f88b 3000 	strb.w	r3, [fp]
10004936:	f89b 3000 	ldrb.w	r3, [fp]
1000493a:	f003 00ff 	and.w	r0, r3, #255	@ 0xff
1000493e:	2b00      	cmp	r3, #0
10004940:	d192      	bne.n	10004868 <tud_task_ext+0x20>
10004942:	4f70      	ldr	r7, [pc, #448]	@ (10004b04 <tud_task_ext+0x2bc>)
10004944:	f89d 801c 	ldrb.w	r8, [sp, #28]
10004948:	783b      	ldrb	r3, [r7, #0]
1000494a:	f043 0301 	orr.w	r3, r3, #1
1000494e:	703b      	strb	r3, [r7, #0]
10004950:	f897 3034 	ldrb.w	r3, [r7, #52]	@ 0x34
10004954:	f360 0300 	bfi	r3, r0, #0, #1
10004958:	f887 3034 	strb.w	r3, [r7, #52]	@ 0x34
1000495c:	f897 3034 	ldrb.w	r3, [r7, #52]	@ 0x34
10004960:	f360 0382 	bfi	r3, r0, #2, #1
10004964:	f887 3034 	strb.w	r3, [r7, #52]	@ 0x34
10004968:	f897 3035 	ldrb.w	r3, [r7, #53]	@ 0x35
1000496c:	f360 0300 	bfi	r3, r0, #0, #1
10004970:	f887 3035 	strb.w	r3, [r7, #53]	@ 0x35
10004974:	f897 3035 	ldrb.w	r3, [r7, #53]	@ 0x35
10004978:	f360 0382 	bfi	r3, r0, #2, #1
1000497c:	f887 3035 	strb.w	r3, [r7, #53]	@ 0x35
10004980:	f000 fc6a 	bl	10005258 <usbd_control_set_complete_callback>
10004984:	f89d 3020 	ldrb.w	r3, [sp, #32]
10004988:	f003 0260 	and.w	r2, r3, #96	@ 0x60
1000498c:	2a60      	cmp	r2, #96	@ 0x60
1000498e:	d06c      	beq.n	10004a6a <tud_task_ext+0x222>
10004990:	2a40      	cmp	r2, #64	@ 0x40
10004992:	d07c      	beq.n	10004a8e <tud_task_ext+0x246>
10004994:	f003 031f 	and.w	r3, r3, #31
10004998:	2b01      	cmp	r3, #1
1000499a:	f000 80c1 	beq.w	10004b20 <tud_task_ext+0x2d8>
1000499e:	2b02      	cmp	r3, #2
100049a0:	f000 8081 	beq.w	10004aa6 <tud_task_ext+0x25e>
100049a4:	2b00      	cmp	r3, #0
100049a6:	d160      	bne.n	10004a6a <tud_task_ext+0x222>
100049a8:	2a20      	cmp	r2, #32
100049aa:	f000 81e9 	beq.w	10004d80 <tud_task_ext+0x538>
100049ae:	2a00      	cmp	r2, #0
100049b0:	d15b      	bne.n	10004a6a <tud_task_ext+0x222>
100049b2:	f89d 3021 	ldrb.w	r3, [sp, #33]	@ 0x21
100049b6:	2b09      	cmp	r3, #9
100049b8:	d857      	bhi.n	10004a6a <tud_task_ext+0x222>
100049ba:	e8df f013 	tbh	[pc, r3, lsl #1]
100049be:	01b0      	.short	0x01b0
100049c0:	005601a2 	.word	0x005601a2
100049c4:	005601c1 	.word	0x005601c1
100049c8:	016b0195 	.word	0x016b0195
100049cc:	01600056 	.word	0x01600056
100049d0:	00f4      	.short	0x00f4
100049d2:	782b      	ldrb	r3, [r5, #0]
100049d4:	07d9      	lsls	r1, r3, #31
100049d6:	f57f af47 	bpl.w	10004868 <tud_task_ext+0x20>
100049da:	f7ff fea7 	bl	1000472c <tud_resume_cb>
100049de:	e743      	b.n	10004868 <tud_task_ext+0x20>
100049e0:	78eb      	ldrb	r3, [r5, #3]
100049e2:	07da      	lsls	r2, r3, #31
100049e4:	f57f af40 	bpl.w	10004868 <tud_task_ext+0x20>
100049e8:	9808      	ldr	r0, [sp, #32]
100049ea:	f7ff fe93 	bl	10004714 <tud_sof_cb>
100049ee:	e73b      	b.n	10004868 <tud_task_ext+0x20>
100049f0:	782b      	ldrb	r3, [r5, #0]
100049f2:	07d8      	lsls	r0, r3, #31
100049f4:	f57f af38 	bpl.w	10004868 <tud_task_ext+0x20>
100049f8:	7828      	ldrb	r0, [r5, #0]
100049fa:	f3c0 00c0 	ubfx	r0, r0, #3, #1
100049fe:	f7ff fe93 	bl	10004728 <tud_suspend_cb>
10004a02:	e731      	b.n	10004868 <tud_task_ext+0x20>
10004a04:	f89d 001c 	ldrb.w	r0, [sp, #28]
10004a08:	f7ff fe3c 	bl	10004684 <configuration_reset>
10004a0c:	f000 fc1a 	bl	10005244 <usbd_control_reset>
10004a10:	f89d 3020 	ldrb.w	r3, [sp, #32]
10004a14:	70ab      	strb	r3, [r5, #2]
10004a16:	e727      	b.n	10004868 <tud_task_ext+0x20>
10004a18:	f89d 001c 	ldrb.w	r0, [sp, #28]
10004a1c:	f7ff fe32 	bl	10004684 <configuration_reset>
10004a20:	f000 fc10 	bl	10005244 <usbd_control_reset>
10004a24:	f7ff fe7e 	bl	10004724 <tud_umount_cb>
10004a28:	e71e      	b.n	10004868 <tud_task_ext+0x20>
10004a2a:	1c50      	adds	r0, r2, #1
10004a2c:	4298      	cmp	r0, r3
10004a2e:	da11      	bge.n	10004a54 <tud_task_ext+0x20c>
10004a30:	f04f 23e0 	mov.w	r3, #3758153728	@ 0xe000e000
10004a34:	f8d3 3df0 	ldr.w	r3, [r3, #3568]	@ 0xdf0
10004a38:	07dc      	lsls	r4, r3, #31
10004a3a:	d500      	bpl.n	10004a3e <tud_task_ext+0x1f6>
10004a3c:	be00      	bkpt	0x0000
10004a3e:	b00b      	add	sp, #44	@ 0x2c
10004a40:	e8bd 8ff0 	ldmia.w	sp!, {r4, r5, r6, r7, r8, r9, sl, fp, pc}
10004a44:	9b09      	ldr	r3, [sp, #36]	@ 0x24
10004a46:	f89d 2021 	ldrb.w	r2, [sp, #33]	@ 0x21
10004a4a:	f89d 001c 	ldrb.w	r0, [sp, #28]
10004a4e:	f000 fc17 	bl	10005280 <usbd_control_xfer_cb>
10004a52:	e709      	b.n	10004868 <tud_task_ext+0x20>
10004a54:	1a9b      	subs	r3, r3, r2
10004a56:	4a2d      	ldr	r2, [pc, #180]	@ (10004b0c <tud_task_ext+0x2c4>)
10004a58:	eb02 1343 	add.w	r3, r2, r3, lsl #5
10004a5c:	e758      	b.n	10004910 <tud_task_ext+0xc8>
10004a5e:	f7ff fb7d 	bl	1000415c <tud_descriptor_configuration_cb>
10004a62:	4602      	mov	r2, r0
10004a64:	2800      	cmp	r0, #0
10004a66:	f040 8182 	bne.w	10004d6e <tud_task_ext+0x526>
10004a6a:	f04f 23e0 	mov.w	r3, #3758153728	@ 0xe000e000
10004a6e:	f8d3 3df0 	ldr.w	r3, [r3, #3568]	@ 0xdf0
10004a72:	07de      	lsls	r6, r3, #31
10004a74:	d500      	bpl.n	10004a78 <tud_task_ext+0x230>
10004a76:	be00      	bkpt	0x0000
10004a78:	f89d 001c 	ldrb.w	r0, [sp, #28]
10004a7c:	2100      	movs	r1, #0
10004a7e:	f7ff fd95 	bl	100045ac <dcd_edpt_stall>
10004a82:	2180      	movs	r1, #128	@ 0x80
10004a84:	f89d 001c 	ldrb.w	r0, [sp, #28]
10004a88:	f7ff fd90 	bl	100045ac <dcd_edpt_stall>
10004a8c:	e6ec      	b.n	10004868 <tud_task_ext+0x20>
10004a8e:	4820      	ldr	r0, [pc, #128]	@ (10004b10 <tud_task_ext+0x2c8>)
10004a90:	f000 fbe2 	bl	10005258 <usbd_control_set_complete_callback>
10004a94:	2101      	movs	r1, #1
10004a96:	4640      	mov	r0, r8
10004a98:	aa08      	add	r2, sp, #32
10004a9a:	f7ff f923 	bl	10003ce4 <tud_vendor_control_xfer_cb>
10004a9e:	2800      	cmp	r0, #0
10004aa0:	f47f aee2 	bne.w	10004868 <tud_task_ext+0x20>
10004aa4:	e7e8      	b.n	10004a78 <tud_task_ext+0x230>
10004aa6:	f89d 1024 	ldrb.w	r1, [sp, #36]	@ 0x24
10004aaa:	f011 0f70 	tst.w	r1, #112	@ 0x70
10004aae:	d1dc      	bne.n	10004a6a <tud_task_ext+0x222>
10004ab0:	f001 067f 	and.w	r6, r1, #127	@ 0x7f
10004ab4:	eb07 0046 	add.w	r0, r7, r6, lsl #1
10004ab8:	4b16      	ldr	r3, [pc, #88]	@ (10004b14 <tud_task_ext+0x2cc>)
10004aba:	eb00 10d1 	add.w	r0, r0, r1, lsr #7
10004abe:	781b      	ldrb	r3, [r3, #0]
10004ac0:	7d00      	ldrb	r0, [r0, #20]
10004ac2:	0076      	lsls	r6, r6, #1
10004ac4:	9601      	str	r6, [sp, #4]
10004ac6:	4298      	cmp	r0, r3
10004ac8:	ea4f 16d1 	mov.w	r6, r1, lsr #7
10004acc:	9600      	str	r6, [sp, #0]
10004ace:	d359      	bcc.n	10004b84 <tud_task_ext+0x33c>
10004ad0:	1c5e      	adds	r6, r3, #1
10004ad2:	4286      	cmp	r6, r0
10004ad4:	f2c0 8166 	blt.w	10004da4 <tud_task_ext+0x55c>
10004ad8:	1ac0      	subs	r0, r0, r3
10004ada:	4b0c      	ldr	r3, [pc, #48]	@ (10004b0c <tud_task_ext+0x2c4>)
10004adc:	eb03 1640 	add.w	r6, r3, r0, lsl #5
10004ae0:	2a00      	cmp	r2, #0
10004ae2:	f000 8163 	beq.w	10004dac <tud_task_ext+0x564>
10004ae6:	6970      	ldr	r0, [r6, #20]
10004ae8:	f000 fbb6 	bl	10005258 <usbd_control_set_complete_callback>
10004aec:	2101      	movs	r1, #1
10004aee:	4640      	mov	r0, r8
10004af0:	6973      	ldr	r3, [r6, #20]
10004af2:	aa08      	add	r2, sp, #32
10004af4:	4798      	blx	r3
10004af6:	2800      	cmp	r0, #0
10004af8:	f47f aeb6 	bne.w	10004868 <tud_task_ext+0x20>
10004afc:	e7bc      	b.n	10004a78 <tud_task_ext+0x230>
10004afe:	bf00      	nop
10004b00:	20001cfc 	.word	0x20001cfc
10004b04:	20001ca4 	.word	0x20001ca4
10004b08:	20001b9c 	.word	0x20001b9c
10004b0c:	1000aa4c 	.word	0x1000aa4c
10004b10:	10003ce5 	.word	0x10003ce5
10004b14:	20002e82 	.word	0x20002e82
10004b18:	200014b8 	.word	0x200014b8
10004b1c:	20002e84 	.word	0x20002e84
10004b20:	f89d 3024 	ldrb.w	r3, [sp, #36]	@ 0x24
10004b24:	2b0f      	cmp	r3, #15
10004b26:	d8a7      	bhi.n	10004a78 <tud_task_ext+0x230>
10004b28:	4aae      	ldr	r2, [pc, #696]	@ (10004de4 <tud_task_ext+0x59c>)
10004b2a:	443b      	add	r3, r7
10004b2c:	791b      	ldrb	r3, [r3, #4]
10004b2e:	7812      	ldrb	r2, [r2, #0]
10004b30:	4293      	cmp	r3, r2
10004b32:	d332      	bcc.n	10004b9a <tud_task_ext+0x352>
10004b34:	1c51      	adds	r1, r2, #1
10004b36:	4299      	cmp	r1, r3
10004b38:	db9e      	blt.n	10004a78 <tud_task_ext+0x230>
10004b3a:	4eab      	ldr	r6, [pc, #684]	@ (10004de8 <tud_task_ext+0x5a0>)
10004b3c:	1a9b      	subs	r3, r3, r2
10004b3e:	eb06 1643 	add.w	r6, r6, r3, lsl #5
10004b42:	6970      	ldr	r0, [r6, #20]
10004b44:	f000 fb88 	bl	10005258 <usbd_control_set_complete_callback>
10004b48:	2101      	movs	r1, #1
10004b4a:	4640      	mov	r0, r8
10004b4c:	6973      	ldr	r3, [r6, #20]
10004b4e:	aa08      	add	r2, sp, #32
10004b50:	4798      	blx	r3
10004b52:	2800      	cmp	r0, #0
10004b54:	f47f ae88 	bne.w	10004868 <tud_task_ext+0x20>
10004b58:	f89d 3020 	ldrb.w	r3, [sp, #32]
10004b5c:	f013 0660 	ands.w	r6, r3, #96	@ 0x60
10004b60:	d18a      	bne.n	10004a78 <tud_task_ext+0x230>
10004b62:	f89d 3021 	ldrb.w	r3, [sp, #33]	@ 0x21
10004b66:	3b0a      	subs	r3, #10
10004b68:	2b01      	cmp	r3, #1
10004b6a:	d885      	bhi.n	10004a78 <tud_task_ext+0x230>
10004b6c:	f000 fb74 	bl	10005258 <usbd_control_set_complete_callback>
10004b70:	f89d 3021 	ldrb.w	r3, [sp, #33]	@ 0x21
10004b74:	2b0a      	cmp	r3, #10
10004b76:	f000 81f2 	beq.w	10004f5e <tud_task_ext+0x716>
10004b7a:	4640      	mov	r0, r8
10004b7c:	a908      	add	r1, sp, #32
10004b7e:	f000 faf1 	bl	10005164 <tud_control_status>
10004b82:	e671      	b.n	10004868 <tud_task_ext+0x20>
10004b84:	4b99      	ldr	r3, [pc, #612]	@ (10004dec <tud_task_ext+0x5a4>)
10004b86:	681b      	ldr	r3, [r3, #0]
10004b88:	eb03 1640 	add.w	r6, r3, r0, lsl #5
10004b8c:	2a00      	cmp	r2, #0
10004b8e:	f000 810d 	beq.w	10004dac <tud_task_ext+0x564>
10004b92:	2e00      	cmp	r6, #0
10004b94:	f43f af70 	beq.w	10004a78 <tud_task_ext+0x230>
10004b98:	e7a5      	b.n	10004ae6 <tud_task_ext+0x29e>
10004b9a:	4a94      	ldr	r2, [pc, #592]	@ (10004dec <tud_task_ext+0x5a4>)
10004b9c:	6816      	ldr	r6, [r2, #0]
10004b9e:	eb16 1643 	adds.w	r6, r6, r3, lsl #5
10004ba2:	d1ce      	bne.n	10004b42 <tud_task_ext+0x2fa>
10004ba4:	e768      	b.n	10004a78 <tud_task_ext+0x230>
10004ba6:	787b      	ldrb	r3, [r7, #1]
10004ba8:	f89d 6022 	ldrb.w	r6, [sp, #34]	@ 0x22
10004bac:	429e      	cmp	r6, r3
10004bae:	f000 814f 	beq.w	10004e50 <tud_task_ext+0x608>
10004bb2:	787b      	ldrb	r3, [r7, #1]
10004bb4:	2b00      	cmp	r3, #0
10004bb6:	f040 81be 	bne.w	10004f36 <tud_task_ext+0x6ee>
10004bba:	707e      	strb	r6, [r7, #1]
10004bbc:	2e00      	cmp	r6, #0
10004bbe:	f000 8145 	beq.w	10004e4c <tud_task_ext+0x604>
10004bc2:	1e70      	subs	r0, r6, #1
10004bc4:	b2c0      	uxtb	r0, r0
10004bc6:	f7ff fac9 	bl	1000415c <tud_descriptor_configuration_cb>
10004bca:	4603      	mov	r3, r0
10004bcc:	2800      	cmp	r0, #0
10004bce:	f000 815f 	beq.w	10004e90 <tud_task_ext+0x648>
10004bd2:	7842      	ldrb	r2, [r0, #1]
10004bd4:	2a02      	cmp	r2, #2
10004bd6:	f040 815b 	bne.w	10004e90 <tud_task_ext+0x648>
10004bda:	79c1      	ldrb	r1, [r0, #7]
10004bdc:	f103 0609 	add.w	r6, r3, #9
10004be0:	f3c1 1240 	ubfx	r2, r1, #5, #1
10004be4:	0112      	lsls	r2, r2, #4
10004be6:	f3c1 1180 	ubfx	r1, r1, #6, #1
10004bea:	ea42 1241 	orr.w	r2, r2, r1, lsl #5
10004bee:	4631      	mov	r1, r6
10004bf0:	7838      	ldrb	r0, [r7, #0]
10004bf2:	f020 0030 	bic.w	r0, r0, #48	@ 0x30
10004bf6:	4302      	orrs	r2, r0
10004bf8:	703a      	strb	r2, [r7, #0]
10004bfa:	885a      	ldrh	r2, [r3, #2]
10004bfc:	f8cd 800c 	str.w	r8, [sp, #12]
10004c00:	189a      	adds	r2, r3, r2
10004c02:	9201      	str	r2, [sp, #4]
10004c04:	9b01      	ldr	r3, [sp, #4]
10004c06:	428b      	cmp	r3, r1
10004c08:	f240 81a4 	bls.w	10004f54 <tud_task_ext+0x70c>
10004c0c:	784a      	ldrb	r2, [r1, #1]
10004c0e:	2a0b      	cmp	r2, #11
10004c10:	f000 81af 	beq.w	10004f72 <tud_task_ext+0x72a>
10004c14:	2301      	movs	r3, #1
10004c16:	2a04      	cmp	r2, #4
10004c18:	f040 813a 	bne.w	10004e90 <tud_task_ext+0x648>
10004c1c:	2600      	movs	r6, #0
10004c1e:	9a01      	ldr	r2, [sp, #4]
10004c20:	9600      	str	r6, [sp, #0]
10004c22:	1a52      	subs	r2, r2, r1
10004c24:	b292      	uxth	r2, r2
10004c26:	9202      	str	r2, [sp, #8]
10004c28:	4a6e      	ldr	r2, [pc, #440]	@ (10004de4 <tud_task_ext+0x59c>)
10004c2a:	9304      	str	r3, [sp, #16]
10004c2c:	7812      	ldrb	r2, [r2, #0]
10004c2e:	e01d      	b.n	10004c6c <tud_task_ext+0x424>
10004c30:	4b6e      	ldr	r3, [pc, #440]	@ (10004dec <tud_task_ext+0x5a4>)
10004c32:	681b      	ldr	r3, [r3, #0]
10004c34:	eb13 1846 	adds.w	r8, r3, r6, lsl #5
10004c38:	f000 812a 	beq.w	10004e90 <tud_task_ext+0x648>
10004c3c:	9a02      	ldr	r2, [sp, #8]
10004c3e:	f8d8 3010 	ldr.w	r3, [r8, #16]
10004c42:	9803      	ldr	r0, [sp, #12]
10004c44:	9105      	str	r1, [sp, #20]
10004c46:	4798      	blx	r3
10004c48:	2808      	cmp	r0, #8
10004c4a:	4602      	mov	r2, r0
10004c4c:	9905      	ldr	r1, [sp, #20]
10004c4e:	f106 0301 	add.w	r3, r6, #1
10004c52:	d903      	bls.n	10004c5c <tud_task_ext+0x414>
10004c54:	9802      	ldr	r0, [sp, #8]
10004c56:	4290      	cmp	r0, r2
10004c58:	f080 80ff 	bcs.w	10004e5a <tud_task_ext+0x612>
10004c5c:	b2de      	uxtb	r6, r3
10004c5e:	4b61      	ldr	r3, [pc, #388]	@ (10004de4 <tud_task_ext+0x59c>)
10004c60:	9600      	str	r6, [sp, #0]
10004c62:	781a      	ldrb	r2, [r3, #0]
10004c64:	1c53      	adds	r3, r2, #1
10004c66:	429e      	cmp	r6, r3
10004c68:	f300 8112 	bgt.w	10004e90 <tud_task_ext+0x648>
10004c6c:	9b00      	ldr	r3, [sp, #0]
10004c6e:	42b2      	cmp	r2, r6
10004c70:	eba3 0202 	sub.w	r2, r3, r2
10004c74:	d8dc      	bhi.n	10004c30 <tud_task_ext+0x3e8>
10004c76:	4b5c      	ldr	r3, [pc, #368]	@ (10004de8 <tud_task_ext+0x5a0>)
10004c78:	eb03 1842 	add.w	r8, r3, r2, lsl #5
10004c7c:	e7de      	b.n	10004c3c <tud_task_ext+0x3f4>
10004c7e:	787b      	ldrb	r3, [r7, #1]
10004c80:	4640      	mov	r0, r8
10004c82:	f88d 301a 	strb.w	r3, [sp, #26]
10004c86:	f10d 021a 	add.w	r2, sp, #26
10004c8a:	2301      	movs	r3, #1
10004c8c:	a908      	add	r1, sp, #32
10004c8e:	f000 fa83 	bl	10005198 <tud_control_xfer>
10004c92:	e5e9      	b.n	10004868 <tud_task_ext+0x20>
10004c94:	f8bd 0022 	ldrh.w	r0, [sp, #34]	@ 0x22
10004c98:	0a03      	lsrs	r3, r0, #8
10004c9a:	3b01      	subs	r3, #1
10004c9c:	0a02      	lsrs	r2, r0, #8
10004c9e:	b2c0      	uxtb	r0, r0
10004ca0:	2b0e      	cmp	r3, #14
10004ca2:	f63f aee9 	bhi.w	10004a78 <tud_task_ext+0x230>
10004ca6:	a101      	add	r1, pc, #4	@ (adr r1, 10004cac <tud_task_ext+0x464>)
10004ca8:	f851 f023 	ldr.w	pc, [r1, r3, lsl #2]
10004cac:	10004ec1 	.word	0x10004ec1
10004cb0:	10004d5d 	.word	0x10004d5d
10004cb4:	10004efd 	.word	0x10004efd
10004cb8:	10004a79 	.word	0x10004a79
10004cbc:	10004a79 	.word	0x10004a79
10004cc0:	10004edf 	.word	0x10004edf
10004cc4:	10004d5d 	.word	0x10004d5d
10004cc8:	10004a79 	.word	0x10004a79
10004ccc:	10004a79 	.word	0x10004a79
10004cd0:	10004a79 	.word	0x10004a79
10004cd4:	10004a79 	.word	0x10004a79
10004cd8:	10004a79 	.word	0x10004a79
10004cdc:	10004a79 	.word	0x10004a79
10004ce0:	10004a79 	.word	0x10004a79
10004ce4:	10004eb3 	.word	0x10004eb3
10004ce8:	a808      	add	r0, sp, #32
10004cea:	f000 fabb 	bl	10005264 <usbd_control_set_request>
10004cee:	4640      	mov	r0, r8
10004cf0:	f89d 1022 	ldrb.w	r1, [sp, #34]	@ 0x22
10004cf4:	f7ff fb9c 	bl	10004430 <dcd_set_address>
10004cf8:	783b      	ldrb	r3, [r7, #0]
10004cfa:	f043 0302 	orr.w	r3, r3, #2
10004cfe:	703b      	strb	r3, [r7, #0]
10004d00:	e5b2      	b.n	10004868 <tud_task_ext+0x20>
10004d02:	f8bd 3022 	ldrh.w	r3, [sp, #34]	@ 0x22
10004d06:	2b01      	cmp	r3, #1
10004d08:	f47f aeb6 	bne.w	10004a78 <tud_task_ext+0x230>
10004d0c:	783b      	ldrb	r3, [r7, #0]
10004d0e:	4640      	mov	r0, r8
10004d10:	f023 0308 	bic.w	r3, r3, #8
10004d14:	a908      	add	r1, sp, #32
10004d16:	703b      	strb	r3, [r7, #0]
10004d18:	f000 fa24 	bl	10005164 <tud_control_status>
10004d1c:	e5a4      	b.n	10004868 <tud_task_ext+0x20>
10004d1e:	4640      	mov	r0, r8
10004d20:	783b      	ldrb	r3, [r7, #0]
10004d22:	089a      	lsrs	r2, r3, #2
10004d24:	f002 0202 	and.w	r2, r2, #2
10004d28:	f3c3 1340 	ubfx	r3, r3, #5, #1
10004d2c:	4313      	orrs	r3, r2
10004d2e:	f8ad 301a 	strh.w	r3, [sp, #26]
10004d32:	f10d 021a 	add.w	r2, sp, #26
10004d36:	2302      	movs	r3, #2
10004d38:	a908      	add	r1, sp, #32
10004d3a:	f000 fa2d 	bl	10005198 <tud_control_xfer>
10004d3e:	e593      	b.n	10004868 <tud_task_ext+0x20>
10004d40:	f8bd 3022 	ldrh.w	r3, [sp, #34]	@ 0x22
10004d44:	2b01      	cmp	r3, #1
10004d46:	f47f ae97 	bne.w	10004a78 <tud_task_ext+0x230>
10004d4a:	783b      	ldrb	r3, [r7, #0]
10004d4c:	4640      	mov	r0, r8
10004d4e:	f043 0308 	orr.w	r3, r3, #8
10004d52:	a908      	add	r1, sp, #32
10004d54:	703b      	strb	r3, [r7, #0]
10004d56:	f000 fa05 	bl	10005164 <tud_control_status>
10004d5a:	e585      	b.n	10004868 <tud_task_ext+0x20>
10004d5c:	2a02      	cmp	r2, #2
10004d5e:	f43f ae7e 	beq.w	10004a5e <tud_task_ext+0x216>
10004d62:	f7ff fcdb 	bl	1000471c <tud_descriptor_other_speed_configuration_cb>
10004d66:	4602      	mov	r2, r0
10004d68:	2800      	cmp	r0, #0
10004d6a:	f43f ae85 	beq.w	10004a78 <tud_task_ext+0x230>
10004d6e:	4640      	mov	r0, r8
10004d70:	8853      	ldrh	r3, [r2, #2]
10004d72:	a908      	add	r1, sp, #32
10004d74:	f000 fa10 	bl	10005198 <tud_control_xfer>
10004d78:	2800      	cmp	r0, #0
10004d7a:	f47f ad75 	bne.w	10004868 <tud_task_ext+0x20>
10004d7e:	e67b      	b.n	10004a78 <tud_task_ext+0x230>
10004d80:	f89d 3024 	ldrb.w	r3, [sp, #36]	@ 0x24
10004d84:	2b0f      	cmp	r3, #15
10004d86:	f63f ae77 	bhi.w	10004a78 <tud_task_ext+0x230>
10004d8a:	4a16      	ldr	r2, [pc, #88]	@ (10004de4 <tud_task_ext+0x59c>)
10004d8c:	443b      	add	r3, r7
10004d8e:	791b      	ldrb	r3, [r3, #4]
10004d90:	7812      	ldrb	r2, [r2, #0]
10004d92:	4293      	cmp	r3, r2
10004d94:	d21d      	bcs.n	10004dd2 <tud_task_ext+0x58a>
10004d96:	4a15      	ldr	r2, [pc, #84]	@ (10004dec <tud_task_ext+0x5a4>)
10004d98:	6816      	ldr	r6, [r2, #0]
10004d9a:	eb16 1643 	adds.w	r6, r6, r3, lsl #5
10004d9e:	f47f aea2 	bne.w	10004ae6 <tud_task_ext+0x29e>
10004da2:	e669      	b.n	10004a78 <tud_task_ext+0x230>
10004da4:	2a00      	cmp	r2, #0
10004da6:	f47f ae67 	bne.w	10004a78 <tud_task_ext+0x230>
10004daa:	2600      	movs	r6, #0
10004dac:	f89d 2021 	ldrb.w	r2, [sp, #33]	@ 0x21
10004db0:	f002 03fd 	and.w	r3, r2, #253	@ 0xfd
10004db4:	2b01      	cmp	r3, #1
10004db6:	d01b      	beq.n	10004df0 <tud_task_ext+0x5a8>
10004db8:	2a00      	cmp	r2, #0
10004dba:	f47f ae56 	bne.w	10004a6a <tud_task_ext+0x222>
10004dbe:	9b01      	ldr	r3, [sp, #4]
10004dc0:	9a00      	ldr	r2, [sp, #0]
10004dc2:	443b      	add	r3, r7
10004dc4:	4413      	add	r3, r2
10004dc6:	f893 3034 	ldrb.w	r3, [r3, #52]	@ 0x34
10004dca:	4640      	mov	r0, r8
10004dcc:	f3c3 0340 	ubfx	r3, r3, #1, #1
10004dd0:	e7ad      	b.n	10004d2e <tud_task_ext+0x4e6>
10004dd2:	1c51      	adds	r1, r2, #1
10004dd4:	4299      	cmp	r1, r3
10004dd6:	f6ff ae4f 	blt.w	10004a78 <tud_task_ext+0x230>
10004dda:	4e03      	ldr	r6, [pc, #12]	@ (10004de8 <tud_task_ext+0x5a0>)
10004ddc:	1a9b      	subs	r3, r3, r2
10004dde:	eb06 1643 	add.w	r6, r6, r3, lsl #5
10004de2:	e680      	b.n	10004ae6 <tud_task_ext+0x29e>
10004de4:	20002e82 	.word	0x20002e82
10004de8:	1000aa4c 	.word	0x1000aa4c
10004dec:	20001b9c 	.word	0x20001b9c
10004df0:	f8bd 3022 	ldrh.w	r3, [sp, #34]	@ 0x22
10004df4:	b9b3      	cbnz	r3, 10004e24 <tud_task_ext+0x5dc>
10004df6:	2a01      	cmp	r2, #1
10004df8:	f899 0000 	ldrb.w	r0, [r9]
10004dfc:	f000 8086 	beq.w	10004f0c <tud_task_ext+0x6c4>
10004e00:	f7ff fbd4 	bl	100045ac <dcd_edpt_stall>
10004e04:	9b01      	ldr	r3, [sp, #4]
10004e06:	9a00      	ldr	r2, [sp, #0]
10004e08:	443b      	add	r3, r7
10004e0a:	4413      	add	r3, r2
10004e0c:	f893 2034 	ldrb.w	r2, [r3, #52]	@ 0x34
10004e10:	f042 0202 	orr.w	r2, r2, #2
10004e14:	f883 2034 	strb.w	r2, [r3, #52]	@ 0x34
10004e18:	f893 2034 	ldrb.w	r2, [r3, #52]	@ 0x34
10004e1c:	f042 0201 	orr.w	r2, r2, #1
10004e20:	f883 2034 	strb.w	r2, [r3, #52]	@ 0x34
10004e24:	2e00      	cmp	r6, #0
10004e26:	f43f ad1f 	beq.w	10004868 <tud_task_ext+0x20>
10004e2a:	6970      	ldr	r0, [r6, #20]
10004e2c:	f000 fa14 	bl	10005258 <usbd_control_set_complete_callback>
10004e30:	6973      	ldr	r3, [r6, #20]
10004e32:	2101      	movs	r1, #1
10004e34:	aa08      	add	r2, sp, #32
10004e36:	4640      	mov	r0, r8
10004e38:	4798      	blx	r3
10004e3a:	2000      	movs	r0, #0
10004e3c:	f000 fa0c 	bl	10005258 <usbd_control_set_complete_callback>
10004e40:	f897 3035 	ldrb.w	r3, [r7, #53]	@ 0x35
10004e44:	07df      	lsls	r7, r3, #31
10004e46:	f53f ad0f 	bmi.w	10004868 <tud_task_ext+0x20>
10004e4a:	e696      	b.n	10004b7a <tud_task_ext+0x332>
10004e4c:	f7ff fc6a 	bl	10004724 <tud_umount_cb>
10004e50:	4640      	mov	r0, r8
10004e52:	a908      	add	r1, sp, #32
10004e54:	f000 f986 	bl	10005164 <tud_control_status>
10004e58:	e506      	b.n	10004868 <tud_task_ext+0x20>
10004e5a:	9b04      	ldr	r3, [sp, #16]
10004e5c:	2b01      	cmp	r3, #1
10004e5e:	f000 809e 	beq.w	10004f9e <tud_task_ext+0x756>
10004e62:	2b00      	cmp	r3, #0
10004e64:	f000 808a 	beq.w	10004f7c <tud_task_ext+0x734>
10004e68:	2000      	movs	r0, #0
10004e6a:	f891 8002 	ldrb.w	r8, [r1, #2]
10004e6e:	e005      	b.n	10004e7c <tud_task_ext+0x634>
10004e70:	f88c 6004 	strb.w	r6, [ip, #4]
10004e74:	fa5f fc80 	uxtb.w	ip, r0
10004e78:	4563      	cmp	r3, ip
10004e7a:	d97f      	bls.n	10004f7c <tud_task_ext+0x734>
10004e7c:	eb08 0c00 	add.w	ip, r8, r0
10004e80:	fa57 fc8c 	uxtab	ip, r7, ip
10004e84:	f89c e004 	ldrb.w	lr, [ip, #4]
10004e88:	3001      	adds	r0, #1
10004e8a:	f1be 0fff 	cmp.w	lr, #255	@ 0xff
10004e8e:	d0ef      	beq.n	10004e70 <tud_task_ext+0x628>
10004e90:	f04f 23e0 	mov.w	r3, #3758153728	@ 0xe000e000
10004e94:	f8d3 3df0 	ldr.w	r3, [r3, #3568]	@ 0xdf0
10004e98:	07da      	lsls	r2, r3, #31
10004e9a:	d500      	bpl.n	10004e9e <tud_task_ext+0x656>
10004e9c:	be00      	bkpt	0x0000
10004e9e:	f04f 23e0 	mov.w	r3, #3758153728	@ 0xe000e000
10004ea2:	f8d3 3df0 	ldr.w	r3, [r3, #3568]	@ 0xdf0
10004ea6:	07db      	lsls	r3, r3, #31
10004ea8:	d500      	bpl.n	10004eac <tud_task_ext+0x664>
10004eaa:	be00      	bkpt	0x0000
10004eac:	2300      	movs	r3, #0
10004eae:	707b      	strb	r3, [r7, #1]
10004eb0:	e5e2      	b.n	10004a78 <tud_task_ext+0x230>
10004eb2:	f7fe ff13 	bl	10003cdc <tud_descriptor_bos_cb>
10004eb6:	4602      	mov	r2, r0
10004eb8:	2800      	cmp	r0, #0
10004eba:	f47f af58 	bne.w	10004d6e <tud_task_ext+0x526>
10004ebe:	e5db      	b.n	10004a78 <tud_task_ext+0x230>
10004ec0:	f7ff f948 	bl	10004154 <tud_descriptor_device_cb>
10004ec4:	4602      	mov	r2, r0
10004ec6:	2800      	cmp	r0, #0
10004ec8:	f43f adcf 	beq.w	10004a6a <tud_task_ext+0x222>
10004ecc:	4640      	mov	r0, r8
10004ece:	2312      	movs	r3, #18
10004ed0:	a908      	add	r1, sp, #32
10004ed2:	f000 f961 	bl	10005198 <tud_control_xfer>
10004ed6:	2800      	cmp	r0, #0
10004ed8:	f47f acc6 	bne.w	10004868 <tud_task_ext+0x20>
10004edc:	e5cc      	b.n	10004a78 <tud_task_ext+0x230>
10004ede:	f7ff fc1b 	bl	10004718 <tud_descriptor_device_qualifier_cb>
10004ee2:	4602      	mov	r2, r0
10004ee4:	2800      	cmp	r0, #0
10004ee6:	f43f adc7 	beq.w	10004a78 <tud_task_ext+0x230>
10004eea:	4640      	mov	r0, r8
10004eec:	7813      	ldrb	r3, [r2, #0]
10004eee:	a908      	add	r1, sp, #32
10004ef0:	f000 f952 	bl	10005198 <tud_control_xfer>
10004ef4:	2800      	cmp	r0, #0
10004ef6:	f47f acb7 	bne.w	10004868 <tud_task_ext+0x20>
10004efa:	e5bd      	b.n	10004a78 <tud_task_ext+0x230>
10004efc:	f8bd 1024 	ldrh.w	r1, [sp, #36]	@ 0x24
10004f00:	f7ff f930 	bl	10004164 <tud_descriptor_string_cb>
10004f04:	4602      	mov	r2, r0
10004f06:	2800      	cmp	r0, #0
10004f08:	d1ef      	bne.n	10004eea <tud_task_ext+0x6a2>
10004f0a:	e5b5      	b.n	10004a78 <tud_task_ext+0x230>
10004f0c:	9302      	str	r3, [sp, #8]
10004f0e:	f7ff fb63 	bl	100045d8 <dcd_edpt_clear_stall>
10004f12:	9a01      	ldr	r2, [sp, #4]
10004f14:	9b00      	ldr	r3, [sp, #0]
10004f16:	443a      	add	r2, r7
10004f18:	441a      	add	r2, r3
10004f1a:	f892 1034 	ldrb.w	r1, [r2, #52]	@ 0x34
10004f1e:	9b02      	ldr	r3, [sp, #8]
10004f20:	f363 0141 	bfi	r1, r3, #1, #1
10004f24:	f882 1034 	strb.w	r1, [r2, #52]	@ 0x34
10004f28:	f892 1034 	ldrb.w	r1, [r2, #52]	@ 0x34
10004f2c:	f363 0100 	bfi	r1, r3, #0, #1
10004f30:	f882 1034 	strb.w	r1, [r2, #52]	@ 0x34
10004f34:	e776      	b.n	10004e24 <tud_task_ext+0x5dc>
10004f36:	2100      	movs	r1, #0
10004f38:	4640      	mov	r0, r8
10004f3a:	f7ff fa81 	bl	10004440 <dcd_sof_enable>
10004f3e:	4640      	mov	r0, r8
10004f40:	f7ff fb1e 	bl	10004580 <dcd_edpt_close_all>
10004f44:	78bb      	ldrb	r3, [r7, #2]
10004f46:	4640      	mov	r0, r8
10004f48:	9300      	str	r3, [sp, #0]
10004f4a:	f7ff fb9b 	bl	10004684 <configuration_reset>
10004f4e:	9b00      	ldr	r3, [sp, #0]
10004f50:	70bb      	strb	r3, [r7, #2]
10004f52:	e632      	b.n	10004bba <tud_task_ext+0x372>
10004f54:	f8dd 800c 	ldr.w	r8, [sp, #12]
10004f58:	f7ff fbe2 	bl	10004720 <tud_mount_cb>
10004f5c:	e778      	b.n	10004e50 <tud_task_ext+0x608>
10004f5e:	4640      	mov	r0, r8
10004f60:	2301      	movs	r3, #1
10004f62:	a908      	add	r1, sp, #32
10004f64:	f10d 021a 	add.w	r2, sp, #26
10004f68:	f88d 601a 	strb.w	r6, [sp, #26]
10004f6c:	f000 f914 	bl	10005198 <tud_control_xfer>
10004f70:	e47a      	b.n	10004868 <tud_task_ext+0x20>
10004f72:	780a      	ldrb	r2, [r1, #0]
10004f74:	78cb      	ldrb	r3, [r1, #3]
10004f76:	4411      	add	r1, r2
10004f78:	784a      	ldrb	r2, [r1, #1]
10004f7a:	e64c      	b.n	10004c16 <tud_task_ext+0x3ce>
10004f7c:	4633      	mov	r3, r6
10004f7e:	4810      	ldr	r0, [pc, #64]	@ (10004fc0 <tud_task_ext+0x778>)
10004f80:	9204      	str	r2, [sp, #16]
10004f82:	9102      	str	r1, [sp, #8]
10004f84:	f000 fe7c 	bl	10005c80 <tu_edpt_bind_driver>
10004f88:	4b0e      	ldr	r3, [pc, #56]	@ (10004fc4 <tud_task_ext+0x77c>)
10004f8a:	9a04      	ldr	r2, [sp, #16]
10004f8c:	9902      	ldr	r1, [sp, #8]
10004f8e:	781b      	ldrb	r3, [r3, #0]
10004f90:	4411      	add	r1, r2
10004f92:	9a00      	ldr	r2, [sp, #0]
10004f94:	3301      	adds	r3, #1
10004f96:	4293      	cmp	r3, r2
10004f98:	f6bf ae34 	bge.w	10004c04 <tud_task_ext+0x3bc>
10004f9c:	e778      	b.n	10004e90 <tud_task_ext+0x648>
10004f9e:	f8d8 c010 	ldr.w	ip, [r8, #16]
10004fa2:	4809      	ldr	r0, [pc, #36]	@ (10004fc8 <tud_task_ext+0x780>)
10004fa4:	4584      	cmp	ip, r0
10004fa6:	bf08      	it	eq
10004fa8:	2302      	moveq	r3, #2
10004faa:	e75d      	b.n	10004e68 <tud_task_ext+0x620>
10004fac:	f04f 23e0 	mov.w	r3, #3758153728	@ 0xe000e000
10004fb0:	f8d3 3df0 	ldr.w	r3, [r3, #3568]	@ 0xdf0
10004fb4:	07db      	lsls	r3, r3, #31
10004fb6:	f57f ac57 	bpl.w	10004868 <tud_task_ext+0x20>
10004fba:	be00      	bkpt	0x0000
10004fbc:	e454      	b.n	10004868 <tud_task_ext+0x20>
10004fbe:	bf00      	nop
10004fc0:	20001cb8 	.word	0x20001cb8
10004fc4:	20002e82 	.word	0x20002e82
10004fc8:	10005691 	.word	0x10005691

10004fcc <usbd_open_edpt_pair>:
10004fcc:	e92d 4ff8 	stmdb	sp!, {r3, r4, r5, r6, r7, r8, r9, sl, fp, lr}
10004fd0:	f8dd 8028 	ldr.w	r8, [sp, #40]	@ 0x28
10004fd4:	2a00      	cmp	r2, #0
10004fd6:	d03f      	beq.n	10005058 <usbd_open_edpt_pair+0x8c>
10004fd8:	460c      	mov	r4, r1
10004fda:	461e      	mov	r6, r3
10004fdc:	4615      	mov	r5, r2
10004fde:	f04f 0b00 	mov.w	fp, #0
10004fe2:	4f1f      	ldr	r7, [pc, #124]	@ (10005060 <usbd_open_edpt_pair+0x94>)
10004fe4:	f8df 907c 	ldr.w	r9, [pc, #124]	@ 10005064 <usbd_open_edpt_pair+0x98>
10004fe8:	e017      	b.n	1000501a <usbd_open_edpt_pair+0x4e>
10004fea:	4620      	mov	r0, r4
10004fec:	f899 1002 	ldrb.w	r1, [r9, #2]
10004ff0:	f000 fe14 	bl	10005c1c <tu_edpt_validate>
10004ff4:	b1f8      	cbz	r0, 10005036 <usbd_open_edpt_pair+0x6a>
10004ff6:	4621      	mov	r1, r4
10004ff8:	4650      	mov	r0, sl
10004ffa:	f7ff fa3d 	bl	10004478 <dcd_edpt_open>
10004ffe:	b308      	cbz	r0, 10005044 <usbd_open_edpt_pair+0x78>
10005000:	78a3      	ldrb	r3, [r4, #2]
10005002:	f10b 0b01 	add.w	fp, fp, #1
10005006:	09da      	lsrs	r2, r3, #7
10005008:	bf16      	itet	ne
1000500a:	9a0b      	ldrne	r2, [sp, #44]	@ 0x2c
1000500c:	f888 3000 	strbeq.w	r3, [r8]
10005010:	7013      	strbne	r3, [r2, #0]
10005012:	7823      	ldrb	r3, [r4, #0]
10005014:	45ab      	cmp	fp, r5
10005016:	441c      	add	r4, r3
10005018:	d01e      	beq.n	10005058 <usbd_open_edpt_pair+0x8c>
1000501a:	7863      	ldrb	r3, [r4, #1]
1000501c:	2b05      	cmp	r3, #5
1000501e:	d111      	bne.n	10005044 <usbd_open_edpt_pair+0x78>
10005020:	78e1      	ldrb	r1, [r4, #3]
10005022:	f001 0103 	and.w	r1, r1, #3
10005026:	42b1      	cmp	r1, r6
10005028:	d10c      	bne.n	10005044 <usbd_open_edpt_pair+0x78>
1000502a:	78a3      	ldrb	r3, [r4, #2]
1000502c:	f897 a000 	ldrb.w	sl, [r7]
10005030:	f013 0f70 	tst.w	r3, #112	@ 0x70
10005034:	d0d9      	beq.n	10004fea <usbd_open_edpt_pair+0x1e>
10005036:	f04f 23e0 	mov.w	r3, #3758153728	@ 0xe000e000
1000503a:	f8d3 3df0 	ldr.w	r3, [r3, #3568]	@ 0xdf0
1000503e:	07da      	lsls	r2, r3, #31
10005040:	d500      	bpl.n	10005044 <usbd_open_edpt_pair+0x78>
10005042:	be00      	bkpt	0x0000
10005044:	f04f 23e0 	mov.w	r3, #3758153728	@ 0xe000e000
10005048:	f8d3 3df0 	ldr.w	r3, [r3, #3568]	@ 0xdf0
1000504c:	07db      	lsls	r3, r3, #31
1000504e:	d500      	bpl.n	10005052 <usbd_open_edpt_pair+0x86>
10005050:	be00      	bkpt	0x0000
10005052:	2000      	movs	r0, #0
10005054:	e8bd 8ff8 	ldmia.w	sp!, {r3, r4, r5, r6, r7, r8, r9, sl, fp, pc}
10005058:	2001      	movs	r0, #1
1000505a:	e8bd 8ff8 	ldmia.w	sp!, {r3, r4, r5, r6, r7, r8, r9, sl, fp, pc}
1000505e:	bf00      	nop
10005060:	200014b8 	.word	0x200014b8
10005064:	20001ca4 	.word	0x20001ca4

10005068 <usbd_edpt_open>:
10005068:	b538      	push	{r3, r4, r5, lr}
1000506a:	4b0e      	ldr	r3, [pc, #56]	@ (100050a4 <usbd_edpt_open+0x3c>)
1000506c:	781d      	ldrb	r5, [r3, #0]
1000506e:	788b      	ldrb	r3, [r1, #2]
10005070:	f013 0f70 	tst.w	r3, #112	@ 0x70
10005074:	d008      	beq.n	10005088 <usbd_edpt_open+0x20>
10005076:	f04f 23e0 	mov.w	r3, #3758153728	@ 0xe000e000
1000507a:	f8d3 3df0 	ldr.w	r3, [r3, #3568]	@ 0xdf0
1000507e:	07db      	lsls	r3, r3, #31
10005080:	d500      	bpl.n	10005084 <usbd_edpt_open+0x1c>
10005082:	be00      	bkpt	0x0000
10005084:	2000      	movs	r0, #0
10005086:	bd38      	pop	{r3, r4, r5, pc}
10005088:	4b07      	ldr	r3, [pc, #28]	@ (100050a8 <usbd_edpt_open+0x40>)
1000508a:	460c      	mov	r4, r1
1000508c:	4608      	mov	r0, r1
1000508e:	7899      	ldrb	r1, [r3, #2]
10005090:	f000 fdc4 	bl	10005c1c <tu_edpt_validate>
10005094:	2800      	cmp	r0, #0
10005096:	d0ee      	beq.n	10005076 <usbd_edpt_open+0xe>
10005098:	4621      	mov	r1, r4
1000509a:	4628      	mov	r0, r5
1000509c:	e8bd 4038 	ldmia.w	sp!, {r3, r4, r5, lr}
100050a0:	f7ff b9ea 	b.w	10004478 <dcd_edpt_open>
100050a4:	200014b8 	.word	0x200014b8
100050a8:	20001ca4 	.word	0x20001ca4

100050ac <usbd_edpt_claim>:
100050ac:	460b      	mov	r3, r1
100050ae:	4a06      	ldr	r2, [pc, #24]	@ (100050c8 <usbd_edpt_claim+0x1c>)
100050b0:	4806      	ldr	r0, [pc, #24]	@ (100050cc <usbd_edpt_claim+0x20>)
100050b2:	6811      	ldr	r1, [r2, #0]
100050b4:	09da      	lsrs	r2, r3, #7
100050b6:	3234      	adds	r2, #52	@ 0x34
100050b8:	f003 037f 	and.w	r3, r3, #127	@ 0x7f
100050bc:	eb02 0343 	add.w	r3, r2, r3, lsl #1
100050c0:	4418      	add	r0, r3
100050c2:	f000 bd65 	b.w	10005b90 <tu_edpt_claim>
100050c6:	bf00      	nop
100050c8:	20001cf8 	.word	0x20001cf8
100050cc:	20001ca4 	.word	0x20001ca4

100050d0 <usbd_edpt_release>:
100050d0:	460b      	mov	r3, r1
100050d2:	4a06      	ldr	r2, [pc, #24]	@ (100050ec <usbd_edpt_release+0x1c>)
100050d4:	4806      	ldr	r0, [pc, #24]	@ (100050f0 <usbd_edpt_release+0x20>)
100050d6:	6811      	ldr	r1, [r2, #0]
100050d8:	09da      	lsrs	r2, r3, #7
100050da:	3234      	adds	r2, #52	@ 0x34
100050dc:	f003 037f 	and.w	r3, r3, #127	@ 0x7f
100050e0:	eb02 0343 	add.w	r3, r2, r3, lsl #1
100050e4:	4418      	add	r0, r3
100050e6:	f000 bd7d 	b.w	10005be4 <tu_edpt_release>
100050ea:	bf00      	nop
100050ec:	20001cf8 	.word	0x20001cf8
100050f0:	20001ca4 	.word	0x20001ca4

100050f4 <usbd_edpt_xfer>:
100050f4:	b510      	push	{r4, lr}
100050f6:	4c19      	ldr	r4, [pc, #100]	@ (1000515c <usbd_edpt_xfer+0x68>)
100050f8:	f001 0e7f 	and.w	lr, r1, #127	@ 0x7f
100050fc:	eb04 044e 	add.w	r4, r4, lr, lsl #1
10005100:	eb04 14d1 	add.w	r4, r4, r1, lsr #7
10005104:	f894 c034 	ldrb.w	ip, [r4, #52]	@ 0x34
10005108:	4815      	ldr	r0, [pc, #84]	@ (10005160 <usbd_edpt_xfer+0x6c>)
1000510a:	f01c 0f01 	tst.w	ip, #1
1000510e:	f104 0430 	add.w	r4, r4, #48	@ 0x30
10005112:	7800      	ldrb	r0, [r0, #0]
10005114:	d008      	beq.n	10005128 <usbd_edpt_xfer+0x34>
10005116:	f04f 23e0 	mov.w	r3, #3758153728	@ 0xe000e000
1000511a:	f8d3 3df0 	ldr.w	r3, [r3, #3568]	@ 0xdf0
1000511e:	07da      	lsls	r2, r3, #31
10005120:	d500      	bpl.n	10005124 <usbd_edpt_xfer+0x30>
10005122:	be00      	bkpt	0x0000
10005124:	2000      	movs	r0, #0
10005126:	bd10      	pop	{r4, pc}
10005128:	f894 c004 	ldrb.w	ip, [r4, #4]
1000512c:	f04c 0c01 	orr.w	ip, ip, #1
10005130:	f884 c004 	strb.w	ip, [r4, #4]
10005134:	f7ff fa26 	bl	10004584 <dcd_edpt_xfer>
10005138:	2800      	cmp	r0, #0
1000513a:	d1f4      	bne.n	10005126 <usbd_edpt_xfer+0x32>
1000513c:	f04f 21e0 	mov.w	r1, #3758153728	@ 0xe000e000
10005140:	7922      	ldrb	r2, [r4, #4]
10005142:	f360 0200 	bfi	r2, r0, #0, #1
10005146:	7122      	strb	r2, [r4, #4]
10005148:	7922      	ldrb	r2, [r4, #4]
1000514a:	f360 0282 	bfi	r2, r0, #2, #1
1000514e:	7122      	strb	r2, [r4, #4]
10005150:	f8d1 3df0 	ldr.w	r3, [r1, #3568]	@ 0xdf0
10005154:	07db      	lsls	r3, r3, #31
10005156:	d5e5      	bpl.n	10005124 <usbd_edpt_xfer+0x30>
10005158:	e7e3      	b.n	10005122 <usbd_edpt_xfer+0x2e>
1000515a:	bf00      	nop
1000515c:	20001ca4 	.word	0x20001ca4
10005160:	200014b8 	.word	0x200014b8

10005164 <tud_control_status>:
10005164:	b530      	push	{r4, r5, lr}
10005166:	4c0b      	ldr	r4, [pc, #44]	@ (10005194 <tud_control_status+0x30>)
10005168:	468c      	mov	ip, r1
1000516a:	46a6      	mov	lr, r4
1000516c:	4605      	mov	r5, r0
1000516e:	6808      	ldr	r0, [r1, #0]
10005170:	6849      	ldr	r1, [r1, #4]
10005172:	2300      	movs	r3, #0
10005174:	e8ae 0003 	stmia.w	lr!, {r0, r1}
10005178:	f89c 1000 	ldrb.w	r1, [ip]
1000517c:	4628      	mov	r0, r5
1000517e:	43c9      	mvns	r1, r1
10005180:	e9c4 3302 	strd	r3, r3, [r4, #8]
10005184:	e8bd 4030 	ldmia.w	sp!, {r4, r5, lr}
10005188:	461a      	mov	r2, r3
1000518a:	f001 0180 	and.w	r1, r1, #128	@ 0x80
1000518e:	f7ff bfb1 	b.w	100050f4 <usbd_edpt_xfer>
10005192:	bf00      	nop
10005194:	20001c64 	.word	0x20001c64

10005198 <tud_control_xfer>:
10005198:	e92d 41f0 	stmdb	sp!, {r4, r5, r6, r7, r8, lr}
1000519c:	4f27      	ldr	r7, [pc, #156]	@ (1000523c <tud_control_xfer+0xa4>)
1000519e:	f04f 0800 	mov.w	r8, #0
100051a2:	46be      	mov	lr, r7
100051a4:	468c      	mov	ip, r1
100051a6:	4606      	mov	r6, r0
100051a8:	6808      	ldr	r0, [r1, #0]
100051aa:	6849      	ldr	r1, [r1, #4]
100051ac:	60ba      	str	r2, [r7, #8]
100051ae:	e8ae 0003 	stmia.w	lr!, {r0, r1}
100051b2:	f8a7 800e 	strh.w	r8, [r7, #14]
100051b6:	4615      	mov	r5, r2
100051b8:	f8bc 2006 	ldrh.w	r2, [ip, #6]
100051bc:	4293      	cmp	r3, r2
100051be:	bf28      	it	cs
100051c0:	4613      	movcs	r3, r2
100051c2:	81bb      	strh	r3, [r7, #12]
100051c4:	b19a      	cbz	r2, 100051ee <tud_control_xfer+0x56>
100051c6:	461c      	mov	r4, r3
100051c8:	b32b      	cbz	r3, 10005216 <tud_control_xfer+0x7e>
100051ca:	b1dd      	cbz	r5, 10005204 <tud_control_xfer+0x6c>
100051cc:	f997 3000 	ldrsb.w	r3, [r7]
100051d0:	2c40      	cmp	r4, #64	@ 0x40
100051d2:	bf28      	it	cs
100051d4:	2440      	movcs	r4, #64	@ 0x40
100051d6:	2b00      	cmp	r3, #0
100051d8:	db28      	blt.n	1000522c <tud_control_xfer+0x94>
100051da:	4641      	mov	r1, r8
100051dc:	4623      	mov	r3, r4
100051de:	4630      	mov	r0, r6
100051e0:	4a17      	ldr	r2, [pc, #92]	@ (10005240 <tud_control_xfer+0xa8>)
100051e2:	f7ff ff87 	bl	100050f4 <usbd_edpt_xfer>
100051e6:	b168      	cbz	r0, 10005204 <tud_control_xfer+0x6c>
100051e8:	2001      	movs	r0, #1
100051ea:	e8bd 81f0 	ldmia.w	sp!, {r4, r5, r6, r7, r8, pc}
100051ee:	f89c 1000 	ldrb.w	r1, [ip]
100051f2:	4613      	mov	r3, r2
100051f4:	43c9      	mvns	r1, r1
100051f6:	4630      	mov	r0, r6
100051f8:	f001 0180 	and.w	r1, r1, #128	@ 0x80
100051fc:	f7ff ff7a 	bl	100050f4 <usbd_edpt_xfer>
10005200:	2800      	cmp	r0, #0
10005202:	d1f1      	bne.n	100051e8 <tud_control_xfer+0x50>
10005204:	f04f 23e0 	mov.w	r3, #3758153728	@ 0xe000e000
10005208:	f8d3 3df0 	ldr.w	r3, [r3, #3568]	@ 0xdf0
1000520c:	07db      	lsls	r3, r3, #31
1000520e:	d500      	bpl.n	10005212 <tud_control_xfer+0x7a>
10005210:	be00      	bkpt	0x0000
10005212:	2000      	movs	r0, #0
10005214:	e7e9      	b.n	100051ea <tud_control_xfer+0x52>
10005216:	461a      	mov	r2, r3
10005218:	7839      	ldrb	r1, [r7, #0]
1000521a:	f001 0180 	and.w	r1, r1, #128	@ 0x80
1000521e:	4623      	mov	r3, r4
10005220:	4630      	mov	r0, r6
10005222:	f7ff ff67 	bl	100050f4 <usbd_edpt_xfer>
10005226:	2800      	cmp	r0, #0
10005228:	d1de      	bne.n	100051e8 <tud_control_xfer+0x50>
1000522a:	e7eb      	b.n	10005204 <tud_control_xfer+0x6c>
1000522c:	4622      	mov	r2, r4
1000522e:	4629      	mov	r1, r5
10005230:	4803      	ldr	r0, [pc, #12]	@ (10005240 <tud_control_xfer+0xa8>)
10005232:	f004 fe6f 	bl	10009f14 <memcpy>
10005236:	2180      	movs	r1, #128	@ 0x80
10005238:	4a01      	ldr	r2, [pc, #4]	@ (10005240 <tud_control_xfer+0xa8>)
1000523a:	e7f0      	b.n	1000521e <tud_control_xfer+0x86>
1000523c:	20001c64 	.word	0x20001c64
10005240:	20001c24 	.word	0x20001c24

10005244 <usbd_control_reset>:
10005244:	2200      	movs	r2, #0
10005246:	4b03      	ldr	r3, [pc, #12]	@ (10005254 <usbd_control_reset+0x10>)
10005248:	e9c3 2200 	strd	r2, r2, [r3]
1000524c:	e9c3 2202 	strd	r2, r2, [r3, #8]
10005250:	611a      	str	r2, [r3, #16]
10005252:	4770      	bx	lr
10005254:	20001c64 	.word	0x20001c64

10005258 <usbd_control_set_complete_callback>:
10005258:	4b01      	ldr	r3, [pc, #4]	@ (10005260 <usbd_control_set_complete_callback+0x8>)
1000525a:	6118      	str	r0, [r3, #16]
1000525c:	4770      	bx	lr
1000525e:	bf00      	nop
10005260:	20001c64 	.word	0x20001c64

10005264 <usbd_control_set_request>:
10005264:	b430      	push	{r4, r5}
10005266:	4602      	mov	r2, r0
10005268:	4c04      	ldr	r4, [pc, #16]	@ (1000527c <usbd_control_set_request+0x18>)
1000526a:	2500      	movs	r5, #0
1000526c:	4623      	mov	r3, r4
1000526e:	6800      	ldr	r0, [r0, #0]
10005270:	6851      	ldr	r1, [r2, #4]
10005272:	e9c4 5502 	strd	r5, r5, [r4, #8]
10005276:	bc30      	pop	{r4, r5}
10005278:	c303      	stmia	r3!, {r0, r1}
1000527a:	4770      	bx	lr
1000527c:	20001c64 	.word	0x20001c64

10005280 <usbd_control_xfer_cb>:
10005280:	b570      	push	{r4, r5, r6, lr}
10005282:	4c3c      	ldr	r4, [pc, #240]	@ (10005374 <usbd_control_xfer_cb+0xf4>)
10005284:	09c9      	lsrs	r1, r1, #7
10005286:	7822      	ldrb	r2, [r4, #0]
10005288:	4606      	mov	r6, r0
1000528a:	ebb1 1fd2 	cmp.w	r1, r2, lsr #7
1000528e:	461d      	mov	r5, r3
10005290:	b082      	sub	sp, #8
10005292:	d017      	beq.n	100052c4 <usbd_control_xfer_cb+0x44>
10005294:	b153      	cbz	r3, 100052ac <usbd_control_xfer_cb+0x2c>
10005296:	f04f 23e0 	mov.w	r3, #3758153728	@ 0xe000e000
1000529a:	f8d3 3df0 	ldr.w	r3, [r3, #3568]	@ 0xdf0
1000529e:	07db      	lsls	r3, r3, #31
100052a0:	d402      	bmi.n	100052a8 <usbd_control_xfer_cb+0x28>
100052a2:	2000      	movs	r0, #0
100052a4:	b002      	add	sp, #8
100052a6:	bd70      	pop	{r4, r5, r6, pc}
100052a8:	be00      	bkpt	0x0000
100052aa:	e7fa      	b.n	100052a2 <usbd_control_xfer_cb+0x22>
100052ac:	4621      	mov	r1, r4
100052ae:	f7ff f8d5 	bl	1000445c <dcd_edpt0_status_complete>
100052b2:	6923      	ldr	r3, [r4, #16]
100052b4:	b11b      	cbz	r3, 100052be <usbd_control_xfer_cb+0x3e>
100052b6:	4622      	mov	r2, r4
100052b8:	2103      	movs	r1, #3
100052ba:	4630      	mov	r0, r6
100052bc:	4798      	blx	r3
100052be:	2001      	movs	r0, #1
100052c0:	b002      	add	sp, #8
100052c2:	bd70      	pop	{r4, r5, r6, pc}
100052c4:	f994 3000 	ldrsb.w	r3, [r4]
100052c8:	68a0      	ldr	r0, [r4, #8]
100052ca:	2b00      	cmp	r3, #0
100052cc:	db05      	blt.n	100052da <usbd_control_xfer_cb+0x5a>
100052ce:	2800      	cmp	r0, #0
100052d0:	d0e7      	beq.n	100052a2 <usbd_control_xfer_cb+0x22>
100052d2:	462a      	mov	r2, r5
100052d4:	4928      	ldr	r1, [pc, #160]	@ (10005378 <usbd_control_xfer_cb+0xf8>)
100052d6:	f004 fe1d 	bl	10009f14 <memcpy>
100052da:	89e0      	ldrh	r0, [r4, #14]
100052dc:	68a1      	ldr	r1, [r4, #8]
100052de:	88e3      	ldrh	r3, [r4, #6]
100052e0:	4428      	add	r0, r5
100052e2:	b280      	uxth	r0, r0
100052e4:	4429      	add	r1, r5
100052e6:	4283      	cmp	r3, r0
100052e8:	81e0      	strh	r0, [r4, #14]
100052ea:	60a1      	str	r1, [r4, #8]
100052ec:	d016      	beq.n	1000531c <usbd_control_xfer_cb+0x9c>
100052ee:	2d3f      	cmp	r5, #63	@ 0x3f
100052f0:	d914      	bls.n	1000531c <usbd_control_xfer_cb+0x9c>
100052f2:	89a2      	ldrh	r2, [r4, #12]
100052f4:	f994 4000 	ldrsb.w	r4, [r4]
100052f8:	1a13      	subs	r3, r2, r0
100052fa:	b29b      	uxth	r3, r3
100052fc:	2b40      	cmp	r3, #64	@ 0x40
100052fe:	bf28      	it	cs
10005300:	2340      	movcs	r3, #64	@ 0x40
10005302:	2c00      	cmp	r4, #0
10005304:	db26      	blt.n	10005354 <usbd_control_xfer_cb+0xd4>
10005306:	4290      	cmp	r0, r2
10005308:	f04f 0100 	mov.w	r1, #0
1000530c:	d030      	beq.n	10005370 <usbd_control_xfer_cb+0xf0>
1000530e:	4a1a      	ldr	r2, [pc, #104]	@ (10005378 <usbd_control_xfer_cb+0xf8>)
10005310:	4630      	mov	r0, r6
10005312:	f7ff feef 	bl	100050f4 <usbd_edpt_xfer>
10005316:	2800      	cmp	r0, #0
10005318:	d1d1      	bne.n	100052be <usbd_control_xfer_cb+0x3e>
1000531a:	e7bc      	b.n	10005296 <usbd_control_xfer_cb+0x16>
1000531c:	6923      	ldr	r3, [r4, #16]
1000531e:	b123      	cbz	r3, 1000532a <usbd_control_xfer_cb+0xaa>
10005320:	2102      	movs	r1, #2
10005322:	4630      	mov	r0, r6
10005324:	4a13      	ldr	r2, [pc, #76]	@ (10005374 <usbd_control_xfer_cb+0xf4>)
10005326:	4798      	blx	r3
10005328:	b158      	cbz	r0, 10005342 <usbd_control_xfer_cb+0xc2>
1000532a:	7821      	ldrb	r1, [r4, #0]
1000532c:	2300      	movs	r3, #0
1000532e:	43c9      	mvns	r1, r1
10005330:	4630      	mov	r0, r6
10005332:	461a      	mov	r2, r3
10005334:	f001 0180 	and.w	r1, r1, #128	@ 0x80
10005338:	f7ff fedc 	bl	100050f4 <usbd_edpt_xfer>
1000533c:	2800      	cmp	r0, #0
1000533e:	d1be      	bne.n	100052be <usbd_control_xfer_cb+0x3e>
10005340:	e7a9      	b.n	10005296 <usbd_control_xfer_cb+0x16>
10005342:	4601      	mov	r1, r0
10005344:	4630      	mov	r0, r6
10005346:	f7ff f931 	bl	100045ac <dcd_edpt_stall>
1000534a:	2180      	movs	r1, #128	@ 0x80
1000534c:	4630      	mov	r0, r6
1000534e:	f7ff f92d 	bl	100045ac <dcd_edpt_stall>
10005352:	e7b4      	b.n	100052be <usbd_control_xfer_cb+0x3e>
10005354:	4290      	cmp	r0, r2
10005356:	d008      	beq.n	1000536a <usbd_control_xfer_cb+0xea>
10005358:	461a      	mov	r2, r3
1000535a:	4807      	ldr	r0, [pc, #28]	@ (10005378 <usbd_control_xfer_cb+0xf8>)
1000535c:	9301      	str	r3, [sp, #4]
1000535e:	f004 fdd9 	bl	10009f14 <memcpy>
10005362:	2180      	movs	r1, #128	@ 0x80
10005364:	4a04      	ldr	r2, [pc, #16]	@ (10005378 <usbd_control_xfer_cb+0xf8>)
10005366:	9b01      	ldr	r3, [sp, #4]
10005368:	e7d2      	b.n	10005310 <usbd_control_xfer_cb+0x90>
1000536a:	2180      	movs	r1, #128	@ 0x80
1000536c:	2200      	movs	r2, #0
1000536e:	e7cf      	b.n	10005310 <usbd_control_xfer_cb+0x90>
10005370:	460a      	mov	r2, r1
10005372:	e7cd      	b.n	10005310 <usbd_control_xfer_cb+0x90>
10005374:	20001c64 	.word	0x20001c64
10005378:	20001c24 	.word	0x20001c24

1000537c <_prep_out_transaction.isra.0>:
1000537c:	e92d 41f0 	stmdb	sp!, {r4, r5, r6, r7, r8, lr}
10005380:	4604      	mov	r4, r0
10005382:	f7ff f9d5 	bl	10004730 <tud_mounted>
10005386:	b908      	cbnz	r0, 1000538c <_prep_out_transaction.isra.0+0x10>
10005388:	e8bd 81f0 	ldmia.w	sp!, {r4, r5, r6, r7, r8, pc}
1000538c:	f7ff f9d8 	bl	10004740 <tud_suspended>
10005390:	4607      	mov	r7, r0
10005392:	2800      	cmp	r0, #0
10005394:	d1f8      	bne.n	10005388 <_prep_out_transaction.isra.0+0xc>
10005396:	22c8      	movs	r2, #200	@ 0xc8
10005398:	4b13      	ldr	r3, [pc, #76]	@ (100053e8 <_prep_out_transaction.isra.0+0x6c>)
1000539a:	fb02 3604 	mla	r6, r2, r4, r3
1000539e:	78f1      	ldrb	r1, [r6, #3]
100053a0:	2900      	cmp	r1, #0
100053a2:	d0f1      	beq.n	10005388 <_prep_out_transaction.isra.0+0xc>
100053a4:	f106 0510 	add.w	r5, r6, #16
100053a8:	4628      	mov	r0, r5
100053aa:	f000 fde1 	bl	10005f70 <tu_fifo_remaining>
100053ae:	283f      	cmp	r0, #63	@ 0x3f
100053b0:	d9ea      	bls.n	10005388 <_prep_out_transaction.isra.0+0xc>
100053b2:	4638      	mov	r0, r7
100053b4:	78f1      	ldrb	r1, [r6, #3]
100053b6:	f7ff fe79 	bl	100050ac <usbd_edpt_claim>
100053ba:	2800      	cmp	r0, #0
100053bc:	d0e4      	beq.n	10005388 <_prep_out_transaction.isra.0+0xc>
100053be:	4628      	mov	r0, r5
100053c0:	f000 fdd6 	bl	10005f70 <tu_fifo_remaining>
100053c4:	283f      	cmp	r0, #63	@ 0x3f
100053c6:	d909      	bls.n	100053dc <_prep_out_transaction.isra.0+0x60>
100053c8:	4a08      	ldr	r2, [pc, #32]	@ (100053ec <_prep_out_transaction.isra.0+0x70>)
100053ca:	4638      	mov	r0, r7
100053cc:	78f1      	ldrb	r1, [r6, #3]
100053ce:	eb02 12c4 	add.w	r2, r2, r4, lsl #7
100053d2:	2340      	movs	r3, #64	@ 0x40
100053d4:	e8bd 41f0 	ldmia.w	sp!, {r4, r5, r6, r7, r8, lr}
100053d8:	f7ff be8c 	b.w	100050f4 <usbd_edpt_xfer>
100053dc:	4638      	mov	r0, r7
100053de:	78f1      	ldrb	r1, [r6, #3]
100053e0:	e8bd 41f0 	ldmia.w	sp!, {r4, r5, r6, r7, r8, lr}
100053e4:	f7ff be74 	b.w	100050d0 <usbd_edpt_release>
100053e8:	20001618 	.word	0x20001618
100053ec:	20001ba0 	.word	0x20001ba0

100053f0 <tud_cdc_n_connected>:
100053f0:	b510      	push	{r4, lr}
100053f2:	4604      	mov	r4, r0
100053f4:	f7ff f99c 	bl	10004730 <tud_mounted>
100053f8:	b908      	cbnz	r0, 100053fe <tud_cdc_n_connected+0xe>
100053fa:	2000      	movs	r0, #0
100053fc:	bd10      	pop	{r4, pc}
100053fe:	f7ff f99f 	bl	10004740 <tud_suspended>
10005402:	2800      	cmp	r0, #0
10005404:	d1f9      	bne.n	100053fa <tud_cdc_n_connected+0xa>
10005406:	22c8      	movs	r2, #200	@ 0xc8
10005408:	4b03      	ldr	r3, [pc, #12]	@ (10005418 <tud_cdc_n_connected+0x28>)
1000540a:	fb02 3304 	mla	r3, r2, r4, r3
1000540e:	7918      	ldrb	r0, [r3, #4]
10005410:	f000 0001 	and.w	r0, r0, #1
10005414:	bd10      	pop	{r4, pc}
10005416:	bf00      	nop
10005418:	20001618 	.word	0x20001618

1000541c <tud_cdc_n_available>:
1000541c:	21c8      	movs	r1, #200	@ 0xc8
1000541e:	b508      	push	{r3, lr}
10005420:	2310      	movs	r3, #16
10005422:	fb01 3000 	mla	r0, r1, r0, r3
10005426:	4a02      	ldr	r2, [pc, #8]	@ (10005430 <tud_cdc_n_available+0x14>)
10005428:	4410      	add	r0, r2
1000542a:	f000 fd87 	bl	10005f3c <tu_fifo_count>
1000542e:	bd08      	pop	{r3, pc}
10005430:	20001618 	.word	0x20001618

10005434 <tud_cdc_n_read>:
10005434:	e92d 43f8 	stmdb	sp!, {r3, r4, r5, r6, r7, r8, r9, lr}
10005438:	f64f 73ff 	movw	r3, #65535	@ 0xffff
1000543c:	f04f 08c8 	mov.w	r8, #200	@ 0xc8
10005440:	2410      	movs	r4, #16
10005442:	429a      	cmp	r2, r3
10005444:	bf28      	it	cs
10005446:	461a      	movcs	r2, r3
10005448:	fb18 4400 	smlabb	r4, r8, r0, r4
1000544c:	4f1a      	ldr	r7, [pc, #104]	@ (100054b8 <tud_cdc_n_read+0x84>)
1000544e:	4606      	mov	r6, r0
10005450:	443c      	add	r4, r7
10005452:	4620      	mov	r0, r4
10005454:	b292      	uxth	r2, r2
10005456:	f000 fde7 	bl	10006028 <tu_fifo_read_n>
1000545a:	4605      	mov	r5, r0
1000545c:	f7ff f968 	bl	10004730 <tud_mounted>
10005460:	b910      	cbnz	r0, 10005468 <tud_cdc_n_read+0x34>
10005462:	4628      	mov	r0, r5
10005464:	e8bd 83f8 	ldmia.w	sp!, {r3, r4, r5, r6, r7, r8, r9, pc}
10005468:	f7ff f96a 	bl	10004740 <tud_suspended>
1000546c:	4681      	mov	r9, r0
1000546e:	2800      	cmp	r0, #0
10005470:	d1f7      	bne.n	10005462 <tud_cdc_n_read+0x2e>
10005472:	fb08 7706 	mla	r7, r8, r6, r7
10005476:	78fb      	ldrb	r3, [r7, #3]
10005478:	2b00      	cmp	r3, #0
1000547a:	d0f2      	beq.n	10005462 <tud_cdc_n_read+0x2e>
1000547c:	4620      	mov	r0, r4
1000547e:	f000 fd77 	bl	10005f70 <tu_fifo_remaining>
10005482:	283f      	cmp	r0, #63	@ 0x3f
10005484:	d9ed      	bls.n	10005462 <tud_cdc_n_read+0x2e>
10005486:	4648      	mov	r0, r9
10005488:	78f9      	ldrb	r1, [r7, #3]
1000548a:	f7ff fe0f 	bl	100050ac <usbd_edpt_claim>
1000548e:	2800      	cmp	r0, #0
10005490:	d0e7      	beq.n	10005462 <tud_cdc_n_read+0x2e>
10005492:	4620      	mov	r0, r4
10005494:	f000 fd6c 	bl	10005f70 <tu_fifo_remaining>
10005498:	283f      	cmp	r0, #63	@ 0x3f
1000549a:	d908      	bls.n	100054ae <tud_cdc_n_read+0x7a>
1000549c:	4a07      	ldr	r2, [pc, #28]	@ (100054bc <tud_cdc_n_read+0x88>)
1000549e:	4648      	mov	r0, r9
100054a0:	2340      	movs	r3, #64	@ 0x40
100054a2:	78f9      	ldrb	r1, [r7, #3]
100054a4:	eb02 12c6 	add.w	r2, r2, r6, lsl #7
100054a8:	f7ff fe24 	bl	100050f4 <usbd_edpt_xfer>
100054ac:	e7d9      	b.n	10005462 <tud_cdc_n_read+0x2e>
100054ae:	4648      	mov	r0, r9
100054b0:	78f9      	ldrb	r1, [r7, #3]
100054b2:	f7ff fe0d 	bl	100050d0 <usbd_edpt_release>
100054b6:	e7d4      	b.n	10005462 <tud_cdc_n_read+0x2e>
100054b8:	20001618 	.word	0x20001618
100054bc:	20001ba0 	.word	0x20001ba0

100054c0 <tud_cdc_n_write_flush>:
100054c0:	e92d 41f0 	stmdb	sp!, {r4, r5, r6, r7, r8, lr}
100054c4:	4605      	mov	r5, r0
100054c6:	f7ff f933 	bl	10004730 <tud_mounted>
100054ca:	b910      	cbnz	r0, 100054d2 <tud_cdc_n_write_flush+0x12>
100054cc:	2000      	movs	r0, #0
100054ce:	e8bd 81f0 	ldmia.w	sp!, {r4, r5, r6, r7, r8, pc}
100054d2:	f7ff f935 	bl	10004740 <tud_suspended>
100054d6:	4606      	mov	r6, r0
100054d8:	2800      	cmp	r0, #0
100054da:	d1f7      	bne.n	100054cc <tud_cdc_n_write_flush+0xc>
100054dc:	f04f 08c8 	mov.w	r8, #200	@ 0xc8
100054e0:	2424      	movs	r4, #36	@ 0x24
100054e2:	fb18 4405 	smlabb	r4, r8, r5, r4
100054e6:	4f17      	ldr	r7, [pc, #92]	@ (10005544 <tud_cdc_n_write_flush+0x84>)
100054e8:	443c      	add	r4, r7
100054ea:	4620      	mov	r0, r4
100054ec:	f000 fd26 	bl	10005f3c <tu_fifo_count>
100054f0:	2800      	cmp	r0, #0
100054f2:	d0eb      	beq.n	100054cc <tud_cdc_n_write_flush+0xc>
100054f4:	fb08 7705 	mla	r7, r8, r5, r7
100054f8:	4630      	mov	r0, r6
100054fa:	78b9      	ldrb	r1, [r7, #2]
100054fc:	f7ff fdd6 	bl	100050ac <usbd_edpt_claim>
10005500:	2800      	cmp	r0, #0
10005502:	d0e3      	beq.n	100054cc <tud_cdc_n_write_flush+0xc>
10005504:	2240      	movs	r2, #64	@ 0x40
10005506:	4b10      	ldr	r3, [pc, #64]	@ (10005548 <tud_cdc_n_write_flush+0x88>)
10005508:	4620      	mov	r0, r4
1000550a:	eb02 14c5 	add.w	r4, r2, r5, lsl #7
1000550e:	441c      	add	r4, r3
10005510:	4621      	mov	r1, r4
10005512:	f000 fd89 	bl	10006028 <tu_fifo_read_n>
10005516:	4605      	mov	r5, r0
10005518:	b180      	cbz	r0, 1000553c <tud_cdc_n_write_flush+0x7c>
1000551a:	4603      	mov	r3, r0
1000551c:	4622      	mov	r2, r4
1000551e:	4630      	mov	r0, r6
10005520:	78b9      	ldrb	r1, [r7, #2]
10005522:	f7ff fde7 	bl	100050f4 <usbd_edpt_xfer>
10005526:	b938      	cbnz	r0, 10005538 <tud_cdc_n_write_flush+0x78>
10005528:	f04f 23e0 	mov.w	r3, #3758153728	@ 0xe000e000
1000552c:	f8d3 3df0 	ldr.w	r3, [r3, #3568]	@ 0xdf0
10005530:	07db      	lsls	r3, r3, #31
10005532:	d5cb      	bpl.n	100054cc <tud_cdc_n_write_flush+0xc>
10005534:	be00      	bkpt	0x0000
10005536:	e7c9      	b.n	100054cc <tud_cdc_n_write_flush+0xc>
10005538:	4628      	mov	r0, r5
1000553a:	e7c8      	b.n	100054ce <tud_cdc_n_write_flush+0xe>
1000553c:	78b9      	ldrb	r1, [r7, #2]
1000553e:	f7ff fdc7 	bl	100050d0 <usbd_edpt_release>
10005542:	e7c3      	b.n	100054cc <tud_cdc_n_write_flush+0xc>
10005544:	20001618 	.word	0x20001618
10005548:	20001ba0 	.word	0x20001ba0

1000554c <tud_cdc_n_write>:
1000554c:	b538      	push	{r3, r4, r5, lr}
1000554e:	f64f 73ff 	movw	r3, #65535	@ 0xffff
10005552:	f04f 0c24 	mov.w	ip, #36	@ 0x24
10005556:	24c8      	movs	r4, #200	@ 0xc8
10005558:	429a      	cmp	r2, r3
1000555a:	bf28      	it	cs
1000555c:	461a      	movcs	r2, r3
1000555e:	fb14 c400 	smlabb	r4, r4, r0, ip
10005562:	4b0a      	ldr	r3, [pc, #40]	@ (1000558c <tud_cdc_n_write+0x40>)
10005564:	b292      	uxth	r2, r2
10005566:	441c      	add	r4, r3
10005568:	4605      	mov	r5, r0
1000556a:	4620      	mov	r0, r4
1000556c:	f000 fe18 	bl	100061a0 <tu_fifo_write_n>
10005570:	4603      	mov	r3, r0
10005572:	4620      	mov	r0, r4
10005574:	461c      	mov	r4, r3
10005576:	f000 fce1 	bl	10005f3c <tu_fifo_count>
1000557a:	283f      	cmp	r0, #63	@ 0x3f
1000557c:	d801      	bhi.n	10005582 <tud_cdc_n_write+0x36>
1000557e:	4620      	mov	r0, r4
10005580:	bd38      	pop	{r3, r4, r5, pc}
10005582:	4628      	mov	r0, r5
10005584:	f7ff ff9c 	bl	100054c0 <tud_cdc_n_write_flush>
10005588:	4620      	mov	r0, r4
1000558a:	bd38      	pop	{r3, r4, r5, pc}
1000558c:	20001618 	.word	0x20001618

10005590 <tud_cdc_n_write_available>:
10005590:	21c8      	movs	r1, #200	@ 0xc8
10005592:	b508      	push	{r3, lr}
10005594:	2324      	movs	r3, #36	@ 0x24
10005596:	fb01 3000 	mla	r0, r1, r0, r3
1000559a:	4a02      	ldr	r2, [pc, #8]	@ (100055a4 <tud_cdc_n_write_available+0x14>)
1000559c:	4410      	add	r0, r2
1000559e:	f000 fce7 	bl	10005f70 <tu_fifo_remaining>
100055a2:	bd08      	pop	{r3, pc}
100055a4:	20001618 	.word	0x20001618

100055a8 <cdcd_init>:
100055a8:	b5f0      	push	{r4, r5, r6, r7, lr}
100055aa:	4c19      	ldr	r4, [pc, #100]	@ (10005610 <cdcd_init+0x68>)
100055ac:	b083      	sub	sp, #12
100055ae:	22c8      	movs	r2, #200	@ 0xc8
100055b0:	2100      	movs	r1, #0
100055b2:	4620      	mov	r0, r4
100055b4:	f004 fb9c 	bl	10009cf0 <memset>
100055b8:	2500      	movs	r5, #0
100055ba:	23ff      	movs	r3, #255	@ 0xff
100055bc:	f44f 31e1 	mov.w	r1, #115200	@ 0x1c200
100055c0:	2208      	movs	r2, #8
100055c2:	4814      	ldr	r0, [pc, #80]	@ (10005614 <cdcd_init+0x6c>)
100055c4:	f104 07b8 	add.w	r7, r4, #184	@ 0xb8
100055c8:	7005      	strb	r5, [r0, #0]
100055ca:	9500      	str	r5, [sp, #0]
100055cc:	f104 0010 	add.w	r0, r4, #16
100055d0:	7163      	strb	r3, [r4, #5]
100055d2:	60a1      	str	r1, [r4, #8]
100055d4:	73a2      	strb	r2, [r4, #14]
100055d6:	f104 0138 	add.w	r1, r4, #56	@ 0x38
100055da:	2301      	movs	r3, #1
100055dc:	2240      	movs	r2, #64	@ 0x40
100055de:	f000 fc7d 	bl	10005edc <tu_fifo_config>
100055e2:	2301      	movs	r3, #1
100055e4:	2240      	movs	r2, #64	@ 0x40
100055e6:	f104 0178 	add.w	r1, r4, #120	@ 0x78
100055ea:	9300      	str	r3, [sp, #0]
100055ec:	f104 0024 	add.w	r0, r4, #36	@ 0x24
100055f0:	f000 fc74 	bl	10005edc <tu_fifo_config>
100055f4:	f104 06c0 	add.w	r6, r4, #192	@ 0xc0
100055f8:	4638      	mov	r0, r7
100055fa:	f7fb fdd5 	bl	100011a8 <mutex_init>
100055fe:	4630      	mov	r0, r6
10005600:	f7fb fdd2 	bl	100011a8 <mutex_init>
10005604:	e9c4 5707 	strd	r5, r7, [r4, #28]
10005608:	e9c4 650c 	strd	r6, r5, [r4, #48]	@ 0x30
1000560c:	b003      	add	sp, #12
1000560e:	bdf0      	pop	{r4, r5, r6, r7, pc}
10005610:	20001618 	.word	0x20001618
10005614:	20001c20 	.word	0x20001c20

10005618 <cdcd_deinit>:
10005618:	4b09      	ldr	r3, [pc, #36]	@ (10005640 <cdcd_deinit+0x28>)
1000561a:	6b19      	ldr	r1, [r3, #48]	@ 0x30
1000561c:	b149      	cbz	r1, 10005632 <cdcd_deinit+0x1a>
1000561e:	6a1a      	ldr	r2, [r3, #32]
10005620:	b112      	cbz	r2, 10005628 <cdcd_deinit+0x10>
10005622:	2200      	movs	r2, #0
10005624:	e9c3 2207 	strd	r2, r2, [r3, #28]
10005628:	2200      	movs	r2, #0
1000562a:	e9c3 220c 	strd	r2, r2, [r3, #48]	@ 0x30
1000562e:	2001      	movs	r0, #1
10005630:	4770      	bx	lr
10005632:	6a1a      	ldr	r2, [r3, #32]
10005634:	2a00      	cmp	r2, #0
10005636:	d0fa      	beq.n	1000562e <cdcd_deinit+0x16>
10005638:	2001      	movs	r0, #1
1000563a:	e9c3 1107 	strd	r1, r1, [r3, #28]
1000563e:	4770      	bx	lr
10005640:	20001618 	.word	0x20001618

10005644 <cdcd_reset>:
10005644:	2200      	movs	r2, #0
10005646:	b510      	push	{r4, lr}
10005648:	4c0e      	ldr	r4, [pc, #56]	@ (10005684 <cdcd_reset+0x40>)
1000564a:	480f      	ldr	r0, [pc, #60]	@ (10005688 <cdcd_reset+0x44>)
1000564c:	7823      	ldrb	r3, [r4, #0]
1000564e:	6002      	str	r2, [r0, #0]
10005650:	7102      	strb	r2, [r0, #4]
10005652:	07da      	lsls	r2, r3, #31
10005654:	d507      	bpl.n	10005666 <cdcd_reset+0x22>
10005656:	079b      	lsls	r3, r3, #30
10005658:	d50b      	bpl.n	10005672 <cdcd_reset+0x2e>
1000565a:	e8bd 4010 	ldmia.w	sp!, {r4, lr}
1000565e:	2101      	movs	r1, #1
10005660:	480a      	ldr	r0, [pc, #40]	@ (1000568c <cdcd_reset+0x48>)
10005662:	f000 be65 	b.w	10006330 <tu_fifo_set_overwritable>
10005666:	3010      	adds	r0, #16
10005668:	f000 fe46 	bl	100062f8 <tu_fifo_clear>
1000566c:	7823      	ldrb	r3, [r4, #0]
1000566e:	079b      	lsls	r3, r3, #30
10005670:	d4f3      	bmi.n	1000565a <cdcd_reset+0x16>
10005672:	4806      	ldr	r0, [pc, #24]	@ (1000568c <cdcd_reset+0x48>)
10005674:	f000 fe40 	bl	100062f8 <tu_fifo_clear>
10005678:	e8bd 4010 	ldmia.w	sp!, {r4, lr}
1000567c:	2101      	movs	r1, #1
1000567e:	4803      	ldr	r0, [pc, #12]	@ (1000568c <cdcd_reset+0x48>)
10005680:	f000 be56 	b.w	10006330 <tu_fifo_set_overwritable>
10005684:	20001c20 	.word	0x20001c20
10005688:	20001618 	.word	0x20001618
1000568c:	2000163c 	.word	0x2000163c

10005690 <cdcd_open>:
10005690:	b5f0      	push	{r4, r5, r6, r7, lr}
10005692:	794b      	ldrb	r3, [r1, #5]
10005694:	b083      	sub	sp, #12
10005696:	2b02      	cmp	r3, #2
10005698:	d003      	beq.n	100056a2 <cdcd_open+0x12>
1000569a:	2500      	movs	r5, #0
1000569c:	4628      	mov	r0, r5
1000569e:	b003      	add	sp, #12
100056a0:	bdf0      	pop	{r4, r5, r6, r7, pc}
100056a2:	798b      	ldrb	r3, [r1, #6]
100056a4:	2b02      	cmp	r3, #2
100056a6:	d1f8      	bne.n	1000569a <cdcd_open+0xa>
100056a8:	4f26      	ldr	r7, [pc, #152]	@ (10005744 <cdcd_open+0xb4>)
100056aa:	78bb      	ldrb	r3, [r7, #2]
100056ac:	b13b      	cbz	r3, 100056be <cdcd_open+0x2e>
100056ae:	f04f 23e0 	mov.w	r3, #3758153728	@ 0xe000e000
100056b2:	f8d3 3df0 	ldr.w	r3, [r3, #3568]	@ 0xdf0
100056b6:	07db      	lsls	r3, r3, #31
100056b8:	d5ef      	bpl.n	1000569a <cdcd_open+0xa>
100056ba:	be00      	bkpt	0x0000
100056bc:	e7ed      	b.n	1000569a <cdcd_open+0xa>
100056be:	788b      	ldrb	r3, [r1, #2]
100056c0:	4606      	mov	r6, r0
100056c2:	703b      	strb	r3, [r7, #0]
100056c4:	780b      	ldrb	r3, [r1, #0]
100056c6:	2509      	movs	r5, #9
100056c8:	18cc      	adds	r4, r1, r3
100056ca:	7861      	ldrb	r1, [r4, #1]
100056cc:	2924      	cmp	r1, #36	@ 0x24
100056ce:	d10b      	bne.n	100056e8 <cdcd_open+0x58>
100056d0:	2a08      	cmp	r2, #8
100056d2:	d802      	bhi.n	100056da <cdcd_open+0x4a>
100056d4:	e00f      	b.n	100056f6 <cdcd_open+0x66>
100056d6:	42aa      	cmp	r2, r5
100056d8:	d30d      	bcc.n	100056f6 <cdcd_open+0x66>
100056da:	7823      	ldrb	r3, [r4, #0]
100056dc:	441c      	add	r4, r3
100056de:	7861      	ldrb	r1, [r4, #1]
100056e0:	442b      	add	r3, r5
100056e2:	2924      	cmp	r1, #36	@ 0x24
100056e4:	b29d      	uxth	r5, r3
100056e6:	d0f6      	beq.n	100056d6 <cdcd_open+0x46>
100056e8:	2905      	cmp	r1, #5
100056ea:	d00a      	beq.n	10005702 <cdcd_open+0x72>
100056ec:	2904      	cmp	r1, #4
100056ee:	d102      	bne.n	100056f6 <cdcd_open+0x66>
100056f0:	7963      	ldrb	r3, [r4, #5]
100056f2:	2b0a      	cmp	r3, #10
100056f4:	d013      	beq.n	1000571e <cdcd_open+0x8e>
100056f6:	2000      	movs	r0, #0
100056f8:	f7ff fe40 	bl	1000537c <_prep_out_transaction.isra.0>
100056fc:	4628      	mov	r0, r5
100056fe:	b003      	add	sp, #12
10005700:	bdf0      	pop	{r4, r5, r6, r7, pc}
10005702:	4621      	mov	r1, r4
10005704:	4630      	mov	r0, r6
10005706:	f7ff fcaf 	bl	10005068 <usbd_edpt_open>
1000570a:	2800      	cmp	r0, #0
1000570c:	d0cf      	beq.n	100056ae <cdcd_open+0x1e>
1000570e:	78a3      	ldrb	r3, [r4, #2]
10005710:	707b      	strb	r3, [r7, #1]
10005712:	7823      	ldrb	r3, [r4, #0]
10005714:	441c      	add	r4, r3
10005716:	442b      	add	r3, r5
10005718:	7861      	ldrb	r1, [r4, #1]
1000571a:	b29d      	uxth	r5, r3
1000571c:	e7e6      	b.n	100056ec <cdcd_open+0x5c>
1000571e:	4b0a      	ldr	r3, [pc, #40]	@ (10005748 <cdcd_open+0xb8>)
10005720:	7827      	ldrb	r7, [r4, #0]
10005722:	9301      	str	r3, [sp, #4]
10005724:	3301      	adds	r3, #1
10005726:	9300      	str	r3, [sp, #0]
10005728:	2302      	movs	r3, #2
1000572a:	4630      	mov	r0, r6
1000572c:	461a      	mov	r2, r3
1000572e:	19e1      	adds	r1, r4, r7
10005730:	f7ff fc4c 	bl	10004fcc <usbd_open_edpt_pair>
10005734:	2800      	cmp	r0, #0
10005736:	d0ba      	beq.n	100056ae <cdcd_open+0x1e>
10005738:	350e      	adds	r5, #14
1000573a:	fa17 f585 	uxtah	r5, r7, r5
1000573e:	b2ad      	uxth	r5, r5
10005740:	e7d9      	b.n	100056f6 <cdcd_open+0x66>
10005742:	bf00      	nop
10005744:	20001618 	.word	0x20001618
10005748:	2000161a 	.word	0x2000161a

1000574c <cdcd_control_xfer_cb>:
1000574c:	7813      	ldrb	r3, [r2, #0]
1000574e:	f003 0360 	and.w	r3, r3, #96	@ 0x60
10005752:	2b20      	cmp	r3, #32
10005754:	d108      	bne.n	10005768 <cdcd_control_xfer_cb+0x1c>
10005756:	b570      	push	{r4, r5, r6, lr}
10005758:	4c26      	ldr	r4, [pc, #152]	@ (100057f4 <cdcd_control_xfer_cb+0xa8>)
1000575a:	8893      	ldrh	r3, [r2, #4]
1000575c:	f894 c000 	ldrb.w	ip, [r4]
10005760:	459c      	cmp	ip, r3
10005762:	d003      	beq.n	1000576c <cdcd_control_xfer_cb+0x20>
10005764:	2000      	movs	r0, #0
10005766:	bd70      	pop	{r4, r5, r6, pc}
10005768:	2000      	movs	r0, #0
1000576a:	4770      	bx	lr
1000576c:	7853      	ldrb	r3, [r2, #1]
1000576e:	3b20      	subs	r3, #32
10005770:	2b03      	cmp	r3, #3
10005772:	d8f7      	bhi.n	10005764 <cdcd_control_xfer_cb+0x18>
10005774:	e8df f003 	tbb	[pc, r3]
10005778:	020d2327 	.word	0x020d2327
1000577c:	2901      	cmp	r1, #1
1000577e:	d02e      	beq.n	100057de <cdcd_control_xfer_cb+0x92>
10005780:	2903      	cmp	r1, #3
10005782:	d11e      	bne.n	100057c2 <cdcd_control_xfer_cb+0x76>
10005784:	4b1c      	ldr	r3, [pc, #112]	@ (100057f8 <cdcd_control_xfer_cb+0xac>)
10005786:	b1e3      	cbz	r3, 100057c2 <cdcd_control_xfer_cb+0x76>
10005788:	2000      	movs	r0, #0
1000578a:	8851      	ldrh	r1, [r2, #2]
1000578c:	f3af 8000 	nop.w
10005790:	e017      	b.n	100057c2 <cdcd_control_xfer_cb+0x76>
10005792:	2901      	cmp	r1, #1
10005794:	d023      	beq.n	100057de <cdcd_control_xfer_cb+0x92>
10005796:	2903      	cmp	r1, #3
10005798:	d113      	bne.n	100057c2 <cdcd_control_xfer_cb+0x76>
1000579a:	8855      	ldrh	r5, [r2, #2]
1000579c:	4817      	ldr	r0, [pc, #92]	@ (100057fc <cdcd_control_xfer_cb+0xb0>)
1000579e:	f005 0601 	and.w	r6, r5, #1
100057a2:	f086 0101 	eor.w	r1, r6, #1
100057a6:	7125      	strb	r5, [r4, #4]
100057a8:	f000 fdc2 	bl	10006330 <tu_fifo_set_overwritable>
100057ac:	4b14      	ldr	r3, [pc, #80]	@ (10005800 <cdcd_control_xfer_cb+0xb4>)
100057ae:	b143      	cbz	r3, 100057c2 <cdcd_control_xfer_cb+0x76>
100057b0:	4631      	mov	r1, r6
100057b2:	2000      	movs	r0, #0
100057b4:	f3c5 0240 	ubfx	r2, r5, #1, #1
100057b8:	f3af 8000 	nop.w
100057bc:	e001      	b.n	100057c2 <cdcd_control_xfer_cb+0x76>
100057be:	2901      	cmp	r1, #1
100057c0:	d011      	beq.n	100057e6 <cdcd_control_xfer_cb+0x9a>
100057c2:	2001      	movs	r0, #1
100057c4:	bd70      	pop	{r4, r5, r6, pc}
100057c6:	2901      	cmp	r1, #1
100057c8:	d00d      	beq.n	100057e6 <cdcd_control_xfer_cb+0x9a>
100057ca:	2903      	cmp	r1, #3
100057cc:	d1f9      	bne.n	100057c2 <cdcd_control_xfer_cb+0x76>
100057ce:	4b0d      	ldr	r3, [pc, #52]	@ (10005804 <cdcd_control_xfer_cb+0xb8>)
100057d0:	2b00      	cmp	r3, #0
100057d2:	d0f6      	beq.n	100057c2 <cdcd_control_xfer_cb+0x76>
100057d4:	2000      	movs	r0, #0
100057d6:	490c      	ldr	r1, [pc, #48]	@ (10005808 <cdcd_control_xfer_cb+0xbc>)
100057d8:	f7fe faa0 	bl	10003d1c <tud_cdc_line_coding_cb>
100057dc:	e7f1      	b.n	100057c2 <cdcd_control_xfer_cb+0x76>
100057de:	4611      	mov	r1, r2
100057e0:	f7ff fcc0 	bl	10005164 <tud_control_status>
100057e4:	e7ed      	b.n	100057c2 <cdcd_control_xfer_cb+0x76>
100057e6:	4611      	mov	r1, r2
100057e8:	2307      	movs	r3, #7
100057ea:	4a07      	ldr	r2, [pc, #28]	@ (10005808 <cdcd_control_xfer_cb+0xbc>)
100057ec:	f7ff fcd4 	bl	10005198 <tud_control_xfer>
100057f0:	e7e7      	b.n	100057c2 <cdcd_control_xfer_cb+0x76>
100057f2:	bf00      	nop
100057f4:	20001618 	.word	0x20001618
100057f8:	00000000 	.word	0x00000000
100057fc:	2000163c 	.word	0x2000163c
10005800:	00000000 	.word	0x00000000
10005804:	10003d1d 	.word	0x10003d1d
10005808:	20001620 	.word	0x20001620

1000580c <cdcd_xfer_cb>:
1000580c:	e92d 47f0 	stmdb	sp!, {r4, r5, r6, r7, r8, r9, sl, lr}
10005810:	4f36      	ldr	r7, [pc, #216]	@ (100058ec <cdcd_xfer_cb+0xe0>)
10005812:	460c      	mov	r4, r1
10005814:	78fa      	ldrb	r2, [r7, #3]
10005816:	4606      	mov	r6, r0
10005818:	428a      	cmp	r2, r1
1000581a:	461d      	mov	r5, r3
1000581c:	f897 c002 	ldrb.w	ip, [r7, #2]
10005820:	d03c      	beq.n	1000589c <cdcd_xfer_cb+0x90>
10005822:	458c      	cmp	ip, r1
10005824:	d013      	beq.n	1000584e <cdcd_xfer_cb+0x42>
10005826:	f04f 23e0 	mov.w	r3, #3758153728	@ 0xe000e000
1000582a:	f8d3 3df0 	ldr.w	r3, [r3, #3568]	@ 0xdf0
1000582e:	07db      	lsls	r3, r3, #31
10005830:	d500      	bpl.n	10005834 <cdcd_xfer_cb+0x28>
10005832:	be00      	bkpt	0x0000
10005834:	2000      	movs	r0, #0
10005836:	e8bd 87f0 	ldmia.w	sp!, {r4, r5, r6, r7, r8, r9, sl, pc}
1000583a:	4b2d      	ldr	r3, [pc, #180]	@ (100058f0 <cdcd_xfer_cb+0xe4>)
1000583c:	b123      	cbz	r3, 10005848 <cdcd_xfer_cb+0x3c>
1000583e:	482d      	ldr	r0, [pc, #180]	@ (100058f4 <cdcd_xfer_cb+0xe8>)
10005840:	f000 fb8c 	bl	10005f5c <tu_fifo_empty>
10005844:	2800      	cmp	r0, #0
10005846:	d04e      	beq.n	100058e6 <cdcd_xfer_cb+0xda>
10005848:	2000      	movs	r0, #0
1000584a:	f7ff fd97 	bl	1000537c <_prep_out_transaction.isra.0>
1000584e:	78bb      	ldrb	r3, [r7, #2]
10005850:	42a3      	cmp	r3, r4
10005852:	d002      	beq.n	1000585a <cdcd_xfer_cb+0x4e>
10005854:	2001      	movs	r0, #1
10005856:	e8bd 87f0 	ldmia.w	sp!, {r4, r5, r6, r7, r8, r9, sl, pc}
1000585a:	4b27      	ldr	r3, [pc, #156]	@ (100058f8 <cdcd_xfer_cb+0xec>)
1000585c:	b113      	cbz	r3, 10005864 <cdcd_xfer_cb+0x58>
1000585e:	2000      	movs	r0, #0
10005860:	f3af 8000 	nop.w
10005864:	2000      	movs	r0, #0
10005866:	f7ff fe2b 	bl	100054c0 <tud_cdc_n_write_flush>
1000586a:	2800      	cmp	r0, #0
1000586c:	d1f2      	bne.n	10005854 <cdcd_xfer_cb+0x48>
1000586e:	4823      	ldr	r0, [pc, #140]	@ (100058fc <cdcd_xfer_cb+0xf0>)
10005870:	f000 fb64 	bl	10005f3c <tu_fifo_count>
10005874:	2800      	cmp	r0, #0
10005876:	d1ed      	bne.n	10005854 <cdcd_xfer_cb+0x48>
10005878:	2d00      	cmp	r5, #0
1000587a:	d0eb      	beq.n	10005854 <cdcd_xfer_cb+0x48>
1000587c:	f015 053f 	ands.w	r5, r5, #63	@ 0x3f
10005880:	d1e8      	bne.n	10005854 <cdcd_xfer_cb+0x48>
10005882:	4630      	mov	r0, r6
10005884:	78b9      	ldrb	r1, [r7, #2]
10005886:	f7ff fc11 	bl	100050ac <usbd_edpt_claim>
1000588a:	2800      	cmp	r0, #0
1000588c:	d0e2      	beq.n	10005854 <cdcd_xfer_cb+0x48>
1000588e:	462b      	mov	r3, r5
10005890:	462a      	mov	r2, r5
10005892:	4630      	mov	r0, r6
10005894:	78b9      	ldrb	r1, [r7, #2]
10005896:	f7ff fc2d 	bl	100050f4 <usbd_edpt_xfer>
1000589a:	e7db      	b.n	10005854 <cdcd_xfer_cb+0x48>
1000589c:	f8df 8064 	ldr.w	r8, [pc, #100]	@ 10005904 <cdcd_xfer_cb+0xf8>
100058a0:	b29a      	uxth	r2, r3
100058a2:	4641      	mov	r1, r8
100058a4:	f107 0010 	add.w	r0, r7, #16
100058a8:	f000 fc7a 	bl	100061a0 <tu_fifo_write_n>
100058ac:	4b14      	ldr	r3, [pc, #80]	@ (10005900 <cdcd_xfer_cb+0xf4>)
100058ae:	2b00      	cmp	r3, #0
100058b0:	d0c3      	beq.n	1000583a <cdcd_xfer_cb+0x2e>
100058b2:	797b      	ldrb	r3, [r7, #5]
100058b4:	2bff      	cmp	r3, #255	@ 0xff
100058b6:	d0c0      	beq.n	1000583a <cdcd_xfer_cb+0x2e>
100058b8:	2d00      	cmp	r5, #0
100058ba:	d0be      	beq.n	1000583a <cdcd_xfer_cb+0x2e>
100058bc:	f107 0910 	add.w	r9, r7, #16
100058c0:	eb08 0a05 	add.w	sl, r8, r5
100058c4:	e002      	b.n	100058cc <cdcd_xfer_cb+0xc0>
100058c6:	45c2      	cmp	sl, r8
100058c8:	d0b7      	beq.n	1000583a <cdcd_xfer_cb+0x2e>
100058ca:	797b      	ldrb	r3, [r7, #5]
100058cc:	f818 2b01 	ldrb.w	r2, [r8], #1
100058d0:	429a      	cmp	r2, r3
100058d2:	d1f8      	bne.n	100058c6 <cdcd_xfer_cb+0xba>
100058d4:	4648      	mov	r0, r9
100058d6:	f000 fb41 	bl	10005f5c <tu_fifo_empty>
100058da:	2800      	cmp	r0, #0
100058dc:	d1f3      	bne.n	100058c6 <cdcd_xfer_cb+0xba>
100058de:	7979      	ldrb	r1, [r7, #5]
100058e0:	f3af 8000 	nop.w
100058e4:	e7ef      	b.n	100058c6 <cdcd_xfer_cb+0xba>
100058e6:	f3af 8000 	nop.w
100058ea:	e7ad      	b.n	10005848 <cdcd_xfer_cb+0x3c>
100058ec:	20001618 	.word	0x20001618
100058f0:	00000000 	.word	0x00000000
100058f4:	20001628 	.word	0x20001628
100058f8:	00000000 	.word	0x00000000
100058fc:	2000163c 	.word	0x2000163c
10005900:	00000000 	.word	0x00000000
10005904:	20001ba0 	.word	0x20001ba0

10005908 <vendord_init>:
10005908:	b5f0      	push	{r4, r5, r6, r7, lr}
1000590a:	4c14      	ldr	r4, [pc, #80]	@ (1000595c <vendord_init+0x54>)
1000590c:	b085      	sub	sp, #20
1000590e:	f44f 7213 	mov.w	r2, #588	@ 0x24c
10005912:	2100      	movs	r1, #0
10005914:	4620      	mov	r0, r4
10005916:	f004 f9eb 	bl	10009cf0 <memset>
1000591a:	2740      	movs	r7, #64	@ 0x40
1000591c:	2300      	movs	r3, #0
1000591e:	f44f 7680 	mov.w	r6, #256	@ 0x100
10005922:	4d0f      	ldr	r5, [pc, #60]	@ (10005960 <vendord_init+0x58>)
10005924:	f504 72a6 	add.w	r2, r4, #332	@ 0x14c
10005928:	4619      	mov	r1, r3
1000592a:	e9cd 5702 	strd	r5, r7, [sp, #8]
1000592e:	9200      	str	r2, [sp, #0]
10005930:	9601      	str	r6, [sp, #4]
10005932:	461a      	mov	r2, r3
10005934:	f504 7094 	add.w	r0, r4, #296	@ 0x128
10005938:	f000 f9ce 	bl	10005cd8 <tu_edpt_stream_init>
1000593c:	2300      	movs	r3, #0
1000593e:	f104 0128 	add.w	r1, r4, #40	@ 0x28
10005942:	443d      	add	r5, r7
10005944:	9100      	str	r1, [sp, #0]
10005946:	2201      	movs	r2, #1
10005948:	4619      	mov	r1, r3
1000594a:	e9cd 5702 	strd	r5, r7, [sp, #8]
1000594e:	9601      	str	r6, [sp, #4]
10005950:	1d20      	adds	r0, r4, #4
10005952:	f000 f9c1 	bl	10005cd8 <tu_edpt_stream_init>
10005956:	b005      	add	sp, #20
10005958:	bdf0      	pop	{r4, r5, r6, r7, pc}
1000595a:	bf00      	nop
1000595c:	20001e4c 	.word	0x20001e4c
10005960:	20001dcc 	.word	0x20001dcc

10005964 <vendord_deinit>:
10005964:	b510      	push	{r4, lr}
10005966:	4c05      	ldr	r4, [pc, #20]	@ (1000597c <vendord_deinit+0x18>)
10005968:	4620      	mov	r0, r4
1000596a:	f000 f9e1 	bl	10005d30 <tu_edpt_stream_deinit>
1000596e:	f5a4 7092 	sub.w	r0, r4, #292	@ 0x124
10005972:	f000 f9dd 	bl	10005d30 <tu_edpt_stream_deinit>
10005976:	2001      	movs	r0, #1
10005978:	bd10      	pop	{r4, pc}
1000597a:	bf00      	nop
1000597c:	20001f74 	.word	0x20001f74

10005980 <vendord_reset>:
10005980:	b538      	push	{r3, r4, r5, lr}
10005982:	2500      	movs	r5, #0
10005984:	4c06      	ldr	r4, [pc, #24]	@ (100059a0 <vendord_reset+0x20>)
10005986:	f504 7098 	add.w	r0, r4, #304	@ 0x130
1000598a:	7025      	strb	r5, [r4, #0]
1000598c:	f000 fcb4 	bl	100062f8 <tu_fifo_clear>
10005990:	f104 000c 	add.w	r0, r4, #12
10005994:	f000 fcb0 	bl	100062f8 <tu_fifo_clear>
10005998:	f884 5129 	strb.w	r5, [r4, #297]	@ 0x129
1000599c:	7165      	strb	r5, [r4, #5]
1000599e:	bd38      	pop	{r3, r4, r5, pc}
100059a0:	20001e4c 	.word	0x20001e4c

100059a4 <vendord_open>:
100059a4:	e92d 4ff8 	stmdb	sp!, {r3, r4, r5, r6, r7, r8, r9, sl, fp, lr}
100059a8:	794b      	ldrb	r3, [r1, #5]
100059aa:	2bff      	cmp	r3, #255	@ 0xff
100059ac:	d002      	beq.n	100059b4 <vendord_open+0x10>
100059ae:	2000      	movs	r0, #0
100059b0:	e8bd 8ff8 	ldmia.w	sp!, {r3, r4, r5, r6, r7, r8, r9, sl, fp, pc}
100059b4:	4d39      	ldr	r5, [pc, #228]	@ (10005a9c <vendord_open+0xf8>)
100059b6:	460e      	mov	r6, r1
100059b8:	f895 3129 	ldrb.w	r3, [r5, #297]	@ 0x129
100059bc:	780c      	ldrb	r4, [r1, #0]
100059be:	2b00      	cmp	r3, #0
100059c0:	d1f5      	bne.n	100059ae <vendord_open+0xa>
100059c2:	796f      	ldrb	r7, [r5, #5]
100059c4:	2f00      	cmp	r7, #0
100059c6:	d1f2      	bne.n	100059ae <vendord_open+0xa>
100059c8:	788b      	ldrb	r3, [r1, #2]
100059ca:	440c      	add	r4, r1
100059cc:	702b      	strb	r3, [r5, #0]
100059ce:	790b      	ldrb	r3, [r1, #4]
100059d0:	2b00      	cmp	r3, #0
100059d2:	d03e      	beq.n	10005a52 <vendord_open+0xae>
100059d4:	4680      	mov	r8, r0
100059d6:	eb04 0b02 	add.w	fp, r4, r2
100059da:	f505 7a98 	add.w	sl, r5, #304	@ 0x130
100059de:	f505 7994 	add.w	r9, r5, #296	@ 0x128
100059e2:	7863      	ldrb	r3, [r4, #1]
100059e4:	2b05      	cmp	r3, #5
100059e6:	d009      	beq.n	100059fc <vendord_open+0x58>
100059e8:	45a3      	cmp	fp, r4
100059ea:	d802      	bhi.n	100059f2 <vendord_open+0x4e>
100059ec:	e031      	b.n	10005a52 <vendord_open+0xae>
100059ee:	455c      	cmp	r4, fp
100059f0:	d22f      	bcs.n	10005a52 <vendord_open+0xae>
100059f2:	7823      	ldrb	r3, [r4, #0]
100059f4:	441c      	add	r4, r3
100059f6:	7863      	ldrb	r3, [r4, #1]
100059f8:	2b05      	cmp	r3, #5
100059fa:	d1f8      	bne.n	100059ee <vendord_open+0x4a>
100059fc:	45a3      	cmp	fp, r4
100059fe:	d928      	bls.n	10005a52 <vendord_open+0xae>
10005a00:	4621      	mov	r1, r4
10005a02:	4640      	mov	r0, r8
10005a04:	f7ff fb30 	bl	10005068 <usbd_edpt_open>
10005a08:	2800      	cmp	r0, #0
10005a0a:	d03e      	beq.n	10005a8a <vendord_open+0xe6>
10005a0c:	78a3      	ldrb	r3, [r4, #2]
10005a0e:	09db      	lsrs	r3, r3, #7
10005a10:	d123      	bne.n	10005a5a <vendord_open+0xb6>
10005a12:	4650      	mov	r0, sl
10005a14:	f000 fc70 	bl	100062f8 <tu_fifo_clear>
10005a18:	78a3      	ldrb	r3, [r4, #2]
10005a1a:	f895 1128 	ldrb.w	r1, [r5, #296]	@ 0x128
10005a1e:	f885 3129 	strb.w	r3, [r5, #297]	@ 0x129
10005a22:	88a3      	ldrh	r3, [r4, #4]
10005a24:	4640      	mov	r0, r8
10005a26:	f3c3 030a 	ubfx	r3, r3, #0, #11
10005a2a:	f5a3 7300 	sub.w	r3, r3, #512	@ 0x200
10005a2e:	fab3 f383 	clz	r3, r3
10005a32:	095b      	lsrs	r3, r3, #5
10005a34:	f363 0141 	bfi	r1, r3, #1, #1
10005a38:	f885 1128 	strb.w	r1, [r5, #296]	@ 0x128
10005a3c:	4649      	mov	r1, r9
10005a3e:	f000 f9e5 	bl	10005e0c <tu_edpt_stream_read_xfer>
10005a42:	b310      	cbz	r0, 10005a8a <vendord_open+0xe6>
10005a44:	7823      	ldrb	r3, [r4, #0]
10005a46:	7931      	ldrb	r1, [r6, #4]
10005a48:	3701      	adds	r7, #1
10005a4a:	441c      	add	r4, r3
10005a4c:	b2fb      	uxtb	r3, r7
10005a4e:	4299      	cmp	r1, r3
10005a50:	d8c7      	bhi.n	100059e2 <vendord_open+0x3e>
10005a52:	1ba1      	subs	r1, r4, r6
10005a54:	b288      	uxth	r0, r1
10005a56:	e8bd 8ff8 	ldmia.w	sp!, {r3, r4, r5, r6, r7, r8, r9, sl, fp, pc}
10005a5a:	4811      	ldr	r0, [pc, #68]	@ (10005aa0 <vendord_open+0xfc>)
10005a5c:	f000 fc4c 	bl	100062f8 <tu_fifo_clear>
10005a60:	78a3      	ldrb	r3, [r4, #2]
10005a62:	f895 c004 	ldrb.w	ip, [r5, #4]
10005a66:	716b      	strb	r3, [r5, #5]
10005a68:	88a3      	ldrh	r3, [r4, #4]
10005a6a:	490e      	ldr	r1, [pc, #56]	@ (10005aa4 <vendord_open+0x100>)
10005a6c:	f3c3 030a 	ubfx	r3, r3, #0, #11
10005a70:	f5a3 7300 	sub.w	r3, r3, #512	@ 0x200
10005a74:	fab3 f383 	clz	r3, r3
10005a78:	095b      	lsrs	r3, r3, #5
10005a7a:	f363 0c41 	bfi	ip, r3, #1, #1
10005a7e:	2000      	movs	r0, #0
10005a80:	f885 c004 	strb.w	ip, [r5, #4]
10005a84:	f000 f98a 	bl	10005d9c <tu_edpt_stream_write_xfer>
10005a88:	e7dc      	b.n	10005a44 <vendord_open+0xa0>
10005a8a:	f04f 23e0 	mov.w	r3, #3758153728	@ 0xe000e000
10005a8e:	f8d3 3df0 	ldr.w	r3, [r3, #3568]	@ 0xdf0
10005a92:	07db      	lsls	r3, r3, #31
10005a94:	d58b      	bpl.n	100059ae <vendord_open+0xa>
10005a96:	be00      	bkpt	0x0000
10005a98:	e789      	b.n	100059ae <vendord_open+0xa>
10005a9a:	bf00      	nop
10005a9c:	20001e4c 	.word	0x20001e4c
10005aa0:	20001e58 	.word	0x20001e58
10005aa4:	20001e50 	.word	0x20001e50

10005aa8 <vendord_xfer_cb>:
10005aa8:	b570      	push	{r4, r5, r6, lr}
10005aaa:	4c1b      	ldr	r4, [pc, #108]	@ (10005b18 <vendord_xfer_cb+0x70>)
10005aac:	4606      	mov	r6, r0
10005aae:	f894 c129 	ldrb.w	ip, [r4, #297]	@ 0x129
10005ab2:	461d      	mov	r5, r3
10005ab4:	458c      	cmp	ip, r1
10005ab6:	7962      	ldrb	r2, [r4, #5]
10005ab8:	d004      	beq.n	10005ac4 <vendord_xfer_cb+0x1c>
10005aba:	428a      	cmp	r2, r1
10005abc:	bf18      	it	ne
10005abe:	2000      	movne	r0, #0
10005ac0:	d018      	beq.n	10005af4 <vendord_xfer_cb+0x4c>
10005ac2:	bd70      	pop	{r4, r5, r6, pc}
10005ac4:	f8b4 3134 	ldrh.w	r3, [r4, #308]	@ 0x134
10005ac8:	b963      	cbnz	r3, 10005ae4 <vendord_xfer_cb+0x3c>
10005aca:	4b14      	ldr	r3, [pc, #80]	@ (10005b1c <vendord_xfer_cb+0x74>)
10005acc:	b123      	cbz	r3, 10005ad8 <vendord_xfer_cb+0x30>
10005ace:	2000      	movs	r0, #0
10005ad0:	4913      	ldr	r1, [pc, #76]	@ (10005b20 <vendord_xfer_cb+0x78>)
10005ad2:	b2aa      	uxth	r2, r5
10005ad4:	f3af 8000 	nop.w
10005ad8:	4630      	mov	r0, r6
10005ada:	4912      	ldr	r1, [pc, #72]	@ (10005b24 <vendord_xfer_cb+0x7c>)
10005adc:	f000 f996 	bl	10005e0c <tu_edpt_stream_read_xfer>
10005ae0:	2001      	movs	r0, #1
10005ae2:	bd70      	pop	{r4, r5, r6, pc}
10005ae4:	f8d4 112c 	ldr.w	r1, [r4, #300]	@ 0x12c
10005ae8:	b2aa      	uxth	r2, r5
10005aea:	f504 7098 	add.w	r0, r4, #304	@ 0x130
10005aee:	f000 fb57 	bl	100061a0 <tu_fifo_write_n>
10005af2:	e7ea      	b.n	10005aca <vendord_xfer_cb+0x22>
10005af4:	4b0c      	ldr	r3, [pc, #48]	@ (10005b28 <vendord_xfer_cb+0x80>)
10005af6:	b11b      	cbz	r3, 10005b00 <vendord_xfer_cb+0x58>
10005af8:	2000      	movs	r0, #0
10005afa:	b2a9      	uxth	r1, r5
10005afc:	f3af 8000 	nop.w
10005b00:	4630      	mov	r0, r6
10005b02:	490a      	ldr	r1, [pc, #40]	@ (10005b2c <vendord_xfer_cb+0x84>)
10005b04:	f000 f94a 	bl	10005d9c <tu_edpt_stream_write_xfer>
10005b08:	2800      	cmp	r0, #0
10005b0a:	d1e9      	bne.n	10005ae0 <vendord_xfer_cb+0x38>
10005b0c:	462a      	mov	r2, r5
10005b0e:	4630      	mov	r0, r6
10005b10:	4906      	ldr	r1, [pc, #24]	@ (10005b2c <vendord_xfer_cb+0x84>)
10005b12:	f000 f90f 	bl	10005d34 <tu_edpt_stream_write_zlp_if_needed>
10005b16:	e7e3      	b.n	10005ae0 <vendord_xfer_cb+0x38>
10005b18:	20001e4c 	.word	0x20001e4c
10005b1c:	00000000 	.word	0x00000000
10005b20:	20001dcc 	.word	0x20001dcc
10005b24:	20001f74 	.word	0x20001f74
10005b28:	00000000 	.word	0x00000000
10005b2c:	20001e50 	.word	0x20001e50

10005b30 <tusb_rhport_init>:
10005b30:	b510      	push	{r4, lr}
10005b32:	b082      	sub	sp, #8
10005b34:	b1b9      	cbz	r1, 10005b66 <tusb_rhport_init+0x36>
10005b36:	2801      	cmp	r0, #1
10005b38:	d80c      	bhi.n	10005b54 <tusb_rhport_init+0x24>
10005b3a:	780b      	ldrb	r3, [r1, #0]
10005b3c:	b153      	cbz	r3, 10005b54 <tusb_rhport_init+0x24>
10005b3e:	4c13      	ldr	r4, [pc, #76]	@ (10005b8c <tusb_rhport_init+0x5c>)
10005b40:	2b01      	cmp	r3, #1
10005b42:	5423      	strb	r3, [r4, r0]
10005b44:	d002      	beq.n	10005b4c <tusb_rhport_init+0x1c>
10005b46:	2001      	movs	r0, #1
10005b48:	b002      	add	sp, #8
10005b4a:	bd10      	pop	{r4, pc}
10005b4c:	f7fe fe00 	bl	10004750 <tud_rhport_init>
10005b50:	2800      	cmp	r0, #0
10005b52:	d1f8      	bne.n	10005b46 <tusb_rhport_init+0x16>
10005b54:	f04f 23e0 	mov.w	r3, #3758153728	@ 0xe000e000
10005b58:	f8d3 3df0 	ldr.w	r3, [r3, #3568]	@ 0xdf0
10005b5c:	07db      	lsls	r3, r3, #31
10005b5e:	d500      	bpl.n	10005b62 <tusb_rhport_init+0x32>
10005b60:	be00      	bkpt	0x0000
10005b62:	2000      	movs	r0, #0
10005b64:	e7f0      	b.n	10005b48 <tusb_rhport_init+0x18>
10005b66:	2401      	movs	r4, #1
10005b68:	4608      	mov	r0, r1
10005b6a:	a901      	add	r1, sp, #4
10005b6c:	f8ad 4004 	strh.w	r4, [sp, #4]
10005b70:	f7fe fdee 	bl	10004750 <tud_rhport_init>
10005b74:	b938      	cbnz	r0, 10005b86 <tusb_rhport_init+0x56>
10005b76:	f04f 23e0 	mov.w	r3, #3758153728	@ 0xe000e000
10005b7a:	f8d3 3df0 	ldr.w	r3, [r3, #3568]	@ 0xdf0
10005b7e:	07da      	lsls	r2, r3, #31
10005b80:	d5e2      	bpl.n	10005b48 <tusb_rhport_init+0x18>
10005b82:	be00      	bkpt	0x0000
10005b84:	e7e0      	b.n	10005b48 <tusb_rhport_init+0x18>
10005b86:	4b01      	ldr	r3, [pc, #4]	@ (10005b8c <tusb_rhport_init+0x5c>)
10005b88:	701c      	strb	r4, [r3, #0]
10005b8a:	e7dd      	b.n	10005b48 <tusb_rhport_init+0x18>
10005b8c:	20001c98 	.word	0x20001c98

10005b90 <tu_edpt_claim>:
10005b90:	b5f8      	push	{r3, r4, r5, r6, r7, lr}
10005b92:	7803      	ldrb	r3, [r0, #0]
10005b94:	f013 0401 	ands.w	r4, r3, #1
10005b98:	d11a      	bne.n	10005bd0 <tu_edpt_claim+0x40>
10005b9a:	7803      	ldrb	r3, [r0, #0]
10005b9c:	4605      	mov	r5, r0
10005b9e:	075a      	lsls	r2, r3, #29
10005ba0:	f3c3 0780 	ubfx	r7, r3, #2, #1
10005ba4:	d501      	bpl.n	10005baa <tu_edpt_claim+0x1a>
10005ba6:	4620      	mov	r0, r4
10005ba8:	bdf8      	pop	{r3, r4, r5, r6, r7, pc}
10005baa:	460e      	mov	r6, r1
10005bac:	f04f 31ff 	mov.w	r1, #4294967295	@ 0xffffffff
10005bb0:	4630      	mov	r0, r6
10005bb2:	f004 faad 	bl	1000a110 <__mutex_enter_timeout_ms_veneer>
10005bb6:	782b      	ldrb	r3, [r5, #0]
10005bb8:	f013 0401 	ands.w	r4, r3, #1
10005bbc:	d10b      	bne.n	10005bd6 <tu_edpt_claim+0x46>
10005bbe:	782b      	ldrb	r3, [r5, #0]
10005bc0:	075b      	lsls	r3, r3, #29
10005bc2:	d409      	bmi.n	10005bd8 <tu_edpt_claim+0x48>
10005bc4:	782b      	ldrb	r3, [r5, #0]
10005bc6:	2401      	movs	r4, #1
10005bc8:	f043 0304 	orr.w	r3, r3, #4
10005bcc:	702b      	strb	r3, [r5, #0]
10005bce:	e003      	b.n	10005bd8 <tu_edpt_claim+0x48>
10005bd0:	2400      	movs	r4, #0
10005bd2:	4620      	mov	r0, r4
10005bd4:	bdf8      	pop	{r3, r4, r5, r6, r7, pc}
10005bd6:	463c      	mov	r4, r7
10005bd8:	4630      	mov	r0, r6
10005bda:	f004 faa5 	bl	1000a128 <__mutex_exit_veneer>
10005bde:	4620      	mov	r0, r4
10005be0:	bdf8      	pop	{r3, r4, r5, r6, r7, pc}
10005be2:	bf00      	nop

10005be4 <tu_edpt_release>:
10005be4:	b570      	push	{r4, r5, r6, lr}
10005be6:	460c      	mov	r4, r1
10005be8:	4605      	mov	r5, r0
10005bea:	f04f 31ff 	mov.w	r1, #4294967295	@ 0xffffffff
10005bee:	4620      	mov	r0, r4
10005bf0:	f004 fa8e 	bl	1000a110 <__mutex_enter_timeout_ms_veneer>
10005bf4:	782b      	ldrb	r3, [r5, #0]
10005bf6:	f3c3 0680 	ubfx	r6, r3, #2, #1
10005bfa:	075b      	lsls	r3, r3, #29
10005bfc:	d508      	bpl.n	10005c10 <tu_edpt_release+0x2c>
10005bfe:	782b      	ldrb	r3, [r5, #0]
10005c00:	f013 0301 	ands.w	r3, r3, #1
10005c04:	bf11      	iteee	ne
10005c06:	2600      	movne	r6, #0
10005c08:	782a      	ldrbeq	r2, [r5, #0]
10005c0a:	f363 0282 	bfieq	r2, r3, #2, #1
10005c0e:	702a      	strbeq	r2, [r5, #0]
10005c10:	4620      	mov	r0, r4
10005c12:	f004 fa89 	bl	1000a128 <__mutex_exit_veneer>
10005c16:	4630      	mov	r0, r6
10005c18:	bd70      	pop	{r4, r5, r6, pc}
10005c1a:	bf00      	nop

10005c1c <tu_edpt_validate>:
10005c1c:	78c3      	ldrb	r3, [r0, #3]
10005c1e:	8882      	ldrh	r2, [r0, #4]
10005c20:	f003 0003 	and.w	r0, r3, #3
10005c24:	2802      	cmp	r0, #2
10005c26:	f3c2 020a 	ubfx	r2, r2, #0, #11
10005c2a:	d01f      	beq.n	10005c6c <tu_edpt_validate+0x50>
10005c2c:	2803      	cmp	r0, #3
10005c2e:	d003      	beq.n	10005c38 <tu_edpt_validate+0x1c>
10005c30:	2801      	cmp	r0, #1
10005c32:	d00a      	beq.n	10005c4a <tu_edpt_validate+0x2e>
10005c34:	2000      	movs	r0, #0
10005c36:	4770      	bx	lr
10005c38:	2902      	cmp	r1, #2
10005c3a:	bf14      	ite	ne
10005c3c:	2340      	movne	r3, #64	@ 0x40
10005c3e:	f44f 6380 	moveq.w	r3, #1024	@ 0x400
10005c42:	4293      	cmp	r3, r2
10005c44:	d309      	bcc.n	10005c5a <tu_edpt_validate+0x3e>
10005c46:	2001      	movs	r0, #1
10005c48:	4770      	bx	lr
10005c4a:	2902      	cmp	r1, #2
10005c4c:	f240 33ff 	movw	r3, #1023	@ 0x3ff
10005c50:	bf08      	it	eq
10005c52:	f44f 6380 	moveq.w	r3, #1024	@ 0x400
10005c56:	4293      	cmp	r3, r2
10005c58:	d2f6      	bcs.n	10005c48 <tu_edpt_validate+0x2c>
10005c5a:	f04f 23e0 	mov.w	r3, #3758153728	@ 0xe000e000
10005c5e:	f8d3 3df0 	ldr.w	r3, [r3, #3568]	@ 0xdf0
10005c62:	07db      	lsls	r3, r3, #31
10005c64:	d5e6      	bpl.n	10005c34 <tu_edpt_validate+0x18>
10005c66:	be00      	bkpt	0x0000
10005c68:	2000      	movs	r0, #0
10005c6a:	4770      	bx	lr
10005c6c:	2902      	cmp	r1, #2
10005c6e:	d002      	beq.n	10005c76 <tu_edpt_validate+0x5a>
10005c70:	2a40      	cmp	r2, #64	@ 0x40
10005c72:	d9e8      	bls.n	10005c46 <tu_edpt_validate+0x2a>
10005c74:	e7f1      	b.n	10005c5a <tu_edpt_validate+0x3e>
10005c76:	f5b2 7f00 	cmp.w	r2, #512	@ 0x200
10005c7a:	d0e4      	beq.n	10005c46 <tu_edpt_validate+0x2a>
10005c7c:	e7ed      	b.n	10005c5a <tu_edpt_validate+0x3e>
10005c7e:	bf00      	nop

10005c80 <tu_edpt_bind_driver>:
10005c80:	440a      	add	r2, r1
10005c82:	4291      	cmp	r1, r2
10005c84:	d226      	bcs.n	10005cd4 <tu_edpt_bind_driver+0x54>
10005c86:	f891 c001 	ldrb.w	ip, [r1, #1]
10005c8a:	f1bc 0f05 	cmp.w	ip, #5
10005c8e:	d005      	beq.n	10005c9c <tu_edpt_bind_driver+0x1c>
10005c90:	f891 c000 	ldrb.w	ip, [r1]
10005c94:	4461      	add	r1, ip
10005c96:	428a      	cmp	r2, r1
10005c98:	d8f5      	bhi.n	10005c86 <tu_edpt_bind_driver+0x6>
10005c9a:	4770      	bx	lr
10005c9c:	b500      	push	{lr}
10005c9e:	f891 c002 	ldrb.w	ip, [r1, #2]
10005ca2:	f00c 0e7f 	and.w	lr, ip, #127	@ 0x7f
10005ca6:	eb00 0e4e 	add.w	lr, r0, lr, lsl #1
10005caa:	ea4f 1cdc 	mov.w	ip, ip, lsr #7
10005cae:	f80e 300c 	strb.w	r3, [lr, ip]
10005cb2:	f891 c000 	ldrb.w	ip, [r1]
10005cb6:	4461      	add	r1, ip
10005cb8:	428a      	cmp	r2, r1
10005cba:	d909      	bls.n	10005cd0 <tu_edpt_bind_driver+0x50>
10005cbc:	f891 c001 	ldrb.w	ip, [r1, #1]
10005cc0:	f1bc 0f05 	cmp.w	ip, #5
10005cc4:	d0eb      	beq.n	10005c9e <tu_edpt_bind_driver+0x1e>
10005cc6:	f891 c000 	ldrb.w	ip, [r1]
10005cca:	4461      	add	r1, ip
10005ccc:	428a      	cmp	r2, r1
10005cce:	d8f5      	bhi.n	10005cbc <tu_edpt_bind_driver+0x3c>
10005cd0:	f85d fb04 	ldr.w	pc, [sp], #4
10005cd4:	4770      	bx	lr
10005cd6:	bf00      	nop

10005cd8 <tu_edpt_stream_init>:
10005cd8:	e92d 41f0 	stmdb	sp!, {r4, r5, r6, r7, r8, lr}
10005cdc:	468e      	mov	lr, r1
10005cde:	b082      	sub	sp, #8
10005ce0:	9300      	str	r3, [sp, #0]
10005ce2:	f890 c000 	ldrb.w	ip, [r0]
10005ce6:	9e08      	ldr	r6, [sp, #32]
10005ce8:	f8bd 7024 	ldrh.w	r7, [sp, #36]	@ 0x24
10005cec:	f36e 0c00 	bfi	ip, lr, #0, #1
10005cf0:	4604      	mov	r4, r0
10005cf2:	4615      	mov	r5, r2
10005cf4:	2301      	movs	r3, #1
10005cf6:	4631      	mov	r1, r6
10005cf8:	463a      	mov	r2, r7
10005cfa:	f800 cb08 	strb.w	ip, [r0], #8
10005cfe:	f8bd 802c 	ldrh.w	r8, [sp, #44]	@ 0x2c
10005d02:	f000 f8eb 	bl	10005edc <tu_fifo_config>
10005d06:	b106      	cbz	r6, 10005d0a <tu_edpt_stream_init+0x32>
10005d08:	b93f      	cbnz	r7, 10005d1a <tu_edpt_stream_init+0x42>
10005d0a:	2001      	movs	r0, #1
10005d0c:	9b0a      	ldr	r3, [sp, #40]	@ 0x28
10005d0e:	f8a4 8002 	strh.w	r8, [r4, #2]
10005d12:	6063      	str	r3, [r4, #4]
10005d14:	b002      	add	sp, #8
10005d16:	e8bd 81f0 	ldmia.w	sp!, {r4, r5, r6, r7, r8, pc}
10005d1a:	f104 061c 	add.w	r6, r4, #28
10005d1e:	4630      	mov	r0, r6
10005d20:	f7fb fa42 	bl	100011a8 <mutex_init>
10005d24:	b10d      	cbz	r5, 10005d2a <tu_edpt_stream_init+0x52>
10005d26:	4635      	mov	r5, r6
10005d28:	2600      	movs	r6, #0
10005d2a:	e9c4 5605 	strd	r5, r6, [r4, #20]
10005d2e:	e7ec      	b.n	10005d0a <tu_edpt_stream_init+0x32>

10005d30 <tu_edpt_stream_deinit>:
10005d30:	2001      	movs	r0, #1
10005d32:	4770      	bx	lr

10005d34 <tu_edpt_stream_write_zlp_if_needed>:
10005d34:	b5f8      	push	{r3, r4, r5, r6, r7, lr}
10005d36:	4607      	mov	r7, r0
10005d38:	4608      	mov	r0, r1
10005d3a:	f240 13ff 	movw	r3, #511	@ 0x1ff
10005d3e:	4615      	mov	r5, r2
10005d40:	f810 2b08 	ldrb.w	r2, [r0], #8
10005d44:	460c      	mov	r4, r1
10005d46:	f012 0f02 	tst.w	r2, #2
10005d4a:	bf0c      	ite	eq
10005d4c:	263f      	moveq	r6, #63	@ 0x3f
10005d4e:	461e      	movne	r6, r3
10005d50:	f000 f8f4 	bl	10005f3c <tu_fifo_count>
10005d54:	b928      	cbnz	r0, 10005d62 <tu_edpt_stream_write_zlp_if_needed+0x2e>
10005d56:	b125      	cbz	r5, 10005d62 <tu_edpt_stream_write_zlp_if_needed+0x2e>
10005d58:	422e      	tst	r6, r5
10005d5a:	d102      	bne.n	10005d62 <tu_edpt_stream_write_zlp_if_needed+0x2e>
10005d5c:	7823      	ldrb	r3, [r4, #0]
10005d5e:	07da      	lsls	r2, r3, #31
10005d60:	d501      	bpl.n	10005d66 <tu_edpt_stream_write_zlp_if_needed+0x32>
10005d62:	2000      	movs	r0, #0
10005d64:	bdf8      	pop	{r3, r4, r5, r6, r7, pc}
10005d66:	4638      	mov	r0, r7
10005d68:	7861      	ldrb	r1, [r4, #1]
10005d6a:	f7ff f99f 	bl	100050ac <usbd_edpt_claim>
10005d6e:	2800      	cmp	r0, #0
10005d70:	d0f7      	beq.n	10005d62 <tu_edpt_stream_write_zlp_if_needed+0x2e>
10005d72:	7823      	ldrb	r3, [r4, #0]
10005d74:	f013 0301 	ands.w	r3, r3, #1
10005d78:	d007      	beq.n	10005d8a <tu_edpt_stream_write_zlp_if_needed+0x56>
10005d7a:	f04f 23e0 	mov.w	r3, #3758153728	@ 0xe000e000
10005d7e:	f8d3 3df0 	ldr.w	r3, [r3, #3568]	@ 0xdf0
10005d82:	07db      	lsls	r3, r3, #31
10005d84:	d5ed      	bpl.n	10005d62 <tu_edpt_stream_write_zlp_if_needed+0x2e>
10005d86:	be00      	bkpt	0x0000
10005d88:	e7eb      	b.n	10005d62 <tu_edpt_stream_write_zlp_if_needed+0x2e>
10005d8a:	461a      	mov	r2, r3
10005d8c:	4638      	mov	r0, r7
10005d8e:	7861      	ldrb	r1, [r4, #1]
10005d90:	f7ff f9b0 	bl	100050f4 <usbd_edpt_xfer>
10005d94:	2800      	cmp	r0, #0
10005d96:	d0f0      	beq.n	10005d7a <tu_edpt_stream_write_zlp_if_needed+0x46>
10005d98:	bdf8      	pop	{r3, r4, r5, r6, r7, pc}
10005d9a:	bf00      	nop

10005d9c <tu_edpt_stream_write_xfer>:
10005d9c:	b570      	push	{r4, r5, r6, lr}
10005d9e:	f101 0508 	add.w	r5, r1, #8
10005da2:	4606      	mov	r6, r0
10005da4:	4628      	mov	r0, r5
10005da6:	460c      	mov	r4, r1
10005da8:	f000 f8c8 	bl	10005f3c <tu_fifo_count>
10005dac:	b110      	cbz	r0, 10005db4 <tu_edpt_stream_write_xfer+0x18>
10005dae:	7823      	ldrb	r3, [r4, #0]
10005db0:	07d8      	lsls	r0, r3, #31
10005db2:	d501      	bpl.n	10005db8 <tu_edpt_stream_write_xfer+0x1c>
10005db4:	2000      	movs	r0, #0
10005db6:	bd70      	pop	{r4, r5, r6, pc}
10005db8:	4630      	mov	r0, r6
10005dba:	7861      	ldrb	r1, [r4, #1]
10005dbc:	f7ff f976 	bl	100050ac <usbd_edpt_claim>
10005dc0:	2800      	cmp	r0, #0
10005dc2:	d0f7      	beq.n	10005db4 <tu_edpt_stream_write_xfer+0x18>
10005dc4:	4628      	mov	r0, r5
10005dc6:	8862      	ldrh	r2, [r4, #2]
10005dc8:	6861      	ldr	r1, [r4, #4]
10005dca:	f000 f92d 	bl	10006028 <tu_fifo_read_n>
10005dce:	7823      	ldrb	r3, [r4, #0]
10005dd0:	4605      	mov	r5, r0
10005dd2:	b148      	cbz	r0, 10005de8 <tu_edpt_stream_write_xfer+0x4c>
10005dd4:	07d9      	lsls	r1, r3, #31
10005dd6:	d50e      	bpl.n	10005df6 <tu_edpt_stream_write_xfer+0x5a>
10005dd8:	f04f 23e0 	mov.w	r3, #3758153728	@ 0xe000e000
10005ddc:	f8d3 3df0 	ldr.w	r3, [r3, #3568]	@ 0xdf0
10005de0:	07da      	lsls	r2, r3, #31
10005de2:	d5e7      	bpl.n	10005db4 <tu_edpt_stream_write_xfer+0x18>
10005de4:	be00      	bkpt	0x0000
10005de6:	e7e5      	b.n	10005db4 <tu_edpt_stream_write_xfer+0x18>
10005de8:	07db      	lsls	r3, r3, #31
10005dea:	d4e3      	bmi.n	10005db4 <tu_edpt_stream_write_xfer+0x18>
10005dec:	4630      	mov	r0, r6
10005dee:	7861      	ldrb	r1, [r4, #1]
10005df0:	f7ff f96e 	bl	100050d0 <usbd_edpt_release>
10005df4:	e7de      	b.n	10005db4 <tu_edpt_stream_write_xfer+0x18>
10005df6:	4603      	mov	r3, r0
10005df8:	6862      	ldr	r2, [r4, #4]
10005dfa:	4630      	mov	r0, r6
10005dfc:	7861      	ldrb	r1, [r4, #1]
10005dfe:	f7ff f979 	bl	100050f4 <usbd_edpt_xfer>
10005e02:	2800      	cmp	r0, #0
10005e04:	d0e8      	beq.n	10005dd8 <tu_edpt_stream_write_xfer+0x3c>
10005e06:	4628      	mov	r0, r5
10005e08:	bd70      	pop	{r4, r5, r6, pc}
10005e0a:	bf00      	nop

10005e0c <tu_edpt_stream_read_xfer>:
10005e0c:	898a      	ldrh	r2, [r1, #12]
10005e0e:	e92d 41f0 	stmdb	sp!, {r4, r5, r6, r7, r8, lr}
10005e12:	780b      	ldrb	r3, [r1, #0]
10005e14:	460c      	mov	r4, r1
10005e16:	4605      	mov	r5, r0
10005e18:	b98a      	cbnz	r2, 10005e3e <tu_edpt_stream_read_xfer+0x32>
10005e1a:	07df      	lsls	r7, r3, #31
10005e1c:	d425      	bmi.n	10005e6a <tu_edpt_stream_read_xfer+0x5e>
10005e1e:	7849      	ldrb	r1, [r1, #1]
10005e20:	f7ff f944 	bl	100050ac <usbd_edpt_claim>
10005e24:	b308      	cbz	r0, 10005e6a <tu_edpt_stream_read_xfer+0x5e>
10005e26:	7822      	ldrb	r2, [r4, #0]
10005e28:	8863      	ldrh	r3, [r4, #2]
10005e2a:	07d6      	lsls	r6, r2, #31
10005e2c:	d53f      	bpl.n	10005eae <tu_edpt_stream_read_xfer+0xa2>
10005e2e:	f04f 23e0 	mov.w	r3, #3758153728	@ 0xe000e000
10005e32:	f8d3 3df0 	ldr.w	r3, [r3, #3568]	@ 0xdf0
10005e36:	07da      	lsls	r2, r3, #31
10005e38:	d517      	bpl.n	10005e6a <tu_edpt_stream_read_xfer+0x5e>
10005e3a:	be00      	bkpt	0x0000
10005e3c:	e015      	b.n	10005e6a <tu_edpt_stream_read_xfer+0x5e>
10005e3e:	f003 0302 	and.w	r3, r3, #2
10005e42:	f101 0808 	add.w	r8, r1, #8
10005e46:	2b00      	cmp	r3, #0
10005e48:	4640      	mov	r0, r8
10005e4a:	bf0c      	ite	eq
10005e4c:	2740      	moveq	r7, #64	@ 0x40
10005e4e:	f44f 7700 	movne.w	r7, #512	@ 0x200
10005e52:	f64f 76c0 	movw	r6, #65472	@ 0xffc0
10005e56:	bf18      	it	ne
10005e58:	f44f 467e 	movne.w	r6, #65024	@ 0xfe00
10005e5c:	f000 f888 	bl	10005f70 <tu_fifo_remaining>
10005e60:	4287      	cmp	r7, r0
10005e62:	d802      	bhi.n	10005e6a <tu_edpt_stream_read_xfer+0x5e>
10005e64:	7823      	ldrb	r3, [r4, #0]
10005e66:	07d8      	lsls	r0, r3, #31
10005e68:	d502      	bpl.n	10005e70 <tu_edpt_stream_read_xfer+0x64>
10005e6a:	2000      	movs	r0, #0
10005e6c:	e8bd 81f0 	ldmia.w	sp!, {r4, r5, r6, r7, r8, pc}
10005e70:	4628      	mov	r0, r5
10005e72:	7861      	ldrb	r1, [r4, #1]
10005e74:	f7ff f91a 	bl	100050ac <usbd_edpt_claim>
10005e78:	2800      	cmp	r0, #0
10005e7a:	d0f6      	beq.n	10005e6a <tu_edpt_stream_read_xfer+0x5e>
10005e7c:	4640      	mov	r0, r8
10005e7e:	f000 f877 	bl	10005f70 <tu_fifo_remaining>
10005e82:	4287      	cmp	r7, r0
10005e84:	d81f      	bhi.n	10005ec6 <tu_edpt_stream_read_xfer+0xba>
10005e86:	7823      	ldrb	r3, [r4, #0]
10005e88:	8862      	ldrh	r2, [r4, #2]
10005e8a:	07d9      	lsls	r1, r3, #31
10005e8c:	d4cf      	bmi.n	10005e2e <tu_edpt_stream_read_xfer+0x22>
10005e8e:	4030      	ands	r0, r6
10005e90:	4290      	cmp	r0, r2
10005e92:	bf28      	it	cs
10005e94:	4610      	movcs	r0, r2
10005e96:	7861      	ldrb	r1, [r4, #1]
10005e98:	4606      	mov	r6, r0
10005e9a:	b1e0      	cbz	r0, 10005ed6 <tu_edpt_stream_read_xfer+0xca>
10005e9c:	6862      	ldr	r2, [r4, #4]
10005e9e:	4633      	mov	r3, r6
10005ea0:	4628      	mov	r0, r5
10005ea2:	f7ff f927 	bl	100050f4 <usbd_edpt_xfer>
10005ea6:	2800      	cmp	r0, #0
10005ea8:	d0c1      	beq.n	10005e2e <tu_edpt_stream_read_xfer+0x22>
10005eaa:	4630      	mov	r0, r6
10005eac:	e7de      	b.n	10005e6c <tu_edpt_stream_read_xfer+0x60>
10005eae:	7861      	ldrb	r1, [r4, #1]
10005eb0:	b13b      	cbz	r3, 10005ec2 <tu_edpt_stream_read_xfer+0xb6>
10005eb2:	6862      	ldr	r2, [r4, #4]
10005eb4:	4628      	mov	r0, r5
10005eb6:	f7ff f91d 	bl	100050f4 <usbd_edpt_xfer>
10005eba:	2800      	cmp	r0, #0
10005ebc:	d0b7      	beq.n	10005e2e <tu_edpt_stream_read_xfer+0x22>
10005ebe:	8860      	ldrh	r0, [r4, #2]
10005ec0:	e7d4      	b.n	10005e6c <tu_edpt_stream_read_xfer+0x60>
10005ec2:	461a      	mov	r2, r3
10005ec4:	e7f6      	b.n	10005eb4 <tu_edpt_stream_read_xfer+0xa8>
10005ec6:	7823      	ldrb	r3, [r4, #0]
10005ec8:	07db      	lsls	r3, r3, #31
10005eca:	d4ce      	bmi.n	10005e6a <tu_edpt_stream_read_xfer+0x5e>
10005ecc:	4628      	mov	r0, r5
10005ece:	7861      	ldrb	r1, [r4, #1]
10005ed0:	f7ff f8fe 	bl	100050d0 <usbd_edpt_release>
10005ed4:	e7c9      	b.n	10005e6a <tu_edpt_stream_read_xfer+0x5e>
10005ed6:	4602      	mov	r2, r0
10005ed8:	e7e1      	b.n	10005e9e <tu_edpt_stream_read_xfer+0x92>
10005eda:	bf00      	nop

10005edc <tu_fifo_config>:
10005edc:	e92d 41f0 	stmdb	sp!, {r4, r5, r6, r7, r8, lr}
10005ee0:	f5b2 4f00 	cmp.w	r2, #32768	@ 0x8000
10005ee4:	f89d 8018 	ldrb.w	r8, [sp, #24]
10005ee8:	d824      	bhi.n	10005f34 <tu_fifo_config+0x58>
10005eea:	4604      	mov	r4, r0
10005eec:	68c0      	ldr	r0, [r0, #12]
10005eee:	4617      	mov	r7, r2
10005ef0:	460e      	mov	r6, r1
10005ef2:	461d      	mov	r5, r3
10005ef4:	b118      	cbz	r0, 10005efe <tu_fifo_config+0x22>
10005ef6:	f04f 31ff 	mov.w	r1, #4294967295	@ 0xffffffff
10005efa:	f004 f909 	bl	1000a110 <__mutex_enter_timeout_ms_veneer>
10005efe:	6920      	ldr	r0, [r4, #16]
10005f00:	b118      	cbz	r0, 10005f0a <tu_fifo_config+0x2e>
10005f02:	f04f 31ff 	mov.w	r1, #4294967295	@ 0xffffffff
10005f06:	f004 f903 	bl	1000a110 <__mutex_enter_timeout_ms_veneer>
10005f0a:	2200      	movs	r2, #0
10005f0c:	f3c5 030e 	ubfx	r3, r5, #0, #15
10005f10:	68e0      	ldr	r0, [r4, #12]
10005f12:	ea43 33c8 	orr.w	r3, r3, r8, lsl #15
10005f16:	8162      	strh	r2, [r4, #10]
10005f18:	6026      	str	r6, [r4, #0]
10005f1a:	80a7      	strh	r7, [r4, #4]
10005f1c:	80e3      	strh	r3, [r4, #6]
10005f1e:	8122      	strh	r2, [r4, #8]
10005f20:	b108      	cbz	r0, 10005f26 <tu_fifo_config+0x4a>
10005f22:	f004 f901 	bl	1000a128 <__mutex_exit_veneer>
10005f26:	6920      	ldr	r0, [r4, #16]
10005f28:	b108      	cbz	r0, 10005f2e <tu_fifo_config+0x52>
10005f2a:	f004 f8fd 	bl	1000a128 <__mutex_exit_veneer>
10005f2e:	2001      	movs	r0, #1
10005f30:	e8bd 81f0 	ldmia.w	sp!, {r4, r5, r6, r7, r8, pc}
10005f34:	2000      	movs	r0, #0
10005f36:	e8bd 81f0 	ldmia.w	sp!, {r4, r5, r6, r7, r8, pc}
10005f3a:	bf00      	nop

10005f3c <tu_fifo_count>:
10005f3c:	8903      	ldrh	r3, [r0, #8]
10005f3e:	8942      	ldrh	r2, [r0, #10]
10005f40:	b29b      	uxth	r3, r3
10005f42:	b292      	uxth	r2, r2
10005f44:	8880      	ldrh	r0, [r0, #4]
10005f46:	4293      	cmp	r3, r2
10005f48:	bf36      	itet	cc
10005f4a:	ebc2 0240 	rsbcc	r2, r2, r0, lsl #1
10005f4e:	1a9b      	subcs	r3, r3, r2
10005f50:	189b      	addcc	r3, r3, r2
10005f52:	b29b      	uxth	r3, r3
10005f54:	4298      	cmp	r0, r3
10005f56:	bf28      	it	cs
10005f58:	4618      	movcs	r0, r3
10005f5a:	4770      	bx	lr

10005f5c <tu_fifo_empty>:
10005f5c:	8902      	ldrh	r2, [r0, #8]
10005f5e:	8943      	ldrh	r3, [r0, #10]
10005f60:	b290      	uxth	r0, r2
10005f62:	b29b      	uxth	r3, r3
10005f64:	1ac0      	subs	r0, r0, r3
10005f66:	fab0 f080 	clz	r0, r0
10005f6a:	0940      	lsrs	r0, r0, #5
10005f6c:	4770      	bx	lr
10005f6e:	bf00      	nop

10005f70 <tu_fifo_remaining>:
10005f70:	8903      	ldrh	r3, [r0, #8]
10005f72:	8942      	ldrh	r2, [r0, #10]
10005f74:	b29b      	uxth	r3, r3
10005f76:	8880      	ldrh	r0, [r0, #4]
10005f78:	b292      	uxth	r2, r2
10005f7a:	4293      	cmp	r3, r2
10005f7c:	bf36      	itet	cc
10005f7e:	ebc2 0240 	rsbcc	r2, r2, r0, lsl #1
10005f82:	1a9b      	subcs	r3, r3, r2
10005f84:	189b      	addcc	r3, r3, r2
10005f86:	b29b      	uxth	r3, r3
10005f88:	4298      	cmp	r0, r3
10005f8a:	bf86      	itte	hi
10005f8c:	1ac0      	subhi	r0, r0, r3
10005f8e:	b280      	uxthhi	r0, r0
10005f90:	2000      	movls	r0, #0
10005f92:	4770      	bx	lr

10005f94 <tu_fifo_read>:
10005f94:	b538      	push	{r3, r4, r5, lr}
10005f96:	4604      	mov	r4, r0
10005f98:	6900      	ldr	r0, [r0, #16]
10005f9a:	460d      	mov	r5, r1
10005f9c:	b118      	cbz	r0, 10005fa6 <tu_fifo_read+0x12>
10005f9e:	f04f 31ff 	mov.w	r1, #4294967295	@ 0xffffffff
10005fa2:	f004 f8b5 	bl	1000a110 <__mutex_enter_timeout_ms_veneer>
10005fa6:	8921      	ldrh	r1, [r4, #8]
10005fa8:	8963      	ldrh	r3, [r4, #10]
10005faa:	b289      	uxth	r1, r1
10005fac:	b29b      	uxth	r3, r3
10005fae:	88a2      	ldrh	r2, [r4, #4]
10005fb0:	4299      	cmp	r1, r3
10005fb2:	bf36      	itet	cc
10005fb4:	ebc3 0042 	rsbcc	r0, r3, r2, lsl #1
10005fb8:	1ac8      	subcs	r0, r1, r3
10005fba:	1840      	addcc	r0, r0, r1
10005fbc:	b280      	uxth	r0, r0
10005fbe:	b350      	cbz	r0, 10006016 <tu_fifo_read+0x82>
10005fc0:	4282      	cmp	r2, r0
10005fc2:	d209      	bcs.n	10005fd8 <tu_fifo_read+0x44>
10005fc4:	4291      	cmp	r1, r2
10005fc6:	bf2c      	ite	cs
10005fc8:	1a89      	subcs	r1, r1, r2
10005fca:	1889      	addcc	r1, r1, r2
10005fcc:	b28b      	uxth	r3, r1
10005fce:	429a      	cmp	r2, r3
10005fd0:	8163      	strh	r3, [r4, #10]
10005fd2:	d803      	bhi.n	10005fdc <tu_fifo_read+0x48>
10005fd4:	1a9b      	subs	r3, r3, r2
10005fd6:	b29b      	uxth	r3, r3
10005fd8:	429a      	cmp	r2, r3
10005fda:	d9fb      	bls.n	10005fd4 <tu_fifo_read+0x40>
10005fdc:	88e2      	ldrh	r2, [r4, #6]
10005fde:	6821      	ldr	r1, [r4, #0]
10005fe0:	f3c2 020e 	ubfx	r2, r2, #0, #15
10005fe4:	fb02 1103 	mla	r1, r2, r3, r1
10005fe8:	4628      	mov	r0, r5
10005fea:	f003 ff93 	bl	10009f14 <memcpy>
10005fee:	8961      	ldrh	r1, [r4, #10]
10005ff0:	2501      	movs	r5, #1
10005ff2:	b289      	uxth	r1, r1
10005ff4:	1c4b      	adds	r3, r1, #1
10005ff6:	b29b      	uxth	r3, r3
10005ff8:	4299      	cmp	r1, r3
10005ffa:	88a2      	ldrh	r2, [r4, #4]
10005ffc:	d90e      	bls.n	1000601c <tu_fifo_read+0x88>
10005ffe:	2300      	movs	r3, #0
10006000:	fa02 f105 	lsl.w	r1, r2, r5
10006004:	1a5b      	subs	r3, r3, r1
10006006:	b29b      	uxth	r3, r3
10006008:	6920      	ldr	r0, [r4, #16]
1000600a:	8163      	strh	r3, [r4, #10]
1000600c:	b108      	cbz	r0, 10006012 <tu_fifo_read+0x7e>
1000600e:	f004 f88b 	bl	1000a128 <__mutex_exit_veneer>
10006012:	4628      	mov	r0, r5
10006014:	bd38      	pop	{r3, r4, r5, pc}
10006016:	4605      	mov	r5, r0
10006018:	8963      	ldrh	r3, [r4, #10]
1000601a:	b29b      	uxth	r3, r3
1000601c:	ebb3 0f42 	cmp.w	r3, r2, lsl #1
10006020:	ea4f 0142 	mov.w	r1, r2, lsl #1
10006024:	dbf0      	blt.n	10006008 <tu_fifo_read+0x74>
10006026:	e7ed      	b.n	10006004 <tu_fifo_read+0x70>

10006028 <tu_fifo_read_n>:
10006028:	e92d 47f0 	stmdb	sp!, {r4, r5, r6, r7, r8, r9, sl, lr}
1000602c:	4606      	mov	r6, r0
1000602e:	6900      	ldr	r0, [r0, #16]
10006030:	4688      	mov	r8, r1
10006032:	4691      	mov	r9, r2
10006034:	b118      	cbz	r0, 1000603e <tu_fifo_read_n+0x16>
10006036:	f04f 31ff 	mov.w	r1, #4294967295	@ 0xffffffff
1000603a:	f004 f869 	bl	1000a110 <__mutex_enter_timeout_ms_veneer>
1000603e:	8933      	ldrh	r3, [r6, #8]
10006040:	8974      	ldrh	r4, [r6, #10]
10006042:	b29b      	uxth	r3, r3
10006044:	b2a4      	uxth	r4, r4
10006046:	88b5      	ldrh	r5, [r6, #4]
10006048:	42a3      	cmp	r3, r4
1000604a:	bf36      	itet	cc
1000604c:	ebc4 0745 	rsbcc	r7, r4, r5, lsl #1
10006050:	1b1f      	subcs	r7, r3, r4
10006052:	18ff      	addcc	r7, r7, r3
10006054:	b2bf      	uxth	r7, r7
10006056:	2f00      	cmp	r7, #0
10006058:	d04a      	beq.n	100060f0 <tu_fifo_read_n+0xc8>
1000605a:	42bd      	cmp	r5, r7
1000605c:	d340      	bcc.n	100060e0 <tu_fifo_read_n+0xb8>
1000605e:	45b9      	cmp	r9, r7
10006060:	bf28      	it	cs
10006062:	46b9      	movcs	r9, r7
10006064:	42a5      	cmp	r5, r4
10006066:	fa1f f789 	uxth.w	r7, r9
1000606a:	d803      	bhi.n	10006074 <tu_fifo_read_n+0x4c>
1000606c:	1b64      	subs	r4, r4, r5
1000606e:	b2a4      	uxth	r4, r4
10006070:	42a5      	cmp	r5, r4
10006072:	d9fb      	bls.n	1000606c <tu_fifo_read_n+0x44>
10006074:	f8b6 a006 	ldrh.w	sl, [r6, #6]
10006078:	1b2b      	subs	r3, r5, r4
1000607a:	6831      	ldr	r1, [r6, #0]
1000607c:	b29b      	uxth	r3, r3
1000607e:	f3ca 020e 	ubfx	r2, sl, #0, #15
10006082:	429f      	cmp	r7, r3
10006084:	4692      	mov	sl, r2
10006086:	fb02 1104 	mla	r1, r2, r4, r1
1000608a:	d923      	bls.n	100060d4 <tu_fifo_read_n+0xac>
1000608c:	fb13 f302 	smulbb	r3, r3, r2
10006090:	fa1f f983 	uxth.w	r9, r3
10006094:	464a      	mov	r2, r9
10006096:	4640      	mov	r0, r8
10006098:	1b7d      	subs	r5, r7, r5
1000609a:	f003 ff3b 	bl	10009f14 <memcpy>
1000609e:	1962      	adds	r2, r4, r5
100060a0:	fb12 f20a 	smulbb	r2, r2, sl
100060a4:	6831      	ldr	r1, [r6, #0]
100060a6:	eb08 0009 	add.w	r0, r8, r9
100060aa:	b292      	uxth	r2, r2
100060ac:	f003 ff32 	bl	10009f14 <memcpy>
100060b0:	8972      	ldrh	r2, [r6, #10]
100060b2:	88b5      	ldrh	r5, [r6, #4]
100060b4:	b292      	uxth	r2, r2
100060b6:	19d3      	adds	r3, r2, r7
100060b8:	b29b      	uxth	r3, r3
100060ba:	429a      	cmp	r2, r3
100060bc:	d91a      	bls.n	100060f4 <tu_fifo_read_n+0xcc>
100060be:	006a      	lsls	r2, r5, #1
100060c0:	1a9b      	subs	r3, r3, r2
100060c2:	b29b      	uxth	r3, r3
100060c4:	6930      	ldr	r0, [r6, #16]
100060c6:	8173      	strh	r3, [r6, #10]
100060c8:	b108      	cbz	r0, 100060ce <tu_fifo_read_n+0xa6>
100060ca:	f004 f82d 	bl	1000a128 <__mutex_exit_veneer>
100060ce:	4638      	mov	r0, r7
100060d0:	e8bd 87f0 	ldmia.w	sp!, {r4, r5, r6, r7, r8, r9, sl, pc}
100060d4:	4640      	mov	r0, r8
100060d6:	fb07 f202 	mul.w	r2, r7, r2
100060da:	f003 ff1b 	bl	10009f14 <memcpy>
100060de:	e7e7      	b.n	100060b0 <tu_fifo_read_n+0x88>
100060e0:	42ab      	cmp	r3, r5
100060e2:	bf2c      	ite	cs
100060e4:	1b5b      	subcs	r3, r3, r5
100060e6:	195b      	addcc	r3, r3, r5
100060e8:	b29c      	uxth	r4, r3
100060ea:	462f      	mov	r7, r5
100060ec:	8174      	strh	r4, [r6, #10]
100060ee:	e7b6      	b.n	1000605e <tu_fifo_read_n+0x36>
100060f0:	8973      	ldrh	r3, [r6, #10]
100060f2:	b29b      	uxth	r3, r3
100060f4:	ebb3 0f45 	cmp.w	r3, r5, lsl #1
100060f8:	ea4f 0245 	mov.w	r2, r5, lsl #1
100060fc:	dbe2      	blt.n	100060c4 <tu_fifo_read_n+0x9c>
100060fe:	e7df      	b.n	100060c0 <tu_fifo_read_n+0x98>

10006100 <tu_fifo_write>:
10006100:	b5f8      	push	{r3, r4, r5, r6, r7, lr}
10006102:	4604      	mov	r4, r0
10006104:	68c0      	ldr	r0, [r0, #12]
10006106:	460e      	mov	r6, r1
10006108:	b118      	cbz	r0, 10006112 <tu_fifo_write+0x12>
1000610a:	f04f 31ff 	mov.w	r1, #4294967295	@ 0xffffffff
1000610e:	f003 ffff 	bl	1000a110 <__mutex_enter_timeout_ms_veneer>
10006112:	8925      	ldrh	r5, [r4, #8]
10006114:	8923      	ldrh	r3, [r4, #8]
10006116:	8961      	ldrh	r1, [r4, #10]
10006118:	b29b      	uxth	r3, r3
1000611a:	b289      	uxth	r1, r1
1000611c:	88a2      	ldrh	r2, [r4, #4]
1000611e:	428b      	cmp	r3, r1
10006120:	bf36      	itet	cc
10006122:	ebc1 0142 	rsbcc	r1, r1, r2, lsl #1
10006126:	1a5b      	subcs	r3, r3, r1
10006128:	185b      	addcc	r3, r3, r1
1000612a:	b29b      	uxth	r3, r3
1000612c:	429a      	cmp	r2, r3
1000612e:	b2ad      	uxth	r5, r5
10006130:	d808      	bhi.n	10006144 <tu_fifo_write+0x44>
10006132:	79e7      	ldrb	r7, [r4, #7]
10006134:	09ff      	lsrs	r7, r7, #7
10006136:	d105      	bne.n	10006144 <tu_fifo_write+0x44>
10006138:	68e0      	ldr	r0, [r4, #12]
1000613a:	b108      	cbz	r0, 10006140 <tu_fifo_write+0x40>
1000613c:	f003 fff4 	bl	1000a128 <__mutex_exit_veneer>
10006140:	4638      	mov	r0, r7
10006142:	bdf8      	pop	{r3, r4, r5, r6, r7, pc}
10006144:	4295      	cmp	r5, r2
10006146:	d319      	bcc.n	1000617c <tu_fifo_write+0x7c>
10006148:	462b      	mov	r3, r5
1000614a:	1a9b      	subs	r3, r3, r2
1000614c:	b29b      	uxth	r3, r3
1000614e:	4293      	cmp	r3, r2
10006150:	d2fb      	bcs.n	1000614a <tu_fifo_write+0x4a>
10006152:	88e2      	ldrh	r2, [r4, #6]
10006154:	6820      	ldr	r0, [r4, #0]
10006156:	f3c2 020e 	ubfx	r2, r2, #0, #15
1000615a:	fb02 0003 	mla	r0, r2, r3, r0
1000615e:	4631      	mov	r1, r6
10006160:	f003 fed8 	bl	10009f14 <memcpy>
10006164:	1c6b      	adds	r3, r5, #1
10006166:	b29b      	uxth	r3, r3
10006168:	429d      	cmp	r5, r3
1000616a:	88a2      	ldrh	r2, [r4, #4]
1000616c:	d912      	bls.n	10006194 <tu_fifo_write+0x94>
1000616e:	2300      	movs	r3, #0
10006170:	0051      	lsls	r1, r2, #1
10006172:	1a5b      	subs	r3, r3, r1
10006174:	b29b      	uxth	r3, r3
10006176:	2701      	movs	r7, #1
10006178:	8123      	strh	r3, [r4, #8]
1000617a:	e7dd      	b.n	10006138 <tu_fifo_write+0x38>
1000617c:	88e2      	ldrh	r2, [r4, #6]
1000617e:	6820      	ldr	r0, [r4, #0]
10006180:	f3c2 020e 	ubfx	r2, r2, #0, #15
10006184:	fb05 0002 	mla	r0, r5, r2, r0
10006188:	4631      	mov	r1, r6
1000618a:	f003 fec3 	bl	10009f14 <memcpy>
1000618e:	3501      	adds	r5, #1
10006190:	88a2      	ldrh	r2, [r4, #4]
10006192:	b2ab      	uxth	r3, r5
10006194:	ebb3 0f42 	cmp.w	r3, r2, lsl #1
10006198:	ea4f 0142 	mov.w	r1, r2, lsl #1
1000619c:	dbeb      	blt.n	10006176 <tu_fifo_write+0x76>
1000619e:	e7e8      	b.n	10006172 <tu_fifo_write+0x72>

100061a0 <tu_fifo_write_n>:
100061a0:	e92d 4ff0 	stmdb	sp!, {r4, r5, r6, r7, r8, r9, sl, fp, lr}
100061a4:	4616      	mov	r6, r2
100061a6:	b083      	sub	sp, #12
100061a8:	2a00      	cmp	r2, #0
100061aa:	d04c      	beq.n	10006246 <tu_fifo_write_n+0xa6>
100061ac:	4605      	mov	r5, r0
100061ae:	68c0      	ldr	r0, [r0, #12]
100061b0:	4688      	mov	r8, r1
100061b2:	b118      	cbz	r0, 100061bc <tu_fifo_write_n+0x1c>
100061b4:	f04f 31ff 	mov.w	r1, #4294967295	@ 0xffffffff
100061b8:	f003 ffaa 	bl	1000a110 <__mutex_enter_timeout_ms_veneer>
100061bc:	79ea      	ldrb	r2, [r5, #7]
100061be:	892f      	ldrh	r7, [r5, #8]
100061c0:	8969      	ldrh	r1, [r5, #10]
100061c2:	09d2      	lsrs	r2, r2, #7
100061c4:	88ab      	ldrh	r3, [r5, #4]
100061c6:	b2bf      	uxth	r7, r7
100061c8:	b289      	uxth	r1, r1
100061ca:	d140      	bne.n	1000624e <tu_fifo_write_n+0xae>
100061cc:	428f      	cmp	r7, r1
100061ce:	bf36      	itet	cc
100061d0:	ebc1 0143 	rsbcc	r1, r1, r3, lsl #1
100061d4:	1a79      	subcs	r1, r7, r1
100061d6:	19c9      	addcc	r1, r1, r7
100061d8:	b289      	uxth	r1, r1
100061da:	4299      	cmp	r1, r3
100061dc:	d241      	bcs.n	10006262 <tu_fifo_write_n+0xc2>
100061de:	1a59      	subs	r1, r3, r1
100061e0:	b289      	uxth	r1, r1
100061e2:	428e      	cmp	r6, r1
100061e4:	bf28      	it	cs
100061e6:	460e      	movcs	r6, r1
100061e8:	f8b5 a006 	ldrh.w	sl, [r5, #6]
100061ec:	eb07 0906 	add.w	r9, r7, r6
100061f0:	eba6 0b03 	sub.w	fp, r6, r3
100061f4:	f3ca 0a0e 	ubfx	sl, sl, #0, #15
100061f8:	fa1f f989 	uxth.w	r9, r9
100061fc:	fa1f fb8b 	uxth.w	fp, fp
10006200:	429f      	cmp	r7, r3
10006202:	463c      	mov	r4, r7
10006204:	d303      	bcc.n	1000620e <tu_fifo_write_n+0x6e>
10006206:	1ae4      	subs	r4, r4, r3
10006208:	b2a4      	uxth	r4, r4
1000620a:	429c      	cmp	r4, r3
1000620c:	d2fb      	bcs.n	10006206 <tu_fifo_write_n+0x66>
1000620e:	1b1b      	subs	r3, r3, r4
10006210:	6828      	ldr	r0, [r5, #0]
10006212:	b29b      	uxth	r3, r3
10006214:	42b3      	cmp	r3, r6
10006216:	fb0a 0004 	mla	r0, sl, r4, r0
1000621a:	d34b      	bcc.n	100062b4 <tu_fifo_write_n+0x114>
1000621c:	4641      	mov	r1, r8
1000621e:	fb0a f206 	mul.w	r2, sl, r6
10006222:	f003 fe77 	bl	10009f14 <memcpy>
10006226:	88aa      	ldrh	r2, [r5, #4]
10006228:	454f      	cmp	r7, r9
1000622a:	ea4f 0342 	mov.w	r3, r2, lsl #1
1000622e:	d802      	bhi.n	10006236 <tu_fifo_write_n+0x96>
10006230:	ebb9 0f42 	cmp.w	r9, r2, lsl #1
10006234:	db03      	blt.n	1000623e <tu_fifo_write_n+0x9e>
10006236:	eba9 0303 	sub.w	r3, r9, r3
1000623a:	fa1f f983 	uxth.w	r9, r3
1000623e:	68e8      	ldr	r0, [r5, #12]
10006240:	f8a5 9008 	strh.w	r9, [r5, #8]
10006244:	b988      	cbnz	r0, 1000626a <tu_fifo_write_n+0xca>
10006246:	4630      	mov	r0, r6
10006248:	b003      	add	sp, #12
1000624a:	e8bd 8ff0 	ldmia.w	sp!, {r4, r5, r6, r7, r8, r9, sl, fp, pc}
1000624e:	f8b5 a006 	ldrh.w	sl, [r5, #6]
10006252:	429e      	cmp	r6, r3
10006254:	f3ca 0a0e 	ubfx	sl, sl, #0, #15
10006258:	d30d      	bcc.n	10006276 <tu_fifo_write_n+0xd6>
1000625a:	2b00      	cmp	r3, #0
1000625c:	d13f      	bne.n	100062de <tu_fifo_write_n+0x13e>
1000625e:	461e      	mov	r6, r3
10006260:	e000      	b.n	10006264 <tu_fifo_write_n+0xc4>
10006262:	2600      	movs	r6, #0
10006264:	68e8      	ldr	r0, [r5, #12]
10006266:	2800      	cmp	r0, #0
10006268:	d0ed      	beq.n	10006246 <tu_fifo_write_n+0xa6>
1000626a:	f003 ff5d 	bl	1000a128 <__mutex_exit_veneer>
1000626e:	4630      	mov	r0, r6
10006270:	b003      	add	sp, #12
10006272:	e8bd 8ff0 	ldmia.w	sp!, {r4, r5, r6, r7, r8, r9, sl, fp, pc}
10006276:	428f      	cmp	r7, r1
10006278:	bf36      	itet	cc
1000627a:	ebc1 0243 	rsbcc	r2, r1, r3, lsl #1
1000627e:	1a7a      	subcs	r2, r7, r1
10006280:	19d2      	addcc	r2, r2, r7
10006282:	b292      	uxth	r2, r2
10006284:	0058      	lsls	r0, r3, #1
10006286:	4432      	add	r2, r6
10006288:	eba6 0b03 	sub.w	fp, r6, r3
1000628c:	4282      	cmp	r2, r0
1000628e:	fa1f fb8b 	uxth.w	fp, fp
10006292:	db0a      	blt.n	100062aa <tu_fifo_write_n+0x10a>
10006294:	eb01 0903 	add.w	r9, r1, r3
10006298:	fa1f f989 	uxth.w	r9, r9
1000629c:	eba9 0706 	sub.w	r7, r9, r6
100062a0:	b2bf      	uxth	r7, r7
100062a2:	42b9      	cmp	r1, r7
100062a4:	d918      	bls.n	100062d8 <tu_fifo_write_n+0x138>
100062a6:	1a38      	subs	r0, r7, r0
100062a8:	b287      	uxth	r7, r0
100062aa:	eb06 0907 	add.w	r9, r6, r7
100062ae:	fa1f f989 	uxth.w	r9, r9
100062b2:	e7a5      	b.n	10006200 <tu_fifo_write_n+0x60>
100062b4:	fb13 f30a 	smulbb	r3, r3, sl
100062b8:	445c      	add	r4, fp
100062ba:	fb14 f40a 	smulbb	r4, r4, sl
100062be:	b29a      	uxth	r2, r3
100062c0:	4641      	mov	r1, r8
100062c2:	9201      	str	r2, [sp, #4]
100062c4:	f003 fe26 	bl	10009f14 <memcpy>
100062c8:	9a01      	ldr	r2, [sp, #4]
100062ca:	6828      	ldr	r0, [r5, #0]
100062cc:	eb08 0102 	add.w	r1, r8, r2
100062d0:	b2a2      	uxth	r2, r4
100062d2:	f003 fe1f 	bl	10009f14 <memcpy>
100062d6:	e7a6      	b.n	10006226 <tu_fifo_write_n+0x86>
100062d8:	42b8      	cmp	r0, r7
100062da:	dc91      	bgt.n	10006200 <tu_fifo_write_n+0x60>
100062dc:	e7e3      	b.n	100062a6 <tu_fifo_write_n+0x106>
100062de:	1af6      	subs	r6, r6, r3
100062e0:	eb01 0903 	add.w	r9, r1, r3
100062e4:	fb0a 8806 	mla	r8, sl, r6, r8
100062e8:	460f      	mov	r7, r1
100062ea:	461e      	mov	r6, r3
100062ec:	f04f 0b00 	mov.w	fp, #0
100062f0:	fa1f f989 	uxth.w	r9, r9
100062f4:	e784      	b.n	10006200 <tu_fifo_write_n+0x60>
100062f6:	bf00      	nop

100062f8 <tu_fifo_clear>:
100062f8:	b510      	push	{r4, lr}
100062fa:	4604      	mov	r4, r0
100062fc:	68c0      	ldr	r0, [r0, #12]
100062fe:	b118      	cbz	r0, 10006308 <tu_fifo_clear+0x10>
10006300:	f04f 31ff 	mov.w	r1, #4294967295	@ 0xffffffff
10006304:	f003 ff04 	bl	1000a110 <__mutex_enter_timeout_ms_veneer>
10006308:	6920      	ldr	r0, [r4, #16]
1000630a:	b118      	cbz	r0, 10006314 <tu_fifo_clear+0x1c>
1000630c:	f04f 31ff 	mov.w	r1, #4294967295	@ 0xffffffff
10006310:	f003 fefe 	bl	1000a110 <__mutex_enter_timeout_ms_veneer>
10006314:	2300      	movs	r3, #0
10006316:	68e0      	ldr	r0, [r4, #12]
10006318:	8163      	strh	r3, [r4, #10]
1000631a:	8123      	strh	r3, [r4, #8]
1000631c:	b108      	cbz	r0, 10006322 <tu_fifo_clear+0x2a>
1000631e:	f003 ff03 	bl	1000a128 <__mutex_exit_veneer>
10006322:	6920      	ldr	r0, [r4, #16]
10006324:	b108      	cbz	r0, 1000632a <tu_fifo_clear+0x32>
10006326:	f003 feff 	bl	1000a128 <__mutex_exit_veneer>
1000632a:	2001      	movs	r0, #1
1000632c:	bd10      	pop	{r4, pc}
1000632e:	bf00      	nop

10006330 <tu_fifo_set_overwritable>:
10006330:	b538      	push	{r3, r4, r5, lr}
10006332:	4604      	mov	r4, r0
10006334:	68c0      	ldr	r0, [r0, #12]
10006336:	460d      	mov	r5, r1
10006338:	b118      	cbz	r0, 10006342 <tu_fifo_set_overwritable+0x12>
1000633a:	f04f 31ff 	mov.w	r1, #4294967295	@ 0xffffffff
1000633e:	f003 fee7 	bl	1000a110 <__mutex_enter_timeout_ms_veneer>
10006342:	6920      	ldr	r0, [r4, #16]
10006344:	b118      	cbz	r0, 1000634e <tu_fifo_set_overwritable+0x1e>
10006346:	f04f 31ff 	mov.w	r1, #4294967295	@ 0xffffffff
1000634a:	f003 fee1 	bl	1000a110 <__mutex_enter_timeout_ms_veneer>
1000634e:	79e3      	ldrb	r3, [r4, #7]
10006350:	68e0      	ldr	r0, [r4, #12]
10006352:	f365 13c7 	bfi	r3, r5, #7, #1
10006356:	71e3      	strb	r3, [r4, #7]
10006358:	b108      	cbz	r0, 1000635e <tu_fifo_set_overwritable+0x2e>
1000635a:	f003 fee5 	bl	1000a128 <__mutex_exit_veneer>
1000635e:	6920      	ldr	r0, [r4, #16]
10006360:	b108      	cbz	r0, 10006366 <tu_fifo_set_overwritable+0x36>
10006362:	f003 fee1 	bl	1000a128 <__mutex_exit_veneer>
10006366:	2001      	movs	r0, #1
10006368:	bd38      	pop	{r3, r4, r5, pc}
1000636a:	bf00      	nop

1000636c <spi_init>:
1000636c:	e92d 4ff8 	stmdb	sp!, {r3, r4, r5, r6, r7, r8, r9, sl, fp, lr}
10006370:	4b37      	ldr	r3, [pc, #220]	@ (10006450 <spi_init+0xe4>)
10006372:	4607      	mov	r7, r0
10006374:	4298      	cmp	r0, r3
10006376:	bf14      	ite	ne
10006378:	f44f 2300 	movne.w	r3, #524288	@ 0x80000
1000637c:	f44f 2380 	moveq.w	r3, #262144	@ 0x40000
10006380:	460e      	mov	r6, r1
10006382:	4d34      	ldr	r5, [pc, #208]	@ (10006454 <spi_init+0xe8>)
10006384:	4c34      	ldr	r4, [pc, #208]	@ (10006458 <spi_init+0xec>)
10006386:	4a35      	ldr	r2, [pc, #212]	@ (1000645c <spi_init+0xf0>)
10006388:	602b      	str	r3, [r5, #0]
1000638a:	6023      	str	r3, [r4, #0]
1000638c:	6894      	ldr	r4, [r2, #8]
1000638e:	ea33 0404 	bics.w	r4, r3, r4
10006392:	d1fb      	bne.n	1000638c <spi_init+0x20>
10006394:	2006      	movs	r0, #6
10006396:	f7fb fbef 	bl	10001b78 <clock_get_hz>
1000639a:	4639      	mov	r1, r7
1000639c:	2302      	movs	r3, #2
1000639e:	f851 2f04 	ldr.w	r2, [r1, #4]!
100063a2:	ea4f 2e46 	mov.w	lr, r6, lsl #9
100063a6:	ea4f 5bd6 	mov.w	fp, r6, lsr #23
100063aa:	4570      	cmp	r0, lr
100063ac:	ea02 0803 	and.w	r8, r2, r3
100063b0:	f501 5940 	add.w	r9, r1, #12288	@ 0x3000
100063b4:	eb74 020b 	sbcs.w	r2, r4, fp
100063b8:	f8c9 3000 	str.w	r3, [r9]
100063bc:	d311      	bcc.n	100063e2 <spi_init+0x76>
100063be:	ea4f 5c96 	mov.w	ip, r6, lsr #22
100063c2:	02b2      	lsls	r2, r6, #10
100063c4:	e001      	b.n	100063ca <spi_init+0x5e>
100063c6:	4652      	mov	r2, sl
100063c8:	46ac      	mov	ip, r5
100063ca:	3302      	adds	r3, #2
100063cc:	f5b3 7f80 	cmp.w	r3, #256	@ 0x100
100063d0:	d007      	beq.n	100063e2 <spi_init+0x76>
100063d2:	eb1e 0a02 	adds.w	sl, lr, r2
100063d6:	eb4b 050c 	adc.w	r5, fp, ip
100063da:	4290      	cmp	r0, r2
100063dc:	eb74 0c0c 	sbcs.w	ip, r4, ip
100063e0:	d2f1      	bcs.n	100063c6 <spi_init+0x5a>
100063e2:	f44f 7280 	mov.w	r2, #256	@ 0x100
100063e6:	ebc3 2403 	rsb	r4, r3, r3, lsl #8
100063ea:	4694      	mov	ip, r2
100063ec:	3a01      	subs	r2, #1
100063ee:	d02d      	beq.n	1000644c <spi_init+0xe0>
100063f0:	fbb0 f5f4 	udiv	r5, r0, r4
100063f4:	42ae      	cmp	r6, r5
100063f6:	eba4 0403 	sub.w	r4, r4, r3
100063fa:	d2f6      	bcs.n	100063ea <spi_init+0x7e>
100063fc:	fb0c fc03 	mul.w	ip, ip, r3
10006400:	0212      	lsls	r2, r2, #8
10006402:	2402      	movs	r4, #2
10006404:	613b      	str	r3, [r7, #16]
10006406:	463b      	mov	r3, r7
10006408:	2503      	movs	r5, #3
1000640a:	683e      	ldr	r6, [r7, #0]
1000640c:	f501 5100 	add.w	r1, r1, #8192	@ 0x2000
10006410:	4072      	eors	r2, r6
10006412:	fbb0 f0fc 	udiv	r0, r0, ip
10006416:	f402 427f 	and.w	r2, r2, #65280	@ 0xff00
1000641a:	f507 5c80 	add.w	ip, r7, #4096	@ 0x1000
1000641e:	f8cc 2000 	str.w	r2, [ip]
10006422:	f8c1 8000 	str.w	r8, [r1]
10006426:	687e      	ldr	r6, [r7, #4]
10006428:	f8c9 4000 	str.w	r4, [r9]
1000642c:	f853 2b24 	ldr.w	r2, [r3], #36
10006430:	4026      	ands	r6, r4
10006432:	f082 0207 	eor.w	r2, r2, #7
10006436:	f002 02cf 	and.w	r2, r2, #207	@ 0xcf
1000643a:	f503 5300 	add.w	r3, r3, #8192	@ 0x2000
1000643e:	f8cc 2000 	str.w	r2, [ip]
10006442:	600e      	str	r6, [r1, #0]
10006444:	601d      	str	r5, [r3, #0]
10006446:	600c      	str	r4, [r1, #0]
10006448:	e8bd 8ff8 	ldmia.w	sp!, {r3, r4, r5, r6, r7, r8, r9, sl, fp, pc}
1000644c:	469c      	mov	ip, r3
1000644e:	e7d8      	b.n	10006402 <spi_init+0x96>
10006450:	40080000 	.word	0x40080000
10006454:	40022000 	.word	0x40022000
10006458:	40023000 	.word	0x40023000
1000645c:	40020000 	.word	0x40020000

10006460 <cyw43_arch_set_async_context>:
10006460:	4b01      	ldr	r3, [pc, #4]	@ (10006468 <cyw43_arch_set_async_context+0x8>)
10006462:	6018      	str	r0, [r3, #0]
10006464:	4770      	bx	lr
10006466:	bf00      	nop
10006468:	20002098 	.word	0x20002098

1000646c <cyw43_arch_gpio_put>:
1000646c:	4603      	mov	r3, r0
1000646e:	460a      	mov	r2, r1
10006470:	4801      	ldr	r0, [pc, #4]	@ (10006478 <cyw43_arch_gpio_put+0xc>)
10006472:	4619      	mov	r1, r3
10006474:	f002 be38 	b.w	100090e8 <cyw43_gpio_set>
10006478:	2000210c 	.word	0x2000210c

1000647c <cyw43_arch_async_context>:
1000647c:	4b01      	ldr	r3, [pc, #4]	@ (10006484 <cyw43_arch_async_context+0x8>)
1000647e:	6818      	ldr	r0, [r3, #0]
10006480:	4770      	bx	lr
10006482:	bf00      	nop
10006484:	20002098 	.word	0x20002098

10006488 <cyw43_arch_init>:
10006488:	b530      	push	{r4, r5, lr}
1000648a:	b083      	sub	sp, #12
1000648c:	f7ff fff6 	bl	1000647c <cyw43_arch_async_context>
10006490:	b130      	cbz	r0, 100064a0 <cyw43_arch_init+0x18>
10006492:	f003 f8a5 	bl	100095e0 <cyw43_driver_init>
10006496:	4604      	mov	r4, r0
10006498:	2000      	movs	r0, #0
1000649a:	b174      	cbz	r4, 100064ba <cyw43_arch_init+0x32>
1000649c:	b003      	add	sp, #12
1000649e:	bd30      	pop	{r4, r5, pc}
100064a0:	4668      	mov	r0, sp
100064a2:	f003 fafd 	bl	10009aa0 <async_context_threadsafe_background_default_config>
100064a6:	4669      	mov	r1, sp
100064a8:	480d      	ldr	r0, [pc, #52]	@ (100064e0 <cyw43_arch_init+0x58>)
100064aa:	f003 faff 	bl	10009aac <async_context_threadsafe_background_init>
100064ae:	b198      	cbz	r0, 100064d8 <cyw43_arch_init+0x50>
100064b0:	480b      	ldr	r0, [pc, #44]	@ (100064e0 <cyw43_arch_init+0x58>)
100064b2:	f7ff ffd5 	bl	10006460 <cyw43_arch_set_async_context>
100064b6:	480a      	ldr	r0, [pc, #40]	@ (100064e0 <cyw43_arch_init+0x58>)
100064b8:	e7eb      	b.n	10006492 <cyw43_arch_init+0xa>
100064ba:	f7ff ffdf 	bl	1000647c <cyw43_arch_async_context>
100064be:	4605      	mov	r5, r0
100064c0:	f003 f8aa 	bl	10009618 <cyw43_driver_deinit>
100064c4:	4b06      	ldr	r3, [pc, #24]	@ (100064e0 <cyw43_arch_init+0x58>)
100064c6:	429d      	cmp	r5, r3
100064c8:	d106      	bne.n	100064d8 <cyw43_arch_init+0x50>
100064ca:	682b      	ldr	r3, [r5, #0]
100064cc:	4628      	mov	r0, r5
100064ce:	6b5b      	ldr	r3, [r3, #52]	@ 0x34
100064d0:	4798      	blx	r3
100064d2:	4620      	mov	r0, r4
100064d4:	f7ff ffc4 	bl	10006460 <cyw43_arch_set_async_context>
100064d8:	f04f 30ff 	mov.w	r0, #4294967295	@ 0xffffffff
100064dc:	e7de      	b.n	1000649c <cyw43_arch_init+0x14>
100064de:	bf00      	nop
100064e0:	200016e0 	.word	0x200016e0

100064e4 <ns_delay.constprop.0>:
100064e4:	b508      	push	{r3, lr}
100064e6:	2005      	movs	r0, #5
100064e8:	f7fb fb46 	bl	10001b78 <clock_get_hz>
100064ec:	2164      	movs	r1, #100	@ 0x64
100064ee:	0c03      	lsrs	r3, r0, #16
100064f0:	fb01 f303 	mul.w	r3, r1, r3
100064f4:	4a03      	ldr	r2, [pc, #12]	@ (10006504 <ns_delay.constprop.0+0x20>)
100064f6:	085b      	lsrs	r3, r3, #1
100064f8:	fba2 2303 	umull	r2, r3, r2, r3
100064fc:	0a1b      	lsrs	r3, r3, #8
100064fe:	3b03      	subs	r3, #3
10006500:	d2fd      	bcs.n	100064fe <ns_delay.constprop.0+0x1a>
10006502:	bd08      	pop	{r3, pc}
10006504:	08972311 	.word	0x08972311

10006508 <cyw43_spi_deinit>:
10006508:	b538      	push	{r3, r4, r5, lr}
1000650a:	f8d0 484c 	ldr.w	r4, [r0, #2124]	@ 0x84c
1000650e:	b1a4      	cbz	r4, 1000653a <cyw43_spi_deinit+0x32>
10006510:	6821      	ldr	r1, [r4, #0]
10006512:	4605      	mov	r5, r0
10006514:	b131      	cbz	r1, 10006524 <cyw43_spi_deinit+0x1c>
10006516:	e9d4 3201 	ldrd	r3, r2, [r4, #4]
1000651a:	4815      	ldr	r0, [pc, #84]	@ (10006570 <cyw43_spi_deinit+0x68>)
1000651c:	f002 ff68 	bl	100093f0 <pio_remove_program_and_unclaim_sm>
10006520:	2300      	movs	r3, #0
10006522:	6023      	str	r3, [r4, #0]
10006524:	f994 000c 	ldrsb.w	r0, [r4, #12]
10006528:	2800      	cmp	r0, #0
1000652a:	da13      	bge.n	10006554 <cyw43_spi_deinit+0x4c>
1000652c:	f994 000d 	ldrsb.w	r0, [r4, #13]
10006530:	2800      	cmp	r0, #0
10006532:	da03      	bge.n	1000653c <cyw43_spi_deinit+0x34>
10006534:	2300      	movs	r3, #0
10006536:	f8c5 384c 	str.w	r3, [r5, #2124]	@ 0x84c
1000653a:	bd38      	pop	{r3, r4, r5, pc}
1000653c:	f002 ff94 	bl	10009468 <dma_channel_cleanup>
10006540:	f994 000d 	ldrsb.w	r0, [r4, #13]
10006544:	f002 ff7a 	bl	1000943c <dma_channel_unclaim>
10006548:	23ff      	movs	r3, #255	@ 0xff
1000654a:	7363      	strb	r3, [r4, #13]
1000654c:	2300      	movs	r3, #0
1000654e:	f8c5 384c 	str.w	r3, [r5, #2124]	@ 0x84c
10006552:	e7f2      	b.n	1000653a <cyw43_spi_deinit+0x32>
10006554:	f002 ff88 	bl	10009468 <dma_channel_cleanup>
10006558:	f994 000c 	ldrsb.w	r0, [r4, #12]
1000655c:	f002 ff6e 	bl	1000943c <dma_channel_unclaim>
10006560:	23ff      	movs	r3, #255	@ 0xff
10006562:	f994 000d 	ldrsb.w	r0, [r4, #13]
10006566:	7323      	strb	r3, [r4, #12]
10006568:	2800      	cmp	r0, #0
1000656a:	dbe3      	blt.n	10006534 <cyw43_spi_deinit+0x2c>
1000656c:	e7e6      	b.n	1000653c <cyw43_spi_deinit+0x34>
1000656e:	bf00      	nop
10006570:	1000aa8c 	.word	0x1000aa8c

10006574 <cyw43_spi_init>:
10006574:	2306      	movs	r3, #6
10006576:	e92d 4ff0 	stmdb	sp!, {r4, r5, r6, r7, r8, r9, sl, fp, lr}
1000657a:	b087      	sub	sp, #28
1000657c:	9301      	str	r3, [sp, #4]
1000657e:	2601      	movs	r6, #1
10006580:	f64f 73ff 	movw	r3, #65535	@ 0xffff
10006584:	f04f 0818 	mov.w	r8, #24
10006588:	2500      	movs	r5, #0
1000658a:	4c3f      	ldr	r4, [pc, #252]	@ (10006688 <cyw43_spi_init+0x114>)
1000658c:	9602      	str	r6, [sp, #8]
1000658e:	f8cd 8000 	str.w	r8, [sp]
10006592:	4681      	mov	r9, r0
10006594:	81a3      	strh	r3, [r4, #12]
10006596:	f8c0 484c 	str.w	r4, [r0, #2124]	@ 0x84c
1000659a:	4621      	mov	r1, r4
1000659c:	483b      	ldr	r0, [pc, #236]	@ (1000668c <cyw43_spi_init+0x118>)
1000659e:	6025      	str	r5, [r4, #0]
100065a0:	1d23      	adds	r3, r4, #4
100065a2:	f104 0208 	add.w	r2, r4, #8
100065a6:	f002 fe65 	bl	10009274 <pio_claim_free_sm_and_add_program_for_gpio_range>
100065aa:	2800      	cmp	r0, #0
100065ac:	d066      	beq.n	1000667c <cyw43_spi_init+0x108>
100065ae:	e9d4 3101 	ldrd	r3, r1, [r4, #4]
100065b2:	4837      	ldr	r0, [pc, #220]	@ (10006690 <cyw43_spi_init+0x11c>)
100065b4:	f103 0c05 	add.w	ip, r3, #5
100065b8:	6f82      	ldr	r2, [r0, #120]	@ 0x78
100065ba:	01db      	lsls	r3, r3, #7
100065bc:	43d2      	mvns	r2, r2
100065be:	4f35      	ldr	r7, [pc, #212]	@ (10006694 <cyw43_spi_init+0x120>)
100065c0:	ea43 330c 	orr.w	r3, r3, ip, lsl #12
100065c4:	f023 43c0 	bic.w	r3, r3, #1610612736	@ 0x60000000
100065c8:	f002 0230 	and.w	r2, r2, #48	@ 0x30
100065cc:	9305      	str	r3, [sp, #20]
100065ce:	67ba      	str	r2, [r7, #120]	@ 0x78
100065d0:	6f80      	ldr	r0, [r0, #120]	@ 0x78
100065d2:	f44f 3b00 	mov.w	fp, #131072	@ 0x20000
100065d6:	43c0      	mvns	r0, r0
100065d8:	f44f 3a40 	mov.w	sl, #196608	@ 0x30000
100065dc:	f000 0001 	and.w	r0, r0, #1
100065e0:	67b8      	str	r0, [r7, #120]	@ 0x78
100065e2:	6820      	ldr	r0, [r4, #0]
100065e4:	eb01 0c41 	add.w	ip, r1, r1, lsl #1
100065e8:	f8d0 7168 	ldr.w	r7, [r0, #360]	@ 0x168
100065ec:	f500 5e00 	add.w	lr, r0, #8192	@ 0x2000
100065f0:	f1c7 0718 	rsb	r7, r7, #24
100065f4:	fa06 f707 	lsl.w	r7, r6, r7
100065f8:	f8ce 7038 	str.w	r7, [lr, #56]	@ 0x38
100065fc:	9f05      	ldr	r7, [sp, #20]
100065fe:	eb00 0ccc 	add.w	ip, r0, ip, lsl #3
10006602:	f8cc b0c8 	str.w	fp, [ip, #200]	@ 0xc8
10006606:	f8cc a0d0 	str.w	sl, [ip, #208]	@ 0xd0
1000660a:	f8cc 70cc 	str.w	r7, [ip, #204]	@ 0xcc
1000660e:	4f22      	ldr	r7, [pc, #136]	@ (10006698 <cyw43_spi_init+0x124>)
10006610:	4633      	mov	r3, r6
10006612:	f8cc 70dc 	str.w	r7, [ip, #220]	@ 0xdc
10006616:	221d      	movs	r2, #29
10006618:	9600      	str	r6, [sp, #0]
1000661a:	f002 fde5 	bl	100091e8 <pio_sm_set_consecutive_pindirs>
1000661e:	6821      	ldr	r1, [r4, #0]
10006620:	4640      	mov	r0, r8
10006622:	f101 412f 	add.w	r1, r1, #2936012800	@ 0xaf000000
10006626:	f501 0160 	add.w	r1, r1, #14680064	@ 0xe00000
1000662a:	0d09      	lsrs	r1, r1, #20
1000662c:	3106      	adds	r1, #6
1000662e:	b2c9      	uxtb	r1, r1
10006630:	f7fa f8a4 	bl	1000077c <gpio_set_function>
10006634:	4632      	mov	r2, r6
10006636:	4629      	mov	r1, r5
10006638:	4640      	mov	r0, r8
1000663a:	f7fa f8bd 	bl	100007b8 <gpio_set_pulls>
1000663e:	4631      	mov	r1, r6
10006640:	4640      	mov	r0, r8
10006642:	f7fa f8cd 	bl	100007e0 <gpio_set_input_hysteresis_enabled>
10006646:	f24e 0101 	movw	r1, #57345	@ 0xe001
1000664a:	68a3      	ldr	r3, [r4, #8]
1000664c:	6822      	ldr	r2, [r4, #0]
1000664e:	eb03 0343 	add.w	r3, r3, r3, lsl #1
10006652:	eb02 02c3 	add.w	r2, r2, r3, lsl #3
10006656:	f8c2 10d8 	str.w	r1, [r2, #216]	@ 0xd8
1000665a:	4628      	mov	r0, r5
1000665c:	f002 fef4 	bl	10009448 <dma_claim_unused_channel>
10006660:	7320      	strb	r0, [r4, #12]
10006662:	4628      	mov	r0, r5
10006664:	f002 fef0 	bl	10009448 <dma_claim_unused_channel>
10006668:	7b23      	ldrb	r3, [r4, #12]
1000666a:	b240      	sxtb	r0, r0
1000666c:	7360      	strb	r0, [r4, #13]
1000666e:	4318      	orrs	r0, r3
10006670:	0603      	lsls	r3, r0, #24
10006672:	d403      	bmi.n	1000667c <cyw43_spi_init+0x108>
10006674:	4628      	mov	r0, r5
10006676:	b007      	add	sp, #28
10006678:	e8bd 8ff0 	ldmia.w	sp!, {r4, r5, r6, r7, r8, r9, sl, fp, pc}
1000667c:	4648      	mov	r0, r9
1000667e:	f7ff ff43 	bl	10006508 <cyw43_spi_deinit>
10006682:	f06f 0005 	mvn.w	r0, #5
10006686:	e7f6      	b.n	10006676 <cyw43_spi_init+0x102>
10006688:	200020b4 	.word	0x200020b4
1000668c:	1000aa8c 	.word	0x1000aa8c
10006690:	40038000 	.word	0x40038000
10006694:	40039000 	.word	0x40039000
10006698:	241c7718 	.word	0x241c7718

1000669c <cyw43_spi_transfer>:
1000669c:	e92d 4ff0 	stmdb	sp!, {r4, r5, r6, r7, r8, r9, sl, fp, lr}
100066a0:	b087      	sub	sp, #28
100066a2:	4616      	mov	r6, r2
100066a4:	461f      	mov	r7, r3
100066a6:	9103      	str	r1, [sp, #12]
100066a8:	2900      	cmp	r1, #0
100066aa:	f000 8119 	beq.w	100068e0 <cyw43_spi_transfer+0x244>
100066ae:	f8d0 484c 	ldr.w	r4, [r0, #2124]	@ 0x84c
100066b2:	2018      	movs	r0, #24
100066b4:	6821      	ldr	r1, [r4, #0]
100066b6:	f101 412f 	add.w	r1, r1, #2936012800	@ 0xaf000000
100066ba:	f501 0160 	add.w	r1, r1, #14680064	@ 0xe00000
100066be:	0d09      	lsrs	r1, r1, #20
100066c0:	3106      	adds	r1, #6
100066c2:	b2c9      	uxtb	r1, r1
100066c4:	f7fa f85a 	bl	1000077c <gpio_set_function>
100066c8:	6821      	ldr	r1, [r4, #0]
100066ca:	201d      	movs	r0, #29
100066cc:	f101 412f 	add.w	r1, r1, #2936012800	@ 0xaf000000
100066d0:	f501 0160 	add.w	r1, r1, #14680064	@ 0xe00000
100066d4:	0d09      	lsrs	r1, r1, #20
100066d6:	3106      	adds	r1, #6
100066d8:	b2c9      	uxtb	r1, r1
100066da:	f7fa f84f 	bl	1000077c <gpio_set_function>
100066de:	2201      	movs	r2, #1
100066e0:	2100      	movs	r1, #0
100066e2:	201d      	movs	r0, #29
100066e4:	f7fa f868 	bl	100007b8 <gpio_set_pulls>
100066e8:	2319      	movs	r3, #25
100066ea:	f04f 0200 	mov.w	r2, #0
100066ee:	ec42 3040 	gpioc_bit_out_put r3, r2
100066f2:	9b03      	ldr	r3, [sp, #12]
100066f4:	2f00      	cmp	r7, #0
100066f6:	f000 80f9 	beq.w	100068ec <cyw43_spi_transfer+0x250>
100066fa:	f04f 0801 	mov.w	r8, #1
100066fe:	2b00      	cmp	r3, #0
10006700:	bf08      	it	eq
10006702:	463b      	moveq	r3, r7
10006704:	f04f 4c00 	mov.w	ip, #2147483648	@ 0x80000000
10006708:	6820      	ldr	r0, [r4, #0]
1000670a:	68a1      	ldr	r1, [r4, #8]
1000670c:	f8d0 b000 	ldr.w	fp, [r0]
10006710:	fa08 f201 	lsl.w	r2, r8, r1
10006714:	ea2b 0202 	bic.w	r2, fp, r2
10006718:	9303      	str	r3, [sp, #12]
1000671a:	eb01 0341 	add.w	r3, r1, r1, lsl #1
1000671e:	f8d4 9004 	ldr.w	r9, [r4, #4]
10006722:	eb00 0ec3 	add.w	lr, r0, r3, lsl #3
10006726:	6002      	str	r2, [r0, #0]
10006728:	f8de 20cc 	ldr.w	r2, [lr, #204]	@ 0xcc
1000672c:	f109 0a05 	add.w	sl, r9, #5
10006730:	f36f 12d0 	bfc	r2, #7, #10
10006734:	ea42 320a 	orr.w	r2, r2, sl, lsl #12
10006738:	f50e 5386 	add.w	r3, lr, #4288	@ 0x10c0
1000673c:	ea42 12c9 	orr.w	r2, r2, r9, lsl #7
10006740:	f8ce 20cc 	str.w	r2, [lr, #204]	@ 0xcc
10006744:	f8c3 c010 	str.w	ip, [r3, #16]
10006748:	f04f 7280 	mov.w	r2, #16777216	@ 0x1000000
1000674c:	f8c3 c010 	str.w	ip, [r3, #16]
10006750:	2300      	movs	r3, #0
10006752:	e9cd 2300 	strd	r2, r3, [sp]
10006756:	f002 fd13 	bl	10009180 <pio_sm_set_pindirs_with_mask64>
1000675a:	e9d4 3100 	ldrd	r3, r1, [r4]
1000675e:	9810      	ldr	r0, [sp, #64]	@ 0x40
10006760:	f001 011f 	and.w	r1, r1, #31
10006764:	9105      	str	r1, [sp, #20]
10006766:	1b81      	subs	r1, r0, r6
10006768:	68a2      	ldr	r2, [r4, #8]
1000676a:	00c9      	lsls	r1, r1, #3
1000676c:	1e48      	subs	r0, r1, #1
1000676e:	4601      	mov	r1, r0
10006770:	1d10      	adds	r0, r2, #4
10006772:	9004      	str	r0, [sp, #16]
10006774:	eb02 0042 	add.w	r0, r2, r2, lsl #1
10006778:	eb03 05c0 	add.w	r5, r3, r0, lsl #3
1000677c:	1d10      	adds	r0, r2, #4
1000677e:	f503 5a00 	add.w	sl, r3, #8192	@ 0x2000
10006782:	fa08 f000 	lsl.w	r0, r8, r0
10006786:	f8ca 0000 	str.w	r0, [sl]
1000678a:	f246 0020 	movw	r0, #24608	@ 0x6020
1000678e:	f102 0e08 	add.w	lr, r2, #8
10006792:	ea4f 0cc6 	mov.w	ip, r6, lsl #3
10006796:	eb03 0982 	add.w	r9, r3, r2, lsl #2
1000679a:	fa08 fe0e 	lsl.w	lr, r8, lr
1000679e:	f10c 3cff 	add.w	ip, ip, #4294967295	@ 0xffffffff
100067a2:	f8ca e000 	str.w	lr, [sl]
100067a6:	f8c9 c010 	str.w	ip, [r9, #16]
100067aa:	f8c5 00d8 	str.w	r0, [r5, #216]	@ 0xd8
100067ae:	f246 0040 	movw	r0, #24640	@ 0x6040
100067b2:	f04f 4ba0 	mov.w	fp, #1342177280	@ 0x50000000
100067b6:	f8c9 1010 	str.w	r1, [r9, #16]
100067ba:	9905      	ldr	r1, [sp, #20]
100067bc:	f8c5 00d8 	str.w	r0, [r5, #216]	@ 0xd8
100067c0:	f8c5 10d8 	str.w	r1, [r5, #216]	@ 0xd8
100067c4:	f994 900c 	ldrsb.w	r9, [r4, #12]
100067c8:	e9dd 5103 	ldrd	r5, r1, [sp, #12]
100067cc:	fa08 f009 	lsl.w	r0, r8, r9
100067d0:	ea4f 1e89 	mov.w	lr, r9, lsl #6
100067d4:	f8cb 0464 	str.w	r0, [fp, #1124]	@ 0x464
100067d8:	eb0e 0c0b 	add.w	ip, lr, fp
100067dc:	f8dc 000c 	ldr.w	r0, [ip, #12]
100067e0:	0140      	lsls	r0, r0, #5
100067e2:	d4fb      	bmi.n	100067dc <cyw43_spi_transfer+0x140>
100067e4:	f04f 0a01 	mov.w	sl, #1
100067e8:	f994 800d 	ldrsb.w	r8, [r4, #13]
100067ec:	9503      	str	r5, [sp, #12]
100067ee:	ea4f 1c88 	mov.w	ip, r8, lsl #6
100067f2:	fa0a fa08 	lsl.w	sl, sl, r8
100067f6:	f10c 40a0 	add.w	r0, ip, #1342177280	@ 0x50000000
100067fa:	f8cb a464 	str.w	sl, [fp, #1124]	@ 0x464
100067fe:	4682      	mov	sl, r0
10006800:	9d03      	ldr	r5, [sp, #12]
10006802:	f8da 000c 	ldr.w	r0, [sl, #12]
10006806:	0140      	lsls	r0, r0, #5
10006808:	d4fb      	bmi.n	10006802 <cyw43_spi_transfer+0x166>
1000680a:	f10e 4ea0 	add.w	lr, lr, #1342177280	@ 0x50000000
1000680e:	f8ce 5000 	str.w	r5, [lr]
10006812:	9503      	str	r5, [sp, #12]
10006814:	2501      	movs	r5, #1
10006816:	f103 402f 	add.w	r0, r3, #2936012800	@ 0xaf000000
1000681a:	f8df a21c 	ldr.w	sl, [pc, #540]	@ 10006a38 <cyw43_spi_transfer+0x39c>
1000681e:	f500 0060 	add.w	r0, r0, #14680064	@ 0xe00000
10006822:	0d00      	lsrs	r0, r0, #20
10006824:	ea0a 3949 	and.w	r9, sl, r9, lsl #13
10006828:	ea0a 3a48 	and.w	sl, sl, r8, lsl #13
1000682c:	eb02 08c0 	add.w	r8, r2, r0, lsl #3
10006830:	ea49 4848 	orr.w	r8, r9, r8, lsl #17
10006834:	9104      	str	r1, [sp, #16]
10006836:	eb01 00c0 	add.w	r0, r1, r0, lsl #3
1000683a:	9910      	ldr	r1, [sp, #64]	@ 0x40
1000683c:	ea4a 4a40 	orr.w	sl, sl, r0, lsl #17
10006840:	f048 7080 	orr.w	r0, r8, #16777216	@ 0x1000000
10006844:	ea4f 0896 	mov.w	r8, r6, lsr #2
10006848:	ebc8 0991 	rsb	r9, r8, r1, lsr #2
1000684c:	9904      	ldr	r1, [sp, #16]
1000684e:	4095      	lsls	r5, r2
10006850:	f04a 7280 	orr.w	r2, sl, #16777216	@ 0x1000000
10006854:	eb03 0a81 	add.w	sl, r3, r1, lsl #2
10006858:	f10c 4ca0 	add.w	ip, ip, #1342177280	@ 0x50000000
1000685c:	f10a 0110 	add.w	r1, sl, #16
10006860:	f040 0019 	orr.w	r0, r0, #25
10006864:	f8ce a004 	str.w	sl, [lr, #4]
10006868:	f042 0249 	orr.w	r2, r2, #73	@ 0x49
1000686c:	f8ce 8008 	str.w	r8, [lr, #8]
10006870:	f8ce 000c 	str.w	r0, [lr, #12]
10006874:	f8cc 1000 	str.w	r1, [ip]
10006878:	19b9      	adds	r1, r7, r6
1000687a:	f8cc 1004 	str.w	r1, [ip, #4]
1000687e:	f8cc 9008 	str.w	r9, [ip, #8]
10006882:	f8cc 200c 	str.w	r2, [ip, #12]
10006886:	681a      	ldr	r2, [r3, #0]
10006888:	4315      	orrs	r5, r2
1000688a:	601d      	str	r5, [r3, #0]
1000688c:	f994 200c 	ldrsb.w	r2, [r4, #12]
10006890:	0192      	lsls	r2, r2, #6
10006892:	f102 42a0 	add.w	r2, r2, #1342177280	@ 0x50000000
10006896:	6913      	ldr	r3, [r2, #16]
10006898:	0158      	lsls	r0, r3, #5
1000689a:	d4fc      	bmi.n	10006896 <cyw43_spi_transfer+0x1fa>
1000689c:	f994 300d 	ldrsb.w	r3, [r4, #13]
100068a0:	019b      	lsls	r3, r3, #6
100068a2:	f103 43a0 	add.w	r3, r3, #1342177280	@ 0x50000000
100068a6:	6919      	ldr	r1, [r3, #16]
100068a8:	f011 6180 	ands.w	r1, r1, #67108864	@ 0x4000000
100068ac:	d1fb      	bne.n	100068a6 <cyw43_spi_transfer+0x20a>
100068ae:	4632      	mov	r2, r6
100068b0:	4638      	mov	r0, r7
100068b2:	f003 fa1d 	bl	10009cf0 <memset>
100068b6:	f24a 0003 	movw	r0, #40963	@ 0xa003
100068ba:	68a3      	ldr	r3, [r4, #8]
100068bc:	6822      	ldr	r2, [r4, #0]
100068be:	eb03 0343 	add.w	r3, r3, r3, lsl #1
100068c2:	eb02 03c3 	add.w	r3, r2, r3, lsl #3
100068c6:	f04f 0101 	mov.w	r1, #1
100068ca:	2219      	movs	r2, #25
100068cc:	f8c3 00d8 	str.w	r0, [r3, #216]	@ 0xd8
100068d0:	ec41 2040 	gpioc_bit_out_put r2, r1
100068d4:	f7ff fe06 	bl	100064e4 <ns_delay.constprop.0>
100068d8:	2000      	movs	r0, #0
100068da:	b007      	add	sp, #28
100068dc:	e8bd 8ff0 	ldmia.w	sp!, {r4, r5, r6, r7, r8, r9, sl, fp, pc}
100068e0:	2b00      	cmp	r3, #0
100068e2:	f47f aee4 	bne.w	100066ae <cyw43_spi_transfer+0x12>
100068e6:	f06f 0004 	mvn.w	r0, #4
100068ea:	e7f6      	b.n	100068da <cyw43_spi_transfer+0x23e>
100068ec:	2b00      	cmp	r3, #0
100068ee:	d0e2      	beq.n	100068b6 <cyw43_spi_transfer+0x21a>
100068f0:	f04f 0801 	mov.w	r8, #1
100068f4:	f04f 4c00 	mov.w	ip, #2147483648	@ 0x80000000
100068f8:	6820      	ldr	r0, [r4, #0]
100068fa:	68a1      	ldr	r1, [r4, #8]
100068fc:	f8d0 b000 	ldr.w	fp, [r0]
10006900:	fa08 f201 	lsl.w	r2, r8, r1
10006904:	eb01 0341 	add.w	r3, r1, r1, lsl #1
10006908:	ea2b 0202 	bic.w	r2, fp, r2
1000690c:	f8d4 9004 	ldr.w	r9, [r4, #4]
10006910:	eb00 0ec3 	add.w	lr, r0, r3, lsl #3
10006914:	6002      	str	r2, [r0, #0]
10006916:	f8de 20cc 	ldr.w	r2, [lr, #204]	@ 0xcc
1000691a:	eb09 0a08 	add.w	sl, r9, r8
1000691e:	f36f 12d0 	bfc	r2, #7, #10
10006922:	ea42 320a 	orr.w	r2, r2, sl, lsl #12
10006926:	f50e 5386 	add.w	r3, lr, #4288	@ 0x10c0
1000692a:	ea42 12c9 	orr.w	r2, r2, r9, lsl #7
1000692e:	f8ce 20cc 	str.w	r2, [lr, #204]	@ 0xcc
10006932:	f8c3 c010 	str.w	ip, [r3, #16]
10006936:	f04f 7280 	mov.w	r2, #16777216	@ 0x1000000
1000693a:	f8c3 c010 	str.w	ip, [r3, #16]
1000693e:	2300      	movs	r3, #0
10006940:	e9cd 2300 	strd	r2, r3, [sp]
10006944:	f002 fc1c 	bl	10009180 <pio_sm_set_pindirs_with_mask64>
10006948:	e9d4 3100 	ldrd	r3, r1, [r4]
1000694c:	68a2      	ldr	r2, [r4, #8]
1000694e:	f503 5a00 	add.w	sl, r3, #8192	@ 0x2000
10006952:	1d15      	adds	r5, r2, #4
10006954:	fa08 f005 	lsl.w	r0, r8, r5
10006958:	f8ca 0000 	str.w	r0, [sl]
1000695c:	f246 0020 	movw	r0, #24608	@ 0x6020
10006960:	f001 011f 	and.w	r1, r1, #31
10006964:	9104      	str	r1, [sp, #16]
10006966:	f102 0e08 	add.w	lr, r2, #8
1000696a:	ea4f 0cc6 	mov.w	ip, r6, lsl #3
1000696e:	eb02 0142 	add.w	r1, r2, r2, lsl #1
10006972:	eb03 01c1 	add.w	r1, r3, r1, lsl #3
10006976:	fa08 fe0e 	lsl.w	lr, r8, lr
1000697a:	f10c 3cff 	add.w	ip, ip, #4294967295	@ 0xffffffff
1000697e:	eb03 0982 	add.w	r9, r3, r2, lsl #2
10006982:	f8ca e000 	str.w	lr, [sl]
10006986:	f8c9 c010 	str.w	ip, [r9, #16]
1000698a:	f8c1 00d8 	str.w	r0, [r1, #216]	@ 0xd8
1000698e:	f246 0040 	movw	r0, #24640	@ 0x6040
10006992:	f04f 4ba0 	mov.w	fp, #1342177280	@ 0x50000000
10006996:	f8c9 7010 	str.w	r7, [r9, #16]
1000699a:	9f04      	ldr	r7, [sp, #16]
1000699c:	f8c1 00d8 	str.w	r0, [r1, #216]	@ 0xd8
100069a0:	f8c1 70d8 	str.w	r7, [r1, #216]	@ 0xd8
100069a4:	f994 c00c 	ldrsb.w	ip, [r4, #12]
100069a8:	4628      	mov	r0, r5
100069aa:	fa08 f10c 	lsl.w	r1, r8, ip
100069ae:	ea4f 1e8c 	mov.w	lr, ip, lsl #6
100069b2:	9d03      	ldr	r5, [sp, #12]
100069b4:	f8cb 1464 	str.w	r1, [fp, #1124]	@ 0x464
100069b8:	eb0e 070b 	add.w	r7, lr, fp
100069bc:	68f9      	ldr	r1, [r7, #12]
100069be:	0149      	lsls	r1, r1, #5
100069c0:	d4fc      	bmi.n	100069bc <cyw43_spi_transfer+0x320>
100069c2:	f10e 41a0 	add.w	r1, lr, #1342177280	@ 0x50000000
100069c6:	600d      	str	r5, [r1, #0]
100069c8:	9503      	str	r5, [sp, #12]
100069ca:	2501      	movs	r5, #1
100069cc:	eb03 0080 	add.w	r0, r3, r0, lsl #2
100069d0:	6048      	str	r0, [r1, #4]
100069d2:	f103 402f 	add.w	r0, r3, #2936012800	@ 0xaf000000
100069d6:	f500 0060 	add.w	r0, r0, #14680064	@ 0xe00000
100069da:	0d00      	lsrs	r0, r0, #20
100069dc:	eb02 00c0 	add.w	r0, r2, r0, lsl #3
100069e0:	4095      	lsls	r5, r2
100069e2:	4a15      	ldr	r2, [pc, #84]	@ (10006a38 <cyw43_spi_transfer+0x39c>)
100069e4:	08b6      	lsrs	r6, r6, #2
100069e6:	ea02 324c 	and.w	r2, r2, ip, lsl #13
100069ea:	ea42 4240 	orr.w	r2, r2, r0, lsl #17
100069ee:	f042 7280 	orr.w	r2, r2, #16777216	@ 0x1000000
100069f2:	f042 0219 	orr.w	r2, r2, #25
100069f6:	608e      	str	r6, [r1, #8]
100069f8:	60ca      	str	r2, [r1, #12]
100069fa:	681a      	ldr	r2, [r3, #0]
100069fc:	432a      	orrs	r2, r5
100069fe:	601a      	str	r2, [r3, #0]
10006a00:	690b      	ldr	r3, [r1, #16]
10006a02:	015b      	lsls	r3, r3, #5
10006a04:	d4fc      	bmi.n	10006a00 <cyw43_spi_transfer+0x364>
10006a06:	2201      	movs	r2, #1
10006a08:	68a3      	ldr	r3, [r4, #8]
10006a0a:	6821      	ldr	r1, [r4, #0]
10006a0c:	3318      	adds	r3, #24
10006a0e:	409a      	lsls	r2, r3
10006a10:	608a      	str	r2, [r1, #8]
10006a12:	688b      	ldr	r3, [r1, #8]
10006a14:	4213      	tst	r3, r2
10006a16:	d0fc      	beq.n	10006a12 <cyw43_spi_transfer+0x376>
10006a18:	2301      	movs	r3, #1
10006a1a:	2700      	movs	r7, #0
10006a1c:	6820      	ldr	r0, [r4, #0]
10006a1e:	68a1      	ldr	r1, [r4, #8]
10006a20:	6806      	ldr	r6, [r0, #0]
10006a22:	fa03 f501 	lsl.w	r5, r3, r1
10006a26:	ea26 0605 	bic.w	r6, r6, r5
10006a2a:	6006      	str	r6, [r0, #0]
10006a2c:	2218      	movs	r2, #24
10006a2e:	9700      	str	r7, [sp, #0]
10006a30:	f002 fbda 	bl	100091e8 <pio_sm_set_consecutive_pindirs>
10006a34:	e73f      	b.n	100068b6 <cyw43_spi_transfer+0x21a>
10006a36:	bf00      	nop
10006a38:	fc01fffd 	.word	0xfc01fffd

10006a3c <cyw43_spi_gpio_setup>:
10006a3c:	b510      	push	{r4, lr}
10006a3e:	2017      	movs	r0, #23
10006a40:	f7f9 ff3a 	bl	100008b8 <gpio_init>
10006a44:	2101      	movs	r1, #1
10006a46:	2017      	movs	r0, #23
10006a48:	460c      	mov	r4, r1
10006a4a:	ec41 0044 	gpioc_bit_oe_put r0, r1
10006a4e:	2200      	movs	r2, #0
10006a50:	f7f9 feb2 	bl	100007b8 <gpio_set_pulls>
10006a54:	2018      	movs	r0, #24
10006a56:	f7f9 ff2f 	bl	100008b8 <gpio_init>
10006a5a:	2318      	movs	r3, #24
10006a5c:	ec44 3044 	gpioc_bit_oe_put r3, r4
10006a60:	f04f 0200 	mov.w	r2, #0
10006a64:	ec42 3040 	gpioc_bit_out_put r3, r2
10006a68:	2019      	movs	r0, #25
10006a6a:	f7f9 ff25 	bl	100008b8 <gpio_init>
10006a6e:	2319      	movs	r3, #25
10006a70:	ec44 3044 	gpioc_bit_oe_put r3, r4
10006a74:	ec44 3040 	gpioc_bit_out_put r3, r4
10006a78:	bd10      	pop	{r4, pc}
10006a7a:	bf00      	nop

10006a7c <cyw43_spi_reset>:
10006a7c:	b538      	push	{r3, r4, r5, lr}
10006a7e:	2517      	movs	r5, #23
10006a80:	f04f 0400 	mov.w	r4, #0
10006a84:	ec44 5040 	gpioc_bit_out_put r5, r4
10006a88:	2014      	movs	r0, #20
10006a8a:	f002 fe43 	bl	10009714 <cyw43_delay_ms>
10006a8e:	f04f 0301 	mov.w	r3, #1
10006a92:	ec43 5040 	gpioc_bit_out_put r5, r3
10006a96:	20fa      	movs	r0, #250	@ 0xfa
10006a98:	f002 fe3c 	bl	10009714 <cyw43_delay_ms>
10006a9c:	2018      	movs	r0, #24
10006a9e:	f7f9 ff0b 	bl	100008b8 <gpio_init>
10006aa2:	2318      	movs	r3, #24
10006aa4:	ec44 3044 	gpioc_bit_oe_put r3, r4
10006aa8:	bd38      	pop	{r3, r4, r5, pc}
10006aaa:	bf00      	nop

10006aac <read_reg_u32_swap>:
10006aac:	b530      	push	{r4, r5, lr}
10006aae:	2308      	movs	r3, #8
10006ab0:	2500      	movs	r5, #0
10006ab2:	4c0c      	ldr	r4, [pc, #48]	@ (10006ae4 <read_reg_u32_swap+0x38>)
10006ab4:	b085      	sub	sp, #20
10006ab6:	ea04 24c2 	and.w	r4, r4, r2, lsl #11
10006aba:	ea44 7401 	orr.w	r4, r4, r1, lsl #28
10006abe:	9300      	str	r3, [sp, #0]
10006ac0:	f044 4480 	orr.w	r4, r4, #1073741824	@ 0x40000000
10006ac4:	2204      	movs	r2, #4
10006ac6:	4629      	mov	r1, r5
10006ac8:	446b      	add	r3, sp
10006aca:	f044 0404 	orr.w	r4, r4, #4
10006ace:	9503      	str	r5, [sp, #12]
10006ad0:	ba64      	rev16	r4, r4
10006ad2:	9402      	str	r4, [sp, #8]
10006ad4:	f7ff fde2 	bl	1000669c <cyw43_spi_transfer>
10006ad8:	b908      	cbnz	r0, 10006ade <read_reg_u32_swap+0x32>
10006ada:	9803      	ldr	r0, [sp, #12]
10006adc:	ba40      	rev16	r0, r0
10006ade:	b005      	add	sp, #20
10006ae0:	bd30      	pop	{r4, r5, pc}
10006ae2:	bf00      	nop
10006ae4:	0ffff800 	.word	0x0ffff800

10006ae8 <cyw43_read_reg_u32>:
10006ae8:	4694      	mov	ip, r2
10006aea:	b530      	push	{r4, r5, lr}
10006aec:	460d      	mov	r5, r1
10006aee:	2204      	movs	r2, #4
10006af0:	4c10      	ldr	r4, [pc, #64]	@ (10006b34 <cyw43_read_reg_u32+0x4c>)
10006af2:	b089      	sub	sp, #36	@ 0x24
10006af4:	ea04 24cc 	and.w	r4, r4, ip, lsl #11
10006af8:	ea44 7405 	orr.w	r4, r4, r5, lsl #28
10006afc:	f044 4480 	orr.w	r4, r4, #1073741824	@ 0x40000000
10006b00:	4314      	orrs	r4, r2
10006b02:	9402      	str	r4, [sp, #8]
10006b04:	f1a5 0401 	sub.w	r4, r5, #1
10006b08:	fab4 f484 	clz	r4, r4
10006b0c:	0964      	lsrs	r4, r4, #5
10006b0e:	4094      	lsls	r4, r2
10006b10:	3408      	adds	r4, #8
10006b12:	2100      	movs	r1, #0
10006b14:	ab02      	add	r3, sp, #8
10006b16:	9400      	str	r4, [sp, #0]
10006b18:	f7ff fdc0 	bl	1000669c <cyw43_spi_transfer>
10006b1c:	b940      	cbnz	r0, 10006b30 <cyw43_read_reg_u32+0x48>
10006b1e:	2d01      	cmp	r5, #1
10006b20:	bf14      	ite	ne
10006b22:	2301      	movne	r3, #1
10006b24:	2305      	moveq	r3, #5
10006b26:	aa08      	add	r2, sp, #32
10006b28:	eb02 0383 	add.w	r3, r2, r3, lsl #2
10006b2c:	f853 0c18 	ldr.w	r0, [r3, #-24]
10006b30:	b009      	add	sp, #36	@ 0x24
10006b32:	bd30      	pop	{r4, r5, pc}
10006b34:	0ffff800 	.word	0x0ffff800

10006b38 <cyw43_read_reg_u16>:
10006b38:	4694      	mov	ip, r2
10006b3a:	b530      	push	{r4, r5, lr}
10006b3c:	460d      	mov	r5, r1
10006b3e:	4c12      	ldr	r4, [pc, #72]	@ (10006b88 <cyw43_read_reg_u16+0x50>)
10006b40:	b089      	sub	sp, #36	@ 0x24
10006b42:	ea04 24cc 	and.w	r4, r4, ip, lsl #11
10006b46:	ea44 7405 	orr.w	r4, r4, r5, lsl #28
10006b4a:	f044 4480 	orr.w	r4, r4, #1073741824	@ 0x40000000
10006b4e:	f044 0402 	orr.w	r4, r4, #2
10006b52:	9402      	str	r4, [sp, #8]
10006b54:	f1a5 0401 	sub.w	r4, r5, #1
10006b58:	fab4 f484 	clz	r4, r4
10006b5c:	2204      	movs	r2, #4
10006b5e:	0964      	lsrs	r4, r4, #5
10006b60:	4094      	lsls	r4, r2
10006b62:	3408      	adds	r4, #8
10006b64:	2100      	movs	r1, #0
10006b66:	ab02      	add	r3, sp, #8
10006b68:	9400      	str	r4, [sp, #0]
10006b6a:	f7ff fd97 	bl	1000669c <cyw43_spi_transfer>
10006b6e:	b940      	cbnz	r0, 10006b82 <cyw43_read_reg_u16+0x4a>
10006b70:	2d01      	cmp	r5, #1
10006b72:	bf14      	ite	ne
10006b74:	2301      	movne	r3, #1
10006b76:	2305      	moveq	r3, #5
10006b78:	aa08      	add	r2, sp, #32
10006b7a:	eb02 0383 	add.w	r3, r2, r3, lsl #2
10006b7e:	f853 0c18 	ldr.w	r0, [r3, #-24]
10006b82:	b009      	add	sp, #36	@ 0x24
10006b84:	bd30      	pop	{r4, r5, pc}
10006b86:	bf00      	nop
10006b88:	0ffff800 	.word	0x0ffff800

10006b8c <cyw43_read_reg_u8>:
10006b8c:	4694      	mov	ip, r2
10006b8e:	b530      	push	{r4, r5, lr}
10006b90:	460d      	mov	r5, r1
10006b92:	4c12      	ldr	r4, [pc, #72]	@ (10006bdc <cyw43_read_reg_u8+0x50>)
10006b94:	b089      	sub	sp, #36	@ 0x24
10006b96:	ea04 24cc 	and.w	r4, r4, ip, lsl #11
10006b9a:	ea44 7405 	orr.w	r4, r4, r5, lsl #28
10006b9e:	f044 4480 	orr.w	r4, r4, #1073741824	@ 0x40000000
10006ba2:	f044 0401 	orr.w	r4, r4, #1
10006ba6:	9402      	str	r4, [sp, #8]
10006ba8:	f1a5 0401 	sub.w	r4, r5, #1
10006bac:	fab4 f484 	clz	r4, r4
10006bb0:	2204      	movs	r2, #4
10006bb2:	0964      	lsrs	r4, r4, #5
10006bb4:	4094      	lsls	r4, r2
10006bb6:	3408      	adds	r4, #8
10006bb8:	2100      	movs	r1, #0
10006bba:	ab02      	add	r3, sp, #8
10006bbc:	9400      	str	r4, [sp, #0]
10006bbe:	f7ff fd6d 	bl	1000669c <cyw43_spi_transfer>
10006bc2:	b940      	cbnz	r0, 10006bd6 <cyw43_read_reg_u8+0x4a>
10006bc4:	2d01      	cmp	r5, #1
10006bc6:	bf14      	ite	ne
10006bc8:	2301      	movne	r3, #1
10006bca:	2305      	moveq	r3, #5
10006bcc:	aa08      	add	r2, sp, #32
10006bce:	eb02 0383 	add.w	r3, r2, r3, lsl #2
10006bd2:	f853 0c18 	ldr.w	r0, [r3, #-24]
10006bd6:	b009      	add	sp, #36	@ 0x24
10006bd8:	bd30      	pop	{r4, r5, pc}
10006bda:	bf00      	nop
10006bdc:	0ffff800 	.word	0x0ffff800

10006be0 <write_reg_u32_swap>:
10006be0:	e92d 4ff0 	stmdb	sp!, {r4, r5, r6, r7, r8, r9, sl, fp, lr}
10006be4:	ba5b      	rev16	r3, r3
10006be6:	4604      	mov	r4, r0
10006be8:	4d6e      	ldr	r5, [pc, #440]	@ (10006da4 <write_reg_u32_swap+0x1c4>)
10006bea:	f8d4 484c 	ldr.w	r4, [r4, #2124]	@ 0x84c
10006bee:	ea05 25c2 	and.w	r5, r5, r2, lsl #11
10006bf2:	ea45 7501 	orr.w	r5, r5, r1, lsl #28
10006bf6:	6821      	ldr	r1, [r4, #0]
10006bf8:	b087      	sub	sp, #28
10006bfa:	f101 412f 	add.w	r1, r1, #2936012800	@ 0xaf000000
10006bfe:	f501 0160 	add.w	r1, r1, #14680064	@ 0xe00000
10006c02:	0d09      	lsrs	r1, r1, #20
10006c04:	3106      	adds	r1, #6
10006c06:	2018      	movs	r0, #24
10006c08:	f045 4240 	orr.w	r2, r5, #3221225472	@ 0xc0000000
10006c0c:	b2c9      	uxtb	r1, r1
10006c0e:	f042 0204 	orr.w	r2, r2, #4
10006c12:	ba52      	rev16	r2, r2
10006c14:	e9cd 2304 	strd	r2, r3, [sp, #16]
10006c18:	f7f9 fdb0 	bl	1000077c <gpio_set_function>
10006c1c:	6821      	ldr	r1, [r4, #0]
10006c1e:	201d      	movs	r0, #29
10006c20:	f101 412f 	add.w	r1, r1, #2936012800	@ 0xaf000000
10006c24:	f501 0160 	add.w	r1, r1, #14680064	@ 0xe00000
10006c28:	0d09      	lsrs	r1, r1, #20
10006c2a:	3106      	adds	r1, #6
10006c2c:	b2c9      	uxtb	r1, r1
10006c2e:	f7f9 fda5 	bl	1000077c <gpio_set_function>
10006c32:	2201      	movs	r2, #1
10006c34:	2100      	movs	r1, #0
10006c36:	201d      	movs	r0, #29
10006c38:	f7f9 fdbe 	bl	100007b8 <gpio_set_pulls>
10006c3c:	2700      	movs	r7, #0
10006c3e:	2319      	movs	r3, #25
10006c40:	ec47 3040 	gpioc_bit_out_put r3, r7
10006c44:	2501      	movs	r5, #1
10006c46:	f04f 4600 	mov.w	r6, #2147483648	@ 0x80000000
10006c4a:	6820      	ldr	r0, [r4, #0]
10006c4c:	68a1      	ldr	r1, [r4, #8]
10006c4e:	f8d0 9000 	ldr.w	r9, [r0]
10006c52:	fa05 f201 	lsl.w	r2, r5, r1
10006c56:	eb01 0341 	add.w	r3, r1, r1, lsl #1
10006c5a:	ea29 0202 	bic.w	r2, r9, r2
10006c5e:	f8d4 e004 	ldr.w	lr, [r4, #4]
10006c62:	eb00 0cc3 	add.w	ip, r0, r3, lsl #3
10006c66:	6002      	str	r2, [r0, #0]
10006c68:	f8dc 20cc 	ldr.w	r2, [ip, #204]	@ 0xcc
10006c6c:	eb0e 0805 	add.w	r8, lr, r5
10006c70:	f36f 12d0 	bfc	r2, #7, #10
10006c74:	ea42 3208 	orr.w	r2, r2, r8, lsl #12
10006c78:	f50c 5386 	add.w	r3, ip, #4288	@ 0x10c0
10006c7c:	ea42 12ce 	orr.w	r2, r2, lr, lsl #7
10006c80:	f8cc 20cc 	str.w	r2, [ip, #204]	@ 0xcc
10006c84:	611e      	str	r6, [r3, #16]
10006c86:	f04f 7280 	mov.w	r2, #16777216	@ 0x1000000
10006c8a:	611e      	str	r6, [r3, #16]
10006c8c:	2300      	movs	r3, #0
10006c8e:	f04f 0a3f 	mov.w	sl, #63	@ 0x3f
10006c92:	f246 0920 	movw	r9, #24608	@ 0x6020
10006c96:	e9cd 2300 	strd	r2, r3, [sp]
10006c9a:	f002 fa71 	bl	10009180 <pio_sm_set_pindirs_with_mask64>
10006c9e:	e9d4 3100 	ldrd	r3, r1, [r4]
10006ca2:	68a2      	ldr	r2, [r4, #8]
10006ca4:	f001 011f 	and.w	r1, r1, #31
10006ca8:	9103      	str	r1, [sp, #12]
10006caa:	1d10      	adds	r0, r2, #4
10006cac:	f102 0608 	add.w	r6, r2, #8
10006cb0:	eb02 0142 	add.w	r1, r2, r2, lsl #1
10006cb4:	fa05 f606 	lsl.w	r6, r5, r6
10006cb8:	eb03 01c1 	add.w	r1, r3, r1, lsl #3
10006cbc:	f503 5e00 	add.w	lr, r3, #8192	@ 0x2000
10006cc0:	eb03 0c82 	add.w	ip, r3, r2, lsl #2
10006cc4:	fa05 fb00 	lsl.w	fp, r5, r0
10006cc8:	f8ce b000 	str.w	fp, [lr]
10006ccc:	f8ce 6000 	str.w	r6, [lr]
10006cd0:	f8cc a010 	str.w	sl, [ip, #16]
10006cd4:	f8c1 90d8 	str.w	r9, [r1, #216]	@ 0xd8
10006cd8:	f8cc 7010 	str.w	r7, [ip, #16]
10006cdc:	f246 0740 	movw	r7, #24640	@ 0x6040
10006ce0:	f04f 48a0 	mov.w	r8, #1342177280	@ 0x50000000
10006ce4:	9e03      	ldr	r6, [sp, #12]
10006ce6:	f8c1 70d8 	str.w	r7, [r1, #216]	@ 0xd8
10006cea:	f8c1 60d8 	str.w	r6, [r1, #216]	@ 0xd8
10006cee:	f994 600c 	ldrsb.w	r6, [r4, #12]
10006cf2:	40b5      	lsls	r5, r6
10006cf4:	01b7      	lsls	r7, r6, #6
10006cf6:	f8c8 5464 	str.w	r5, [r8, #1124]	@ 0x464
10006cfa:	eb07 0508 	add.w	r5, r7, r8
10006cfe:	68e9      	ldr	r1, [r5, #12]
10006d00:	0149      	lsls	r1, r1, #5
10006d02:	d4fc      	bmi.n	10006cfe <write_reg_u32_swap+0x11e>
10006d04:	f04f 0c01 	mov.w	ip, #1
10006d08:	f107 41a0 	add.w	r1, r7, #1342177280	@ 0x50000000
10006d0c:	2702      	movs	r7, #2
10006d0e:	f103 452f 	add.w	r5, r3, #2936012800	@ 0xaf000000
10006d12:	f505 0560 	add.w	r5, r5, #14680064	@ 0xe00000
10006d16:	0d2d      	lsrs	r5, r5, #20
10006d18:	eb02 05c5 	add.w	r5, r2, r5, lsl #3
10006d1c:	fa0c fc02 	lsl.w	ip, ip, r2
10006d20:	4a21      	ldr	r2, [pc, #132]	@ (10006da8 <write_reg_u32_swap+0x1c8>)
10006d22:	eb03 0080 	add.w	r0, r3, r0, lsl #2
10006d26:	ea02 3246 	and.w	r2, r2, r6, lsl #13
10006d2a:	ea42 4245 	orr.w	r2, r2, r5, lsl #17
10006d2e:	f042 7280 	orr.w	r2, r2, #16777216	@ 0x1000000
10006d32:	f042 0219 	orr.w	r2, r2, #25
10006d36:	ad04      	add	r5, sp, #16
10006d38:	600d      	str	r5, [r1, #0]
10006d3a:	6048      	str	r0, [r1, #4]
10006d3c:	608f      	str	r7, [r1, #8]
10006d3e:	60ca      	str	r2, [r1, #12]
10006d40:	681a      	ldr	r2, [r3, #0]
10006d42:	ea4c 0202 	orr.w	r2, ip, r2
10006d46:	601a      	str	r2, [r3, #0]
10006d48:	690b      	ldr	r3, [r1, #16]
10006d4a:	015b      	lsls	r3, r3, #5
10006d4c:	d4fc      	bmi.n	10006d48 <write_reg_u32_swap+0x168>
10006d4e:	2201      	movs	r2, #1
10006d50:	68a3      	ldr	r3, [r4, #8]
10006d52:	6821      	ldr	r1, [r4, #0]
10006d54:	3318      	adds	r3, #24
10006d56:	409a      	lsls	r2, r3
10006d58:	608a      	str	r2, [r1, #8]
10006d5a:	688b      	ldr	r3, [r1, #8]
10006d5c:	421a      	tst	r2, r3
10006d5e:	d0fc      	beq.n	10006d5a <write_reg_u32_swap+0x17a>
10006d60:	2601      	movs	r6, #1
10006d62:	2700      	movs	r7, #0
10006d64:	6820      	ldr	r0, [r4, #0]
10006d66:	68a1      	ldr	r1, [r4, #8]
10006d68:	6803      	ldr	r3, [r0, #0]
10006d6a:	fa06 f501 	lsl.w	r5, r6, r1
10006d6e:	ea23 0305 	bic.w	r3, r3, r5
10006d72:	6003      	str	r3, [r0, #0]
10006d74:	2218      	movs	r2, #24
10006d76:	4633      	mov	r3, r6
10006d78:	9700      	str	r7, [sp, #0]
10006d7a:	f002 fa35 	bl	100091e8 <pio_sm_set_consecutive_pindirs>
10006d7e:	f24a 0003 	movw	r0, #40963	@ 0xa003
10006d82:	68a2      	ldr	r2, [r4, #8]
10006d84:	6823      	ldr	r3, [r4, #0]
10006d86:	eb02 0242 	add.w	r2, r2, r2, lsl #1
10006d8a:	eb03 03c2 	add.w	r3, r3, r2, lsl #3
10006d8e:	2119      	movs	r1, #25
10006d90:	f8c3 00d8 	str.w	r0, [r3, #216]	@ 0xd8
10006d94:	ec46 1040 	gpioc_bit_out_put r1, r6
10006d98:	f7ff fba4 	bl	100064e4 <ns_delay.constprop.0>
10006d9c:	4638      	mov	r0, r7
10006d9e:	b007      	add	sp, #28
10006da0:	e8bd 8ff0 	ldmia.w	sp!, {r4, r5, r6, r7, r8, r9, sl, fp, pc}
10006da4:	0ffff800 	.word	0x0ffff800
10006da8:	fc01fffd 	.word	0xfc01fffd

10006dac <cyw43_write_reg_u32>:
10006dac:	e92d 4ff0 	stmdb	sp!, {r4, r5, r6, r7, r8, r9, sl, fp, lr}
10006db0:	4604      	mov	r4, r0
10006db2:	4d6e      	ldr	r5, [pc, #440]	@ (10006f6c <cyw43_write_reg_u32+0x1c0>)
10006db4:	f8d4 484c 	ldr.w	r4, [r4, #2124]	@ 0x84c
10006db8:	ea05 25c2 	and.w	r5, r5, r2, lsl #11
10006dbc:	ea45 7501 	orr.w	r5, r5, r1, lsl #28
10006dc0:	6821      	ldr	r1, [r4, #0]
10006dc2:	f045 4540 	orr.w	r5, r5, #3221225472	@ 0xc0000000
10006dc6:	f101 412f 	add.w	r1, r1, #2936012800	@ 0xaf000000
10006dca:	f501 0160 	add.w	r1, r1, #14680064	@ 0xe00000
10006dce:	0d09      	lsrs	r1, r1, #20
10006dd0:	3106      	adds	r1, #6
10006dd2:	b087      	sub	sp, #28
10006dd4:	2018      	movs	r0, #24
10006dd6:	f045 0504 	orr.w	r5, r5, #4
10006dda:	b2c9      	uxtb	r1, r1
10006ddc:	e9cd 5304 	strd	r5, r3, [sp, #16]
10006de0:	f7f9 fccc 	bl	1000077c <gpio_set_function>
10006de4:	6821      	ldr	r1, [r4, #0]
10006de6:	201d      	movs	r0, #29
10006de8:	f101 412f 	add.w	r1, r1, #2936012800	@ 0xaf000000
10006dec:	f501 0160 	add.w	r1, r1, #14680064	@ 0xe00000
10006df0:	0d09      	lsrs	r1, r1, #20
10006df2:	3106      	adds	r1, #6
10006df4:	b2c9      	uxtb	r1, r1
10006df6:	f7f9 fcc1 	bl	1000077c <gpio_set_function>
10006dfa:	2201      	movs	r2, #1
10006dfc:	2100      	movs	r1, #0
10006dfe:	201d      	movs	r0, #29
10006e00:	f7f9 fcda 	bl	100007b8 <gpio_set_pulls>
10006e04:	2700      	movs	r7, #0
10006e06:	2319      	movs	r3, #25
10006e08:	ec47 3040 	gpioc_bit_out_put r3, r7
10006e0c:	2501      	movs	r5, #1
10006e0e:	f04f 4600 	mov.w	r6, #2147483648	@ 0x80000000
10006e12:	6820      	ldr	r0, [r4, #0]
10006e14:	68a1      	ldr	r1, [r4, #8]
10006e16:	f8d0 9000 	ldr.w	r9, [r0]
10006e1a:	fa05 f201 	lsl.w	r2, r5, r1
10006e1e:	eb01 0341 	add.w	r3, r1, r1, lsl #1
10006e22:	ea29 0202 	bic.w	r2, r9, r2
10006e26:	f8d4 e004 	ldr.w	lr, [r4, #4]
10006e2a:	eb00 0cc3 	add.w	ip, r0, r3, lsl #3
10006e2e:	6002      	str	r2, [r0, #0]
10006e30:	f8dc 20cc 	ldr.w	r2, [ip, #204]	@ 0xcc
10006e34:	eb0e 0805 	add.w	r8, lr, r5
10006e38:	f36f 12d0 	bfc	r2, #7, #10
10006e3c:	ea42 3208 	orr.w	r2, r2, r8, lsl #12
10006e40:	f50c 5386 	add.w	r3, ip, #4288	@ 0x10c0
10006e44:	ea42 12ce 	orr.w	r2, r2, lr, lsl #7
10006e48:	f8cc 20cc 	str.w	r2, [ip, #204]	@ 0xcc
10006e4c:	611e      	str	r6, [r3, #16]
10006e4e:	f04f 7280 	mov.w	r2, #16777216	@ 0x1000000
10006e52:	611e      	str	r6, [r3, #16]
10006e54:	2300      	movs	r3, #0
10006e56:	f04f 0a3f 	mov.w	sl, #63	@ 0x3f
10006e5a:	f246 0920 	movw	r9, #24608	@ 0x6020
10006e5e:	e9cd 2300 	strd	r2, r3, [sp]
10006e62:	f002 f98d 	bl	10009180 <pio_sm_set_pindirs_with_mask64>
10006e66:	e9d4 3100 	ldrd	r3, r1, [r4]
10006e6a:	68a2      	ldr	r2, [r4, #8]
10006e6c:	f001 011f 	and.w	r1, r1, #31
10006e70:	9103      	str	r1, [sp, #12]
10006e72:	1d10      	adds	r0, r2, #4
10006e74:	f102 0608 	add.w	r6, r2, #8
10006e78:	eb02 0142 	add.w	r1, r2, r2, lsl #1
10006e7c:	fa05 f606 	lsl.w	r6, r5, r6
10006e80:	eb03 01c1 	add.w	r1, r3, r1, lsl #3
10006e84:	f503 5e00 	add.w	lr, r3, #8192	@ 0x2000
10006e88:	eb03 0c82 	add.w	ip, r3, r2, lsl #2
10006e8c:	fa05 fb00 	lsl.w	fp, r5, r0
10006e90:	f8ce b000 	str.w	fp, [lr]
10006e94:	f8ce 6000 	str.w	r6, [lr]
10006e98:	f8cc a010 	str.w	sl, [ip, #16]
10006e9c:	f8c1 90d8 	str.w	r9, [r1, #216]	@ 0xd8
10006ea0:	f8cc 7010 	str.w	r7, [ip, #16]
10006ea4:	f246 0740 	movw	r7, #24640	@ 0x6040
10006ea8:	f04f 48a0 	mov.w	r8, #1342177280	@ 0x50000000
10006eac:	9e03      	ldr	r6, [sp, #12]
10006eae:	f8c1 70d8 	str.w	r7, [r1, #216]	@ 0xd8
10006eb2:	f8c1 60d8 	str.w	r6, [r1, #216]	@ 0xd8
10006eb6:	f994 600c 	ldrsb.w	r6, [r4, #12]
10006eba:	40b5      	lsls	r5, r6
10006ebc:	01b7      	lsls	r7, r6, #6
10006ebe:	f8c8 5464 	str.w	r5, [r8, #1124]	@ 0x464
10006ec2:	eb07 0508 	add.w	r5, r7, r8
10006ec6:	68e9      	ldr	r1, [r5, #12]
10006ec8:	0149      	lsls	r1, r1, #5
10006eca:	d4fc      	bmi.n	10006ec6 <cyw43_write_reg_u32+0x11a>
10006ecc:	f04f 0c01 	mov.w	ip, #1
10006ed0:	f107 41a0 	add.w	r1, r7, #1342177280	@ 0x50000000
10006ed4:	2702      	movs	r7, #2
10006ed6:	f103 452f 	add.w	r5, r3, #2936012800	@ 0xaf000000
10006eda:	f505 0560 	add.w	r5, r5, #14680064	@ 0xe00000
10006ede:	0d2d      	lsrs	r5, r5, #20
10006ee0:	eb02 05c5 	add.w	r5, r2, r5, lsl #3
10006ee4:	fa0c fc02 	lsl.w	ip, ip, r2
10006ee8:	4a21      	ldr	r2, [pc, #132]	@ (10006f70 <cyw43_write_reg_u32+0x1c4>)
10006eea:	eb03 0080 	add.w	r0, r3, r0, lsl #2
10006eee:	ea02 3246 	and.w	r2, r2, r6, lsl #13
10006ef2:	ea42 4245 	orr.w	r2, r2, r5, lsl #17
10006ef6:	f042 7280 	orr.w	r2, r2, #16777216	@ 0x1000000
10006efa:	f042 0219 	orr.w	r2, r2, #25
10006efe:	ad04      	add	r5, sp, #16
10006f00:	600d      	str	r5, [r1, #0]
10006f02:	6048      	str	r0, [r1, #4]
10006f04:	608f      	str	r7, [r1, #8]
10006f06:	60ca      	str	r2, [r1, #12]
10006f08:	681a      	ldr	r2, [r3, #0]
10006f0a:	ea4c 0202 	orr.w	r2, ip, r2
10006f0e:	601a      	str	r2, [r3, #0]
10006f10:	690b      	ldr	r3, [r1, #16]
10006f12:	015b      	lsls	r3, r3, #5
10006f14:	d4fc      	bmi.n	10006f10 <cyw43_write_reg_u32+0x164>
10006f16:	2201      	movs	r2, #1
10006f18:	68a3      	ldr	r3, [r4, #8]
10006f1a:	6821      	ldr	r1, [r4, #0]
10006f1c:	3318      	adds	r3, #24
10006f1e:	409a      	lsls	r2, r3
10006f20:	608a      	str	r2, [r1, #8]
10006f22:	688b      	ldr	r3, [r1, #8]
10006f24:	421a      	tst	r2, r3
10006f26:	d0fc      	beq.n	10006f22 <cyw43_write_reg_u32+0x176>
10006f28:	2601      	movs	r6, #1
10006f2a:	2700      	movs	r7, #0
10006f2c:	6820      	ldr	r0, [r4, #0]
10006f2e:	68a1      	ldr	r1, [r4, #8]
10006f30:	6803      	ldr	r3, [r0, #0]
10006f32:	fa06 f501 	lsl.w	r5, r6, r1
10006f36:	ea23 0305 	bic.w	r3, r3, r5
10006f3a:	6003      	str	r3, [r0, #0]
10006f3c:	2218      	movs	r2, #24
10006f3e:	4633      	mov	r3, r6
10006f40:	9700      	str	r7, [sp, #0]
10006f42:	f002 f951 	bl	100091e8 <pio_sm_set_consecutive_pindirs>
10006f46:	f24a 0003 	movw	r0, #40963	@ 0xa003
10006f4a:	68a2      	ldr	r2, [r4, #8]
10006f4c:	6823      	ldr	r3, [r4, #0]
10006f4e:	eb02 0242 	add.w	r2, r2, r2, lsl #1
10006f52:	eb03 03c2 	add.w	r3, r3, r2, lsl #3
10006f56:	2119      	movs	r1, #25
10006f58:	f8c3 00d8 	str.w	r0, [r3, #216]	@ 0xd8
10006f5c:	ec46 1040 	gpioc_bit_out_put r1, r6
10006f60:	f7ff fac0 	bl	100064e4 <ns_delay.constprop.0>
10006f64:	4638      	mov	r0, r7
10006f66:	b007      	add	sp, #28
10006f68:	e8bd 8ff0 	ldmia.w	sp!, {r4, r5, r6, r7, r8, r9, sl, fp, pc}
10006f6c:	0ffff800 	.word	0x0ffff800
10006f70:	fc01fffd 	.word	0xfc01fffd

10006f74 <cyw43_write_reg_u16>:
10006f74:	e92d 4ff0 	stmdb	sp!, {r4, r5, r6, r7, r8, r9, sl, fp, lr}
10006f78:	4604      	mov	r4, r0
10006f7a:	4d6e      	ldr	r5, [pc, #440]	@ (10007134 <cyw43_write_reg_u16+0x1c0>)
10006f7c:	f8d4 484c 	ldr.w	r4, [r4, #2124]	@ 0x84c
10006f80:	ea05 25c2 	and.w	r5, r5, r2, lsl #11
10006f84:	ea45 7501 	orr.w	r5, r5, r1, lsl #28
10006f88:	6821      	ldr	r1, [r4, #0]
10006f8a:	f045 4540 	orr.w	r5, r5, #3221225472	@ 0xc0000000
10006f8e:	f101 412f 	add.w	r1, r1, #2936012800	@ 0xaf000000
10006f92:	f501 0160 	add.w	r1, r1, #14680064	@ 0xe00000
10006f96:	0d09      	lsrs	r1, r1, #20
10006f98:	3106      	adds	r1, #6
10006f9a:	b087      	sub	sp, #28
10006f9c:	2018      	movs	r0, #24
10006f9e:	f045 0502 	orr.w	r5, r5, #2
10006fa2:	b2c9      	uxtb	r1, r1
10006fa4:	e9cd 5304 	strd	r5, r3, [sp, #16]
10006fa8:	f7f9 fbe8 	bl	1000077c <gpio_set_function>
10006fac:	6821      	ldr	r1, [r4, #0]
10006fae:	201d      	movs	r0, #29
10006fb0:	f101 412f 	add.w	r1, r1, #2936012800	@ 0xaf000000
10006fb4:	f501 0160 	add.w	r1, r1, #14680064	@ 0xe00000
10006fb8:	0d09      	lsrs	r1, r1, #20
10006fba:	3106      	adds	r1, #6
10006fbc:	b2c9      	uxtb	r1, r1
10006fbe:	f7f9 fbdd 	bl	1000077c <gpio_set_function>
10006fc2:	2201      	movs	r2, #1
10006fc4:	2100      	movs	r1, #0
10006fc6:	201d      	movs	r0, #29
10006fc8:	f7f9 fbf6 	bl	100007b8 <gpio_set_pulls>
10006fcc:	2700      	movs	r7, #0
10006fce:	2319      	movs	r3, #25
10006fd0:	ec47 3040 	gpioc_bit_out_put r3, r7
10006fd4:	2501      	movs	r5, #1
10006fd6:	f04f 4600 	mov.w	r6, #2147483648	@ 0x80000000
10006fda:	6820      	ldr	r0, [r4, #0]
10006fdc:	68a1      	ldr	r1, [r4, #8]
10006fde:	f8d0 9000 	ldr.w	r9, [r0]
10006fe2:	fa05 f201 	lsl.w	r2, r5, r1
10006fe6:	eb01 0341 	add.w	r3, r1, r1, lsl #1
10006fea:	ea29 0202 	bic.w	r2, r9, r2
10006fee:	f8d4 e004 	ldr.w	lr, [r4, #4]
10006ff2:	eb00 0cc3 	add.w	ip, r0, r3, lsl #3
10006ff6:	6002      	str	r2, [r0, #0]
10006ff8:	f8dc 20cc 	ldr.w	r2, [ip, #204]	@ 0xcc
10006ffc:	eb0e 0805 	add.w	r8, lr, r5
10007000:	f36f 12d0 	bfc	r2, #7, #10
10007004:	ea42 3208 	orr.w	r2, r2, r8, lsl #12
10007008:	f50c 5386 	add.w	r3, ip, #4288	@ 0x10c0
1000700c:	ea42 12ce 	orr.w	r2, r2, lr, lsl #7
10007010:	f8cc 20cc 	str.w	r2, [ip, #204]	@ 0xcc
10007014:	611e      	str	r6, [r3, #16]
10007016:	f04f 7280 	mov.w	r2, #16777216	@ 0x1000000
1000701a:	611e      	str	r6, [r3, #16]
1000701c:	2300      	movs	r3, #0
1000701e:	f04f 0a3f 	mov.w	sl, #63	@ 0x3f
10007022:	f246 0920 	movw	r9, #24608	@ 0x6020
10007026:	e9cd 2300 	strd	r2, r3, [sp]
1000702a:	f002 f8a9 	bl	10009180 <pio_sm_set_pindirs_with_mask64>
1000702e:	e9d4 3100 	ldrd	r3, r1, [r4]
10007032:	68a2      	ldr	r2, [r4, #8]
10007034:	f001 011f 	and.w	r1, r1, #31
10007038:	9103      	str	r1, [sp, #12]
1000703a:	1d10      	adds	r0, r2, #4
1000703c:	f102 0608 	add.w	r6, r2, #8
10007040:	eb02 0142 	add.w	r1, r2, r2, lsl #1
10007044:	fa05 f606 	lsl.w	r6, r5, r6
10007048:	eb03 01c1 	add.w	r1, r3, r1, lsl #3
1000704c:	f503 5e00 	add.w	lr, r3, #8192	@ 0x2000
10007050:	eb03 0c82 	add.w	ip, r3, r2, lsl #2
10007054:	fa05 fb00 	lsl.w	fp, r5, r0
10007058:	f8ce b000 	str.w	fp, [lr]
1000705c:	f8ce 6000 	str.w	r6, [lr]
10007060:	f8cc a010 	str.w	sl, [ip, #16]
10007064:	f8c1 90d8 	str.w	r9, [r1, #216]	@ 0xd8
10007068:	f8cc 7010 	str.w	r7, [ip, #16]
1000706c:	f246 0740 	movw	r7, #24640	@ 0x6040
10007070:	f04f 48a0 	mov.w	r8, #1342177280	@ 0x50000000
10007074:	9e03      	ldr	r6, [sp, #12]
10007076:	f8c1 70d8 	str.w	r7, [r1, #216]	@ 0xd8
1000707a:	f8c1 60d8 	str.w	r6, [r1, #216]	@ 0xd8
1000707e:	f994 600c 	ldrsb.w	r6, [r4, #12]
10007082:	40b5      	lsls	r5, r6
10007084:	01b7      	lsls	r7, r6, #6
10007086:	f8c8 5464 	str.w	r5, [r8, #1124]	@ 0x464
1000708a:	eb07 0508 	add.w	r5, r7, r8
1000708e:	68e9      	ldr	r1, [r5, #12]
10007090:	0149      	lsls	r1, r1, #5
10007092:	d4fc      	bmi.n	1000708e <cyw43_write_reg_u16+0x11a>
10007094:	f04f 0c01 	mov.w	ip, #1
10007098:	f107 41a0 	add.w	r1, r7, #1342177280	@ 0x50000000
1000709c:	2702      	movs	r7, #2
1000709e:	f103 452f 	add.w	r5, r3, #2936012800	@ 0xaf000000
100070a2:	f505 0560 	add.w	r5, r5, #14680064	@ 0xe00000
100070a6:	0d2d      	lsrs	r5, r5, #20
100070a8:	eb02 05c5 	add.w	r5, r2, r5, lsl #3
100070ac:	fa0c fc02 	lsl.w	ip, ip, r2
100070b0:	4a21      	ldr	r2, [pc, #132]	@ (10007138 <cyw43_write_reg_u16+0x1c4>)
100070b2:	eb03 0080 	add.w	r0, r3, r0, lsl #2
100070b6:	ea02 3246 	and.w	r2, r2, r6, lsl #13
100070ba:	ea42 4245 	orr.w	r2, r2, r5, lsl #17
100070be:	f042 7280 	orr.w	r2, r2, #16777216	@ 0x1000000
100070c2:	f042 0219 	orr.w	r2, r2, #25
100070c6:	ad04      	add	r5, sp, #16
100070c8:	600d      	str	r5, [r1, #0]
100070ca:	6048      	str	r0, [r1, #4]
100070cc:	608f      	str	r7, [r1, #8]
100070ce:	60ca      	str	r2, [r1, #12]
100070d0:	681a      	ldr	r2, [r3, #0]
100070d2:	ea4c 0202 	orr.w	r2, ip, r2
100070d6:	601a      	str	r2, [r3, #0]
100070d8:	690b      	ldr	r3, [r1, #16]
100070da:	015b      	lsls	r3, r3, #5
100070dc:	d4fc      	bmi.n	100070d8 <cyw43_write_reg_u16+0x164>
100070de:	2201      	movs	r2, #1
100070e0:	68a3      	ldr	r3, [r4, #8]
100070e2:	6821      	ldr	r1, [r4, #0]
100070e4:	3318      	adds	r3, #24
100070e6:	409a      	lsls	r2, r3
100070e8:	608a      	str	r2, [r1, #8]
100070ea:	688b      	ldr	r3, [r1, #8]
100070ec:	421a      	tst	r2, r3
100070ee:	d0fc      	beq.n	100070ea <cyw43_write_reg_u16+0x176>
100070f0:	2601      	movs	r6, #1
100070f2:	2700      	movs	r7, #0
100070f4:	6820      	ldr	r0, [r4, #0]
100070f6:	68a1      	ldr	r1, [r4, #8]
100070f8:	6803      	ldr	r3, [r0, #0]
100070fa:	fa06 f501 	lsl.w	r5, r6, r1
100070fe:	ea23 0305 	bic.w	r3, r3, r5
10007102:	6003      	str	r3, [r0, #0]
10007104:	2218      	movs	r2, #24
10007106:	4633      	mov	r3, r6
10007108:	9700      	str	r7, [sp, #0]
1000710a:	f002 f86d 	bl	100091e8 <pio_sm_set_consecutive_pindirs>
1000710e:	f24a 0003 	movw	r0, #40963	@ 0xa003
10007112:	68a2      	ldr	r2, [r4, #8]
10007114:	6823      	ldr	r3, [r4, #0]
10007116:	eb02 0242 	add.w	r2, r2, r2, lsl #1
1000711a:	eb03 03c2 	add.w	r3, r3, r2, lsl #3
1000711e:	2119      	movs	r1, #25
10007120:	f8c3 00d8 	str.w	r0, [r3, #216]	@ 0xd8
10007124:	ec46 1040 	gpioc_bit_out_put r1, r6
10007128:	f7ff f9dc 	bl	100064e4 <ns_delay.constprop.0>
1000712c:	4638      	mov	r0, r7
1000712e:	b007      	add	sp, #28
10007130:	e8bd 8ff0 	ldmia.w	sp!, {r4, r5, r6, r7, r8, r9, sl, fp, pc}
10007134:	0ffff800 	.word	0x0ffff800
10007138:	fc01fffd 	.word	0xfc01fffd

1000713c <cyw43_write_reg_u8>:
1000713c:	e92d 4ff0 	stmdb	sp!, {r4, r5, r6, r7, r8, r9, sl, fp, lr}
10007140:	4604      	mov	r4, r0
10007142:	4d6e      	ldr	r5, [pc, #440]	@ (100072fc <cyw43_write_reg_u8+0x1c0>)
10007144:	f8d4 484c 	ldr.w	r4, [r4, #2124]	@ 0x84c
10007148:	ea05 25c2 	and.w	r5, r5, r2, lsl #11
1000714c:	ea45 7501 	orr.w	r5, r5, r1, lsl #28
10007150:	6821      	ldr	r1, [r4, #0]
10007152:	f045 4540 	orr.w	r5, r5, #3221225472	@ 0xc0000000
10007156:	f101 412f 	add.w	r1, r1, #2936012800	@ 0xaf000000
1000715a:	f501 0160 	add.w	r1, r1, #14680064	@ 0xe00000
1000715e:	0d09      	lsrs	r1, r1, #20
10007160:	3106      	adds	r1, #6
10007162:	b087      	sub	sp, #28
10007164:	2018      	movs	r0, #24
10007166:	f045 0501 	orr.w	r5, r5, #1
1000716a:	b2c9      	uxtb	r1, r1
1000716c:	e9cd 5304 	strd	r5, r3, [sp, #16]
10007170:	f7f9 fb04 	bl	1000077c <gpio_set_function>
10007174:	6821      	ldr	r1, [r4, #0]
10007176:	201d      	movs	r0, #29
10007178:	f101 412f 	add.w	r1, r1, #2936012800	@ 0xaf000000
1000717c:	f501 0160 	add.w	r1, r1, #14680064	@ 0xe00000
10007180:	0d09      	lsrs	r1, r1, #20
10007182:	3106      	adds	r1, #6
10007184:	b2c9      	uxtb	r1, r1
10007186:	f7f9 faf9 	bl	1000077c <gpio_set_function>
1000718a:	2201      	movs	r2, #1
1000718c:	2100      	movs	r1, #0
1000718e:	201d      	movs	r0, #29
10007190:	f7f9 fb12 	bl	100007b8 <gpio_set_pulls>
10007194:	2700      	movs	r7, #0
10007196:	2319      	movs	r3, #25
10007198:	ec47 3040 	gpioc_bit_out_put r3, r7
1000719c:	2501      	movs	r5, #1
1000719e:	f04f 4600 	mov.w	r6, #2147483648	@ 0x80000000
100071a2:	6820      	ldr	r0, [r4, #0]
100071a4:	68a1      	ldr	r1, [r4, #8]
100071a6:	f8d0 9000 	ldr.w	r9, [r0]
100071aa:	fa05 f201 	lsl.w	r2, r5, r1
100071ae:	eb01 0341 	add.w	r3, r1, r1, lsl #1
100071b2:	ea29 0202 	bic.w	r2, r9, r2
100071b6:	f8d4 e004 	ldr.w	lr, [r4, #4]
100071ba:	eb00 0cc3 	add.w	ip, r0, r3, lsl #3
100071be:	6002      	str	r2, [r0, #0]
100071c0:	f8dc 20cc 	ldr.w	r2, [ip, #204]	@ 0xcc
100071c4:	eb0e 0805 	add.w	r8, lr, r5
100071c8:	f36f 12d0 	bfc	r2, #7, #10
100071cc:	ea42 3208 	orr.w	r2, r2, r8, lsl #12
100071d0:	f50c 5386 	add.w	r3, ip, #4288	@ 0x10c0
100071d4:	ea42 12ce 	orr.w	r2, r2, lr, lsl #7
100071d8:	f8cc 20cc 	str.w	r2, [ip, #204]	@ 0xcc
100071dc:	611e      	str	r6, [r3, #16]
100071de:	f04f 7280 	mov.w	r2, #16777216	@ 0x1000000
100071e2:	611e      	str	r6, [r3, #16]
100071e4:	2300      	movs	r3, #0
100071e6:	f04f 0a3f 	mov.w	sl, #63	@ 0x3f
100071ea:	f246 0920 	movw	r9, #24608	@ 0x6020
100071ee:	e9cd 2300 	strd	r2, r3, [sp]
100071f2:	f001 ffc5 	bl	10009180 <pio_sm_set_pindirs_with_mask64>
100071f6:	e9d4 3100 	ldrd	r3, r1, [r4]
100071fa:	68a2      	ldr	r2, [r4, #8]
100071fc:	f001 011f 	and.w	r1, r1, #31
10007200:	9103      	str	r1, [sp, #12]
10007202:	1d10      	adds	r0, r2, #4
10007204:	f102 0608 	add.w	r6, r2, #8
10007208:	eb02 0142 	add.w	r1, r2, r2, lsl #1
1000720c:	fa05 f606 	lsl.w	r6, r5, r6
10007210:	eb03 01c1 	add.w	r1, r3, r1, lsl #3
10007214:	f503 5e00 	add.w	lr, r3, #8192	@ 0x2000
10007218:	eb03 0c82 	add.w	ip, r3, r2, lsl #2
1000721c:	fa05 fb00 	lsl.w	fp, r5, r0
10007220:	f8ce b000 	str.w	fp, [lr]
10007224:	f8ce 6000 	str.w	r6, [lr]
10007228:	f8cc a010 	str.w	sl, [ip, #16]
1000722c:	f8c1 90d8 	str.w	r9, [r1, #216]	@ 0xd8
10007230:	f8cc 7010 	str.w	r7, [ip, #16]
10007234:	f246 0740 	movw	r7, #24640	@ 0x6040
10007238:	f04f 48a0 	mov.w	r8, #1342177280	@ 0x50000000
1000723c:	9e03      	ldr	r6, [sp, #12]
1000723e:	f8c1 70d8 	str.w	r7, [r1, #216]	@ 0xd8
10007242:	f8c1 60d8 	str.w	r6, [r1, #216]	@ 0xd8
10007246:	f994 600c 	ldrsb.w	r6, [r4, #12]
1000724a:	40b5      	lsls	r5, r6
1000724c:	01b7      	lsls	r7, r6, #6
1000724e:	f8c8 5464 	str.w	r5, [r8, #1124]	@ 0x464
10007252:	eb07 0508 	add.w	r5, r7, r8
10007256:	68e9      	ldr	r1, [r5, #12]
10007258:	0149      	lsls	r1, r1, #5
1000725a:	d4fc      	bmi.n	10007256 <cyw43_write_reg_u8+0x11a>
1000725c:	f04f 0c01 	mov.w	ip, #1
10007260:	f107 41a0 	add.w	r1, r7, #1342177280	@ 0x50000000
10007264:	2702      	movs	r7, #2
10007266:	f103 452f 	add.w	r5, r3, #2936012800	@ 0xaf000000
1000726a:	f505 0560 	add.w	r5, r5, #14680064	@ 0xe00000
1000726e:	0d2d      	lsrs	r5, r5, #20
10007270:	eb02 05c5 	add.w	r5, r2, r5, lsl #3
10007274:	fa0c fc02 	lsl.w	ip, ip, r2
10007278:	4a21      	ldr	r2, [pc, #132]	@ (10007300 <cyw43_write_reg_u8+0x1c4>)
1000727a:	eb03 0080 	add.w	r0, r3, r0, lsl #2
1000727e:	ea02 3246 	and.w	r2, r2, r6, lsl #13
10007282:	ea42 4245 	orr.w	r2, r2, r5, lsl #17
10007286:	f042 7280 	orr.w	r2, r2, #16777216	@ 0x1000000
1000728a:	f042 0219 	orr.w	r2, r2, #25
1000728e:	ad04      	add	r5, sp, #16
10007290:	600d      	str	r5, [r1, #0]
10007292:	6048      	str	r0, [r1, #4]
10007294:	608f      	str	r7, [r1, #8]
10007296:	60ca      	str	r2, [r1, #12]
10007298:	681a      	ldr	r2, [r3, #0]
1000729a:	ea4c 0202 	orr.w	r2, ip, r2
1000729e:	601a      	str	r2, [r3, #0]
100072a0:	690b      	ldr	r3, [r1, #16]
100072a2:	015b      	lsls	r3, r3, #5
100072a4:	d4fc      	bmi.n	100072a0 <cyw43_write_reg_u8+0x164>
100072a6:	2201      	movs	r2, #1
100072a8:	68a3      	ldr	r3, [r4, #8]
100072aa:	6821      	ldr	r1, [r4, #0]
100072ac:	3318      	adds	r3, #24
100072ae:	409a      	lsls	r2, r3
100072b0:	608a      	str	r2, [r1, #8]
100072b2:	688b      	ldr	r3, [r1, #8]
100072b4:	421a      	tst	r2, r3
100072b6:	d0fc      	beq.n	100072b2 <cyw43_write_reg_u8+0x176>
100072b8:	2601      	movs	r6, #1
100072ba:	2700      	movs	r7, #0
100072bc:	6820      	ldr	r0, [r4, #0]
100072be:	68a1      	ldr	r1, [r4, #8]
100072c0:	6803      	ldr	r3, [r0, #0]
100072c2:	fa06 f501 	lsl.w	r5, r6, r1
100072c6:	ea23 0305 	bic.w	r3, r3, r5
100072ca:	6003      	str	r3, [r0, #0]
100072cc:	2218      	movs	r2, #24
100072ce:	4633      	mov	r3, r6
100072d0:	9700      	str	r7, [sp, #0]
100072d2:	f001 ff89 	bl	100091e8 <pio_sm_set_consecutive_pindirs>
100072d6:	f24a 0003 	movw	r0, #40963	@ 0xa003
100072da:	68a2      	ldr	r2, [r4, #8]
100072dc:	6823      	ldr	r3, [r4, #0]
100072de:	eb02 0242 	add.w	r2, r2, r2, lsl #1
100072e2:	eb03 03c2 	add.w	r3, r3, r2, lsl #3
100072e6:	2119      	movs	r1, #25
100072e8:	f8c3 00d8 	str.w	r0, [r3, #216]	@ 0xd8
100072ec:	ec46 1040 	gpioc_bit_out_put r1, r6
100072f0:	f7ff f8f8 	bl	100064e4 <ns_delay.constprop.0>
100072f4:	4638      	mov	r0, r7
100072f6:	b007      	add	sp, #28
100072f8:	e8bd 8ff0 	ldmia.w	sp!, {r4, r5, r6, r7, r8, r9, sl, fp, pc}
100072fc:	0ffff800 	.word	0x0ffff800
10007300:	fc01fffd 	.word	0xfc01fffd

10007304 <cyw43_read_bytes>:
10007304:	b5f0      	push	{r4, r5, r6, r7, lr}
10007306:	2901      	cmp	r1, #1
10007308:	4605      	mov	r5, r0
1000730a:	b083      	sub	sp, #12
1000730c:	f103 0003 	add.w	r0, r3, #3
10007310:	461e      	mov	r6, r3
10007312:	460f      	mov	r7, r1
10007314:	9c08      	ldr	r4, [sp, #32]
10007316:	f020 0003 	bic.w	r0, r0, #3
1000731a:	d023      	beq.n	10007364 <cyw43_read_bytes+0x60>
1000731c:	2324      	movs	r3, #36	@ 0x24
1000731e:	f04f 0c04 	mov.w	ip, #4
10007322:	4916      	ldr	r1, [pc, #88]	@ (1000737c <cyw43_read_bytes+0x78>)
10007324:	eb05 0c8c 	add.w	ip, r5, ip, lsl #2
10007328:	ea01 21c2 	and.w	r1, r1, r2, lsl #11
1000732c:	4331      	orrs	r1, r6
1000732e:	ea41 7107 	orr.w	r1, r1, r7, lsl #28
10007332:	3004      	adds	r0, #4
10007334:	f041 4180 	orr.w	r1, r1, #1073741824	@ 0x40000000
10007338:	9000      	str	r0, [sp, #0]
1000733a:	2204      	movs	r2, #4
1000733c:	f8cc 1014 	str.w	r1, [ip, #20]
10007340:	4628      	mov	r0, r5
10007342:	2100      	movs	r1, #0
10007344:	442b      	add	r3, r5
10007346:	f7ff f9a9 	bl	1000669c <cyw43_spi_transfer>
1000734a:	4607      	mov	r7, r0
1000734c:	b978      	cbnz	r0, 1000736e <cyw43_read_bytes+0x6a>
1000734e:	f105 0128 	add.w	r1, r5, #40	@ 0x28
10007352:	42a1      	cmp	r1, r4
10007354:	d003      	beq.n	1000735e <cyw43_read_bytes+0x5a>
10007356:	4632      	mov	r2, r6
10007358:	4620      	mov	r0, r4
1000735a:	f002 fddb 	bl	10009f14 <memcpy>
1000735e:	4638      	mov	r0, r7
10007360:	b003      	add	sp, #12
10007362:	bdf0      	pop	{r4, r5, r6, r7, pc}
10007364:	2314      	movs	r3, #20
10007366:	f04f 0c00 	mov.w	ip, #0
1000736a:	3010      	adds	r0, #16
1000736c:	e7d9      	b.n	10007322 <cyw43_read_bytes+0x1e>
1000736e:	4601      	mov	r1, r0
10007370:	4803      	ldr	r0, [pc, #12]	@ (10007380 <cyw43_read_bytes+0x7c>)
10007372:	f7fc fc5f 	bl	10003c34 <__wrap_printf>
10007376:	4638      	mov	r0, r7
10007378:	b003      	add	sp, #12
1000737a:	bdf0      	pop	{r4, r5, r6, r7, pc}
1000737c:	0ffff800 	.word	0x0ffff800
10007380:	1000a460 	.word	0x1000a460

10007384 <cyw43_write_bytes>:
10007384:	e92d 4ff0 	stmdb	sp!, {r4, r5, r6, r7, r8, r9, sl, fp, lr}
10007388:	b08b      	sub	sp, #44	@ 0x2c
1000738a:	1cde      	adds	r6, r3, #3
1000738c:	af02      	add	r7, sp, #8
1000738e:	2902      	cmp	r1, #2
10007390:	469a      	mov	sl, r3
10007392:	468b      	mov	fp, r1
10007394:	4605      	mov	r5, r0
10007396:	f8d7 9048 	ldr.w	r9, [r7, #72]	@ 0x48
1000739a:	f026 0603 	bic.w	r6, r6, #3
1000739e:	d021      	beq.n	100073e4 <cyw43_write_bytes+0x60>
100073a0:	4828      	ldr	r0, [pc, #160]	@ (10007444 <cyw43_write_bytes+0xc0>)
100073a2:	ea4a 7b0b 	orr.w	fp, sl, fp, lsl #28
100073a6:	ea00 20c2 	and.w	r0, r0, r2, lsl #11
100073aa:	ea40 000b 	orr.w	r0, r0, fp
100073ae:	f040 4440 	orr.w	r4, r0, #3221225472	@ 0xc0000000
100073b2:	f105 0028 	add.w	r0, r5, #40	@ 0x28
100073b6:	4548      	cmp	r0, r9
100073b8:	f106 0604 	add.w	r6, r6, #4
100073bc:	d03b      	beq.n	10007436 <cyw43_write_bytes+0xb2>
100073be:	462b      	mov	r3, r5
100073c0:	f843 4f24 	str.w	r4, [r3, #36]!
100073c4:	461c      	mov	r4, r3
100073c6:	4652      	mov	r2, sl
100073c8:	4649      	mov	r1, r9
100073ca:	f002 fda3 	bl	10009f14 <memcpy>
100073ce:	2300      	movs	r3, #0
100073d0:	4632      	mov	r2, r6
100073d2:	4621      	mov	r1, r4
100073d4:	4628      	mov	r0, r5
100073d6:	64bb      	str	r3, [r7, #72]	@ 0x48
100073d8:	3724      	adds	r7, #36	@ 0x24
100073da:	46bd      	mov	sp, r7
100073dc:	e8bd 4ff0 	ldmia.w	sp!, {r4, r5, r6, r7, r8, r9, sl, fp, lr}
100073e0:	f7ff b95c 	b.w	1000669c <cyw43_spi_transfer>
100073e4:	f44f 747a 	mov.w	r4, #1000	@ 0x3e8
100073e8:	f04f 0808 	mov.w	r8, #8
100073ec:	4693      	mov	fp, r2
100073ee:	e9c7 1600 	strd	r1, r6, [r7]
100073f2:	3c01      	subs	r4, #1
100073f4:	d316      	bcc.n	10007424 <cyw43_write_bytes+0xa0>
100073f6:	4b14      	ldr	r3, [pc, #80]	@ (10007448 <cyw43_write_bytes+0xc4>)
100073f8:	2204      	movs	r2, #4
100073fa:	60bb      	str	r3, [r7, #8]
100073fc:	2100      	movs	r1, #0
100073fe:	4628      	mov	r0, r5
10007400:	f107 0308 	add.w	r3, r7, #8
10007404:	f8cd 8000 	str.w	r8, [sp]
10007408:	466e      	mov	r6, sp
1000740a:	f7ff f947 	bl	1000669c <cyw43_spi_transfer>
1000740e:	b900      	cbnz	r0, 10007412 <cyw43_write_bytes+0x8e>
10007410:	68f8      	ldr	r0, [r7, #12]
10007412:	0683      	lsls	r3, r0, #26
10007414:	46b5      	mov	sp, r6
10007416:	d5ec      	bpl.n	100073f2 <cyw43_write_bytes+0x6e>
10007418:	465a      	mov	r2, fp
1000741a:	687e      	ldr	r6, [r7, #4]
1000741c:	f8d7 b000 	ldr.w	fp, [r7]
10007420:	2c00      	cmp	r4, #0
10007422:	d1bd      	bne.n	100073a0 <cyw43_write_bytes+0x1c>
10007424:	4809      	ldr	r0, [pc, #36]	@ (1000744c <cyw43_write_bytes+0xc8>)
10007426:	f7fc fb83 	bl	10003b30 <__wrap_puts>
1000742a:	f06f 0005 	mvn.w	r0, #5
1000742e:	3724      	adds	r7, #36	@ 0x24
10007430:	46bd      	mov	sp, r7
10007432:	e8bd 8ff0 	ldmia.w	sp!, {r4, r5, r6, r7, r8, r9, sl, fp, pc}
10007436:	4629      	mov	r1, r5
10007438:	2300      	movs	r3, #0
1000743a:	4632      	mov	r2, r6
1000743c:	4628      	mov	r0, r5
1000743e:	f841 4f24 	str.w	r4, [r1, #36]!
10007442:	e7c8      	b.n	100073d6 <cyw43_write_bytes+0x52>
10007444:	0ffff800 	.word	0x0ffff800
10007448:	40004004 	.word	0x40004004
1000744c:	1000a694 	.word	0x1000a694

10007450 <cyw43_set_backplane_window>:
10007450:	b538      	push	{r3, r4, r5, lr}
10007452:	6883      	ldr	r3, [r0, #8]
10007454:	f421 44ff 	bic.w	r4, r1, #32640	@ 0x7f80
10007458:	f024 047f 	bic.w	r4, r4, #127	@ 0x7f
1000745c:	42a3      	cmp	r3, r4
1000745e:	d00b      	beq.n	10007478 <cyw43_set_backplane_window+0x28>
10007460:	4063      	eors	r3, r4
10007462:	f1b3 7f80 	cmp.w	r3, #16777216	@ 0x1000000
10007466:	4605      	mov	r5, r0
10007468:	d207      	bcs.n	1000747a <cyw43_set_backplane_window+0x2a>
1000746a:	f413 0f7f 	tst.w	r3, #16711680	@ 0xff0000
1000746e:	d10e      	bne.n	1000748e <cyw43_set_backplane_window+0x3e>
10007470:	f413 4f7f 	tst.w	r3, #65280	@ 0xff00
10007474:	d116      	bne.n	100074a4 <cyw43_set_backplane_window+0x54>
10007476:	60ac      	str	r4, [r5, #8]
10007478:	bd38      	pop	{r3, r4, r5, pc}
1000747a:	0e23      	lsrs	r3, r4, #24
1000747c:	2101      	movs	r1, #1
1000747e:	4a0d      	ldr	r2, [pc, #52]	@ (100074b4 <cyw43_set_backplane_window+0x64>)
10007480:	f7ff fe5c 	bl	1000713c <cyw43_write_reg_u8>
10007484:	68ab      	ldr	r3, [r5, #8]
10007486:	4063      	eors	r3, r4
10007488:	f413 0f7f 	tst.w	r3, #16711680	@ 0xff0000
1000748c:	d0f0      	beq.n	10007470 <cyw43_set_backplane_window+0x20>
1000748e:	0c23      	lsrs	r3, r4, #16
10007490:	2101      	movs	r1, #1
10007492:	4628      	mov	r0, r5
10007494:	4a08      	ldr	r2, [pc, #32]	@ (100074b8 <cyw43_set_backplane_window+0x68>)
10007496:	f7ff fe51 	bl	1000713c <cyw43_write_reg_u8>
1000749a:	68ab      	ldr	r3, [r5, #8]
1000749c:	4063      	eors	r3, r4
1000749e:	f413 4f7f 	tst.w	r3, #65280	@ 0xff00
100074a2:	d0e8      	beq.n	10007476 <cyw43_set_backplane_window+0x26>
100074a4:	2101      	movs	r1, #1
100074a6:	4628      	mov	r0, r5
100074a8:	4a04      	ldr	r2, [pc, #16]	@ (100074bc <cyw43_set_backplane_window+0x6c>)
100074aa:	0a23      	lsrs	r3, r4, #8
100074ac:	f7ff fe46 	bl	1000713c <cyw43_write_reg_u8>
100074b0:	e7e1      	b.n	10007476 <cyw43_set_backplane_window+0x26>
100074b2:	bf00      	nop
100074b4:	0001000c 	.word	0x0001000c
100074b8:	0001000b 	.word	0x0001000b
100074bc:	0001000a 	.word	0x0001000a

100074c0 <cyw43_ll_parse_async_event>:
100074c0:	1cc3      	adds	r3, r0, #3
100074c2:	b5f0      	push	{r4, r5, r6, r7, lr}
100074c4:	ea5f 0e93 	movs.w	lr, r3, lsr #2
100074c8:	f1a1 0002 	sub.w	r0, r1, #2
100074cc:	d018      	beq.n	10007500 <cyw43_ll_parse_async_event+0x40>
100074ce:	f1be 0f01 	cmp.w	lr, #1
100074d2:	d04f      	beq.n	10007574 <cyw43_ll_parse_async_event+0xb4>
100074d4:	f023 0207 	bic.w	r2, r3, #7
100074d8:	08de      	lsrs	r6, r3, #3
100074da:	460b      	mov	r3, r1
100074dc:	eb01 0c02 	add.w	ip, r1, r2
100074e0:	681d      	ldr	r5, [r3, #0]
100074e2:	685c      	ldr	r4, [r3, #4]
100074e4:	f843 5c02 	str.w	r5, [r3, #-2]
100074e8:	f8c3 4002 	str.w	r4, [r3, #2]
100074ec:	3308      	adds	r3, #8
100074ee:	459c      	cmp	ip, r3
100074f0:	d1f6      	bne.n	100074e0 <cyw43_ll_parse_async_event+0x20>
100074f2:	ebbe 0f46 	cmp.w	lr, r6, lsl #1
100074f6:	d003      	beq.n	10007500 <cyw43_ll_parse_async_event+0x40>
100074f8:	1884      	adds	r4, r0, r2
100074fa:	188b      	adds	r3, r1, r2
100074fc:	681b      	ldr	r3, [r3, #0]
100074fe:	6023      	str	r3, [r4, #0]
10007500:	f8d1 2002 	ldr.w	r2, [r1, #2]
10007504:	880b      	ldrh	r3, [r1, #0]
10007506:	ba14      	rev	r4, r2
10007508:	f8c1 4002 	str.w	r4, [r1, #2]
1000750c:	f8d1 4006 	ldr.w	r4, [r1, #6]
10007510:	ba5b      	rev16	r3, r3
10007512:	800b      	strh	r3, [r1, #0]
10007514:	ba23      	rev	r3, r4
10007516:	f8c1 3006 	str.w	r3, [r1, #6]
1000751a:	f8d1 300a 	ldr.w	r3, [r1, #10]
1000751e:	f1b2 4f8a 	cmp.w	r2, #1157627904	@ 0x45000000
10007522:	ba1b      	rev	r3, r3
10007524:	f8c1 300a 	str.w	r3, [r1, #10]
10007528:	d000      	beq.n	1000752c <cyw43_ll_parse_async_event+0x6c>
1000752a:	bdf0      	pop	{r4, r5, r6, r7, pc}
1000752c:	f1b4 6f00 	cmp.w	r4, #134217728	@ 0x8000000
10007530:	d1fb      	bne.n	1000752a <cyw43_ll_parse_async_event+0x6a>
10007532:	f8b1 20ae 	ldrh.w	r2, [r1, #174]	@ 0xae
10007536:	f8d1 40b2 	ldr.w	r4, [r1, #178]	@ 0xb2
1000753a:	f8d1 303e 	ldr.w	r3, [r1, #62]	@ 0x3e
1000753e:	1915      	adds	r5, r2, r4
10007540:	429d      	cmp	r5, r3
10007542:	d81a      	bhi.n	1000757a <cyw43_ll_parse_async_event+0xba>
10007544:	f101 033a 	add.w	r3, r1, #58	@ 0x3a
10007548:	4413      	add	r3, r2
1000754a:	441c      	add	r4, r3
1000754c:	42a3      	cmp	r3, r4
1000754e:	d23b      	bcs.n	100075c8 <cyw43_ll_parse_async_event+0x108>
10007550:	2700      	movs	r7, #0
10007552:	463e      	mov	r6, r7
10007554:	e004      	b.n	10007560 <cyw43_ll_parse_async_event+0xa0>
10007556:	2ddd      	cmp	r5, #221	@ 0xdd
10007558:	d014      	beq.n	10007584 <cyw43_ll_parse_async_event+0xc4>
1000755a:	4413      	add	r3, r2
1000755c:	429c      	cmp	r4, r3
1000755e:	d91f      	bls.n	100075a0 <cyw43_ll_parse_async_event+0xe0>
10007560:	785a      	ldrb	r2, [r3, #1]
10007562:	3202      	adds	r2, #2
10007564:	189d      	adds	r5, r3, r2
10007566:	42ac      	cmp	r4, r5
10007568:	d3f7      	bcc.n	1000755a <cyw43_ll_parse_async_event+0x9a>
1000756a:	781d      	ldrb	r5, [r3, #0]
1000756c:	2d30      	cmp	r5, #48	@ 0x30
1000756e:	d1f2      	bne.n	10007556 <cyw43_ll_parse_async_event+0x96>
10007570:	461e      	mov	r6, r3
10007572:	e7f2      	b.n	1000755a <cyw43_ll_parse_async_event+0x9a>
10007574:	460b      	mov	r3, r1
10007576:	4604      	mov	r4, r0
10007578:	e7c0      	b.n	100074fc <cyw43_ll_parse_async_event+0x3c>
1000757a:	f04f 33ff 	mov.w	r3, #4294967295	@ 0xffffffff
1000757e:	f8c1 3006 	str.w	r3, [r1, #6]
10007582:	bdf0      	pop	{r4, r5, r6, r7, pc}
10007584:	789d      	ldrb	r5, [r3, #2]
10007586:	2d00      	cmp	r5, #0
10007588:	d1e7      	bne.n	1000755a <cyw43_ll_parse_async_event+0x9a>
1000758a:	78dd      	ldrb	r5, [r3, #3]
1000758c:	2d50      	cmp	r5, #80	@ 0x50
1000758e:	d1e4      	bne.n	1000755a <cyw43_ll_parse_async_event+0x9a>
10007590:	791d      	ldrb	r5, [r3, #4]
10007592:	2df2      	cmp	r5, #242	@ 0xf2
10007594:	d1e1      	bne.n	1000755a <cyw43_ll_parse_async_event+0x9a>
10007596:	795d      	ldrb	r5, [r3, #5]
10007598:	2d01      	cmp	r5, #1
1000759a:	bf08      	it	eq
1000759c:	461f      	moveq	r7, r3
1000759e:	e7dc      	b.n	1000755a <cyw43_ll_parse_async_event+0x9a>
100075a0:	1e33      	subs	r3, r6, #0
100075a2:	bf18      	it	ne
100075a4:	2301      	movne	r3, #1
100075a6:	009b      	lsls	r3, r3, #2
100075a8:	b10f      	cbz	r7, 100075ae <cyw43_ll_parse_async_event+0xee>
100075aa:	f043 0302 	orr.w	r3, r3, #2
100075ae:	f8b1 204a 	ldrh.w	r2, [r1, #74]	@ 0x4a
100075b2:	06d2      	lsls	r2, r2, #27
100075b4:	f891 2082 	ldrb.w	r2, [r1, #130]	@ 0x82
100075b8:	bf48      	it	mi
100075ba:	f043 0301 	orrmi.w	r3, r3, #1
100075be:	f881 3086 	strb.w	r3, [r1, #134]	@ 0x86
100075c2:	f8a1 2082 	strh.w	r2, [r1, #130]	@ 0x82
100075c6:	bdf0      	pop	{r4, r5, r6, r7, pc}
100075c8:	2300      	movs	r3, #0
100075ca:	e7f0      	b.n	100075ae <cyw43_ll_parse_async_event+0xee>

100075cc <cyw43_kso_set>:
100075cc:	e92d 43f8 	stmdb	sp!, {r3, r4, r5, r6, r7, r8, r9, lr}
100075d0:	460f      	mov	r7, r1
100075d2:	4605      	mov	r5, r0
100075d4:	2101      	movs	r1, #1
100075d6:	463b      	mov	r3, r7
100075d8:	4a19      	ldr	r2, [pc, #100]	@ (10007640 <cyw43_kso_set+0x74>)
100075da:	f7ff fdaf 	bl	1000713c <cyw43_write_reg_u8>
100075de:	463b      	mov	r3, r7
100075e0:	2101      	movs	r1, #1
100075e2:	4628      	mov	r0, r5
100075e4:	4a16      	ldr	r2, [pc, #88]	@ (10007640 <cyw43_kso_set+0x74>)
100075e6:	f7ff fda9 	bl	1000713c <cyw43_write_reg_u8>
100075ea:	b32f      	cbz	r7, 10007638 <cyw43_kso_set+0x6c>
100075ec:	f04f 0903 	mov.w	r9, #3
100075f0:	46c8      	mov	r8, r9
100075f2:	2440      	movs	r4, #64	@ 0x40
100075f4:	4e12      	ldr	r6, [pc, #72]	@ (10007640 <cyw43_kso_set+0x74>)
100075f6:	e00a      	b.n	1000760e <cyw43_kso_set+0x42>
100075f8:	2001      	movs	r0, #1
100075fa:	f002 f88b 	bl	10009714 <cyw43_delay_ms>
100075fe:	463b      	mov	r3, r7
10007600:	4632      	mov	r2, r6
10007602:	2101      	movs	r1, #1
10007604:	4628      	mov	r0, r5
10007606:	f7ff fd99 	bl	1000713c <cyw43_write_reg_u8>
1000760a:	3c01      	subs	r4, #1
1000760c:	d00e      	beq.n	1000762c <cyw43_kso_set+0x60>
1000760e:	4632      	mov	r2, r6
10007610:	2101      	movs	r1, #1
10007612:	4628      	mov	r0, r5
10007614:	f7ff faba 	bl	10006b8c <cyw43_read_reg_u8>
10007618:	2800      	cmp	r0, #0
1000761a:	ea00 0308 	and.w	r3, r0, r8
1000761e:	dbeb      	blt.n	100075f8 <cyw43_kso_set+0x2c>
10007620:	454b      	cmp	r3, r9
10007622:	d1e9      	bne.n	100075f8 <cyw43_kso_set+0x2c>
10007624:	28ff      	cmp	r0, #255	@ 0xff
10007626:	d0e7      	beq.n	100075f8 <cyw43_kso_set+0x2c>
10007628:	e8bd 83f8 	ldmia.w	sp!, {r3, r4, r5, r6, r7, r8, r9, pc}
1000762c:	4639      	mov	r1, r7
1000762e:	e8bd 43f8 	ldmia.w	sp!, {r3, r4, r5, r6, r7, r8, r9, lr}
10007632:	4804      	ldr	r0, [pc, #16]	@ (10007644 <cyw43_kso_set+0x78>)
10007634:	f7fc bafe 	b.w	10003c34 <__wrap_printf>
10007638:	46b9      	mov	r9, r7
1000763a:	f04f 0801 	mov.w	r8, #1
1000763e:	e7d8      	b.n	100075f2 <cyw43_kso_set+0x26>
10007640:	0001001f 	.word	0x0001001f
10007644:	1000a47c 	.word	0x1000a47c

10007648 <cyw43_ll_sdpcm_poll_device>:
10007648:	e92d 43f0 	stmdb	sp!, {r4, r5, r6, r7, r8, r9, lr}
1000764c:	7cc3      	ldrb	r3, [r0, #19]
1000764e:	4605      	mov	r5, r0
10007650:	460f      	mov	r7, r1
10007652:	4616      	mov	r6, r2
10007654:	b083      	sub	sp, #12
10007656:	b92b      	cbnz	r3, 10007664 <cyw43_ll_sdpcm_poll_device+0x1c>
10007658:	6800      	ldr	r0, [r0, #0]
1000765a:	f001 fc1b 	bl	10008e94 <cyw43_cb_read_host_interrupt_pin>
1000765e:	2801      	cmp	r0, #1
10007660:	f040 8095 	bne.w	1000778e <cyw43_ll_sdpcm_poll_device+0x146>
10007664:	4628      	mov	r0, r5
10007666:	f001 fc1b 	bl	10008ea0 <cyw43_cb_ensure_awake>
1000766a:	7cab      	ldrb	r3, [r5, #18]
1000766c:	b92b      	cbnz	r3, 1000767a <cyw43_ll_sdpcm_poll_device+0x32>
1000766e:	2101      	movs	r1, #1
10007670:	4628      	mov	r0, r5
10007672:	f7ff ffab 	bl	100075cc <cyw43_kso_set>
10007676:	2301      	movs	r3, #1
10007678:	74ab      	strb	r3, [r5, #18]
1000767a:	7ce9      	ldrb	r1, [r5, #19]
1000767c:	2900      	cmp	r1, #0
1000767e:	d06e      	beq.n	1000775e <cyw43_ll_sdpcm_poll_device+0x116>
10007680:	f44f 747a 	mov.w	r4, #1000	@ 0x3e8
10007684:	e002      	b.n	1000768c <cyw43_ll_sdpcm_poll_device+0x44>
10007686:	3c01      	subs	r4, #1
10007688:	f000 8081 	beq.w	1000778e <cyw43_ll_sdpcm_poll_device+0x146>
1000768c:	2208      	movs	r2, #8
1000768e:	2100      	movs	r1, #0
10007690:	4628      	mov	r0, r5
10007692:	f7ff fa29 	bl	10006ae8 <cyw43_read_reg_u32>
10007696:	1c42      	adds	r2, r0, #1
10007698:	d0f5      	beq.n	10007686 <cyw43_ll_sdpcm_poll_device+0x3e>
1000769a:	05c3      	lsls	r3, r0, #23
1000769c:	f140 80c5 	bpl.w	1000782a <cyw43_ll_sdpcm_poll_device+0x1e2>
100076a0:	f3c0 234a 	ubfx	r3, r0, #9, #11
100076a4:	1e5a      	subs	r2, r3, #1
100076a6:	f5b2 6fc0 	cmp.w	r2, #1536	@ 0x600
100076aa:	f080 80b8 	bcs.w	1000781e <cyw43_ll_sdpcm_poll_device+0x1d6>
100076ae:	f010 0202 	ands.w	r2, r0, #2
100076b2:	f040 80b4 	bne.w	1000781e <cyw43_ll_sdpcm_poll_device+0x1d6>
100076b6:	f105 0428 	add.w	r4, r5, #40	@ 0x28
100076ba:	2102      	movs	r1, #2
100076bc:	4628      	mov	r0, r5
100076be:	9400      	str	r4, [sp, #0]
100076c0:	f7ff fe20 	bl	10007304 <cyw43_read_bytes>
100076c4:	2800      	cmp	r0, #0
100076c6:	d13f      	bne.n	10007748 <cyw43_ll_sdpcm_poll_device+0x100>
100076c8:	8d29      	ldrh	r1, [r5, #40]	@ 0x28
100076ca:	8d6a      	ldrh	r2, [r5, #42]	@ 0x2a
100076cc:	ea51 0302 	orrs.w	r3, r1, r2
100076d0:	f000 80ab 	beq.w	1000782a <cyw43_ll_sdpcm_poll_device+0x1e2>
100076d4:	2301      	movs	r3, #1
100076d6:	74eb      	strb	r3, [r5, #19]
100076d8:	f64f 73ff 	movw	r3, #65535	@ 0xffff
100076dc:	ea81 0c02 	eor.w	ip, r1, r2
100076e0:	459c      	cmp	ip, r3
100076e2:	f040 80a8 	bne.w	10007836 <cyw43_ll_sdpcm_poll_device+0x1ee>
100076e6:	43d2      	mvns	r2, r2
100076e8:	b292      	uxth	r2, r2
100076ea:	4291      	cmp	r1, r2
100076ec:	f040 80a0 	bne.w	10007830 <cyw43_ll_sdpcm_poll_device+0x1e8>
100076f0:	290b      	cmp	r1, #11
100076f2:	f240 80a7 	bls.w	10007844 <cyw43_ll_sdpcm_poll_device+0x1fc>
100076f6:	f895 302d 	ldrb.w	r3, [r5, #45]	@ 0x2d
100076fa:	f895 2030 	ldrb.w	r2, [r5, #48]	@ 0x30
100076fe:	f003 030f 	and.w	r3, r3, #15
10007702:	2b02      	cmp	r3, #2
10007704:	73aa      	strb	r2, [r5, #14]
10007706:	d822      	bhi.n	1000774e <cyw43_ll_sdpcm_poll_device+0x106>
10007708:	f895 c031 	ldrb.w	ip, [r5, #49]	@ 0x31
1000770c:	7b6a      	ldrb	r2, [r5, #13]
1000770e:	ebac 0202 	sub.w	r2, ip, r2
10007712:	b2d2      	uxtb	r2, r2
10007714:	2a14      	cmp	r2, #20
10007716:	bf98      	it	ls
10007718:	f885 c00d 	strbls.w	ip, [r5, #13]
1000771c:	290c      	cmp	r1, #12
1000771e:	d01b      	beq.n	10007758 <cyw43_ll_sdpcm_poll_device+0x110>
10007720:	2b01      	cmp	r3, #1
10007722:	d037      	beq.n	10007794 <cyw43_ll_sdpcm_poll_device+0x14c>
10007724:	2b02      	cmp	r3, #2
10007726:	d066      	beq.n	100077f6 <cyw43_ll_sdpcm_poll_device+0x1ae>
10007728:	291b      	cmp	r1, #27
1000772a:	f240 8097 	bls.w	1000785c <cyw43_ll_sdpcm_poll_device+0x214>
1000772e:	f895 302f 	ldrb.w	r3, [r5, #47]	@ 0x2f
10007732:	8a2d      	ldrh	r5, [r5, #16]
10007734:	4423      	add	r3, r4
10007736:	895a      	ldrh	r2, [r3, #10]
10007738:	4295      	cmp	r5, r2
1000773a:	f040 808c 	bne.w	10007856 <cyw43_ll_sdpcm_poll_device+0x20e>
1000773e:	3310      	adds	r3, #16
10007740:	1b1c      	subs	r4, r3, r4
10007742:	1b0c      	subs	r4, r1, r4
10007744:	603c      	str	r4, [r7, #0]
10007746:	6033      	str	r3, [r6, #0]
10007748:	b003      	add	sp, #12
1000774a:	e8bd 83f0 	ldmia.w	sp!, {r4, r5, r6, r7, r8, r9, pc}
1000774e:	290c      	cmp	r1, #12
10007750:	bf18      	it	ne
10007752:	f06f 000a 	mvnne.w	r0, #10
10007756:	d1f7      	bne.n	10007748 <cyw43_ll_sdpcm_poll_device+0x100>
10007758:	f06f 0003 	mvn.w	r0, #3
1000775c:	e7f4      	b.n	10007748 <cyw43_ll_sdpcm_poll_device+0x100>
1000775e:	2204      	movs	r2, #4
10007760:	4628      	mov	r0, r5
10007762:	f7ff f9e9 	bl	10006b38 <cyw43_read_reg_u16>
10007766:	f8df 910c 	ldr.w	r9, [pc, #268]	@ 10007874 <cyw43_ll_sdpcm_poll_device+0x22c>
1000776a:	fa1f f880 	uxth.w	r8, r0
1000776e:	f8b9 3000 	ldrh.w	r3, [r9]
10007772:	4604      	mov	r4, r0
10007774:	4543      	cmp	r3, r8
10007776:	d002      	beq.n	1000777e <cyw43_ll_sdpcm_poll_device+0x136>
10007778:	f010 0f86 	tst.w	r0, #134	@ 0x86
1000777c:	d12d      	bne.n	100077da <cyw43_ll_sdpcm_poll_device+0x192>
1000777e:	f1b8 0f00 	cmp.w	r8, #0
10007782:	d131      	bne.n	100077e8 <cyw43_ll_sdpcm_poll_device+0x1a0>
10007784:	06a1      	lsls	r1, r4, #26
10007786:	f8a9 8000 	strh.w	r8, [r9]
1000778a:	f53f af79 	bmi.w	10007680 <cyw43_ll_sdpcm_poll_device+0x38>
1000778e:	f04f 30ff 	mov.w	r0, #4294967295	@ 0xffffffff
10007792:	e7d9      	b.n	10007748 <cyw43_ll_sdpcm_poll_device+0x100>
10007794:	2910      	cmp	r1, #16
10007796:	d964      	bls.n	10007862 <cyw43_ll_sdpcm_poll_device+0x21a>
10007798:	f895 202f 	ldrb.w	r2, [r5, #47]	@ 0x2f
1000779c:	4422      	add	r2, r4
1000779e:	78d0      	ldrb	r0, [r2, #3]
100077a0:	eb02 0280 	add.w	r2, r2, r0, lsl #2
100077a4:	7c10      	ldrb	r0, [r2, #16]
100077a6:	3204      	adds	r2, #4
100077a8:	1b14      	subs	r4, r2, r4
100077aa:	2888      	cmp	r0, #136	@ 0x88
100077ac:	eba1 0104 	sub.w	r1, r1, r4
100077b0:	d14b      	bne.n	1000784a <cyw43_ll_sdpcm_poll_device+0x202>
100077b2:	7b50      	ldrb	r0, [r2, #13]
100077b4:	286c      	cmp	r0, #108	@ 0x6c
100077b6:	d148      	bne.n	1000784a <cyw43_ll_sdpcm_poll_device+0x202>
100077b8:	7cd0      	ldrb	r0, [r2, #19]
100077ba:	2800      	cmp	r0, #0
100077bc:	d13f      	bne.n	1000783e <cyw43_ll_sdpcm_poll_device+0x1f6>
100077be:	7d10      	ldrb	r0, [r2, #20]
100077c0:	2810      	cmp	r0, #16
100077c2:	d13c      	bne.n	1000783e <cyw43_ll_sdpcm_poll_device+0x1f6>
100077c4:	7d50      	ldrb	r0, [r2, #21]
100077c6:	2818      	cmp	r0, #24
100077c8:	d139      	bne.n	1000783e <cyw43_ll_sdpcm_poll_device+0x1f6>
100077ca:	4618      	mov	r0, r3
100077cc:	3918      	subs	r1, #24
100077ce:	3218      	adds	r2, #24
100077d0:	6039      	str	r1, [r7, #0]
100077d2:	6032      	str	r2, [r6, #0]
100077d4:	b003      	add	sp, #12
100077d6:	e8bd 83f0 	ldmia.w	sp!, {r4, r5, r6, r7, r8, r9, pc}
100077da:	4641      	mov	r1, r8
100077dc:	4822      	ldr	r0, [pc, #136]	@ (10007868 <cyw43_ll_sdpcm_poll_device+0x220>)
100077de:	f7fc fa29 	bl	10003c34 <__wrap_printf>
100077e2:	f1b8 0f00 	cmp.w	r8, #0
100077e6:	d0cd      	beq.n	10007784 <cyw43_ll_sdpcm_poll_device+0x13c>
100077e8:	4643      	mov	r3, r8
100077ea:	2204      	movs	r2, #4
100077ec:	2100      	movs	r1, #0
100077ee:	4628      	mov	r0, r5
100077f0:	f7ff fbc0 	bl	10006f74 <cyw43_write_reg_u16>
100077f4:	e7c6      	b.n	10007784 <cyw43_ll_sdpcm_poll_device+0x13c>
100077f6:	2910      	cmp	r1, #16
100077f8:	d92a      	bls.n	10007850 <cyw43_ll_sdpcm_poll_device+0x208>
100077fa:	4618      	mov	r0, r3
100077fc:	f895 202f 	ldrb.w	r2, [r5, #47]	@ 0x2f
10007800:	4422      	add	r2, r4
10007802:	78d3      	ldrb	r3, [r2, #3]
10007804:	eb02 0383 	add.w	r3, r2, r3, lsl #2
10007808:	3304      	adds	r3, #4
1000780a:	7892      	ldrb	r2, [r2, #2]
1000780c:	1b1c      	subs	r4, r3, r4
1000780e:	1b0c      	subs	r4, r1, r4
10007810:	ea44 72c2 	orr.w	r2, r4, r2, lsl #31
10007814:	603a      	str	r2, [r7, #0]
10007816:	6033      	str	r3, [r6, #0]
10007818:	b003      	add	sp, #12
1000781a:	e8bd 83f0 	ldmia.w	sp!, {r4, r5, r6, r7, r8, r9, pc}
1000781e:	2301      	movs	r3, #1
10007820:	4628      	mov	r0, r5
10007822:	4619      	mov	r1, r3
10007824:	4a11      	ldr	r2, [pc, #68]	@ (1000786c <cyw43_ll_sdpcm_poll_device+0x224>)
10007826:	f7ff fc89 	bl	1000713c <cyw43_write_reg_u8>
1000782a:	2300      	movs	r3, #0
1000782c:	74eb      	strb	r3, [r5, #19]
1000782e:	e7ae      	b.n	1000778e <cyw43_ll_sdpcm_poll_device+0x146>
10007830:	f06f 0001 	mvn.w	r0, #1
10007834:	e788      	b.n	10007748 <cyw43_ll_sdpcm_poll_device+0x100>
10007836:	480e      	ldr	r0, [pc, #56]	@ (10007870 <cyw43_ll_sdpcm_poll_device+0x228>)
10007838:	f7fc f9fc 	bl	10003c34 <__wrap_printf>
1000783c:	e7a7      	b.n	1000778e <cyw43_ll_sdpcm_poll_device+0x146>
1000783e:	f06f 0009 	mvn.w	r0, #9
10007842:	e781      	b.n	10007748 <cyw43_ll_sdpcm_poll_device+0x100>
10007844:	f06f 0002 	mvn.w	r0, #2
10007848:	e77e      	b.n	10007748 <cyw43_ll_sdpcm_poll_device+0x100>
1000784a:	f06f 0008 	mvn.w	r0, #8
1000784e:	e77b      	b.n	10007748 <cyw43_ll_sdpcm_poll_device+0x100>
10007850:	f06f 0006 	mvn.w	r0, #6
10007854:	e778      	b.n	10007748 <cyw43_ll_sdpcm_poll_device+0x100>
10007856:	f06f 0005 	mvn.w	r0, #5
1000785a:	e775      	b.n	10007748 <cyw43_ll_sdpcm_poll_device+0x100>
1000785c:	f06f 0004 	mvn.w	r0, #4
10007860:	e772      	b.n	10007748 <cyw43_ll_sdpcm_poll_device+0x100>
10007862:	f06f 0007 	mvn.w	r0, #7
10007866:	e76f      	b.n	10007748 <cyw43_ll_sdpcm_poll_device+0x100>
10007868:	1000a4a0 	.word	0x1000a4a0
1000786c:	0001000d 	.word	0x0001000d
10007870:	1000a4cc 	.word	0x1000a4cc
10007874:	20002e80 	.word	0x20002e80

10007878 <cyw43_sdpcm_send_common>:
10007878:	e92d 4ff0 	stmdb	sp!, {r4, r5, r6, r7, r8, r9, sl, fp, lr}
1000787c:	4604      	mov	r4, r0
1000787e:	b085      	sub	sp, #20
10007880:	4699      	mov	r9, r3
10007882:	468b      	mov	fp, r1
10007884:	4692      	mov	sl, r2
10007886:	f001 fb0b 	bl	10008ea0 <cyw43_cb_ensure_awake>
1000788a:	7ca3      	ldrb	r3, [r4, #18]
1000788c:	b92b      	cbnz	r3, 1000789a <cyw43_sdpcm_send_common+0x22>
1000788e:	2101      	movs	r1, #1
10007890:	4620      	mov	r0, r4
10007892:	f7ff fe9b 	bl	100075cc <cyw43_kso_set>
10007896:	2301      	movs	r3, #1
10007898:	74a3      	strb	r3, [r4, #18]
1000789a:	7ba3      	ldrb	r3, [r4, #14]
1000789c:	b313      	cbz	r3, 100078e4 <cyw43_sdpcm_send_common+0x6c>
1000789e:	4e2d      	ldr	r6, [pc, #180]	@ (10007954 <cyw43_sdpcm_send_common+0xdc>)
100078a0:	f8df 80b8 	ldr.w	r8, [pc, #184]	@ 1000795c <cyw43_sdpcm_send_common+0xe4>
100078a4:	6ab7      	ldr	r7, [r6, #40]	@ 0x28
100078a6:	e00c      	b.n	100078c2 <cyw43_sdpcm_send_common+0x4a>
100078a8:	7ba1      	ldrb	r1, [r4, #14]
100078aa:	1bed      	subs	r5, r5, r7
100078ac:	b919      	cbnz	r1, 100078b6 <cyw43_sdpcm_send_common+0x3e>
100078ae:	7b23      	ldrb	r3, [r4, #12]
100078b0:	7b62      	ldrb	r2, [r4, #13]
100078b2:	429a      	cmp	r2, r3
100078b4:	d11a      	bne.n	100078ec <cyw43_sdpcm_send_common+0x74>
100078b6:	4545      	cmp	r5, r8
100078b8:	d842      	bhi.n	10007940 <cyw43_sdpcm_send_common+0xc8>
100078ba:	f44f 707a 	mov.w	r0, #1000	@ 0x3e8
100078be:	f001 fef3 	bl	100096a8 <cyw43_await_background_or_timeout_us>
100078c2:	4620      	mov	r0, r4
100078c4:	aa03      	add	r2, sp, #12
100078c6:	a902      	add	r1, sp, #8
100078c8:	6ab5      	ldr	r5, [r6, #40]	@ 0x28
100078ca:	f7ff febd 	bl	10007648 <cyw43_ll_sdpcm_poll_device>
100078ce:	2801      	cmp	r0, #1
100078d0:	d1ea      	bne.n	100078a8 <cyw43_sdpcm_send_common+0x30>
100078d2:	e9dd 0102 	ldrd	r0, r1, [sp, #8]
100078d6:	f7ff fdf3 	bl	100074c0 <cyw43_ll_parse_async_event>
100078da:	4601      	mov	r1, r0
100078dc:	4620      	mov	r0, r4
100078de:	f001 fae5 	bl	10008eac <cyw43_cb_process_async_event>
100078e2:	e7e1      	b.n	100078a8 <cyw43_sdpcm_send_common+0x30>
100078e4:	7b23      	ldrb	r3, [r4, #12]
100078e6:	7b62      	ldrb	r2, [r4, #13]
100078e8:	429a      	cmp	r2, r3
100078ea:	d0d8      	beq.n	1000789e <cyw43_sdpcm_send_common+0x26>
100078ec:	f10a 010c 	add.w	r1, sl, #12
100078f0:	b289      	uxth	r1, r1
100078f2:	f889 3004 	strb.w	r3, [r9, #4]
100078f6:	f889 b005 	strb.w	fp, [r9, #5]
100078fa:	f8cd 9000 	str.w	r9, [sp]
100078fe:	f8a9 1000 	strh.w	r1, [r9]
10007902:	43c9      	mvns	r1, r1
10007904:	f1bb 0f02 	cmp.w	fp, #2
10007908:	f8a9 1002 	strh.w	r1, [r9, #2]
1000790c:	f04f 0200 	mov.w	r2, #0
10007910:	bf14      	ite	ne
10007912:	210c      	movne	r1, #12
10007914:	210e      	moveq	r1, #14
10007916:	1c58      	adds	r0, r3, #1
10007918:	f10a 030f 	add.w	r3, sl, #15
1000791c:	f889 1007 	strb.w	r1, [r9, #7]
10007920:	f889 2006 	strb.w	r2, [r9, #6]
10007924:	f8a9 2008 	strh.w	r2, [r9, #8]
10007928:	f8a9 200a 	strh.w	r2, [r9, #10]
1000792c:	2102      	movs	r1, #2
1000792e:	7320      	strb	r0, [r4, #12]
10007930:	f023 0303 	bic.w	r3, r3, #3
10007934:	4620      	mov	r0, r4
10007936:	f7ff fd25 	bl	10007384 <cyw43_write_bytes>
1000793a:	b005      	add	sp, #20
1000793c:	e8bd 8ff0 	ldmia.w	sp!, {r4, r5, r6, r7, r8, r9, sl, fp, pc}
10007940:	7b63      	ldrb	r3, [r4, #13]
10007942:	7b22      	ldrb	r2, [r4, #12]
10007944:	4804      	ldr	r0, [pc, #16]	@ (10007958 <cyw43_sdpcm_send_common+0xe0>)
10007946:	f7fc f975 	bl	10003c34 <__wrap_printf>
1000794a:	f06f 0001 	mvn.w	r0, #1
1000794e:	b005      	add	sp, #20
10007950:	e8bd 8ff0 	ldmia.w	sp!, {r4, r5, r6, r7, r8, r9, sl, fp, pc}
10007954:	400b0000 	.word	0x400b0000
10007958:	1000a4f8 	.word	0x1000a4f8
1000795c:	000f4240 	.word	0x000f4240

10007960 <cyw43_do_ioctl.part.0>:
10007960:	e92d 4ff0 	stmdb	sp!, {r4, r5, r6, r7, r8, r9, sl, fp, lr}
10007964:	4d2a      	ldr	r5, [pc, #168]	@ (10007a10 <cyw43_do_ioctl.part.0+0xb0>)
10007966:	4689      	mov	r9, r1
10007968:	6aae      	ldr	r6, [r5, #40]	@ 0x28
1000796a:	6aaf      	ldr	r7, [r5, #40]	@ 0x28
1000796c:	4692      	mov	sl, r2
1000796e:	eba7 0c06 	sub.w	ip, r7, r6
10007972:	4f28      	ldr	r7, [pc, #160]	@ (10007a14 <cyw43_do_ioctl.part.0+0xb4>)
10007974:	4698      	mov	r8, r3
10007976:	45bc      	cmp	ip, r7
10007978:	b085      	sub	sp, #20
1000797a:	d82e      	bhi.n	100079da <cyw43_do_ioctl.part.0+0x7a>
1000797c:	4604      	mov	r4, r0
1000797e:	f8df b09c 	ldr.w	fp, [pc, #156]	@ 10007a1c <cyw43_do_ioctl.part.0+0xbc>
10007982:	e00f      	b.n	100079a4 <cyw43_do_ioctl.part.0+0x44>
10007984:	2802      	cmp	r0, #2
10007986:	d01f      	beq.n	100079c8 <cyw43_do_ioctl.part.0+0x68>
10007988:	2800      	cmp	r0, #0
1000798a:	db03      	blt.n	10007994 <cyw43_do_ioctl.part.0+0x34>
1000798c:	4658      	mov	r0, fp
1000798e:	4619      	mov	r1, r3
10007990:	f7fc f950 	bl	10003c34 <__wrap_printf>
10007994:	f44f 707a 	mov.w	r0, #1000	@ 0x3e8
10007998:	f001 fe86 	bl	100096a8 <cyw43_await_background_or_timeout_us>
1000799c:	6aab      	ldr	r3, [r5, #40]	@ 0x28
1000799e:	1b9b      	subs	r3, r3, r6
100079a0:	42bb      	cmp	r3, r7
100079a2:	d81a      	bhi.n	100079da <cyw43_do_ioctl.part.0+0x7a>
100079a4:	4620      	mov	r0, r4
100079a6:	aa03      	add	r2, sp, #12
100079a8:	a902      	add	r1, sp, #8
100079aa:	f7ff fe4d 	bl	10007648 <cyw43_ll_sdpcm_poll_device>
100079ae:	4603      	mov	r3, r0
100079b0:	b1f8      	cbz	r0, 100079f2 <cyw43_do_ioctl.part.0+0x92>
100079b2:	2801      	cmp	r0, #1
100079b4:	d1e6      	bne.n	10007984 <cyw43_do_ioctl.part.0+0x24>
100079b6:	e9dd 0102 	ldrd	r0, r1, [sp, #8]
100079ba:	f7ff fd81 	bl	100074c0 <cyw43_ll_parse_async_event>
100079be:	4601      	mov	r1, r0
100079c0:	4620      	mov	r0, r4
100079c2:	f001 fa73 	bl	10008eac <cyw43_cb_process_async_event>
100079c6:	e7e5      	b.n	10007994 <cyw43_do_ioctl.part.0+0x34>
100079c8:	e9dd 1302 	ldrd	r1, r3, [sp, #8]
100079cc:	6820      	ldr	r0, [r4, #0]
100079ce:	f021 4200 	bic.w	r2, r1, #2147483648	@ 0x80000000
100079d2:	0fc9      	lsrs	r1, r1, #31
100079d4:	f001 fecc 	bl	10009770 <cyw43_cb_process_ethernet>
100079d8:	e7dc      	b.n	10007994 <cyw43_do_ioctl.part.0+0x34>
100079da:	4643      	mov	r3, r8
100079dc:	4652      	mov	r2, sl
100079de:	4649      	mov	r1, r9
100079e0:	480d      	ldr	r0, [pc, #52]	@ (10007a18 <cyw43_do_ioctl.part.0+0xb8>)
100079e2:	f7fc f927 	bl	10003c34 <__wrap_printf>
100079e6:	f06f 0301 	mvn.w	r3, #1
100079ea:	4618      	mov	r0, r3
100079ec:	b005      	add	sp, #20
100079ee:	e8bd 8ff0 	ldmia.w	sp!, {r4, r5, r6, r7, r8, r9, sl, fp, pc}
100079f2:	9a02      	ldr	r2, [sp, #8]
100079f4:	9001      	str	r0, [sp, #4]
100079f6:	4542      	cmp	r2, r8
100079f8:	bf28      	it	cs
100079fa:	4642      	movcs	r2, r8
100079fc:	980e      	ldr	r0, [sp, #56]	@ 0x38
100079fe:	9903      	ldr	r1, [sp, #12]
10007a00:	f002 fa08 	bl	10009e14 <memmove>
10007a04:	9b01      	ldr	r3, [sp, #4]
10007a06:	4618      	mov	r0, r3
10007a08:	b005      	add	sp, #20
10007a0a:	e8bd 8ff0 	ldmia.w	sp!, {r4, r5, r6, r7, r8, r9, sl, fp, pc}
10007a0e:	bf00      	nop
10007a10:	400b0000 	.word	0x400b0000
10007a14:	000f423f 	.word	0x000f423f
10007a18:	1000a548 	.word	0x1000a548
10007a1c:	1000a51c 	.word	0x1000a51c

10007a20 <cyw43_download_resource>:
10007a20:	e92d 4ff0 	stmdb	sp!, {r4, r5, r6, r7, r8, r9, sl, fp, lr}
10007a24:	2400      	movs	r4, #0
10007a26:	4607      	mov	r7, r0
10007a28:	4691      	mov	r9, r2
10007a2a:	b083      	sub	sp, #12
10007a2c:	f1a1 0a40 	sub.w	sl, r1, #64	@ 0x40
10007a30:	f1a3 0b40 	sub.w	fp, r3, #64	@ 0x40
10007a34:	e015      	b.n	10007a62 <cyw43_download_resource+0x42>
10007a36:	f413 0f7f 	tst.w	r3, #16711680	@ 0xff0000
10007a3a:	d132      	bne.n	10007aa2 <cyw43_download_resource+0x82>
10007a3c:	f413 4f7f 	tst.w	r3, #65280	@ 0xff00
10007a40:	d13a      	bne.n	10007ab8 <cyw43_download_resource+0x98>
10007a42:	60be      	str	r6, [r7, #8]
10007a44:	f3c5 020e 	ubfx	r2, r5, #0, #15
10007a48:	eb0b 0504 	add.w	r5, fp, r4
10007a4c:	4643      	mov	r3, r8
10007a4e:	2101      	movs	r1, #1
10007a50:	4638      	mov	r0, r7
10007a52:	9500      	str	r5, [sp, #0]
10007a54:	f442 4200 	orr.w	r2, r2, #32768	@ 0x8000
10007a58:	f7ff fc94 	bl	10007384 <cyw43_write_bytes>
10007a5c:	bb98      	cbnz	r0, 10007ac6 <cyw43_download_resource+0xa6>
10007a5e:	454c      	cmp	r4, r9
10007a60:	d231      	bcs.n	10007ac6 <cyw43_download_resource+0xa6>
10007a62:	46a0      	mov	r8, r4
10007a64:	3440      	adds	r4, #64	@ 0x40
10007a66:	eb0a 0504 	add.w	r5, sl, r4
10007a6a:	68bb      	ldr	r3, [r7, #8]
10007a6c:	f425 46ff 	bic.w	r6, r5, #32640	@ 0x7f80
10007a70:	454c      	cmp	r4, r9
10007a72:	f026 067f 	bic.w	r6, r6, #127	@ 0x7f
10007a76:	bf94      	ite	ls
10007a78:	f04f 0840 	movls.w	r8, #64	@ 0x40
10007a7c:	eba9 0808 	subhi.w	r8, r9, r8
10007a80:	429e      	cmp	r6, r3
10007a82:	d0df      	beq.n	10007a44 <cyw43_download_resource+0x24>
10007a84:	4073      	eors	r3, r6
10007a86:	f1b3 7f80 	cmp.w	r3, #16777216	@ 0x1000000
10007a8a:	d3d4      	bcc.n	10007a36 <cyw43_download_resource+0x16>
10007a8c:	2300      	movs	r3, #0
10007a8e:	2101      	movs	r1, #1
10007a90:	4638      	mov	r0, r7
10007a92:	4a0e      	ldr	r2, [pc, #56]	@ (10007acc <cyw43_download_resource+0xac>)
10007a94:	f7ff fb52 	bl	1000713c <cyw43_write_reg_u8>
10007a98:	68bb      	ldr	r3, [r7, #8]
10007a9a:	4073      	eors	r3, r6
10007a9c:	f413 0f7f 	tst.w	r3, #16711680	@ 0xff0000
10007aa0:	d0cc      	beq.n	10007a3c <cyw43_download_resource+0x1c>
10007aa2:	0c33      	lsrs	r3, r6, #16
10007aa4:	2101      	movs	r1, #1
10007aa6:	4638      	mov	r0, r7
10007aa8:	4a09      	ldr	r2, [pc, #36]	@ (10007ad0 <cyw43_download_resource+0xb0>)
10007aaa:	f7ff fb47 	bl	1000713c <cyw43_write_reg_u8>
10007aae:	68bb      	ldr	r3, [r7, #8]
10007ab0:	4073      	eors	r3, r6
10007ab2:	f413 4f7f 	tst.w	r3, #65280	@ 0xff00
10007ab6:	d0c4      	beq.n	10007a42 <cyw43_download_resource+0x22>
10007ab8:	2101      	movs	r1, #1
10007aba:	4638      	mov	r0, r7
10007abc:	4a05      	ldr	r2, [pc, #20]	@ (10007ad4 <cyw43_download_resource+0xb4>)
10007abe:	0a33      	lsrs	r3, r6, #8
10007ac0:	f7ff fb3c 	bl	1000713c <cyw43_write_reg_u8>
10007ac4:	e7bd      	b.n	10007a42 <cyw43_download_resource+0x22>
10007ac6:	b003      	add	sp, #12
10007ac8:	e8bd 8ff0 	ldmia.w	sp!, {r4, r5, r6, r7, r8, r9, sl, fp, pc}
10007acc:	0001000c 	.word	0x0001000c
10007ad0:	0001000b 	.word	0x0001000b
10007ad4:	0001000a 	.word	0x0001000a

10007ad8 <cyw43_write_iovar_u32.constprop.0>:
10007ad8:	e92d 41f0 	stmdb	sp!, {r4, r5, r6, r7, r8, lr}
10007adc:	4604      	mov	r4, r0
10007ade:	b082      	sub	sp, #8
10007ae0:	4608      	mov	r0, r1
10007ae2:	460e      	mov	r6, r1
10007ae4:	4690      	mov	r8, r2
10007ae6:	f002 fa91 	bl	1000a00c <strlen>
10007aea:	4607      	mov	r7, r0
10007aec:	4631      	mov	r1, r6
10007aee:	f104 0544 	add.w	r5, r4, #68	@ 0x44
10007af2:	1c7e      	adds	r6, r7, #1
10007af4:	4628      	mov	r0, r5
10007af6:	4632      	mov	r2, r6
10007af8:	f002 fa0c 	bl	10009f14 <memcpy>
10007afc:	f107 0321 	add.w	r3, r7, #33	@ 0x21
10007b00:	f5b3 6f00 	cmp.w	r3, #2048	@ 0x800
10007b04:	f845 8006 	str.w	r8, [r5, r6]
10007b08:	d81d      	bhi.n	10007b46 <cyw43_write_iovar_u32.constprop.0+0x6e>
10007b0a:	1d7e      	adds	r6, r7, #5
10007b0c:	2100      	movs	r1, #0
10007b0e:	f107 0215 	add.w	r2, r7, #21
10007b12:	f240 1707 	movw	r7, #263	@ 0x107
10007b16:	8a23      	ldrh	r3, [r4, #16]
10007b18:	4620      	mov	r0, r4
10007b1a:	3301      	adds	r3, #1
10007b1c:	b29b      	uxth	r3, r3
10007b1e:	8223      	strh	r3, [r4, #16]
10007b20:	041b      	lsls	r3, r3, #16
10007b22:	f043 0302 	orr.w	r3, r3, #2
10007b26:	63e3      	str	r3, [r4, #60]	@ 0x3c
10007b28:	63a6      	str	r6, [r4, #56]	@ 0x38
10007b2a:	f104 0328 	add.w	r3, r4, #40	@ 0x28
10007b2e:	6421      	str	r1, [r4, #64]	@ 0x40
10007b30:	6367      	str	r7, [r4, #52]	@ 0x34
10007b32:	f7ff fea1 	bl	10007878 <cyw43_sdpcm_send_common>
10007b36:	b930      	cbnz	r0, 10007b46 <cyw43_write_iovar_u32.constprop.0+0x6e>
10007b38:	4633      	mov	r3, r6
10007b3a:	463a      	mov	r2, r7
10007b3c:	2102      	movs	r1, #2
10007b3e:	4620      	mov	r0, r4
10007b40:	9500      	str	r5, [sp, #0]
10007b42:	f7ff ff0d 	bl	10007960 <cyw43_do_ioctl.part.0>
10007b46:	b002      	add	sp, #8
10007b48:	e8bd 81f0 	ldmia.w	sp!, {r4, r5, r6, r7, r8, pc}

10007b4c <cyw43_write_iovar_n>:
10007b4c:	e92d 47f0 	stmdb	sp!, {r4, r5, r6, r7, r8, r9, sl, lr}
10007b50:	4604      	mov	r4, r0
10007b52:	4608      	mov	r0, r1
10007b54:	461d      	mov	r5, r3
10007b56:	4689      	mov	r9, r1
10007b58:	4690      	mov	r8, r2
10007b5a:	f002 fa57 	bl	1000a00c <strlen>
10007b5e:	f104 0744 	add.w	r7, r4, #68	@ 0x44
10007b62:	4629      	mov	r1, r5
10007b64:	1c45      	adds	r5, r0, #1
10007b66:	4642      	mov	r2, r8
10007b68:	1978      	adds	r0, r7, r5
10007b6a:	9e08      	ldr	r6, [sp, #32]
10007b6c:	f002 f952 	bl	10009e14 <memmove>
10007b70:	462a      	mov	r2, r5
10007b72:	4649      	mov	r1, r9
10007b74:	4638      	mov	r0, r7
10007b76:	4445      	add	r5, r8
10007b78:	f002 f9cc 	bl	10009f14 <memcpy>
10007b7c:	f105 031c 	add.w	r3, r5, #28
10007b80:	f5b3 6f00 	cmp.w	r3, #2048	@ 0x800
10007b84:	d820      	bhi.n	10007bc8 <cyw43_write_iovar_n+0x7c>
10007b86:	8a23      	ldrh	r3, [r4, #16]
10007b88:	0336      	lsls	r6, r6, #12
10007b8a:	3301      	adds	r3, #1
10007b8c:	b29b      	uxth	r3, r3
10007b8e:	ea46 4603 	orr.w	r6, r6, r3, lsl #16
10007b92:	f046 0602 	orr.w	r6, r6, #2
10007b96:	2100      	movs	r1, #0
10007b98:	63e6      	str	r6, [r4, #60]	@ 0x3c
10007b9a:	f240 1607 	movw	r6, #263	@ 0x107
10007b9e:	8223      	strh	r3, [r4, #16]
10007ba0:	4620      	mov	r0, r4
10007ba2:	63a5      	str	r5, [r4, #56]	@ 0x38
10007ba4:	f104 0328 	add.w	r3, r4, #40	@ 0x28
10007ba8:	f105 0210 	add.w	r2, r5, #16
10007bac:	6421      	str	r1, [r4, #64]	@ 0x40
10007bae:	6366      	str	r6, [r4, #52]	@ 0x34
10007bb0:	f7ff fe62 	bl	10007878 <cyw43_sdpcm_send_common>
10007bb4:	b940      	cbnz	r0, 10007bc8 <cyw43_write_iovar_n+0x7c>
10007bb6:	462b      	mov	r3, r5
10007bb8:	4632      	mov	r2, r6
10007bba:	4620      	mov	r0, r4
10007bbc:	9708      	str	r7, [sp, #32]
10007bbe:	2102      	movs	r1, #2
10007bc0:	e8bd 47f0 	ldmia.w	sp!, {r4, r5, r6, r7, r8, r9, sl, lr}
10007bc4:	f7ff becc 	b.w	10007960 <cyw43_do_ioctl.part.0>
10007bc8:	e8bd 87f0 	ldmia.w	sp!, {r4, r5, r6, r7, r8, r9, sl, pc}

10007bcc <cyw43_read_backplane.constprop.0>:
10007bcc:	b570      	push	{r4, r5, r6, lr}
10007bce:	6883      	ldr	r3, [r0, #8]
10007bd0:	f421 46ff 	bic.w	r6, r1, #32640	@ 0x7f80
10007bd4:	f026 067f 	bic.w	r6, r6, #127	@ 0x7f
10007bd8:	429e      	cmp	r6, r3
10007bda:	4604      	mov	r4, r0
10007bdc:	460d      	mov	r5, r1
10007bde:	d00a      	beq.n	10007bf6 <cyw43_read_backplane.constprop.0+0x2a>
10007be0:	4073      	eors	r3, r6
10007be2:	f1b3 7f80 	cmp.w	r3, #16777216	@ 0x1000000
10007be6:	d223      	bcs.n	10007c30 <cyw43_read_backplane.constprop.0+0x64>
10007be8:	f413 0f7f 	tst.w	r3, #16711680	@ 0xff0000
10007bec:	d12a      	bne.n	10007c44 <cyw43_read_backplane.constprop.0+0x78>
10007bee:	f413 4f7f 	tst.w	r3, #65280	@ 0xff00
10007bf2:	d132      	bne.n	10007c5a <cyw43_read_backplane.constprop.0+0x8e>
10007bf4:	60a6      	str	r6, [r4, #8]
10007bf6:	f3c5 020e 	ubfx	r2, r5, #0, #15
10007bfa:	2101      	movs	r1, #1
10007bfc:	4620      	mov	r0, r4
10007bfe:	f442 4200 	orr.w	r2, r2, #32768	@ 0x8000
10007c02:	f7fe ffc3 	bl	10006b8c <cyw43_read_reg_u8>
10007c06:	68a3      	ldr	r3, [r4, #8]
10007c08:	4605      	mov	r5, r0
10007c0a:	f1b3 5fc0 	cmp.w	r3, #402653184	@ 0x18000000
10007c0e:	d00d      	beq.n	10007c2c <cyw43_read_backplane.constprop.0+0x60>
10007c10:	f083 53c0 	eor.w	r3, r3, #402653184	@ 0x18000000
10007c14:	f1b3 7f80 	cmp.w	r3, #16777216	@ 0x1000000
10007c18:	d239      	bcs.n	10007c8e <cyw43_read_backplane.constprop.0+0xc2>
10007c1a:	f413 0f7f 	tst.w	r3, #16711680	@ 0xff0000
10007c1e:	d12b      	bne.n	10007c78 <cyw43_read_backplane.constprop.0+0xac>
10007c20:	f413 4f7f 	tst.w	r3, #65280	@ 0xff00
10007c24:	d120      	bne.n	10007c68 <cyw43_read_backplane.constprop.0+0x9c>
10007c26:	f04f 53c0 	mov.w	r3, #402653184	@ 0x18000000
10007c2a:	60a3      	str	r3, [r4, #8]
10007c2c:	4628      	mov	r0, r5
10007c2e:	bd70      	pop	{r4, r5, r6, pc}
10007c30:	0e33      	lsrs	r3, r6, #24
10007c32:	2101      	movs	r1, #1
10007c34:	4a1b      	ldr	r2, [pc, #108]	@ (10007ca4 <cyw43_read_backplane.constprop.0+0xd8>)
10007c36:	f7ff fa81 	bl	1000713c <cyw43_write_reg_u8>
10007c3a:	68a3      	ldr	r3, [r4, #8]
10007c3c:	4073      	eors	r3, r6
10007c3e:	f413 0f7f 	tst.w	r3, #16711680	@ 0xff0000
10007c42:	d0d4      	beq.n	10007bee <cyw43_read_backplane.constprop.0+0x22>
10007c44:	0c33      	lsrs	r3, r6, #16
10007c46:	2101      	movs	r1, #1
10007c48:	4620      	mov	r0, r4
10007c4a:	4a17      	ldr	r2, [pc, #92]	@ (10007ca8 <cyw43_read_backplane.constprop.0+0xdc>)
10007c4c:	f7ff fa76 	bl	1000713c <cyw43_write_reg_u8>
10007c50:	68a3      	ldr	r3, [r4, #8]
10007c52:	4073      	eors	r3, r6
10007c54:	f413 4f7f 	tst.w	r3, #65280	@ 0xff00
10007c58:	d0cc      	beq.n	10007bf4 <cyw43_read_backplane.constprop.0+0x28>
10007c5a:	2101      	movs	r1, #1
10007c5c:	4620      	mov	r0, r4
10007c5e:	4a13      	ldr	r2, [pc, #76]	@ (10007cac <cyw43_read_backplane.constprop.0+0xe0>)
10007c60:	0a33      	lsrs	r3, r6, #8
10007c62:	f7ff fa6b 	bl	1000713c <cyw43_write_reg_u8>
10007c66:	e7c5      	b.n	10007bf4 <cyw43_read_backplane.constprop.0+0x28>
10007c68:	f44f 13c0 	mov.w	r3, #1572864	@ 0x180000
10007c6c:	2101      	movs	r1, #1
10007c6e:	4620      	mov	r0, r4
10007c70:	4a0e      	ldr	r2, [pc, #56]	@ (10007cac <cyw43_read_backplane.constprop.0+0xe0>)
10007c72:	f7ff fa63 	bl	1000713c <cyw43_write_reg_u8>
10007c76:	e7d6      	b.n	10007c26 <cyw43_read_backplane.constprop.0+0x5a>
10007c78:	f44f 53c0 	mov.w	r3, #6144	@ 0x1800
10007c7c:	2101      	movs	r1, #1
10007c7e:	4620      	mov	r0, r4
10007c80:	4a09      	ldr	r2, [pc, #36]	@ (10007ca8 <cyw43_read_backplane.constprop.0+0xdc>)
10007c82:	f7ff fa5b 	bl	1000713c <cyw43_write_reg_u8>
10007c86:	68a3      	ldr	r3, [r4, #8]
10007c88:	f083 53c0 	eor.w	r3, r3, #402653184	@ 0x18000000
10007c8c:	e7c8      	b.n	10007c20 <cyw43_read_backplane.constprop.0+0x54>
10007c8e:	2318      	movs	r3, #24
10007c90:	2101      	movs	r1, #1
10007c92:	4620      	mov	r0, r4
10007c94:	4a03      	ldr	r2, [pc, #12]	@ (10007ca4 <cyw43_read_backplane.constprop.0+0xd8>)
10007c96:	f7ff fa51 	bl	1000713c <cyw43_write_reg_u8>
10007c9a:	68a3      	ldr	r3, [r4, #8]
10007c9c:	f083 53c0 	eor.w	r3, r3, #402653184	@ 0x18000000
10007ca0:	e7bb      	b.n	10007c1a <cyw43_read_backplane.constprop.0+0x4e>
10007ca2:	bf00      	nop
10007ca4:	0001000c 	.word	0x0001000c
10007ca8:	0001000b 	.word	0x0001000b
10007cac:	0001000a 	.word	0x0001000a

10007cb0 <cyw43_write_backplane>:
10007cb0:	e92d 43f8 	stmdb	sp!, {r3, r4, r5, r6, r7, r8, r9, lr}
10007cb4:	6886      	ldr	r6, [r0, #8]
10007cb6:	f421 47ff 	bic.w	r7, r1, #32640	@ 0x7f80
10007cba:	f027 077f 	bic.w	r7, r7, #127	@ 0x7f
10007cbe:	42b7      	cmp	r7, r6
10007cc0:	4604      	mov	r4, r0
10007cc2:	460d      	mov	r5, r1
10007cc4:	4690      	mov	r8, r2
10007cc6:	4699      	mov	r9, r3
10007cc8:	d00b      	beq.n	10007ce2 <cyw43_write_backplane+0x32>
10007cca:	ea87 0c06 	eor.w	ip, r7, r6
10007cce:	f1bc 7f80 	cmp.w	ip, #16777216	@ 0x1000000
10007cd2:	d23c      	bcs.n	10007d4e <cyw43_write_backplane+0x9e>
10007cd4:	f41c 0f7f 	tst.w	ip, #16711680	@ 0xff0000
10007cd8:	d12f      	bne.n	10007d3a <cyw43_write_backplane+0x8a>
10007cda:	f41c 4f7f 	tst.w	ip, #65280	@ 0xff00
10007cde:	d125      	bne.n	10007d2c <cyw43_write_backplane+0x7c>
10007ce0:	60a7      	str	r7, [r4, #8]
10007ce2:	f3c5 020e 	ubfx	r2, r5, #0, #15
10007ce6:	f1b8 0f01 	cmp.w	r8, #1
10007cea:	464b      	mov	r3, r9
10007cec:	f442 4200 	orr.w	r2, r2, #32768	@ 0x8000
10007cf0:	d017      	beq.n	10007d22 <cyw43_write_backplane+0x72>
10007cf2:	2101      	movs	r1, #1
10007cf4:	4620      	mov	r0, r4
10007cf6:	f7ff f859 	bl	10006dac <cyw43_write_reg_u32>
10007cfa:	68a3      	ldr	r3, [r4, #8]
10007cfc:	f1b3 5fc0 	cmp.w	r3, #402653184	@ 0x18000000
10007d00:	d00d      	beq.n	10007d1e <cyw43_write_backplane+0x6e>
10007d02:	f083 53c0 	eor.w	r3, r3, #402653184	@ 0x18000000
10007d06:	f1b3 7f80 	cmp.w	r3, #16777216	@ 0x1000000
10007d0a:	d23c      	bcs.n	10007d86 <cyw43_write_backplane+0xd6>
10007d0c:	f413 0f7f 	tst.w	r3, #16711680	@ 0xff0000
10007d10:	d12e      	bne.n	10007d70 <cyw43_write_backplane+0xc0>
10007d12:	f413 4f7f 	tst.w	r3, #65280	@ 0xff00
10007d16:	d123      	bne.n	10007d60 <cyw43_write_backplane+0xb0>
10007d18:	f04f 53c0 	mov.w	r3, #402653184	@ 0x18000000
10007d1c:	60a3      	str	r3, [r4, #8]
10007d1e:	e8bd 83f8 	ldmia.w	sp!, {r3, r4, r5, r6, r7, r8, r9, pc}
10007d22:	4641      	mov	r1, r8
10007d24:	4620      	mov	r0, r4
10007d26:	f7ff fa09 	bl	1000713c <cyw43_write_reg_u8>
10007d2a:	e7e6      	b.n	10007cfa <cyw43_write_backplane+0x4a>
10007d2c:	2101      	movs	r1, #1
10007d2e:	4620      	mov	r0, r4
10007d30:	4a1a      	ldr	r2, [pc, #104]	@ (10007d9c <cyw43_write_backplane+0xec>)
10007d32:	0a3b      	lsrs	r3, r7, #8
10007d34:	f7ff fa02 	bl	1000713c <cyw43_write_reg_u8>
10007d38:	e7d2      	b.n	10007ce0 <cyw43_write_backplane+0x30>
10007d3a:	2101      	movs	r1, #1
10007d3c:	4620      	mov	r0, r4
10007d3e:	4a18      	ldr	r2, [pc, #96]	@ (10007da0 <cyw43_write_backplane+0xf0>)
10007d40:	0c3b      	lsrs	r3, r7, #16
10007d42:	f7ff f9fb 	bl	1000713c <cyw43_write_reg_u8>
10007d46:	68a0      	ldr	r0, [r4, #8]
10007d48:	ea87 0c00 	eor.w	ip, r7, r0
10007d4c:	e7c5      	b.n	10007cda <cyw43_write_backplane+0x2a>
10007d4e:	0e3b      	lsrs	r3, r7, #24
10007d50:	2101      	movs	r1, #1
10007d52:	4a14      	ldr	r2, [pc, #80]	@ (10007da4 <cyw43_write_backplane+0xf4>)
10007d54:	f7ff f9f2 	bl	1000713c <cyw43_write_reg_u8>
10007d58:	68a3      	ldr	r3, [r4, #8]
10007d5a:	ea87 0c03 	eor.w	ip, r7, r3
10007d5e:	e7b9      	b.n	10007cd4 <cyw43_write_backplane+0x24>
10007d60:	f44f 13c0 	mov.w	r3, #1572864	@ 0x180000
10007d64:	2101      	movs	r1, #1
10007d66:	4620      	mov	r0, r4
10007d68:	4a0c      	ldr	r2, [pc, #48]	@ (10007d9c <cyw43_write_backplane+0xec>)
10007d6a:	f7ff f9e7 	bl	1000713c <cyw43_write_reg_u8>
10007d6e:	e7d3      	b.n	10007d18 <cyw43_write_backplane+0x68>
10007d70:	f44f 53c0 	mov.w	r3, #6144	@ 0x1800
10007d74:	2101      	movs	r1, #1
10007d76:	4620      	mov	r0, r4
10007d78:	4a09      	ldr	r2, [pc, #36]	@ (10007da0 <cyw43_write_backplane+0xf0>)
10007d7a:	f7ff f9df 	bl	1000713c <cyw43_write_reg_u8>
10007d7e:	68a3      	ldr	r3, [r4, #8]
10007d80:	f083 53c0 	eor.w	r3, r3, #402653184	@ 0x18000000
10007d84:	e7c5      	b.n	10007d12 <cyw43_write_backplane+0x62>
10007d86:	2318      	movs	r3, #24
10007d88:	2101      	movs	r1, #1
10007d8a:	4620      	mov	r0, r4
10007d8c:	4a05      	ldr	r2, [pc, #20]	@ (10007da4 <cyw43_write_backplane+0xf4>)
10007d8e:	f7ff f9d5 	bl	1000713c <cyw43_write_reg_u8>
10007d92:	68a3      	ldr	r3, [r4, #8]
10007d94:	f083 53c0 	eor.w	r3, r3, #402653184	@ 0x18000000
10007d98:	e7b8      	b.n	10007d0c <cyw43_write_backplane+0x5c>
10007d9a:	bf00      	nop
10007d9c:	0001000a 	.word	0x0001000a
10007da0:	0001000b 	.word	0x0001000b
10007da4:	0001000c 	.word	0x0001000c

10007da8 <reset_device_core.constprop.0>:
10007da8:	4bc8      	ldr	r3, [pc, #800]	@ (100080cc <reset_device_core.constprop.0+0x324>)
10007daa:	2901      	cmp	r1, #1
10007dac:	e92d 41f0 	stmdb	sp!, {r4, r5, r6, r7, r8, lr}
10007db0:	4fc7      	ldr	r7, [pc, #796]	@ (100080d0 <reset_device_core.constprop.0+0x328>)
10007db2:	bf0a      	itet	eq
10007db4:	461f      	moveq	r7, r3
10007db6:	f44f 4848 	movne.w	r8, #51200	@ 0xc800
10007dba:	f44f 4838 	moveq.w	r8, #47104	@ 0xb800
10007dbe:	4604      	mov	r4, r0
10007dc0:	460d      	mov	r5, r1
10007dc2:	4639      	mov	r1, r7
10007dc4:	f7ff fb44 	bl	10007450 <cyw43_set_backplane_window>
10007dc8:	4642      	mov	r2, r8
10007dca:	2101      	movs	r1, #1
10007dcc:	4620      	mov	r0, r4
10007dce:	f7fe fedd 	bl	10006b8c <cyw43_read_reg_u8>
10007dd2:	68a3      	ldr	r3, [r4, #8]
10007dd4:	f1b3 5fc0 	cmp.w	r3, #402653184	@ 0x18000000
10007dd8:	d010      	beq.n	10007dfc <reset_device_core.constprop.0+0x54>
10007dda:	f083 53c0 	eor.w	r3, r3, #402653184	@ 0x18000000
10007dde:	f1b3 7f80 	cmp.w	r3, #16777216	@ 0x1000000
10007de2:	f080 80d3 	bcs.w	10007f8c <reset_device_core.constprop.0+0x1e4>
10007de6:	f413 0f7f 	tst.w	r3, #16711680	@ 0xff0000
10007dea:	f040 80dc 	bne.w	10007fa6 <reset_device_core.constprop.0+0x1fe>
10007dee:	f413 4f7f 	tst.w	r3, #65280	@ 0xff00
10007df2:	f040 80e6 	bne.w	10007fc2 <reset_device_core.constprop.0+0x21a>
10007df6:	f04f 53c0 	mov.w	r3, #402653184	@ 0x18000000
10007dfa:	60a3      	str	r3, [r4, #8]
10007dfc:	4639      	mov	r1, r7
10007dfe:	4620      	mov	r0, r4
10007e00:	f7ff fb26 	bl	10007450 <cyw43_set_backplane_window>
10007e04:	4642      	mov	r2, r8
10007e06:	2101      	movs	r1, #1
10007e08:	4620      	mov	r0, r4
10007e0a:	f7fe febf 	bl	10006b8c <cyw43_read_reg_u8>
10007e0e:	68a3      	ldr	r3, [r4, #8]
10007e10:	4606      	mov	r6, r0
10007e12:	f1b3 5fc0 	cmp.w	r3, #402653184	@ 0x18000000
10007e16:	d010      	beq.n	10007e3a <reset_device_core.constprop.0+0x92>
10007e18:	f083 53c0 	eor.w	r3, r3, #402653184	@ 0x18000000
10007e1c:	f1b3 7f80 	cmp.w	r3, #16777216	@ 0x1000000
10007e20:	f080 818a 	bcs.w	10008138 <reset_device_core.constprop.0+0x390>
10007e24:	f413 0f7f 	tst.w	r3, #16711680	@ 0xff0000
10007e28:	f040 817b 	bne.w	10008122 <reset_device_core.constprop.0+0x37a>
10007e2c:	f413 4f7f 	tst.w	r3, #65280	@ 0xff00
10007e30:	f040 816f 	bne.w	10008112 <reset_device_core.constprop.0+0x36a>
10007e34:	f04f 53c0 	mov.w	r3, #402653184	@ 0x18000000
10007e38:	60a3      	str	r3, [r4, #8]
10007e3a:	07f3      	lsls	r3, r6, #31
10007e3c:	f140 8186 	bpl.w	1000814c <reset_device_core.constprop.0+0x3a4>
10007e40:	4ba4      	ldr	r3, [pc, #656]	@ (100080d4 <reset_device_core.constprop.0+0x32c>)
10007e42:	2d01      	cmp	r5, #1
10007e44:	4ea4      	ldr	r6, [pc, #656]	@ (100080d8 <reset_device_core.constprop.0+0x330>)
10007e46:	bf08      	it	eq
10007e48:	461e      	moveq	r6, r3
10007e4a:	f24b 4308 	movw	r3, #46088	@ 0xb408
10007e4e:	f24c 4508 	movw	r5, #50184	@ 0xc408
10007e52:	bf08      	it	eq
10007e54:	461d      	moveq	r5, r3
10007e56:	4631      	mov	r1, r6
10007e58:	4620      	mov	r0, r4
10007e5a:	f7ff faf9 	bl	10007450 <cyw43_set_backplane_window>
10007e5e:	2303      	movs	r3, #3
10007e60:	2101      	movs	r1, #1
10007e62:	462a      	mov	r2, r5
10007e64:	4620      	mov	r0, r4
10007e66:	f7ff f969 	bl	1000713c <cyw43_write_reg_u8>
10007e6a:	68a3      	ldr	r3, [r4, #8]
10007e6c:	f1b3 5fc0 	cmp.w	r3, #402653184	@ 0x18000000
10007e70:	d010      	beq.n	10007e94 <reset_device_core.constprop.0+0xec>
10007e72:	f083 53c0 	eor.w	r3, r3, #402653184	@ 0x18000000
10007e76:	f1b3 7f80 	cmp.w	r3, #16777216	@ 0x1000000
10007e7a:	f080 8140 	bcs.w	100080fe <reset_device_core.constprop.0+0x356>
10007e7e:	f413 0f7f 	tst.w	r3, #16711680	@ 0xff0000
10007e82:	f040 8131 	bne.w	100080e8 <reset_device_core.constprop.0+0x340>
10007e86:	f413 4f7f 	tst.w	r3, #65280	@ 0xff00
10007e8a:	f040 8116 	bne.w	100080ba <reset_device_core.constprop.0+0x312>
10007e8e:	f04f 53c0 	mov.w	r3, #402653184	@ 0x18000000
10007e92:	60a3      	str	r3, [r4, #8]
10007e94:	4631      	mov	r1, r6
10007e96:	4620      	mov	r0, r4
10007e98:	f7ff fada 	bl	10007450 <cyw43_set_backplane_window>
10007e9c:	462a      	mov	r2, r5
10007e9e:	2101      	movs	r1, #1
10007ea0:	4620      	mov	r0, r4
10007ea2:	f7fe fe73 	bl	10006b8c <cyw43_read_reg_u8>
10007ea6:	68a3      	ldr	r3, [r4, #8]
10007ea8:	f1b3 5fc0 	cmp.w	r3, #402653184	@ 0x18000000
10007eac:	d010      	beq.n	10007ed0 <reset_device_core.constprop.0+0x128>
10007eae:	f083 53c0 	eor.w	r3, r3, #402653184	@ 0x18000000
10007eb2:	f1b3 7f80 	cmp.w	r3, #16777216	@ 0x1000000
10007eb6:	f080 80f6 	bcs.w	100080a6 <reset_device_core.constprop.0+0x2fe>
10007eba:	f413 0f7f 	tst.w	r3, #16711680	@ 0xff0000
10007ebe:	f040 80e7 	bne.w	10008090 <reset_device_core.constprop.0+0x2e8>
10007ec2:	f413 4f7f 	tst.w	r3, #65280	@ 0xff00
10007ec6:	f040 80db 	bne.w	10008080 <reset_device_core.constprop.0+0x2d8>
10007eca:	f04f 53c0 	mov.w	r3, #402653184	@ 0x18000000
10007ece:	60a3      	str	r3, [r4, #8]
10007ed0:	4639      	mov	r1, r7
10007ed2:	4620      	mov	r0, r4
10007ed4:	f7ff fabc 	bl	10007450 <cyw43_set_backplane_window>
10007ed8:	2300      	movs	r3, #0
10007eda:	2101      	movs	r1, #1
10007edc:	4642      	mov	r2, r8
10007ede:	4620      	mov	r0, r4
10007ee0:	f7ff f92c 	bl	1000713c <cyw43_write_reg_u8>
10007ee4:	68a3      	ldr	r3, [r4, #8]
10007ee6:	f1b3 5fc0 	cmp.w	r3, #402653184	@ 0x18000000
10007eea:	d010      	beq.n	10007f0e <reset_device_core.constprop.0+0x166>
10007eec:	f083 53c0 	eor.w	r3, r3, #402653184	@ 0x18000000
10007ef0:	f1b3 7f80 	cmp.w	r3, #16777216	@ 0x1000000
10007ef4:	f080 80ba 	bcs.w	1000806c <reset_device_core.constprop.0+0x2c4>
10007ef8:	f413 0f7f 	tst.w	r3, #16711680	@ 0xff0000
10007efc:	f040 80ab 	bne.w	10008056 <reset_device_core.constprop.0+0x2ae>
10007f00:	f413 4f7f 	tst.w	r3, #65280	@ 0xff00
10007f04:	f040 809f 	bne.w	10008046 <reset_device_core.constprop.0+0x29e>
10007f08:	f04f 53c0 	mov.w	r3, #402653184	@ 0x18000000
10007f0c:	60a3      	str	r3, [r4, #8]
10007f0e:	2001      	movs	r0, #1
10007f10:	f001 fc00 	bl	10009714 <cyw43_delay_ms>
10007f14:	4631      	mov	r1, r6
10007f16:	4620      	mov	r0, r4
10007f18:	f7ff fa9a 	bl	10007450 <cyw43_set_backplane_window>
10007f1c:	2301      	movs	r3, #1
10007f1e:	462a      	mov	r2, r5
10007f20:	4619      	mov	r1, r3
10007f22:	4620      	mov	r0, r4
10007f24:	f7ff f90a 	bl	1000713c <cyw43_write_reg_u8>
10007f28:	68a3      	ldr	r3, [r4, #8]
10007f2a:	f1b3 5fc0 	cmp.w	r3, #402653184	@ 0x18000000
10007f2e:	d00d      	beq.n	10007f4c <reset_device_core.constprop.0+0x1a4>
10007f30:	f083 53c0 	eor.w	r3, r3, #402653184	@ 0x18000000
10007f34:	f1b3 7f80 	cmp.w	r3, #16777216	@ 0x1000000
10007f38:	d27b      	bcs.n	10008032 <reset_device_core.constprop.0+0x28a>
10007f3a:	f413 0f7f 	tst.w	r3, #16711680	@ 0xff0000
10007f3e:	d16d      	bne.n	1000801c <reset_device_core.constprop.0+0x274>
10007f40:	f413 4f7f 	tst.w	r3, #65280	@ 0xff00
10007f44:	d162      	bne.n	1000800c <reset_device_core.constprop.0+0x264>
10007f46:	f04f 53c0 	mov.w	r3, #402653184	@ 0x18000000
10007f4a:	60a3      	str	r3, [r4, #8]
10007f4c:	4631      	mov	r1, r6
10007f4e:	4620      	mov	r0, r4
10007f50:	f7ff fa7e 	bl	10007450 <cyw43_set_backplane_window>
10007f54:	462a      	mov	r2, r5
10007f56:	2101      	movs	r1, #1
10007f58:	4620      	mov	r0, r4
10007f5a:	f7fe fe17 	bl	10006b8c <cyw43_read_reg_u8>
10007f5e:	68a3      	ldr	r3, [r4, #8]
10007f60:	f1b3 5fc0 	cmp.w	r3, #402653184	@ 0x18000000
10007f64:	d00d      	beq.n	10007f82 <reset_device_core.constprop.0+0x1da>
10007f66:	f083 53c0 	eor.w	r3, r3, #402653184	@ 0x18000000
10007f6a:	f1b3 7f80 	cmp.w	r3, #16777216	@ 0x1000000
10007f6e:	d243      	bcs.n	10007ff8 <reset_device_core.constprop.0+0x250>
10007f70:	f413 0f7f 	tst.w	r3, #16711680	@ 0xff0000
10007f74:	d135      	bne.n	10007fe2 <reset_device_core.constprop.0+0x23a>
10007f76:	f413 4f7f 	tst.w	r3, #65280	@ 0xff00
10007f7a:	d12a      	bne.n	10007fd2 <reset_device_core.constprop.0+0x22a>
10007f7c:	f04f 53c0 	mov.w	r3, #402653184	@ 0x18000000
10007f80:	60a3      	str	r3, [r4, #8]
10007f82:	2001      	movs	r0, #1
10007f84:	e8bd 41f0 	ldmia.w	sp!, {r4, r5, r6, r7, r8, lr}
10007f88:	f001 bbc4 	b.w	10009714 <cyw43_delay_ms>
10007f8c:	2318      	movs	r3, #24
10007f8e:	2101      	movs	r1, #1
10007f90:	4620      	mov	r0, r4
10007f92:	4a52      	ldr	r2, [pc, #328]	@ (100080dc <reset_device_core.constprop.0+0x334>)
10007f94:	f7ff f8d2 	bl	1000713c <cyw43_write_reg_u8>
10007f98:	68a3      	ldr	r3, [r4, #8]
10007f9a:	f083 53c0 	eor.w	r3, r3, #402653184	@ 0x18000000
10007f9e:	f413 0f7f 	tst.w	r3, #16711680	@ 0xff0000
10007fa2:	f43f af24 	beq.w	10007dee <reset_device_core.constprop.0+0x46>
10007fa6:	f44f 53c0 	mov.w	r3, #6144	@ 0x1800
10007faa:	2101      	movs	r1, #1
10007fac:	4620      	mov	r0, r4
10007fae:	4a4c      	ldr	r2, [pc, #304]	@ (100080e0 <reset_device_core.constprop.0+0x338>)
10007fb0:	f7ff f8c4 	bl	1000713c <cyw43_write_reg_u8>
10007fb4:	68a3      	ldr	r3, [r4, #8]
10007fb6:	f083 53c0 	eor.w	r3, r3, #402653184	@ 0x18000000
10007fba:	f413 4f7f 	tst.w	r3, #65280	@ 0xff00
10007fbe:	f43f af1a 	beq.w	10007df6 <reset_device_core.constprop.0+0x4e>
10007fc2:	f44f 13c0 	mov.w	r3, #1572864	@ 0x180000
10007fc6:	2101      	movs	r1, #1
10007fc8:	4620      	mov	r0, r4
10007fca:	4a46      	ldr	r2, [pc, #280]	@ (100080e4 <reset_device_core.constprop.0+0x33c>)
10007fcc:	f7ff f8b6 	bl	1000713c <cyw43_write_reg_u8>
10007fd0:	e711      	b.n	10007df6 <reset_device_core.constprop.0+0x4e>
10007fd2:	f44f 13c0 	mov.w	r3, #1572864	@ 0x180000
10007fd6:	2101      	movs	r1, #1
10007fd8:	4620      	mov	r0, r4
10007fda:	4a42      	ldr	r2, [pc, #264]	@ (100080e4 <reset_device_core.constprop.0+0x33c>)
10007fdc:	f7ff f8ae 	bl	1000713c <cyw43_write_reg_u8>
10007fe0:	e7cc      	b.n	10007f7c <reset_device_core.constprop.0+0x1d4>
10007fe2:	f44f 53c0 	mov.w	r3, #6144	@ 0x1800
10007fe6:	2101      	movs	r1, #1
10007fe8:	4620      	mov	r0, r4
10007fea:	4a3d      	ldr	r2, [pc, #244]	@ (100080e0 <reset_device_core.constprop.0+0x338>)
10007fec:	f7ff f8a6 	bl	1000713c <cyw43_write_reg_u8>
10007ff0:	68a3      	ldr	r3, [r4, #8]
10007ff2:	f083 53c0 	eor.w	r3, r3, #402653184	@ 0x18000000
10007ff6:	e7be      	b.n	10007f76 <reset_device_core.constprop.0+0x1ce>
10007ff8:	2318      	movs	r3, #24
10007ffa:	2101      	movs	r1, #1
10007ffc:	4620      	mov	r0, r4
10007ffe:	4a37      	ldr	r2, [pc, #220]	@ (100080dc <reset_device_core.constprop.0+0x334>)
10008000:	f7ff f89c 	bl	1000713c <cyw43_write_reg_u8>
10008004:	68a3      	ldr	r3, [r4, #8]
10008006:	f083 53c0 	eor.w	r3, r3, #402653184	@ 0x18000000
1000800a:	e7b1      	b.n	10007f70 <reset_device_core.constprop.0+0x1c8>
1000800c:	f44f 13c0 	mov.w	r3, #1572864	@ 0x180000
10008010:	2101      	movs	r1, #1
10008012:	4620      	mov	r0, r4
10008014:	4a33      	ldr	r2, [pc, #204]	@ (100080e4 <reset_device_core.constprop.0+0x33c>)
10008016:	f7ff f891 	bl	1000713c <cyw43_write_reg_u8>
1000801a:	e794      	b.n	10007f46 <reset_device_core.constprop.0+0x19e>
1000801c:	f44f 53c0 	mov.w	r3, #6144	@ 0x1800
10008020:	2101      	movs	r1, #1
10008022:	4620      	mov	r0, r4
10008024:	4a2e      	ldr	r2, [pc, #184]	@ (100080e0 <reset_device_core.constprop.0+0x338>)
10008026:	f7ff f889 	bl	1000713c <cyw43_write_reg_u8>
1000802a:	68a3      	ldr	r3, [r4, #8]
1000802c:	f083 53c0 	eor.w	r3, r3, #402653184	@ 0x18000000
10008030:	e786      	b.n	10007f40 <reset_device_core.constprop.0+0x198>
10008032:	2318      	movs	r3, #24
10008034:	2101      	movs	r1, #1
10008036:	4620      	mov	r0, r4
10008038:	4a28      	ldr	r2, [pc, #160]	@ (100080dc <reset_device_core.constprop.0+0x334>)
1000803a:	f7ff f87f 	bl	1000713c <cyw43_write_reg_u8>
1000803e:	68a3      	ldr	r3, [r4, #8]
10008040:	f083 53c0 	eor.w	r3, r3, #402653184	@ 0x18000000
10008044:	e779      	b.n	10007f3a <reset_device_core.constprop.0+0x192>
10008046:	f44f 13c0 	mov.w	r3, #1572864	@ 0x180000
1000804a:	2101      	movs	r1, #1
1000804c:	4620      	mov	r0, r4
1000804e:	4a25      	ldr	r2, [pc, #148]	@ (100080e4 <reset_device_core.constprop.0+0x33c>)
10008050:	f7ff f874 	bl	1000713c <cyw43_write_reg_u8>
10008054:	e758      	b.n	10007f08 <reset_device_core.constprop.0+0x160>
10008056:	f44f 53c0 	mov.w	r3, #6144	@ 0x1800
1000805a:	2101      	movs	r1, #1
1000805c:	4620      	mov	r0, r4
1000805e:	4a20      	ldr	r2, [pc, #128]	@ (100080e0 <reset_device_core.constprop.0+0x338>)
10008060:	f7ff f86c 	bl	1000713c <cyw43_write_reg_u8>
10008064:	68a3      	ldr	r3, [r4, #8]
10008066:	f083 53c0 	eor.w	r3, r3, #402653184	@ 0x18000000
1000806a:	e749      	b.n	10007f00 <reset_device_core.constprop.0+0x158>
1000806c:	2318      	movs	r3, #24
1000806e:	2101      	movs	r1, #1
10008070:	4620      	mov	r0, r4
10008072:	4a1a      	ldr	r2, [pc, #104]	@ (100080dc <reset_device_core.constprop.0+0x334>)
10008074:	f7ff f862 	bl	1000713c <cyw43_write_reg_u8>
10008078:	68a3      	ldr	r3, [r4, #8]
1000807a:	f083 53c0 	eor.w	r3, r3, #402653184	@ 0x18000000
1000807e:	e73b      	b.n	10007ef8 <reset_device_core.constprop.0+0x150>
10008080:	f44f 13c0 	mov.w	r3, #1572864	@ 0x180000
10008084:	2101      	movs	r1, #1
10008086:	4620      	mov	r0, r4
10008088:	4a16      	ldr	r2, [pc, #88]	@ (100080e4 <reset_device_core.constprop.0+0x33c>)
1000808a:	f7ff f857 	bl	1000713c <cyw43_write_reg_u8>
1000808e:	e71c      	b.n	10007eca <reset_device_core.constprop.0+0x122>
10008090:	f44f 53c0 	mov.w	r3, #6144	@ 0x1800
10008094:	2101      	movs	r1, #1
10008096:	4620      	mov	r0, r4
10008098:	4a11      	ldr	r2, [pc, #68]	@ (100080e0 <reset_device_core.constprop.0+0x338>)
1000809a:	f7ff f84f 	bl	1000713c <cyw43_write_reg_u8>
1000809e:	68a3      	ldr	r3, [r4, #8]
100080a0:	f083 53c0 	eor.w	r3, r3, #402653184	@ 0x18000000
100080a4:	e70d      	b.n	10007ec2 <reset_device_core.constprop.0+0x11a>
100080a6:	2318      	movs	r3, #24
100080a8:	2101      	movs	r1, #1
100080aa:	4620      	mov	r0, r4
100080ac:	4a0b      	ldr	r2, [pc, #44]	@ (100080dc <reset_device_core.constprop.0+0x334>)
100080ae:	f7ff f845 	bl	1000713c <cyw43_write_reg_u8>
100080b2:	68a3      	ldr	r3, [r4, #8]
100080b4:	f083 53c0 	eor.w	r3, r3, #402653184	@ 0x18000000
100080b8:	e6ff      	b.n	10007eba <reset_device_core.constprop.0+0x112>
100080ba:	f44f 13c0 	mov.w	r3, #1572864	@ 0x180000
100080be:	2101      	movs	r1, #1
100080c0:	4620      	mov	r0, r4
100080c2:	4a08      	ldr	r2, [pc, #32]	@ (100080e4 <reset_device_core.constprop.0+0x33c>)
100080c4:	f7ff f83a 	bl	1000713c <cyw43_write_reg_u8>
100080c8:	e6e1      	b.n	10007e8e <reset_device_core.constprop.0+0xe6>
100080ca:	bf00      	nop
100080cc:	18103800 	.word	0x18103800
100080d0:	18104800 	.word	0x18104800
100080d4:	18103408 	.word	0x18103408
100080d8:	18104408 	.word	0x18104408
100080dc:	0001000c 	.word	0x0001000c
100080e0:	0001000b 	.word	0x0001000b
100080e4:	0001000a 	.word	0x0001000a
100080e8:	f44f 53c0 	mov.w	r3, #6144	@ 0x1800
100080ec:	2101      	movs	r1, #1
100080ee:	4620      	mov	r0, r4
100080f0:	4a18      	ldr	r2, [pc, #96]	@ (10008154 <reset_device_core.constprop.0+0x3ac>)
100080f2:	f7ff f823 	bl	1000713c <cyw43_write_reg_u8>
100080f6:	68a3      	ldr	r3, [r4, #8]
100080f8:	f083 53c0 	eor.w	r3, r3, #402653184	@ 0x18000000
100080fc:	e6c3      	b.n	10007e86 <reset_device_core.constprop.0+0xde>
100080fe:	2318      	movs	r3, #24
10008100:	2101      	movs	r1, #1
10008102:	4620      	mov	r0, r4
10008104:	4a14      	ldr	r2, [pc, #80]	@ (10008158 <reset_device_core.constprop.0+0x3b0>)
10008106:	f7ff f819 	bl	1000713c <cyw43_write_reg_u8>
1000810a:	68a3      	ldr	r3, [r4, #8]
1000810c:	f083 53c0 	eor.w	r3, r3, #402653184	@ 0x18000000
10008110:	e6b5      	b.n	10007e7e <reset_device_core.constprop.0+0xd6>
10008112:	f44f 13c0 	mov.w	r3, #1572864	@ 0x180000
10008116:	2101      	movs	r1, #1
10008118:	4620      	mov	r0, r4
1000811a:	4a10      	ldr	r2, [pc, #64]	@ (1000815c <reset_device_core.constprop.0+0x3b4>)
1000811c:	f7ff f80e 	bl	1000713c <cyw43_write_reg_u8>
10008120:	e688      	b.n	10007e34 <reset_device_core.constprop.0+0x8c>
10008122:	f44f 53c0 	mov.w	r3, #6144	@ 0x1800
10008126:	2101      	movs	r1, #1
10008128:	4620      	mov	r0, r4
1000812a:	4a0a      	ldr	r2, [pc, #40]	@ (10008154 <reset_device_core.constprop.0+0x3ac>)
1000812c:	f7ff f806 	bl	1000713c <cyw43_write_reg_u8>
10008130:	68a3      	ldr	r3, [r4, #8]
10008132:	f083 53c0 	eor.w	r3, r3, #402653184	@ 0x18000000
10008136:	e679      	b.n	10007e2c <reset_device_core.constprop.0+0x84>
10008138:	2318      	movs	r3, #24
1000813a:	2101      	movs	r1, #1
1000813c:	4620      	mov	r0, r4
1000813e:	4a06      	ldr	r2, [pc, #24]	@ (10008158 <reset_device_core.constprop.0+0x3b0>)
10008140:	f7fe fffc 	bl	1000713c <cyw43_write_reg_u8>
10008144:	68a3      	ldr	r3, [r4, #8]
10008146:	f083 53c0 	eor.w	r3, r3, #402653184	@ 0x18000000
1000814a:	e66b      	b.n	10007e24 <reset_device_core.constprop.0+0x7c>
1000814c:	4804      	ldr	r0, [pc, #16]	@ (10008160 <reset_device_core.constprop.0+0x3b8>)
1000814e:	f7fb fcef 	bl	10003b30 <__wrap_puts>
10008152:	e675      	b.n	10007e40 <reset_device_core.constprop.0+0x98>
10008154:	0001000b 	.word	0x0001000b
10008158:	0001000c 	.word	0x0001000c
1000815c:	0001000a 	.word	0x0001000a
10008160:	1000a570 	.word	0x1000a570

10008164 <cyw43_ll_init>:
10008164:	2300      	movs	r3, #0
10008166:	f44f 7280 	mov.w	r2, #256	@ 0x100
1000816a:	6001      	str	r1, [r0, #0]
1000816c:	6083      	str	r3, [r0, #8]
1000816e:	8182      	strh	r2, [r0, #12]
10008170:	7383      	strb	r3, [r0, #14]
10008172:	6103      	str	r3, [r0, #16]
10008174:	f8c0 384c 	str.w	r3, [r0, #2124]	@ 0x84c
10008178:	4770      	bx	lr
1000817a:	bf00      	nop

1000817c <cyw43_ll_deinit>:
1000817c:	f7fe b9c4 	b.w	10006508 <cyw43_spi_deinit>

10008180 <cyw43_ll_process_packets>:
10008180:	b510      	push	{r4, lr}
10008182:	4604      	mov	r4, r0
10008184:	b082      	sub	sp, #8
10008186:	4669      	mov	r1, sp
10008188:	4620      	mov	r0, r4
1000818a:	aa01      	add	r2, sp, #4
1000818c:	f7ff fa5c 	bl	10007648 <cyw43_ll_sdpcm_poll_device>
10008190:	2801      	cmp	r0, #1
10008192:	d005      	beq.n	100081a0 <cyw43_ll_process_packets+0x20>
10008194:	2802      	cmp	r0, #2
10008196:	d00c      	beq.n	100081b2 <cyw43_ll_process_packets+0x32>
10008198:	3001      	adds	r0, #1
1000819a:	d1f4      	bne.n	10008186 <cyw43_ll_process_packets+0x6>
1000819c:	b002      	add	sp, #8
1000819e:	bd10      	pop	{r4, pc}
100081a0:	e9dd 0100 	ldrd	r0, r1, [sp]
100081a4:	f7ff f98c 	bl	100074c0 <cyw43_ll_parse_async_event>
100081a8:	4601      	mov	r1, r0
100081aa:	4620      	mov	r0, r4
100081ac:	f000 fe7e 	bl	10008eac <cyw43_cb_process_async_event>
100081b0:	e7e9      	b.n	10008186 <cyw43_ll_process_packets+0x6>
100081b2:	e9dd 1300 	ldrd	r1, r3, [sp]
100081b6:	6820      	ldr	r0, [r4, #0]
100081b8:	f021 4200 	bic.w	r2, r1, #2147483648	@ 0x80000000
100081bc:	0fc9      	lsrs	r1, r1, #31
100081be:	f001 fad7 	bl	10009770 <cyw43_cb_process_ethernet>
100081c2:	e7e0      	b.n	10008186 <cyw43_ll_process_packets+0x6>

100081c4 <cyw43_ll_ioctl>:
100081c4:	e92d 47f0 	stmdb	sp!, {r4, r5, r6, r7, r8, r9, sl, lr}
100081c8:	461f      	mov	r7, r3
100081ca:	f102 031c 	add.w	r3, r2, #28
100081ce:	f5b3 6f00 	cmp.w	r3, #2048	@ 0x800
100081d2:	f8dd c020 	ldr.w	ip, [sp, #32]
100081d6:	d82d      	bhi.n	10008234 <cyw43_ll_ioctl+0x70>
100081d8:	4604      	mov	r4, r0
100081da:	f04f 0900 	mov.w	r9, #0
100081de:	4616      	mov	r6, r2
100081e0:	084d      	lsrs	r5, r1, #1
100081e2:	6345      	str	r5, [r0, #52]	@ 0x34
100081e4:	8a00      	ldrh	r0, [r0, #16]
100081e6:	ea4f 0841 	mov.w	r8, r1, lsl #1
100081ea:	f008 0802 	and.w	r8, r8, #2
100081ee:	3001      	adds	r0, #1
100081f0:	b280      	uxth	r0, r0
100081f2:	ea48 3c0c 	orr.w	ip, r8, ip, lsl #12
100081f6:	ea4c 4300 	orr.w	r3, ip, r0, lsl #16
100081fa:	63e3      	str	r3, [r4, #60]	@ 0x3c
100081fc:	b293      	uxth	r3, r2
100081fe:	4639      	mov	r1, r7
10008200:	8220      	strh	r0, [r4, #16]
10008202:	63a3      	str	r3, [r4, #56]	@ 0x38
10008204:	f104 0044 	add.w	r0, r4, #68	@ 0x44
10008208:	f8c4 9040 	str.w	r9, [r4, #64]	@ 0x40
1000820c:	f001 fe02 	bl	10009e14 <memmove>
10008210:	4649      	mov	r1, r9
10008212:	4620      	mov	r0, r4
10008214:	f104 0328 	add.w	r3, r4, #40	@ 0x28
10008218:	f106 0210 	add.w	r2, r6, #16
1000821c:	f7ff fb2c 	bl	10007878 <cyw43_sdpcm_send_common>
10008220:	b950      	cbnz	r0, 10008238 <cyw43_ll_ioctl+0x74>
10008222:	4633      	mov	r3, r6
10008224:	462a      	mov	r2, r5
10008226:	4641      	mov	r1, r8
10008228:	4620      	mov	r0, r4
1000822a:	9708      	str	r7, [sp, #32]
1000822c:	e8bd 47f0 	ldmia.w	sp!, {r4, r5, r6, r7, r8, r9, sl, lr}
10008230:	f7ff bb96 	b.w	10007960 <cyw43_do_ioctl.part.0>
10008234:	f06f 0004 	mvn.w	r0, #4
10008238:	e8bd 87f0 	ldmia.w	sp!, {r4, r5, r6, r7, r8, r9, sl, pc}

1000823c <cyw43_ll_bus_sleep>:
1000823c:	b510      	push	{r4, lr}
1000823e:	4604      	mov	r4, r0
10008240:	b141      	cbz	r1, 10008254 <cyw43_ll_bus_sleep+0x18>
10008242:	7c83      	ldrb	r3, [r0, #18]
10008244:	b903      	cbnz	r3, 10008248 <cyw43_ll_bus_sleep+0xc>
10008246:	bd10      	pop	{r4, pc}
10008248:	2100      	movs	r1, #0
1000824a:	e8bd 4010 	ldmia.w	sp!, {r4, lr}
1000824e:	7481      	strb	r1, [r0, #18]
10008250:	f7ff b9bc 	b.w	100075cc <cyw43_kso_set>
10008254:	f000 fe24 	bl	10008ea0 <cyw43_cb_ensure_awake>
10008258:	7ca3      	ldrb	r3, [r4, #18]
1000825a:	2b00      	cmp	r3, #0
1000825c:	d1f3      	bne.n	10008246 <cyw43_ll_bus_sleep+0xa>
1000825e:	2101      	movs	r1, #1
10008260:	4620      	mov	r0, r4
10008262:	f7ff f9b3 	bl	100075cc <cyw43_kso_set>
10008266:	2301      	movs	r3, #1
10008268:	74a3      	strb	r3, [r4, #18]
1000826a:	bd10      	pop	{r4, pc}

1000826c <cyw43_ll_wifi_get_mac>:
1000826c:	e92d 41f0 	stmdb	sp!, {r4, r5, r6, r7, r8, lr}
10008270:	4604      	mov	r4, r0
10008272:	f04f 0e00 	mov.w	lr, #0
10008276:	f44f 7683 	mov.w	r6, #262	@ 0x106
1000827a:	2714      	movs	r7, #20
1000827c:	8a03      	ldrh	r3, [r0, #16]
1000827e:	f8df c060 	ldr.w	ip, [pc, #96]	@ 100082e0 <cyw43_ll_wifi_get_mac+0x74>
10008282:	3301      	adds	r3, #1
10008284:	b29b      	uxth	r3, r3
10008286:	8203      	strh	r3, [r0, #16]
10008288:	041b      	lsls	r3, r3, #16
1000828a:	e9c0 670d 	strd	r6, r7, [r0, #52]	@ 0x34
1000828e:	f8c0 e040 	str.w	lr, [r0, #64]	@ 0x40
10008292:	63c3      	str	r3, [r0, #60]	@ 0x3c
10008294:	460d      	mov	r5, r1
10008296:	f100 0844 	add.w	r8, r0, #68	@ 0x44
1000829a:	e8bc 000f 	ldmia.w	ip!, {r0, r1, r2, r3}
1000829e:	6460      	str	r0, [r4, #68]	@ 0x44
100082a0:	f8dc 0000 	ldr.w	r0, [ip]
100082a4:	b082      	sub	sp, #8
100082a6:	64a1      	str	r1, [r4, #72]	@ 0x48
100082a8:	64e2      	str	r2, [r4, #76]	@ 0x4c
100082aa:	6523      	str	r3, [r4, #80]	@ 0x50
100082ac:	6560      	str	r0, [r4, #84]	@ 0x54
100082ae:	4671      	mov	r1, lr
100082b0:	2224      	movs	r2, #36	@ 0x24
100082b2:	4620      	mov	r0, r4
100082b4:	f104 0328 	add.w	r3, r4, #40	@ 0x28
100082b8:	f7ff fade 	bl	10007878 <cyw43_sdpcm_send_common>
100082bc:	b968      	cbnz	r0, 100082da <cyw43_ll_wifi_get_mac+0x6e>
100082be:	4601      	mov	r1, r0
100082c0:	463b      	mov	r3, r7
100082c2:	4632      	mov	r2, r6
100082c4:	4620      	mov	r0, r4
100082c6:	f8cd 8000 	str.w	r8, [sp]
100082ca:	f7ff fb49 	bl	10007960 <cyw43_do_ioctl.part.0>
100082ce:	b920      	cbnz	r0, 100082da <cyw43_ll_wifi_get_mac+0x6e>
100082d0:	6c63      	ldr	r3, [r4, #68]	@ 0x44
100082d2:	602b      	str	r3, [r5, #0]
100082d4:	f8b4 3048 	ldrh.w	r3, [r4, #72]	@ 0x48
100082d8:	80ab      	strh	r3, [r5, #4]
100082da:	b002      	add	sp, #8
100082dc:	e8bd 81f0 	ldmia.w	sp!, {r4, r5, r6, r7, r8, pc}
100082e0:	10041d74 	.word	0x10041d74

100082e4 <cyw43_ll_bus_init>:
100082e4:	e92d 47f0 	stmdb	sp!, {r4, r5, r6, r7, r8, r9, sl, lr}
100082e8:	4ba9      	ldr	r3, [pc, #676]	@ (10008590 <cyw43_ll_bus_init+0x2ac>)
100082ea:	b086      	sub	sp, #24
100082ec:	6a9b      	ldr	r3, [r3, #40]	@ 0x28
100082ee:	4604      	mov	r4, r0
100082f0:	6043      	str	r3, [r0, #4]
100082f2:	460f      	mov	r7, r1
100082f4:	f7fe f93e 	bl	10006574 <cyw43_spi_init>
100082f8:	b988      	cbnz	r0, 1000831e <cyw43_ll_bus_init+0x3a>
100082fa:	f7fe fb9f 	bl	10006a3c <cyw43_spi_gpio_setup>
100082fe:	250a      	movs	r5, #10
10008300:	f7fe fbbc 	bl	10006a7c <cyw43_spi_reset>
10008304:	4ea3      	ldr	r6, [pc, #652]	@ (10008594 <cyw43_ll_bus_init+0x2b0>)
10008306:	2214      	movs	r2, #20
10008308:	2100      	movs	r1, #0
1000830a:	4620      	mov	r0, r4
1000830c:	f7fe fbce 	bl	10006aac <read_reg_u32_swap>
10008310:	42b0      	cmp	r0, r6
10008312:	d00d      	beq.n	10008330 <cyw43_ll_bus_init+0x4c>
10008314:	2001      	movs	r0, #1
10008316:	f001 f9fd 	bl	10009714 <cyw43_delay_ms>
1000831a:	3d01      	subs	r5, #1
1000831c:	d1f3      	bne.n	10008306 <cyw43_ll_bus_init+0x22>
1000831e:	489e      	ldr	r0, [pc, #632]	@ (10008598 <cyw43_ll_bus_init+0x2b4>)
10008320:	f7fb fc06 	bl	10003b30 <__wrap_puts>
10008324:	f06f 0505 	mvn.w	r5, #5
10008328:	4628      	mov	r0, r5
1000832a:	b006      	add	sp, #24
1000832c:	e8bd 87f0 	ldmia.w	sp!, {r4, r5, r6, r7, r8, r9, sl, pc}
10008330:	2200      	movs	r2, #0
10008332:	4620      	mov	r0, r4
10008334:	4611      	mov	r1, r2
10008336:	4b99      	ldr	r3, [pc, #612]	@ (1000859c <cyw43_ll_bus_init+0x2b8>)
10008338:	f7fe fc52 	bl	10006be0 <write_reg_u32_swap>
1000833c:	4605      	mov	r5, r0
1000833e:	2800      	cmp	r0, #0
10008340:	d1ed      	bne.n	1000831e <cyw43_ll_bus_init+0x3a>
10008342:	4602      	mov	r2, r0
10008344:	4601      	mov	r1, r0
10008346:	4620      	mov	r0, r4
10008348:	f7fe fbce 	bl	10006ae8 <cyw43_read_reg_u32>
1000834c:	4629      	mov	r1, r5
1000834e:	2310      	movs	r3, #16
10008350:	221d      	movs	r2, #29
10008352:	4620      	mov	r0, r4
10008354:	f7fe fef2 	bl	1000713c <cyw43_write_reg_u8>
10008358:	4601      	mov	r1, r0
1000835a:	2800      	cmp	r0, #0
1000835c:	d1df      	bne.n	1000831e <cyw43_ll_bus_init+0x3a>
1000835e:	2399      	movs	r3, #153	@ 0x99
10008360:	2204      	movs	r2, #4
10008362:	4620      	mov	r0, r4
10008364:	f7fe feea 	bl	1000713c <cyw43_write_reg_u8>
10008368:	4601      	mov	r1, r0
1000836a:	2800      	cmp	r0, #0
1000836c:	d1d7      	bne.n	1000831e <cyw43_ll_bus_init+0x3a>
1000836e:	23be      	movs	r3, #190	@ 0xbe
10008370:	2206      	movs	r2, #6
10008372:	4620      	mov	r0, r4
10008374:	f7fe fdfe 	bl	10006f74 <cyw43_write_reg_u16>
10008378:	2800      	cmp	r0, #0
1000837a:	d1d0      	bne.n	1000831e <cyw43_ll_bus_init+0x3a>
1000837c:	2308      	movs	r3, #8
1000837e:	2101      	movs	r1, #1
10008380:	4620      	mov	r0, r4
10008382:	4a87      	ldr	r2, [pc, #540]	@ (100085a0 <cyw43_ll_bus_init+0x2bc>)
10008384:	f7fe feda 	bl	1000713c <cyw43_write_reg_u8>
10008388:	250a      	movs	r5, #10
1000838a:	4e85      	ldr	r6, [pc, #532]	@ (100085a0 <cyw43_ll_bus_init+0x2bc>)
1000838c:	2101      	movs	r1, #1
1000838e:	4632      	mov	r2, r6
10008390:	4620      	mov	r0, r4
10008392:	f7fe fbfb 	bl	10006b8c <cyw43_read_reg_u8>
10008396:	0641      	lsls	r1, r0, #25
10008398:	d408      	bmi.n	100083ac <cyw43_ll_bus_init+0xc8>
1000839a:	2001      	movs	r0, #1
1000839c:	f001 f9ba 	bl	10009714 <cyw43_delay_ms>
100083a0:	3d01      	subs	r5, #1
100083a2:	d1f3      	bne.n	1000838c <cyw43_ll_bus_init+0xa8>
100083a4:	487f      	ldr	r0, [pc, #508]	@ (100085a4 <cyw43_ll_bus_init+0x2c0>)
100083a6:	f7fb fbc3 	bl	10003b30 <__wrap_puts>
100083aa:	e7bb      	b.n	10008324 <cyw43_ll_bus_init+0x40>
100083ac:	2300      	movs	r3, #0
100083ae:	4a7c      	ldr	r2, [pc, #496]	@ (100085a0 <cyw43_ll_bus_init+0x2bc>)
100083b0:	2101      	movs	r1, #1
100083b2:	4620      	mov	r0, r4
100083b4:	f7fe fec2 	bl	1000713c <cyw43_write_reg_u8>
100083b8:	4620      	mov	r0, r4
100083ba:	497b      	ldr	r1, [pc, #492]	@ (100085a8 <cyw43_ll_bus_init+0x2c4>)
100083bc:	f7ff f848 	bl	10007450 <cyw43_set_backplane_window>
100083c0:	f44f 4238 	mov.w	r2, #47104	@ 0xb800
100083c4:	2101      	movs	r1, #1
100083c6:	4620      	mov	r0, r4
100083c8:	f7fe fbe0 	bl	10006b8c <cyw43_read_reg_u8>
100083cc:	68a3      	ldr	r3, [r4, #8]
100083ce:	f1b3 5fc0 	cmp.w	r3, #402653184	@ 0x18000000
100083d2:	d010      	beq.n	100083f6 <cyw43_ll_bus_init+0x112>
100083d4:	f083 53c0 	eor.w	r3, r3, #402653184	@ 0x18000000
100083d8:	f1b3 7f80 	cmp.w	r3, #16777216	@ 0x1000000
100083dc:	f080 830a 	bcs.w	100089f4 <cyw43_ll_bus_init+0x710>
100083e0:	f413 0f7f 	tst.w	r3, #16711680	@ 0xff0000
100083e4:	f040 82fb 	bne.w	100089de <cyw43_ll_bus_init+0x6fa>
100083e8:	f413 4f7f 	tst.w	r3, #65280	@ 0xff00
100083ec:	f040 82ef 	bne.w	100089ce <cyw43_ll_bus_init+0x6ea>
100083f0:	f04f 53c0 	mov.w	r3, #402653184	@ 0x18000000
100083f4:	60a3      	str	r3, [r4, #8]
100083f6:	4620      	mov	r0, r4
100083f8:	496b      	ldr	r1, [pc, #428]	@ (100085a8 <cyw43_ll_bus_init+0x2c4>)
100083fa:	f7ff f829 	bl	10007450 <cyw43_set_backplane_window>
100083fe:	f44f 4238 	mov.w	r2, #47104	@ 0xb800
10008402:	2101      	movs	r1, #1
10008404:	4620      	mov	r0, r4
10008406:	f7fe fbc1 	bl	10006b8c <cyw43_read_reg_u8>
1000840a:	68a3      	ldr	r3, [r4, #8]
1000840c:	4605      	mov	r5, r0
1000840e:	f1b3 5fc0 	cmp.w	r3, #402653184	@ 0x18000000
10008412:	d010      	beq.n	10008436 <cyw43_ll_bus_init+0x152>
10008414:	f083 53c0 	eor.w	r3, r3, #402653184	@ 0x18000000
10008418:	f1b3 7f80 	cmp.w	r3, #16777216	@ 0x1000000
1000841c:	f080 82cd 	bcs.w	100089ba <cyw43_ll_bus_init+0x6d6>
10008420:	f413 0f7f 	tst.w	r3, #16711680	@ 0xff0000
10008424:	f040 82be 	bne.w	100089a4 <cyw43_ll_bus_init+0x6c0>
10008428:	f413 4f7f 	tst.w	r3, #65280	@ 0xff00
1000842c:	f040 82b2 	bne.w	10008994 <cyw43_ll_bus_init+0x6b0>
10008430:	f04f 53c0 	mov.w	r3, #402653184	@ 0x18000000
10008434:	60a3      	str	r3, [r4, #8]
10008436:	07ea      	lsls	r2, r5, #31
10008438:	f140 838f 	bpl.w	10008b5a <cyw43_ll_bus_init+0x876>
1000843c:	4620      	mov	r0, r4
1000843e:	495b      	ldr	r1, [pc, #364]	@ (100085ac <cyw43_ll_bus_init+0x2c8>)
10008440:	f7ff f806 	bl	10007450 <cyw43_set_backplane_window>
10008444:	f44f 4248 	mov.w	r2, #51200	@ 0xc800
10008448:	2101      	movs	r1, #1
1000844a:	4620      	mov	r0, r4
1000844c:	f7fe fb9e 	bl	10006b8c <cyw43_read_reg_u8>
10008450:	68a3      	ldr	r3, [r4, #8]
10008452:	f1b3 5fc0 	cmp.w	r3, #402653184	@ 0x18000000
10008456:	d010      	beq.n	1000847a <cyw43_ll_bus_init+0x196>
10008458:	f083 53c0 	eor.w	r3, r3, #402653184	@ 0x18000000
1000845c:	f1b3 7f80 	cmp.w	r3, #16777216	@ 0x1000000
10008460:	f080 828e 	bcs.w	10008980 <cyw43_ll_bus_init+0x69c>
10008464:	f413 0f7f 	tst.w	r3, #16711680	@ 0xff0000
10008468:	f040 82eb 	bne.w	10008a42 <cyw43_ll_bus_init+0x75e>
1000846c:	f413 4f7f 	tst.w	r3, #65280	@ 0xff00
10008470:	f040 82df 	bne.w	10008a32 <cyw43_ll_bus_init+0x74e>
10008474:	f04f 53c0 	mov.w	r3, #402653184	@ 0x18000000
10008478:	60a3      	str	r3, [r4, #8]
1000847a:	4620      	mov	r0, r4
1000847c:	494b      	ldr	r1, [pc, #300]	@ (100085ac <cyw43_ll_bus_init+0x2c8>)
1000847e:	f7fe ffe7 	bl	10007450 <cyw43_set_backplane_window>
10008482:	f44f 4248 	mov.w	r2, #51200	@ 0xc800
10008486:	2101      	movs	r1, #1
10008488:	4620      	mov	r0, r4
1000848a:	f7fe fb7f 	bl	10006b8c <cyw43_read_reg_u8>
1000848e:	68a3      	ldr	r3, [r4, #8]
10008490:	4605      	mov	r5, r0
10008492:	f1b3 5fc0 	cmp.w	r3, #402653184	@ 0x18000000
10008496:	d010      	beq.n	100084ba <cyw43_ll_bus_init+0x1d6>
10008498:	f083 53c0 	eor.w	r3, r3, #402653184	@ 0x18000000
1000849c:	f1b3 7f80 	cmp.w	r3, #16777216	@ 0x1000000
100084a0:	f080 82bd 	bcs.w	10008a1e <cyw43_ll_bus_init+0x73a>
100084a4:	f413 0f7f 	tst.w	r3, #16711680	@ 0xff0000
100084a8:	f040 82ae 	bne.w	10008a08 <cyw43_ll_bus_init+0x724>
100084ac:	f413 4f7f 	tst.w	r3, #65280	@ 0xff00
100084b0:	f040 82d2 	bne.w	10008a58 <cyw43_ll_bus_init+0x774>
100084b4:	f04f 53c0 	mov.w	r3, #402653184	@ 0x18000000
100084b8:	60a3      	str	r3, [r4, #8]
100084ba:	07eb      	lsls	r3, r5, #31
100084bc:	f140 8351 	bpl.w	10008b62 <cyw43_ll_bus_init+0x87e>
100084c0:	2102      	movs	r1, #2
100084c2:	4620      	mov	r0, r4
100084c4:	f7ff fc70 	bl	10007da8 <reset_device_core.constprop.0>
100084c8:	68a3      	ldr	r3, [r4, #8]
100084ca:	f1b3 5fc0 	cmp.w	r3, #402653184	@ 0x18000000
100084ce:	d010      	beq.n	100084f2 <cyw43_ll_bus_init+0x20e>
100084d0:	f083 53c0 	eor.w	r3, r3, #402653184	@ 0x18000000
100084d4:	f1b3 7f80 	cmp.w	r3, #16777216	@ 0x1000000
100084d8:	f080 81d2 	bcs.w	10008880 <cyw43_ll_bus_init+0x59c>
100084dc:	f413 0f7f 	tst.w	r3, #16711680	@ 0xff0000
100084e0:	f040 81c3 	bne.w	1000886a <cyw43_ll_bus_init+0x586>
100084e4:	f413 4f7f 	tst.w	r3, #65280	@ 0xff00
100084e8:	f040 81f1 	bne.w	100088ce <cyw43_ll_bus_init+0x5ea>
100084ec:	f04f 53c0 	mov.w	r3, #402653184	@ 0x18000000
100084f0:	60a3      	str	r3, [r4, #8]
100084f2:	2303      	movs	r3, #3
100084f4:	f24c 0210 	movw	r2, #49168	@ 0xc010
100084f8:	2101      	movs	r1, #1
100084fa:	4620      	mov	r0, r4
100084fc:	f7fe fc56 	bl	10006dac <cyw43_write_reg_u32>
10008500:	68a3      	ldr	r3, [r4, #8]
10008502:	f1b3 5fc0 	cmp.w	r3, #402653184	@ 0x18000000
10008506:	d010      	beq.n	1000852a <cyw43_ll_bus_init+0x246>
10008508:	f083 53c0 	eor.w	r3, r3, #402653184	@ 0x18000000
1000850c:	f1b3 7f80 	cmp.w	r3, #16777216	@ 0x1000000
10008510:	f080 81d3 	bcs.w	100088ba <cyw43_ll_bus_init+0x5d6>
10008514:	f413 0f7f 	tst.w	r3, #16711680	@ 0xff0000
10008518:	f040 81c4 	bne.w	100088a4 <cyw43_ll_bus_init+0x5c0>
1000851c:	f413 4f7f 	tst.w	r3, #65280	@ 0xff00
10008520:	f040 81b8 	bne.w	10008894 <cyw43_ll_bus_init+0x5b0>
10008524:	f04f 53c0 	mov.w	r3, #402653184	@ 0x18000000
10008528:	60a3      	str	r3, [r4, #8]
1000852a:	2300      	movs	r3, #0
1000852c:	f24c 0244 	movw	r2, #49220	@ 0xc044
10008530:	2101      	movs	r1, #1
10008532:	4620      	mov	r0, r4
10008534:	f7fe fc3a 	bl	10006dac <cyw43_write_reg_u32>
10008538:	68a3      	ldr	r3, [r4, #8]
1000853a:	f1b3 5fc0 	cmp.w	r3, #402653184	@ 0x18000000
1000853e:	d010      	beq.n	10008562 <cyw43_ll_bus_init+0x27e>
10008540:	f083 53c0 	eor.w	r3, r3, #402653184	@ 0x18000000
10008544:	f1b3 7f80 	cmp.w	r3, #16777216	@ 0x1000000
10008548:	f080 8208 	bcs.w	1000895c <cyw43_ll_bus_init+0x678>
1000854c:	f413 0f7f 	tst.w	r3, #16711680	@ 0xff0000
10008550:	f040 81c5 	bne.w	100088de <cyw43_ll_bus_init+0x5fa>
10008554:	f413 4f7f 	tst.w	r3, #65280	@ 0xff00
10008558:	f040 820a 	bne.w	10008970 <cyw43_ll_bus_init+0x68c>
1000855c:	f04f 53c0 	mov.w	r3, #402653184	@ 0x18000000
10008560:	60a3      	str	r3, [r4, #8]
10008562:	4b13      	ldr	r3, [pc, #76]	@ (100085b0 <cyw43_ll_bus_init+0x2cc>)
10008564:	f8b3 23ac 	ldrh.w	r2, [r3, #940]	@ 0x3ac
10008568:	f5b2 7ffa 	cmp.w	r2, #500	@ 0x1f4
1000856c:	f280 8179 	bge.w	10008862 <cyw43_ll_bus_init+0x57e>
10008570:	f893 13ab 	ldrb.w	r1, [r3, #939]	@ 0x3ab
10008574:	2900      	cmp	r1, #0
10008576:	f040 8174 	bne.w	10008862 <cyw43_ll_bus_init+0x57e>
1000857a:	2a50      	cmp	r2, #80	@ 0x50
1000857c:	f340 8171 	ble.w	10008862 <cyw43_ll_bus_init+0x57e>
10008580:	f203 355b 	addw	r5, r3, #859	@ 0x35b
10008584:	f203 33ab 	addw	r3, r3, #939	@ 0x3ab
10008588:	f8df 8028 	ldr.w	r8, [pc, #40]	@ 100085b4 <cyw43_ll_bus_init+0x2d0>
1000858c:	1a9e      	subs	r6, r3, r2
1000858e:	e016      	b.n	100085be <cyw43_ll_bus_init+0x2da>
10008590:	400b0000 	.word	0x400b0000
10008594:	feedbead 	.word	0xfeedbead
10008598:	1000a5e0 	.word	0x1000a5e0
1000859c:	000204b3 	.word	0x000204b3
100085a0:	0001000e 	.word	0x0001000e
100085a4:	1000a634 	.word	0x1000a634
100085a8:	18103800 	.word	0x18103800
100085ac:	18104800 	.word	0x18104800
100085b0:	100412a0 	.word	0x100412a0
100085b4:	1000a600 	.word	0x1000a600
100085b8:	42ae      	cmp	r6, r5
100085ba:	f000 8152 	beq.w	10008862 <cyw43_ll_bus_init+0x57e>
100085be:	4628      	mov	r0, r5
100085c0:	2209      	movs	r2, #9
100085c2:	4641      	mov	r1, r8
100085c4:	f001 fbe6 	bl	10009d94 <strncmp>
100085c8:	3d01      	subs	r5, #1
100085ca:	2800      	cmp	r0, #0
100085cc:	d1f4      	bne.n	100085b8 <cyw43_ll_bus_init+0x2d4>
100085ce:	4601      	mov	r1, r0
100085d0:	4bc8      	ldr	r3, [pc, #800]	@ (100088f4 <cyw43_ll_bus_init+0x610>)
100085d2:	4620      	mov	r0, r4
100085d4:	4ac8      	ldr	r2, [pc, #800]	@ (100088f8 <cyw43_ll_bus_init+0x614>)
100085d6:	f7ff fa23 	bl	10007a20 <cyw43_download_resource>
100085da:	4605      	mov	r5, r0
100085dc:	2800      	cmp	r0, #0
100085de:	f47f aea3 	bne.w	10008328 <cyw43_ll_bus_init+0x44>
100085e2:	f44f 723a 	mov.w	r2, #744	@ 0x2e8
100085e6:	4bc5      	ldr	r3, [pc, #788]	@ (100088fc <cyw43_ll_bus_init+0x618>)
100085e8:	49c5      	ldr	r1, [pc, #788]	@ (10008900 <cyw43_ll_bus_init+0x61c>)
100085ea:	4620      	mov	r0, r4
100085ec:	f7ff fa18 	bl	10007a20 <cyw43_download_resource>
100085f0:	4bc4      	ldr	r3, [pc, #784]	@ (10008904 <cyw43_ll_bus_init+0x620>)
100085f2:	2204      	movs	r2, #4
100085f4:	4620      	mov	r0, r4
100085f6:	49c4      	ldr	r1, [pc, #784]	@ (10008908 <cyw43_ll_bus_init+0x624>)
100085f8:	f7ff fb5a 	bl	10007cb0 <cyw43_write_backplane>
100085fc:	2101      	movs	r1, #1
100085fe:	4620      	mov	r0, r4
10008600:	f7ff fbd2 	bl	10007da8 <reset_device_core.constprop.0>
10008604:	4620      	mov	r0, r4
10008606:	49c1      	ldr	r1, [pc, #772]	@ (1000890c <cyw43_ll_bus_init+0x628>)
10008608:	f7ff fae0 	bl	10007bcc <cyw43_read_backplane.constprop.0>
1000860c:	f000 0303 	and.w	r3, r0, #3
10008610:	2b01      	cmp	r3, #1
10008612:	d002      	beq.n	1000861a <cyw43_ll_bus_init+0x336>
10008614:	48be      	ldr	r0, [pc, #760]	@ (10008910 <cyw43_ll_bus_init+0x62c>)
10008616:	f7fb fa8b 	bl	10003b30 <__wrap_puts>
1000861a:	4620      	mov	r0, r4
1000861c:	49bd      	ldr	r1, [pc, #756]	@ (10008914 <cyw43_ll_bus_init+0x630>)
1000861e:	f7ff fad5 	bl	10007bcc <cyw43_read_backplane.constprop.0>
10008622:	07c6      	lsls	r6, r0, #31
10008624:	f100 8220 	bmi.w	10008a68 <cyw43_ll_bus_init+0x784>
10008628:	f44f 767a 	mov.w	r6, #1000	@ 0x3e8
1000862c:	f8df 82f4 	ldr.w	r8, [pc, #756]	@ 10008924 <cyw43_ll_bus_init+0x640>
10008630:	e005      	b.n	1000863e <cyw43_ll_bus_init+0x35a>
10008632:	2001      	movs	r0, #1
10008634:	f001 f86e 	bl	10009714 <cyw43_delay_ms>
10008638:	3e01      	subs	r6, #1
1000863a:	f000 8284 	beq.w	10008b46 <cyw43_ll_bus_init+0x862>
1000863e:	4642      	mov	r2, r8
10008640:	2101      	movs	r1, #1
10008642:	4620      	mov	r0, r4
10008644:	f7fe faa2 	bl	10006b8c <cyw43_read_reg_u8>
10008648:	0600      	lsls	r0, r0, #24
1000864a:	d5f2      	bpl.n	10008632 <cyw43_ll_bus_init+0x34e>
1000864c:	23f0      	movs	r3, #240	@ 0xf0
1000864e:	2204      	movs	r2, #4
10008650:	4620      	mov	r0, r4
10008652:	49b1      	ldr	r1, [pc, #708]	@ (10008918 <cyw43_ll_bus_init+0x634>)
10008654:	f7ff fb2c 	bl	10007cb0 <cyw43_write_backplane>
10008658:	2320      	movs	r3, #32
1000865a:	2101      	movs	r1, #1
1000865c:	4620      	mov	r0, r4
1000865e:	4aaf      	ldr	r2, [pc, #700]	@ (1000891c <cyw43_ll_bus_init+0x638>)
10008660:	f7fe fd6c 	bl	1000713c <cyw43_write_reg_u8>
10008664:	f44f 767a 	mov.w	r6, #1000	@ 0x3e8
10008668:	e005      	b.n	10008676 <cyw43_ll_bus_init+0x392>
1000866a:	2001      	movs	r0, #1
1000866c:	f001 f852 	bl	10009714 <cyw43_delay_ms>
10008670:	3e01      	subs	r6, #1
10008672:	f000 826d 	beq.w	10008b50 <cyw43_ll_bus_init+0x86c>
10008676:	2100      	movs	r1, #0
10008678:	2208      	movs	r2, #8
1000867a:	4620      	mov	r0, r4
1000867c:	f7fe fa34 	bl	10006ae8 <cyw43_read_reg_u32>
10008680:	0681      	lsls	r1, r0, #26
10008682:	d5f2      	bpl.n	1000866a <cyw43_ll_bus_init+0x386>
10008684:	2101      	movs	r1, #1
10008686:	4aa6      	ldr	r2, [pc, #664]	@ (10008920 <cyw43_ll_bus_init+0x63c>)
10008688:	4620      	mov	r0, r4
1000868a:	f7fe fa7f 	bl	10006b8c <cyw43_read_reg_u8>
1000868e:	b2c3      	uxtb	r3, r0
10008690:	2101      	movs	r1, #1
10008692:	4aa3      	ldr	r2, [pc, #652]	@ (10008920 <cyw43_ll_bus_init+0x63c>)
10008694:	f043 0302 	orr.w	r3, r3, #2
10008698:	4620      	mov	r0, r4
1000869a:	f7fe fd4f 	bl	1000713c <cyw43_write_reg_u8>
1000869e:	2308      	movs	r3, #8
100086a0:	22f0      	movs	r2, #240	@ 0xf0
100086a2:	2100      	movs	r1, #0
100086a4:	4620      	mov	r0, r4
100086a6:	f7fe fd49 	bl	1000713c <cyw43_write_reg_u8>
100086aa:	2302      	movs	r3, #2
100086ac:	2101      	movs	r1, #1
100086ae:	4a9d      	ldr	r2, [pc, #628]	@ (10008924 <cyw43_ll_bus_init+0x640>)
100086b0:	4620      	mov	r0, r4
100086b2:	f7fe fd43 	bl	1000713c <cyw43_write_reg_u8>
100086b6:	4a9c      	ldr	r2, [pc, #624]	@ (10008928 <cyw43_ll_bus_init+0x644>)
100086b8:	2101      	movs	r1, #1
100086ba:	4620      	mov	r0, r4
100086bc:	f7fe fa66 	bl	10006b8c <cyw43_read_reg_u8>
100086c0:	07c2      	lsls	r2, r0, #31
100086c2:	f140 81d9 	bpl.w	10008a78 <cyw43_ll_bus_init+0x794>
100086c6:	230f      	movs	r3, #15
100086c8:	2101      	movs	r1, #1
100086ca:	4a98      	ldr	r2, [pc, #608]	@ (1000892c <cyw43_ll_bus_init+0x648>)
100086cc:	4620      	mov	r0, r4
100086ce:	f7fe fd35 	bl	1000713c <cyw43_write_reg_u8>
100086d2:	2300      	movs	r3, #0
100086d4:	2101      	movs	r1, #1
100086d6:	4a95      	ldr	r2, [pc, #596]	@ (1000892c <cyw43_ll_bus_init+0x648>)
100086d8:	4620      	mov	r0, r4
100086da:	f7fe fd2f 	bl	1000713c <cyw43_write_reg_u8>
100086de:	2101      	movs	r1, #1
100086e0:	4a92      	ldr	r2, [pc, #584]	@ (1000892c <cyw43_ll_bus_init+0x648>)
100086e2:	4620      	mov	r0, r4
100086e4:	f7fe fa52 	bl	10006b8c <cyw43_read_reg_u8>
100086e8:	2204      	movs	r2, #4
100086ea:	2100      	movs	r1, #0
100086ec:	4620      	mov	r0, r4
100086ee:	f7fe fa23 	bl	10006b38 <cyw43_read_reg_u16>
100086f2:	07c3      	lsls	r3, r0, #31
100086f4:	f100 81c9 	bmi.w	10008a8a <cyw43_ll_bus_init+0x7a6>
100086f8:	68a3      	ldr	r3, [r4, #8]
100086fa:	f1b3 5fc0 	cmp.w	r3, #402653184	@ 0x18000000
100086fe:	d010      	beq.n	10008722 <cyw43_ll_bus_init+0x43e>
10008700:	f083 53c0 	eor.w	r3, r3, #402653184	@ 0x18000000
10008704:	f1b3 7f80 	cmp.w	r3, #16777216	@ 0x1000000
10008708:	f080 8213 	bcs.w	10008b32 <cyw43_ll_bus_init+0x84e>
1000870c:	f413 0f7f 	tst.w	r3, #16711680	@ 0xff0000
10008710:	f040 8204 	bne.w	10008b1c <cyw43_ll_bus_init+0x838>
10008714:	f413 4f7f 	tst.w	r3, #65280	@ 0xff00
10008718:	f040 81f8 	bne.w	10008b0c <cyw43_ll_bus_init+0x828>
1000871c:	f04f 53c0 	mov.w	r3, #402653184	@ 0x18000000
10008720:	60a3      	str	r3, [r4, #8]
10008722:	f248 5208 	movw	r2, #34056	@ 0x8508
10008726:	2101      	movs	r1, #1
10008728:	4620      	mov	r0, r4
1000872a:	f7fe f9dd 	bl	10006ae8 <cyw43_read_reg_u32>
1000872e:	68a3      	ldr	r3, [r4, #8]
10008730:	f1b3 5fc0 	cmp.w	r3, #402653184	@ 0x18000000
10008734:	d010      	beq.n	10008758 <cyw43_ll_bus_init+0x474>
10008736:	f083 53c0 	eor.w	r3, r3, #402653184	@ 0x18000000
1000873a:	f1b3 7f80 	cmp.w	r3, #16777216	@ 0x1000000
1000873e:	f080 81d3 	bcs.w	10008ae8 <cyw43_ll_bus_init+0x804>
10008742:	f413 0f7f 	tst.w	r3, #16711680	@ 0xff0000
10008746:	f040 81c4 	bne.w	10008ad2 <cyw43_ll_bus_init+0x7ee>
1000874a:	f413 4f7f 	tst.w	r3, #65280	@ 0xff00
1000874e:	f040 81d5 	bne.w	10008afc <cyw43_ll_bus_init+0x818>
10008752:	f04f 53c0 	mov.w	r3, #402653184	@ 0x18000000
10008756:	60a3      	str	r3, [r4, #8]
10008758:	4620      	mov	r0, r4
1000875a:	f000 fba1 	bl	10008ea0 <cyw43_cb_ensure_awake>
1000875e:	7ca3      	ldrb	r3, [r4, #18]
10008760:	b92b      	cbnz	r3, 1000876e <cyw43_ll_bus_init+0x48a>
10008762:	2101      	movs	r1, #1
10008764:	4620      	mov	r0, r4
10008766:	f7fe ff31 	bl	100075cc <cyw43_kso_set>
1000876a:	2301      	movs	r3, #1
1000876c:	74a3      	strb	r3, [r4, #18]
1000876e:	f04f 0a00 	mov.w	sl, #0
10008772:	f44f 7276 	mov.w	r2, #984	@ 0x3d8
10008776:	f240 1807 	movw	r8, #263	@ 0x107
1000877a:	f44f 797c 	mov.w	r9, #1008	@ 0x3f0
1000877e:	496c      	ldr	r1, [pc, #432]	@ (10008930 <cyw43_ll_bus_init+0x64c>)
10008780:	4b6c      	ldr	r3, [pc, #432]	@ (10008934 <cyw43_ll_bus_init+0x650>)
10008782:	e9c4 2a14 	strd	r2, sl, [r4, #80]	@ 0x50
10008786:	64e1      	str	r1, [r4, #76]	@ 0x4c
10008788:	cb03      	ldmia	r3!, {r0, r1}
1000878a:	6460      	str	r0, [r4, #68]	@ 0x44
1000878c:	64a1      	str	r1, [r4, #72]	@ 0x48
1000878e:	f104 0058 	add.w	r0, r4, #88	@ 0x58
10008792:	4969      	ldr	r1, [pc, #420]	@ (10008938 <cyw43_ll_bus_init+0x654>)
10008794:	f001 fbbe 	bl	10009f14 <memcpy>
10008798:	8a23      	ldrh	r3, [r4, #16]
1000879a:	4651      	mov	r1, sl
1000879c:	3301      	adds	r3, #1
1000879e:	b29b      	uxth	r3, r3
100087a0:	8223      	strh	r3, [r4, #16]
100087a2:	041b      	lsls	r3, r3, #16
100087a4:	f043 0302 	orr.w	r3, r3, #2
100087a8:	f8c4 a040 	str.w	sl, [r4, #64]	@ 0x40
100087ac:	f104 0a28 	add.w	sl, r4, #40	@ 0x28
100087b0:	63e3      	str	r3, [r4, #60]	@ 0x3c
100087b2:	f44f 6280 	mov.w	r2, #1024	@ 0x400
100087b6:	4653      	mov	r3, sl
100087b8:	4620      	mov	r0, r4
100087ba:	e9c4 890d 	strd	r8, r9, [r4, #52]	@ 0x34
100087be:	f104 0644 	add.w	r6, r4, #68	@ 0x44
100087c2:	f7ff f859 	bl	10007878 <cyw43_sdpcm_send_common>
100087c6:	b930      	cbnz	r0, 100087d6 <cyw43_ll_bus_init+0x4f2>
100087c8:	464b      	mov	r3, r9
100087ca:	4642      	mov	r2, r8
100087cc:	2102      	movs	r1, #2
100087ce:	4620      	mov	r0, r4
100087d0:	9600      	str	r6, [sp, #0]
100087d2:	f7ff f8c5 	bl	10007960 <cyw43_do_ioctl.part.0>
100087d6:	f04f 0e00 	mov.w	lr, #0
100087da:	f44f 7883 	mov.w	r8, #262	@ 0x106
100087de:	f04f 0913 	mov.w	r9, #19
100087e2:	f8df c174 	ldr.w	ip, [pc, #372]	@ 10008958 <cyw43_ll_bus_init+0x674>
100087e6:	e8bc 000f 	ldmia.w	ip!, {r0, r1, r2, r3}
100087ea:	6460      	str	r0, [r4, #68]	@ 0x44
100087ec:	60b2      	str	r2, [r6, #8]
100087ee:	f8bc 2000 	ldrh.w	r2, [ip]
100087f2:	6071      	str	r1, [r6, #4]
100087f4:	8232      	strh	r2, [r6, #16]
100087f6:	f89c 2002 	ldrb.w	r2, [ip, #2]
100087fa:	60f3      	str	r3, [r6, #12]
100087fc:	74b2      	strb	r2, [r6, #18]
100087fe:	8a22      	ldrh	r2, [r4, #16]
10008800:	4671      	mov	r1, lr
10008802:	3201      	adds	r2, #1
10008804:	b292      	uxth	r2, r2
10008806:	8222      	strh	r2, [r4, #16]
10008808:	0412      	lsls	r2, r2, #16
1000880a:	63e2      	str	r2, [r4, #60]	@ 0x3c
1000880c:	4653      	mov	r3, sl
1000880e:	2223      	movs	r2, #35	@ 0x23
10008810:	4620      	mov	r0, r4
10008812:	e9c4 890d 	strd	r8, r9, [r4, #52]	@ 0x34
10008816:	f8c4 e040 	str.w	lr, [r4, #64]	@ 0x40
1000881a:	f7ff f82d 	bl	10007878 <cyw43_sdpcm_send_common>
1000881e:	4601      	mov	r1, r0
10008820:	b928      	cbnz	r0, 1000882e <cyw43_ll_bus_init+0x54a>
10008822:	464b      	mov	r3, r9
10008824:	4642      	mov	r2, r8
10008826:	4620      	mov	r0, r4
10008828:	9600      	str	r6, [sp, #0]
1000882a:	f7ff f899 	bl	10007960 <cyw43_do_ioctl.part.0>
1000882e:	6c63      	ldr	r3, [r4, #68]	@ 0x44
10008830:	2b00      	cmp	r3, #0
10008832:	f040 811d 	bne.w	10008a70 <cyw43_ll_bus_init+0x78c>
10008836:	2200      	movs	r2, #0
10008838:	4620      	mov	r0, r4
1000883a:	4940      	ldr	r1, [pc, #256]	@ (1000893c <cyw43_ll_bus_init+0x658>)
1000883c:	f7ff f94c 	bl	10007ad8 <cyw43_write_iovar_u32.constprop.0>
10008840:	2201      	movs	r2, #1
10008842:	4620      	mov	r0, r4
10008844:	493e      	ldr	r1, [pc, #248]	@ (10008940 <cyw43_ll_bus_init+0x65c>)
10008846:	f7ff f947 	bl	10007ad8 <cyw43_write_iovar_u32.constprop.0>
1000884a:	2f00      	cmp	r7, #0
1000884c:	f000 8124 	beq.w	10008a98 <cyw43_ll_bus_init+0x7b4>
10008850:	2600      	movs	r6, #0
10008852:	463b      	mov	r3, r7
10008854:	2206      	movs	r2, #6
10008856:	4620      	mov	r0, r4
10008858:	493a      	ldr	r1, [pc, #232]	@ (10008944 <cyw43_ll_bus_init+0x660>)
1000885a:	9600      	str	r6, [sp, #0]
1000885c:	f7ff f976 	bl	10007b4c <cyw43_write_iovar_n>
10008860:	e562      	b.n	10008328 <cyw43_ll_bus_init+0x44>
10008862:	4839      	ldr	r0, [pc, #228]	@ (10008948 <cyw43_ll_bus_init+0x664>)
10008864:	f7fb f964 	bl	10003b30 <__wrap_puts>
10008868:	e55c      	b.n	10008324 <cyw43_ll_bus_init+0x40>
1000886a:	f44f 53c0 	mov.w	r3, #6144	@ 0x1800
1000886e:	2101      	movs	r1, #1
10008870:	4620      	mov	r0, r4
10008872:	4a36      	ldr	r2, [pc, #216]	@ (1000894c <cyw43_ll_bus_init+0x668>)
10008874:	f7fe fc62 	bl	1000713c <cyw43_write_reg_u8>
10008878:	68a3      	ldr	r3, [r4, #8]
1000887a:	f083 53c0 	eor.w	r3, r3, #402653184	@ 0x18000000
1000887e:	e631      	b.n	100084e4 <cyw43_ll_bus_init+0x200>
10008880:	2318      	movs	r3, #24
10008882:	2101      	movs	r1, #1
10008884:	4620      	mov	r0, r4
10008886:	4a32      	ldr	r2, [pc, #200]	@ (10008950 <cyw43_ll_bus_init+0x66c>)
10008888:	f7fe fc58 	bl	1000713c <cyw43_write_reg_u8>
1000888c:	68a3      	ldr	r3, [r4, #8]
1000888e:	f083 53c0 	eor.w	r3, r3, #402653184	@ 0x18000000
10008892:	e623      	b.n	100084dc <cyw43_ll_bus_init+0x1f8>
10008894:	f44f 13c0 	mov.w	r3, #1572864	@ 0x180000
10008898:	2101      	movs	r1, #1
1000889a:	4620      	mov	r0, r4
1000889c:	4a2d      	ldr	r2, [pc, #180]	@ (10008954 <cyw43_ll_bus_init+0x670>)
1000889e:	f7fe fc4d 	bl	1000713c <cyw43_write_reg_u8>
100088a2:	e63f      	b.n	10008524 <cyw43_ll_bus_init+0x240>
100088a4:	f44f 53c0 	mov.w	r3, #6144	@ 0x1800
100088a8:	2101      	movs	r1, #1
100088aa:	4620      	mov	r0, r4
100088ac:	4a27      	ldr	r2, [pc, #156]	@ (1000894c <cyw43_ll_bus_init+0x668>)
100088ae:	f7fe fc45 	bl	1000713c <cyw43_write_reg_u8>
100088b2:	68a3      	ldr	r3, [r4, #8]
100088b4:	f083 53c0 	eor.w	r3, r3, #402653184	@ 0x18000000
100088b8:	e630      	b.n	1000851c <cyw43_ll_bus_init+0x238>
100088ba:	2318      	movs	r3, #24
100088bc:	2101      	movs	r1, #1
100088be:	4620      	mov	r0, r4
100088c0:	4a23      	ldr	r2, [pc, #140]	@ (10008950 <cyw43_ll_bus_init+0x66c>)
100088c2:	f7fe fc3b 	bl	1000713c <cyw43_write_reg_u8>
100088c6:	68a3      	ldr	r3, [r4, #8]
100088c8:	f083 53c0 	eor.w	r3, r3, #402653184	@ 0x18000000
100088cc:	e622      	b.n	10008514 <cyw43_ll_bus_init+0x230>
100088ce:	f44f 13c0 	mov.w	r3, #1572864	@ 0x180000
100088d2:	2101      	movs	r1, #1
100088d4:	4620      	mov	r0, r4
100088d6:	4a1f      	ldr	r2, [pc, #124]	@ (10008954 <cyw43_ll_bus_init+0x670>)
100088d8:	f7fe fc30 	bl	1000713c <cyw43_write_reg_u8>
100088dc:	e606      	b.n	100084ec <cyw43_ll_bus_init+0x208>
100088de:	f44f 53c0 	mov.w	r3, #6144	@ 0x1800
100088e2:	2101      	movs	r1, #1
100088e4:	4620      	mov	r0, r4
100088e6:	4a19      	ldr	r2, [pc, #100]	@ (1000894c <cyw43_ll_bus_init+0x668>)
100088e8:	f7fe fc28 	bl	1000713c <cyw43_write_reg_u8>
100088ec:	68a3      	ldr	r3, [r4, #8]
100088ee:	f083 53c0 	eor.w	r3, r3, #402653184	@ 0x18000000
100088f2:	e62f      	b.n	10008554 <cyw43_ll_bus_init+0x270>
100088f4:	1000aaa0 	.word	0x1000aaa0
100088f8:	00036bc0 	.word	0x00036bc0
100088fc:	10041a78 	.word	0x10041a78
10008900:	0007fd14 	.word	0x0007fd14
10008904:	ff4500ba 	.word	0xff4500ba
10008908:	0007fffc 	.word	0x0007fffc
1000890c:	18103408 	.word	0x18103408
10008910:	1000a660 	.word	0x1000a660
10008914:	18103800 	.word	0x18103800
10008918:	18002024 	.word	0x18002024
1000891c:	00010008 	.word	0x00010008
10008920:	0001001e 	.word	0x0001001e
10008924:	0001000e 	.word	0x0001000e
10008928:	0001001f 	.word	0x0001001f
1000892c:	0001000f 	.word	0x0001000f
10008930:	00021006 	.word	0x00021006
10008934:	10041d8c 	.word	0x10041d8c
10008938:	100416a0 	.word	0x100416a0
1000893c:	1000a58c 	.word	0x1000a58c
10008940:	1000a598 	.word	0x1000a598
10008944:	1000a6bc 	.word	0x1000a6bc
10008948:	1000a60c 	.word	0x1000a60c
1000894c:	0001000b 	.word	0x0001000b
10008950:	0001000c 	.word	0x0001000c
10008954:	0001000a 	.word	0x0001000a
10008958:	10041d98 	.word	0x10041d98
1000895c:	2318      	movs	r3, #24
1000895e:	2101      	movs	r1, #1
10008960:	4620      	mov	r0, r4
10008962:	4a82      	ldr	r2, [pc, #520]	@ (10008b6c <cyw43_ll_bus_init+0x888>)
10008964:	f7fe fbea 	bl	1000713c <cyw43_write_reg_u8>
10008968:	68a3      	ldr	r3, [r4, #8]
1000896a:	f083 53c0 	eor.w	r3, r3, #402653184	@ 0x18000000
1000896e:	e5ed      	b.n	1000854c <cyw43_ll_bus_init+0x268>
10008970:	f44f 13c0 	mov.w	r3, #1572864	@ 0x180000
10008974:	2101      	movs	r1, #1
10008976:	4620      	mov	r0, r4
10008978:	4a7d      	ldr	r2, [pc, #500]	@ (10008b70 <cyw43_ll_bus_init+0x88c>)
1000897a:	f7fe fbdf 	bl	1000713c <cyw43_write_reg_u8>
1000897e:	e5ed      	b.n	1000855c <cyw43_ll_bus_init+0x278>
10008980:	2318      	movs	r3, #24
10008982:	2101      	movs	r1, #1
10008984:	4620      	mov	r0, r4
10008986:	4a79      	ldr	r2, [pc, #484]	@ (10008b6c <cyw43_ll_bus_init+0x888>)
10008988:	f7fe fbd8 	bl	1000713c <cyw43_write_reg_u8>
1000898c:	68a3      	ldr	r3, [r4, #8]
1000898e:	f083 53c0 	eor.w	r3, r3, #402653184	@ 0x18000000
10008992:	e567      	b.n	10008464 <cyw43_ll_bus_init+0x180>
10008994:	f44f 13c0 	mov.w	r3, #1572864	@ 0x180000
10008998:	2101      	movs	r1, #1
1000899a:	4620      	mov	r0, r4
1000899c:	4a74      	ldr	r2, [pc, #464]	@ (10008b70 <cyw43_ll_bus_init+0x88c>)
1000899e:	f7fe fbcd 	bl	1000713c <cyw43_write_reg_u8>
100089a2:	e545      	b.n	10008430 <cyw43_ll_bus_init+0x14c>
100089a4:	f44f 53c0 	mov.w	r3, #6144	@ 0x1800
100089a8:	2101      	movs	r1, #1
100089aa:	4620      	mov	r0, r4
100089ac:	4a71      	ldr	r2, [pc, #452]	@ (10008b74 <cyw43_ll_bus_init+0x890>)
100089ae:	f7fe fbc5 	bl	1000713c <cyw43_write_reg_u8>
100089b2:	68a3      	ldr	r3, [r4, #8]
100089b4:	f083 53c0 	eor.w	r3, r3, #402653184	@ 0x18000000
100089b8:	e536      	b.n	10008428 <cyw43_ll_bus_init+0x144>
100089ba:	2318      	movs	r3, #24
100089bc:	2101      	movs	r1, #1
100089be:	4620      	mov	r0, r4
100089c0:	4a6a      	ldr	r2, [pc, #424]	@ (10008b6c <cyw43_ll_bus_init+0x888>)
100089c2:	f7fe fbbb 	bl	1000713c <cyw43_write_reg_u8>
100089c6:	68a3      	ldr	r3, [r4, #8]
100089c8:	f083 53c0 	eor.w	r3, r3, #402653184	@ 0x18000000
100089cc:	e528      	b.n	10008420 <cyw43_ll_bus_init+0x13c>
100089ce:	f44f 13c0 	mov.w	r3, #1572864	@ 0x180000
100089d2:	2101      	movs	r1, #1
100089d4:	4620      	mov	r0, r4
100089d6:	4a66      	ldr	r2, [pc, #408]	@ (10008b70 <cyw43_ll_bus_init+0x88c>)
100089d8:	f7fe fbb0 	bl	1000713c <cyw43_write_reg_u8>
100089dc:	e508      	b.n	100083f0 <cyw43_ll_bus_init+0x10c>
100089de:	f44f 53c0 	mov.w	r3, #6144	@ 0x1800
100089e2:	2101      	movs	r1, #1
100089e4:	4620      	mov	r0, r4
100089e6:	4a63      	ldr	r2, [pc, #396]	@ (10008b74 <cyw43_ll_bus_init+0x890>)
100089e8:	f7fe fba8 	bl	1000713c <cyw43_write_reg_u8>
100089ec:	68a3      	ldr	r3, [r4, #8]
100089ee:	f083 53c0 	eor.w	r3, r3, #402653184	@ 0x18000000
100089f2:	e4f9      	b.n	100083e8 <cyw43_ll_bus_init+0x104>
100089f4:	2318      	movs	r3, #24
100089f6:	2101      	movs	r1, #1
100089f8:	4620      	mov	r0, r4
100089fa:	4a5c      	ldr	r2, [pc, #368]	@ (10008b6c <cyw43_ll_bus_init+0x888>)
100089fc:	f7fe fb9e 	bl	1000713c <cyw43_write_reg_u8>
10008a00:	68a3      	ldr	r3, [r4, #8]
10008a02:	f083 53c0 	eor.w	r3, r3, #402653184	@ 0x18000000
10008a06:	e4eb      	b.n	100083e0 <cyw43_ll_bus_init+0xfc>
10008a08:	f44f 53c0 	mov.w	r3, #6144	@ 0x1800
10008a0c:	2101      	movs	r1, #1
10008a0e:	4620      	mov	r0, r4
10008a10:	4a58      	ldr	r2, [pc, #352]	@ (10008b74 <cyw43_ll_bus_init+0x890>)
10008a12:	f7fe fb93 	bl	1000713c <cyw43_write_reg_u8>
10008a16:	68a3      	ldr	r3, [r4, #8]
10008a18:	f083 53c0 	eor.w	r3, r3, #402653184	@ 0x18000000
10008a1c:	e546      	b.n	100084ac <cyw43_ll_bus_init+0x1c8>
10008a1e:	2318      	movs	r3, #24
10008a20:	2101      	movs	r1, #1
10008a22:	4620      	mov	r0, r4
10008a24:	4a51      	ldr	r2, [pc, #324]	@ (10008b6c <cyw43_ll_bus_init+0x888>)
10008a26:	f7fe fb89 	bl	1000713c <cyw43_write_reg_u8>
10008a2a:	68a3      	ldr	r3, [r4, #8]
10008a2c:	f083 53c0 	eor.w	r3, r3, #402653184	@ 0x18000000
10008a30:	e538      	b.n	100084a4 <cyw43_ll_bus_init+0x1c0>
10008a32:	f44f 13c0 	mov.w	r3, #1572864	@ 0x180000
10008a36:	2101      	movs	r1, #1
10008a38:	4620      	mov	r0, r4
10008a3a:	4a4d      	ldr	r2, [pc, #308]	@ (10008b70 <cyw43_ll_bus_init+0x88c>)
10008a3c:	f7fe fb7e 	bl	1000713c <cyw43_write_reg_u8>
10008a40:	e518      	b.n	10008474 <cyw43_ll_bus_init+0x190>
10008a42:	f44f 53c0 	mov.w	r3, #6144	@ 0x1800
10008a46:	2101      	movs	r1, #1
10008a48:	4620      	mov	r0, r4
10008a4a:	4a4a      	ldr	r2, [pc, #296]	@ (10008b74 <cyw43_ll_bus_init+0x890>)
10008a4c:	f7fe fb76 	bl	1000713c <cyw43_write_reg_u8>
10008a50:	68a3      	ldr	r3, [r4, #8]
10008a52:	f083 53c0 	eor.w	r3, r3, #402653184	@ 0x18000000
10008a56:	e509      	b.n	1000846c <cyw43_ll_bus_init+0x188>
10008a58:	f44f 13c0 	mov.w	r3, #1572864	@ 0x180000
10008a5c:	2101      	movs	r1, #1
10008a5e:	4620      	mov	r0, r4
10008a60:	4a43      	ldr	r2, [pc, #268]	@ (10008b70 <cyw43_ll_bus_init+0x88c>)
10008a62:	f7fe fb6b 	bl	1000713c <cyw43_write_reg_u8>
10008a66:	e525      	b.n	100084b4 <cyw43_ll_bus_init+0x1d0>
10008a68:	4843      	ldr	r0, [pc, #268]	@ (10008b78 <cyw43_ll_bus_init+0x894>)
10008a6a:	f7fb f861 	bl	10003b30 <__wrap_puts>
10008a6e:	e5db      	b.n	10008628 <cyw43_ll_bus_init+0x344>
10008a70:	4842      	ldr	r0, [pc, #264]	@ (10008b7c <cyw43_ll_bus_init+0x898>)
10008a72:	f7fb f85d 	bl	10003b30 <__wrap_puts>
10008a76:	e6de      	b.n	10008836 <cyw43_ll_bus_init+0x552>
10008a78:	b2c3      	uxtb	r3, r0
10008a7a:	2101      	movs	r1, #1
10008a7c:	4620      	mov	r0, r4
10008a7e:	4a40      	ldr	r2, [pc, #256]	@ (10008b80 <cyw43_ll_bus_init+0x89c>)
10008a80:	f043 0301 	orr.w	r3, r3, #1
10008a84:	f7fe fb5a 	bl	1000713c <cyw43_write_reg_u8>
10008a88:	e61d      	b.n	100086c6 <cyw43_ll_bus_init+0x3e2>
10008a8a:	b283      	uxth	r3, r0
10008a8c:	2204      	movs	r2, #4
10008a8e:	2100      	movs	r1, #0
10008a90:	4620      	mov	r0, r4
10008a92:	f7fe fa6f 	bl	10006f74 <cyw43_write_reg_u16>
10008a96:	e62f      	b.n	100086f8 <cyw43_ll_bus_init+0x414>
10008a98:	4b3a      	ldr	r3, [pc, #232]	@ (10008b84 <cyw43_ll_bus_init+0x8a0>)
10008a9a:	e893 0003 	ldmia.w	r3, {r0, r1}
10008a9e:	9004      	str	r0, [sp, #16]
10008aa0:	f8ad 1014 	strh.w	r1, [sp, #20]
10008aa4:	4620      	mov	r0, r4
10008aa6:	a902      	add	r1, sp, #8
10008aa8:	f7ff fbe0 	bl	1000826c <cyw43_ll_wifi_get_mac>
10008aac:	b958      	cbnz	r0, 10008ac6 <cyw43_ll_bus_init+0x7e2>
10008aae:	9a02      	ldr	r2, [sp, #8]
10008ab0:	9b04      	ldr	r3, [sp, #16]
10008ab2:	429a      	cmp	r2, r3
10008ab4:	f47f ac38 	bne.w	10008328 <cyw43_ll_bus_init+0x44>
10008ab8:	f8bd 200c 	ldrh.w	r2, [sp, #12]
10008abc:	f8bd 3014 	ldrh.w	r3, [sp, #20]
10008ac0:	429a      	cmp	r2, r3
10008ac2:	f47f ac31 	bne.w	10008328 <cyw43_ll_bus_init+0x44>
10008ac6:	2000      	movs	r0, #0
10008ac8:	a902      	add	r1, sp, #8
10008aca:	f000 fdc9 	bl	10009660 <cyw43_hal_generate_laa_mac>
10008ace:	af02      	add	r7, sp, #8
10008ad0:	e6be      	b.n	10008850 <cyw43_ll_bus_init+0x56c>
10008ad2:	f44f 53c0 	mov.w	r3, #6144	@ 0x1800
10008ad6:	2101      	movs	r1, #1
10008ad8:	4620      	mov	r0, r4
10008ada:	4a26      	ldr	r2, [pc, #152]	@ (10008b74 <cyw43_ll_bus_init+0x890>)
10008adc:	f7fe fb2e 	bl	1000713c <cyw43_write_reg_u8>
10008ae0:	68a3      	ldr	r3, [r4, #8]
10008ae2:	f083 53c0 	eor.w	r3, r3, #402653184	@ 0x18000000
10008ae6:	e630      	b.n	1000874a <cyw43_ll_bus_init+0x466>
10008ae8:	2318      	movs	r3, #24
10008aea:	2101      	movs	r1, #1
10008aec:	4620      	mov	r0, r4
10008aee:	4a1f      	ldr	r2, [pc, #124]	@ (10008b6c <cyw43_ll_bus_init+0x888>)
10008af0:	f7fe fb24 	bl	1000713c <cyw43_write_reg_u8>
10008af4:	68a3      	ldr	r3, [r4, #8]
10008af6:	f083 53c0 	eor.w	r3, r3, #402653184	@ 0x18000000
10008afa:	e622      	b.n	10008742 <cyw43_ll_bus_init+0x45e>
10008afc:	f44f 13c0 	mov.w	r3, #1572864	@ 0x180000
10008b00:	2101      	movs	r1, #1
10008b02:	4620      	mov	r0, r4
10008b04:	4a1a      	ldr	r2, [pc, #104]	@ (10008b70 <cyw43_ll_bus_init+0x88c>)
10008b06:	f7fe fb19 	bl	1000713c <cyw43_write_reg_u8>
10008b0a:	e622      	b.n	10008752 <cyw43_ll_bus_init+0x46e>
10008b0c:	f44f 13c0 	mov.w	r3, #1572864	@ 0x180000
10008b10:	2101      	movs	r1, #1
10008b12:	4620      	mov	r0, r4
10008b14:	4a16      	ldr	r2, [pc, #88]	@ (10008b70 <cyw43_ll_bus_init+0x88c>)
10008b16:	f7fe fb11 	bl	1000713c <cyw43_write_reg_u8>
10008b1a:	e5ff      	b.n	1000871c <cyw43_ll_bus_init+0x438>
10008b1c:	f44f 53c0 	mov.w	r3, #6144	@ 0x1800
10008b20:	2101      	movs	r1, #1
10008b22:	4620      	mov	r0, r4
10008b24:	4a13      	ldr	r2, [pc, #76]	@ (10008b74 <cyw43_ll_bus_init+0x890>)
10008b26:	f7fe fb09 	bl	1000713c <cyw43_write_reg_u8>
10008b2a:	68a3      	ldr	r3, [r4, #8]
10008b2c:	f083 53c0 	eor.w	r3, r3, #402653184	@ 0x18000000
10008b30:	e5f0      	b.n	10008714 <cyw43_ll_bus_init+0x430>
10008b32:	2318      	movs	r3, #24
10008b34:	2101      	movs	r1, #1
10008b36:	4620      	mov	r0, r4
10008b38:	4a0c      	ldr	r2, [pc, #48]	@ (10008b6c <cyw43_ll_bus_init+0x888>)
10008b3a:	f7fe faff 	bl	1000713c <cyw43_write_reg_u8>
10008b3e:	68a3      	ldr	r3, [r4, #8]
10008b40:	f083 53c0 	eor.w	r3, r3, #402653184	@ 0x18000000
10008b44:	e5e2      	b.n	1000870c <cyw43_ll_bus_init+0x428>
10008b46:	4810      	ldr	r0, [pc, #64]	@ (10008b88 <cyw43_ll_bus_init+0x8a4>)
10008b48:	f7fa fff2 	bl	10003b30 <__wrap_puts>
10008b4c:	f7ff bbea 	b.w	10008324 <cyw43_ll_bus_init+0x40>
10008b50:	480e      	ldr	r0, [pc, #56]	@ (10008b8c <cyw43_ll_bus_init+0x8a8>)
10008b52:	f7fa ffed 	bl	10003b30 <__wrap_puts>
10008b56:	f7ff bbe5 	b.w	10008324 <cyw43_ll_bus_init+0x40>
10008b5a:	480d      	ldr	r0, [pc, #52]	@ (10008b90 <cyw43_ll_bus_init+0x8ac>)
10008b5c:	f7fa ffe8 	bl	10003b30 <__wrap_puts>
10008b60:	e46c      	b.n	1000843c <cyw43_ll_bus_init+0x158>
10008b62:	480b      	ldr	r0, [pc, #44]	@ (10008b90 <cyw43_ll_bus_init+0x8ac>)
10008b64:	f7fa ffe4 	bl	10003b30 <__wrap_puts>
10008b68:	e4aa      	b.n	100084c0 <cyw43_ll_bus_init+0x1dc>
10008b6a:	bf00      	nop
10008b6c:	0001000c 	.word	0x0001000c
10008b70:	0001000a 	.word	0x0001000a
10008b74:	0001000b 	.word	0x0001000b
10008b78:	1000a660 	.word	0x1000a660
10008b7c:	1000a6a4 	.word	0x1000a6a4
10008b80:	0001001f 	.word	0x0001001f
10008b84:	10041dac 	.word	0x10041dac
10008b88:	1000a674 	.word	0x1000a674
10008b8c:	1000a68c 	.word	0x1000a68c
10008b90:	1000a570 	.word	0x1000a570

10008b94 <cyw43_ll_wifi_set_wpa_auth>:
10008b94:	b5f0      	push	{r4, r5, r6, r7, lr}
10008b96:	2100      	movs	r1, #0
10008b98:	2504      	movs	r5, #4
10008b9a:	26a5      	movs	r6, #165	@ 0xa5
10008b9c:	8a03      	ldrh	r3, [r0, #16]
10008b9e:	b083      	sub	sp, #12
10008ba0:	3301      	adds	r3, #1
10008ba2:	b29b      	uxth	r3, r3
10008ba4:	8203      	strh	r3, [r0, #16]
10008ba6:	041b      	lsls	r3, r3, #16
10008ba8:	f043 0302 	orr.w	r3, r3, #2
10008bac:	63c3      	str	r3, [r0, #60]	@ 0x3c
10008bae:	2214      	movs	r2, #20
10008bb0:	e9c0 650d 	strd	r6, r5, [r0, #52]	@ 0x34
10008bb4:	6401      	str	r1, [r0, #64]	@ 0x40
10008bb6:	6445      	str	r5, [r0, #68]	@ 0x44
10008bb8:	f100 0328 	add.w	r3, r0, #40	@ 0x28
10008bbc:	4604      	mov	r4, r0
10008bbe:	f7fe fe5b 	bl	10007878 <cyw43_sdpcm_send_common>
10008bc2:	b940      	cbnz	r0, 10008bd6 <cyw43_ll_wifi_set_wpa_auth+0x42>
10008bc4:	f104 0744 	add.w	r7, r4, #68	@ 0x44
10008bc8:	462b      	mov	r3, r5
10008bca:	4632      	mov	r2, r6
10008bcc:	2102      	movs	r1, #2
10008bce:	4620      	mov	r0, r4
10008bd0:	9700      	str	r7, [sp, #0]
10008bd2:	f7fe fec5 	bl	10007960 <cyw43_do_ioctl.part.0>
10008bd6:	b003      	add	sp, #12
10008bd8:	bdf0      	pop	{r4, r5, r6, r7, pc}
10008bda:	bf00      	nop

10008bdc <cyw43_ll_wifi_rejoin>:
10008bdc:	231a      	movs	r3, #26
10008bde:	2200      	movs	r2, #0
10008be0:	2124      	movs	r1, #36	@ 0x24
10008be2:	b570      	push	{r4, r5, r6, lr}
10008be4:	4604      	mov	r4, r0
10008be6:	f600 0528 	addw	r5, r0, #2088	@ 0x828
10008bea:	6343      	str	r3, [r0, #52]	@ 0x34
10008bec:	462b      	mov	r3, r5
10008bee:	6402      	str	r2, [r0, #64]	@ 0x40
10008bf0:	8a02      	ldrh	r2, [r0, #16]
10008bf2:	6381      	str	r1, [r0, #56]	@ 0x38
10008bf4:	3201      	adds	r2, #1
10008bf6:	b292      	uxth	r2, r2
10008bf8:	f100 0144 	add.w	r1, r0, #68	@ 0x44
10008bfc:	f600 0c48 	addw	ip, r0, #2120	@ 0x848
10008c00:	0410      	lsls	r0, r2, #16
10008c02:	f040 0002 	orr.w	r0, r0, #2
10008c06:	b082      	sub	sp, #8
10008c08:	8222      	strh	r2, [r4, #16]
10008c0a:	63e0      	str	r0, [r4, #60]	@ 0x3c
10008c0c:	681e      	ldr	r6, [r3, #0]
10008c0e:	f8d3 e004 	ldr.w	lr, [r3, #4]
10008c12:	6898      	ldr	r0, [r3, #8]
10008c14:	68da      	ldr	r2, [r3, #12]
10008c16:	3310      	adds	r3, #16
10008c18:	4563      	cmp	r3, ip
10008c1a:	600e      	str	r6, [r1, #0]
10008c1c:	f8c1 e004 	str.w	lr, [r1, #4]
10008c20:	6088      	str	r0, [r1, #8]
10008c22:	60ca      	str	r2, [r1, #12]
10008c24:	f101 0110 	add.w	r1, r1, #16
10008c28:	d1f0      	bne.n	10008c0c <cyw43_ll_wifi_rejoin+0x30>
10008c2a:	681b      	ldr	r3, [r3, #0]
10008c2c:	2234      	movs	r2, #52	@ 0x34
10008c2e:	600b      	str	r3, [r1, #0]
10008c30:	4620      	mov	r0, r4
10008c32:	2100      	movs	r1, #0
10008c34:	f104 0328 	add.w	r3, r4, #40	@ 0x28
10008c38:	f7fe fe1e 	bl	10007878 <cyw43_sdpcm_send_common>
10008c3c:	b930      	cbnz	r0, 10008c4c <cyw43_ll_wifi_rejoin+0x70>
10008c3e:	2324      	movs	r3, #36	@ 0x24
10008c40:	221a      	movs	r2, #26
10008c42:	2102      	movs	r1, #2
10008c44:	4620      	mov	r0, r4
10008c46:	9500      	str	r5, [sp, #0]
10008c48:	f7fe fe8a 	bl	10007960 <cyw43_do_ioctl.part.0>
10008c4c:	b002      	add	sp, #8
10008c4e:	bd70      	pop	{r4, r5, r6, pc}

10008c50 <cyw43_ll_gpio_set>:
10008c50:	2902      	cmp	r1, #2
10008c52:	d845      	bhi.n	10008ce0 <cyw43_ll_gpio_set+0x90>
10008c54:	b5f0      	push	{r4, r5, r6, r7, lr}
10008c56:	468e      	mov	lr, r1
10008c58:	2101      	movs	r1, #1
10008c5a:	2a00      	cmp	r2, #0
10008c5c:	f04f 0200 	mov.w	r2, #0
10008c60:	8a03      	ldrh	r3, [r0, #16]
10008c62:	f04f 0610 	mov.w	r6, #16
10008c66:	440b      	add	r3, r1
10008c68:	fa01 f10e 	lsl.w	r1, r1, lr
10008c6c:	b2c9      	uxtb	r1, r1
10008c6e:	4604      	mov	r4, r0
10008c70:	f880 104c 	strb.w	r1, [r0, #76]	@ 0x4c
10008c74:	f240 1507 	movw	r5, #263	@ 0x107
10008c78:	bf08      	it	eq
10008c7a:	4611      	moveq	r1, r2
10008c7c:	b29b      	uxth	r3, r3
10008c7e:	8203      	strh	r3, [r0, #16]
10008c80:	f8df c064 	ldr.w	ip, [pc, #100]	@ 10008ce8 <cyw43_ll_gpio_set+0x98>
10008c84:	40b3      	lsls	r3, r6
10008c86:	f043 0302 	orr.w	r3, r3, #2
10008c8a:	63c3      	str	r3, [r0, #60]	@ 0x3c
10008c8c:	f880 204d 	strb.w	r2, [r0, #77]	@ 0x4d
10008c90:	f880 204e 	strb.w	r2, [r0, #78]	@ 0x4e
10008c94:	f880 204f 	strb.w	r2, [r0, #79]	@ 0x4f
10008c98:	f880 2051 	strb.w	r2, [r0, #81]	@ 0x51
10008c9c:	f880 2052 	strb.w	r2, [r0, #82]	@ 0x52
10008ca0:	f880 2053 	strb.w	r2, [r0, #83]	@ 0x53
10008ca4:	6402      	str	r2, [r0, #64]	@ 0x40
10008ca6:	e9c0 560d 	strd	r5, r6, [r0, #52]	@ 0x34
10008caa:	f880 1050 	strb.w	r1, [r0, #80]	@ 0x50
10008cae:	b083      	sub	sp, #12
10008cb0:	f100 0744 	add.w	r7, r0, #68	@ 0x44
10008cb4:	f104 0328 	add.w	r3, r4, #40	@ 0x28
10008cb8:	e8bc 0003 	ldmia.w	ip!, {r0, r1}
10008cbc:	6460      	str	r0, [r4, #68]	@ 0x44
10008cbe:	64a1      	str	r1, [r4, #72]	@ 0x48
10008cc0:	4620      	mov	r0, r4
10008cc2:	4611      	mov	r1, r2
10008cc4:	2220      	movs	r2, #32
10008cc6:	f7fe fdd7 	bl	10007878 <cyw43_sdpcm_send_common>
10008cca:	b930      	cbnz	r0, 10008cda <cyw43_ll_gpio_set+0x8a>
10008ccc:	4633      	mov	r3, r6
10008cce:	462a      	mov	r2, r5
10008cd0:	2102      	movs	r1, #2
10008cd2:	4620      	mov	r0, r4
10008cd4:	9700      	str	r7, [sp, #0]
10008cd6:	f7fe fe43 	bl	10007960 <cyw43_do_ioctl.part.0>
10008cda:	2000      	movs	r0, #0
10008cdc:	b003      	add	sp, #12
10008cde:	bdf0      	pop	{r4, r5, r6, r7, pc}
10008ce0:	f04f 30ff 	mov.w	r0, #4294967295	@ 0xffffffff
10008ce4:	4770      	bx	lr
10008ce6:	bf00      	nop
10008ce8:	1000a6cc 	.word	0x1000a6cc

10008cec <cyw43_ll_has_work>:
10008cec:	b508      	push	{r3, lr}
10008cee:	6800      	ldr	r0, [r0, #0]
10008cf0:	f000 f8d0 	bl	10008e94 <cyw43_cb_read_host_interrupt_pin>
10008cf4:	f1a0 0001 	sub.w	r0, r0, #1
10008cf8:	fab0 f080 	clz	r0, r0
10008cfc:	0940      	lsrs	r0, r0, #5
10008cfe:	bd08      	pop	{r3, pc}

10008d00 <cyw43_poll_func>:
10008d00:	4b2a      	ldr	r3, [pc, #168]	@ (10008dac <cyw43_poll_func+0xac>)
10008d02:	681b      	ldr	r3, [r3, #0]
10008d04:	2b00      	cmp	r3, #0
10008d06:	d050      	beq.n	10008daa <cyw43_poll_func+0xaa>
10008d08:	b510      	push	{r4, lr}
10008d0a:	4c29      	ldr	r4, [pc, #164]	@ (10008db0 <cyw43_poll_func+0xb0>)
10008d0c:	b082      	sub	sp, #8
10008d0e:	4620      	mov	r0, r4
10008d10:	f7ff ffec 	bl	10008cec <cyw43_ll_has_work>
10008d14:	2800      	cmp	r0, #0
10008d16:	d140      	bne.n	10008d9a <cyw43_poll_func+0x9a>
10008d18:	f894 3869 	ldrb.w	r3, [r4, #2153]	@ 0x869
10008d1c:	bb7b      	cbnz	r3, 10008d7e <cyw43_poll_func+0x7e>
10008d1e:	f894 386b 	ldrb.w	r3, [r4, #2155]	@ 0x86b
10008d22:	bb0b      	cbnz	r3, 10008d68 <cyw43_poll_func+0x68>
10008d24:	f894 386a 	ldrb.w	r3, [r4, #2154]	@ 0x86a
10008d28:	b983      	cbnz	r3, 10008d4c <cyw43_poll_func+0x4c>
10008d2a:	4b22      	ldr	r3, [pc, #136]	@ (10008db4 <cyw43_poll_func+0xb4>)
10008d2c:	681b      	ldr	r3, [r3, #0]
10008d2e:	b123      	cbz	r3, 10008d3a <cyw43_poll_func+0x3a>
10008d30:	b002      	add	sp, #8
10008d32:	e8bd 4010 	ldmia.w	sp!, {r4, lr}
10008d36:	f000 bc43 	b.w	100095c0 <cyw43_post_poll_hook>
10008d3a:	2101      	movs	r1, #1
10008d3c:	481c      	ldr	r0, [pc, #112]	@ (10008db0 <cyw43_poll_func+0xb0>)
10008d3e:	f7ff fa7d 	bl	1000823c <cyw43_ll_bus_sleep>
10008d42:	b002      	add	sp, #8
10008d44:	e8bd 4010 	ldmia.w	sp!, {r4, lr}
10008d48:	f000 bc3a 	b.w	100095c0 <cyw43_post_poll_hook>
10008d4c:	2300      	movs	r3, #0
10008d4e:	4818      	ldr	r0, [pc, #96]	@ (10008db0 <cyw43_poll_func+0xb0>)
10008d50:	f884 386a 	strb.w	r3, [r4, #2154]	@ 0x86a
10008d54:	f7ff ff42 	bl	10008bdc <cyw43_ll_wifi_rejoin>
10008d58:	2301      	movs	r3, #1
10008d5a:	f8c4 385c 	str.w	r3, [r4, #2140]	@ 0x85c
10008d5e:	4b15      	ldr	r3, [pc, #84]	@ (10008db4 <cyw43_poll_func+0xb4>)
10008d60:	681b      	ldr	r3, [r3, #0]
10008d62:	2b00      	cmp	r3, #0
10008d64:	d1e4      	bne.n	10008d30 <cyw43_poll_func+0x30>
10008d66:	e7e8      	b.n	10008d3a <cyw43_poll_func+0x3a>
10008d68:	2300      	movs	r3, #0
10008d6a:	4811      	ldr	r0, [pc, #68]	@ (10008db0 <cyw43_poll_func+0xb0>)
10008d6c:	f884 386b 	strb.w	r3, [r4, #2155]	@ 0x86b
10008d70:	f7ff ff10 	bl	10008b94 <cyw43_ll_wifi_set_wpa_auth>
10008d74:	f894 386a 	ldrb.w	r3, [r4, #2154]	@ 0x86a
10008d78:	2b00      	cmp	r3, #0
10008d7a:	d0d6      	beq.n	10008d2a <cyw43_poll_func+0x2a>
10008d7c:	e7e6      	b.n	10008d4c <cyw43_poll_func+0x4c>
10008d7e:	2300      	movs	r3, #0
10008d80:	2169      	movs	r1, #105	@ 0x69
10008d82:	9300      	str	r3, [sp, #0]
10008d84:	461a      	mov	r2, r3
10008d86:	f884 3869 	strb.w	r3, [r4, #2153]	@ 0x869
10008d8a:	4809      	ldr	r0, [pc, #36]	@ (10008db0 <cyw43_poll_func+0xb0>)
10008d8c:	f7ff fa1a 	bl	100081c4 <cyw43_ll_ioctl>
10008d90:	f894 386b 	ldrb.w	r3, [r4, #2155]	@ 0x86b
10008d94:	2b00      	cmp	r3, #0
10008d96:	d0c5      	beq.n	10008d24 <cyw43_poll_func+0x24>
10008d98:	e7e6      	b.n	10008d68 <cyw43_poll_func+0x68>
10008d9a:	4620      	mov	r0, r4
10008d9c:	f7ff f9f0 	bl	10008180 <cyw43_ll_process_packets>
10008da0:	f894 3869 	ldrb.w	r3, [r4, #2153]	@ 0x869
10008da4:	2b00      	cmp	r3, #0
10008da6:	d0ba      	beq.n	10008d1e <cyw43_poll_func+0x1e>
10008da8:	e7e9      	b.n	10008d7e <cyw43_poll_func+0x7e>
10008daa:	4770      	bx	lr
10008dac:	20002104 	.word	0x20002104
10008db0:	2000210c 	.word	0x2000210c
10008db4:	20002108 	.word	0x20002108

10008db8 <cyw43_init>:
10008db8:	e92d 41f0 	stmdb	sp!, {r4, r5, r6, r7, r8, lr}
10008dbc:	4604      	mov	r4, r0
10008dbe:	2500      	movs	r5, #0
10008dc0:	2018      	movs	r0, #24
10008dc2:	ec45 0044 	gpioc_bit_oe_put r0, r5
10008dc6:	462a      	mov	r2, r5
10008dc8:	4629      	mov	r1, r5
10008dca:	f7f7 fcf5 	bl	100007b8 <gpio_set_pulls>
10008dce:	2617      	movs	r6, #23
10008dd0:	2701      	movs	r7, #1
10008dd2:	ec47 6044 	gpioc_bit_oe_put r6, r7
10008dd6:	462a      	mov	r2, r5
10008dd8:	4629      	mov	r1, r5
10008dda:	4630      	mov	r0, r6
10008ddc:	f7f7 fcec 	bl	100007b8 <gpio_set_pulls>
10008de0:	ec45 6040 	gpioc_bit_out_put r6, r5
10008de4:	4621      	mov	r1, r4
10008de6:	4620      	mov	r0, r4
10008de8:	f7ff f9bc 	bl	10008164 <cyw43_ll_init>
10008dec:	2203      	movs	r2, #3
10008dee:	4b08      	ldr	r3, [pc, #32]	@ (10008e10 <cyw43_init+0x58>)
10008df0:	f884 5850 	strb.w	r5, [r4, #2128]	@ 0x850
10008df4:	f8a4 2870 	strh.w	r2, [r4, #2160]	@ 0x870
10008df8:	f884 5872 	strb.w	r5, [r4, #2162]	@ 0x872
10008dfc:	f8c4 5858 	str.w	r5, [r4, #2136]	@ 0x858
10008e00:	f8c4 585c 	str.w	r5, [r4, #2140]	@ 0x85c
10008e04:	601d      	str	r5, [r3, #0]
10008e06:	f8c4 7868 	str.w	r7, [r4, #2152]	@ 0x868
10008e0a:	e8bd 81f0 	ldmia.w	sp!, {r4, r5, r6, r7, r8, pc}
10008e0e:	bf00      	nop
10008e10:	20002104 	.word	0x20002104

10008e14 <cyw43_deinit>:
10008e14:	e92d 43f8 	stmdb	sp!, {r3, r4, r5, r6, r7, r8, r9, lr}
10008e18:	4f1d      	ldr	r7, [pc, #116]	@ (10008e90 <cyw43_deinit+0x7c>)
10008e1a:	4604      	mov	r4, r0
10008e1c:	f000 fc34 	bl	10009688 <cyw43_thread_enter>
10008e20:	683b      	ldr	r3, [r7, #0]
10008e22:	b383      	cbz	r3, 10008e86 <cyw43_deinit+0x72>
10008e24:	4620      	mov	r0, r4
10008e26:	2100      	movs	r1, #0
10008e28:	f000 fc94 	bl	10009754 <cyw43_cb_tcpip_deinit>
10008e2c:	2101      	movs	r1, #1
10008e2e:	4620      	mov	r0, r4
10008e30:	f000 fc90 	bl	10009754 <cyw43_cb_tcpip_deinit>
10008e34:	4620      	mov	r0, r4
10008e36:	f7ff f9a1 	bl	1000817c <cyw43_ll_deinit>
10008e3a:	2500      	movs	r5, #0
10008e3c:	2018      	movs	r0, #24
10008e3e:	ec45 0044 	gpioc_bit_oe_put r0, r5
10008e42:	462a      	mov	r2, r5
10008e44:	4629      	mov	r1, r5
10008e46:	f7f7 fcb7 	bl	100007b8 <gpio_set_pulls>
10008e4a:	2617      	movs	r6, #23
10008e4c:	f04f 0801 	mov.w	r8, #1
10008e50:	ec48 6044 	gpioc_bit_oe_put r6, r8
10008e54:	462a      	mov	r2, r5
10008e56:	4629      	mov	r1, r5
10008e58:	4630      	mov	r0, r6
10008e5a:	f7f7 fcad 	bl	100007b8 <gpio_set_pulls>
10008e5e:	ec45 6040 	gpioc_bit_out_put r6, r5
10008e62:	4621      	mov	r1, r4
10008e64:	4620      	mov	r0, r4
10008e66:	f7ff f97d 	bl	10008164 <cyw43_ll_init>
10008e6a:	2303      	movs	r3, #3
10008e6c:	f884 5850 	strb.w	r5, [r4, #2128]	@ 0x850
10008e70:	f8c4 5858 	str.w	r5, [r4, #2136]	@ 0x858
10008e74:	f8c4 585c 	str.w	r5, [r4, #2140]	@ 0x85c
10008e78:	f8a4 3870 	strh.w	r3, [r4, #2160]	@ 0x870
10008e7c:	f884 5872 	strb.w	r5, [r4, #2162]	@ 0x872
10008e80:	f8c4 8868 	str.w	r8, [r4, #2152]	@ 0x868
10008e84:	603d      	str	r5, [r7, #0]
10008e86:	e8bd 43f8 	ldmia.w	sp!, {r3, r4, r5, r6, r7, r8, r9, lr}
10008e8a:	f000 bc05 	b.w	10009698 <cyw43_thread_exit>
10008e8e:	bf00      	nop
10008e90:	20002104 	.word	0x20002104

10008e94 <cyw43_cb_read_host_interrupt_pin>:
10008e94:	f04f 4350 	mov.w	r3, #3489660928	@ 0xd0000000
10008e98:	6858      	ldr	r0, [r3, #4]
10008e9a:	f3c0 6000 	ubfx	r0, r0, #24, #1
10008e9e:	4770      	bx	lr

10008ea0 <cyw43_cb_ensure_awake>:
10008ea0:	2232      	movs	r2, #50	@ 0x32
10008ea2:	4b01      	ldr	r3, [pc, #4]	@ (10008ea8 <cyw43_cb_ensure_awake+0x8>)
10008ea4:	601a      	str	r2, [r3, #0]
10008ea6:	4770      	bx	lr
10008ea8:	20002108 	.word	0x20002108

10008eac <cyw43_cb_process_async_event>:
10008eac:	b538      	push	{r3, r4, r5, lr}
10008eae:	f8d0 3854 	ldr.w	r3, [r0, #2132]	@ 0x854
10008eb2:	4605      	mov	r5, r0
10008eb4:	07da      	lsls	r2, r3, #31
10008eb6:	460c      	mov	r4, r1
10008eb8:	d433      	bmi.n	10008f22 <cyw43_cb_process_async_event+0x76>
10008eba:	6863      	ldr	r3, [r4, #4]
10008ebc:	2b45      	cmp	r3, #69	@ 0x45
10008ebe:	d01c      	beq.n	10008efa <cyw43_cb_process_async_event+0x4e>
10008ec0:	2b31      	cmp	r3, #49	@ 0x31
10008ec2:	d81e      	bhi.n	10008f02 <cyw43_cb_process_async_event+0x56>
10008ec4:	e8df f003 	tbb	[pc, r3]
10008ec8:	6b1d1d61 	.word	0x6b1d1d61
10008ecc:	1d7d1d1d 	.word	0x1d7d1d1d
10008ed0:	8c1d1d1d 	.word	0x8c1d1d1d
10008ed4:	1d1d1d1d 	.word	0x1d1d1d1d
10008ed8:	1d1d1d94 	.word	0x1d1d1d94
10008edc:	a51d1d1d 	.word	0xa51d1d1d
10008ee0:	1d1d1d1d 	.word	0x1d1d1d1d
10008ee4:	1d1d1d1d 	.word	0x1d1d1d1d
10008ee8:	1d1d1d1d 	.word	0x1d1d1d1d
10008eec:	1d1d1d1d 	.word	0x1d1d1d1d
10008ef0:	1d1d1d1d 	.word	0x1d1d1d1d
10008ef4:	1db71d1d 	.word	0x1db71d1d
10008ef8:	c81d      	.short	0xc81d
10008efa:	f8d5 3858 	ldr.w	r3, [r5, #2136]	@ 0x858
10008efe:	2b01      	cmp	r3, #1
10008f00:	d037      	beq.n	10008f72 <cyw43_cb_process_async_event+0xc6>
10008f02:	f8d5 385c 	ldr.w	r3, [r5, #2140]	@ 0x85c
10008f06:	f640 6201 	movw	r2, #3585	@ 0xe01
10008f0a:	4293      	cmp	r3, r2
10008f0c:	d000      	beq.n	10008f10 <cyw43_cb_process_async_event+0x64>
10008f0e:	bd38      	pop	{r3, r4, r5, pc}
10008f10:	2301      	movs	r3, #1
10008f12:	4628      	mov	r0, r5
10008f14:	f8c5 385c 	str.w	r3, [r5, #2140]	@ 0x85c
10008f18:	2100      	movs	r1, #0
10008f1a:	e8bd 4038 	ldmia.w	sp!, {r3, r4, r5, lr}
10008f1e:	f000 bc1b 	b.w	10009758 <cyw43_cb_tcpip_set_link_up>
10008f22:	f7f8 fda5 	bl	10001a70 <time_us_64>
10008f26:	b9e9      	cbnz	r1, 10008f64 <cyw43_cb_process_async_event+0xb8>
10008f28:	4a68      	ldr	r2, [pc, #416]	@ (100090cc <cyw43_cb_process_async_event+0x220>)
10008f2a:	fba2 2000 	umull	r2, r0, r2, r0
10008f2e:	0981      	lsrs	r1, r0, #6
10008f30:	8862      	ldrh	r2, [r4, #2]
10008f32:	4867      	ldr	r0, [pc, #412]	@ (100090d0 <cyw43_cb_process_async_event+0x224>)
10008f34:	f7fa fe7e 	bl	10003c34 <__wrap_printf>
10008f38:	6861      	ldr	r1, [r4, #4]
10008f3a:	2958      	cmp	r1, #88	@ 0x58
10008f3c:	f200 8093 	bhi.w	10009066 <cyw43_cb_process_async_event+0x1ba>
10008f40:	4b64      	ldr	r3, [pc, #400]	@ (100090d4 <cyw43_cb_process_async_event+0x228>)
10008f42:	f853 3021 	ldr.w	r3, [r3, r1, lsl #2]
10008f46:	2b00      	cmp	r3, #0
10008f48:	f000 808d 	beq.w	10009066 <cyw43_cb_process_async_event+0x1ba>
10008f4c:	4619      	mov	r1, r3
10008f4e:	4862      	ldr	r0, [pc, #392]	@ (100090d8 <cyw43_cb_process_async_event+0x22c>)
10008f50:	f7fa fe70 	bl	10003c34 <__wrap_printf>
10008f54:	e9d4 1202 	ldrd	r1, r2, [r4, #8]
10008f58:	f894 302e 	ldrb.w	r3, [r4, #46]	@ 0x2e
10008f5c:	485f      	ldr	r0, [pc, #380]	@ (100090dc <cyw43_cb_process_async_event+0x230>)
10008f5e:	f7fa fe69 	bl	10003c34 <__wrap_printf>
10008f62:	e7aa      	b.n	10008eba <cyw43_cb_process_async_event+0xe>
10008f64:	f44f 727a 	mov.w	r2, #1000	@ 0x3e8
10008f68:	2300      	movs	r3, #0
10008f6a:	f001 f8d9 	bl	1000a120 <____aeabi_uldivmod_veneer>
10008f6e:	4601      	mov	r1, r0
10008f70:	e7de      	b.n	10008f30 <cyw43_cb_process_async_event+0x84>
10008f72:	68a2      	ldr	r2, [r4, #8]
10008f74:	2a08      	cmp	r2, #8
10008f76:	f000 808d 	beq.w	10009094 <cyw43_cb_process_async_event+0x1e8>
10008f7a:	f8d5 385c 	ldr.w	r3, [r5, #2140]	@ 0x85c
10008f7e:	2a00      	cmp	r2, #0
10008f80:	d1c1      	bne.n	10008f06 <cyw43_cb_process_async_event+0x5a>
10008f82:	2202      	movs	r2, #2
10008f84:	f8c5 2858 	str.w	r2, [r5, #2136]	@ 0x858
10008f88:	e7bd      	b.n	10008f06 <cyw43_cb_process_async_event+0x5a>
10008f8a:	68a3      	ldr	r3, [r4, #8]
10008f8c:	2b00      	cmp	r3, #0
10008f8e:	d0b8      	beq.n	10008f02 <cyw43_cb_process_async_event+0x56>
10008f90:	2b03      	cmp	r3, #3
10008f92:	f000 8089 	beq.w	100090a8 <cyw43_cb_process_async_event+0x1fc>
10008f96:	2302      	movs	r3, #2
10008f98:	f8c5 385c 	str.w	r3, [r5, #2140]	@ 0x85c
10008f9c:	bd38      	pop	{r3, r4, r5, pc}
10008f9e:	68a3      	ldr	r3, [r4, #8]
10008fa0:	2b00      	cmp	r3, #0
10008fa2:	d152      	bne.n	1000904a <cyw43_cb_process_async_event+0x19e>
10008fa4:	f8d5 385c 	ldr.w	r3, [r5, #2140]	@ 0x85c
10008fa8:	f003 020f 	and.w	r2, r3, #15
10008fac:	2a04      	cmp	r2, #4
10008fae:	bf04      	itt	eq
10008fb0:	f023 030f 	biceq.w	r3, r3, #15
10008fb4:	f043 0301 	orreq.w	r3, r3, #1
10008fb8:	f443 7300 	orr.w	r3, r3, #512	@ 0x200
10008fbc:	f8c5 385c 	str.w	r3, [r5, #2140]	@ 0x85c
10008fc0:	e7a1      	b.n	10008f06 <cyw43_cb_process_async_event+0x5a>
10008fc2:	68a3      	ldr	r3, [r4, #8]
10008fc4:	2b00      	cmp	r3, #0
10008fc6:	d19c      	bne.n	10008f02 <cyw43_cb_process_async_event+0x56>
10008fc8:	68e3      	ldr	r3, [r4, #12]
10008fca:	2b02      	cmp	r3, #2
10008fcc:	d199      	bne.n	10008f02 <cyw43_cb_process_async_event+0x56>
10008fce:	2301      	movs	r3, #1
10008fd0:	4843      	ldr	r0, [pc, #268]	@ (100090e0 <cyw43_cb_process_async_event+0x234>)
10008fd2:	f885 3869 	strb.w	r3, [r5, #2153]	@ 0x869
10008fd6:	f000 faf9 	bl	100095cc <cyw43_schedule_internal_poll_dispatch>
10008fda:	f8d5 385c 	ldr.w	r3, [r5, #2140]	@ 0x85c
10008fde:	e792      	b.n	10008f06 <cyw43_cb_process_async_event+0x5a>
10008fe0:	2100      	movs	r1, #0
10008fe2:	4628      	mov	r0, r5
10008fe4:	f000 fbbe 	bl	10009764 <cyw43_cb_tcpip_set_link_down>
10008fe8:	2300      	movs	r3, #0
10008fea:	f8c5 385c 	str.w	r3, [r5, #2140]	@ 0x85c
10008fee:	bd38      	pop	{r3, r4, r5, pc}
10008ff0:	68a3      	ldr	r3, [r4, #8]
10008ff2:	2b00      	cmp	r3, #0
10008ff4:	d185      	bne.n	10008f02 <cyw43_cb_process_async_event+0x56>
10008ff6:	8863      	ldrh	r3, [r4, #2]
10008ff8:	f894 102e 	ldrb.w	r1, [r4, #46]	@ 0x2e
10008ffc:	07db      	lsls	r3, r3, #31
10008ffe:	d558      	bpl.n	100090b2 <cyw43_cb_process_async_event+0x206>
10009000:	2900      	cmp	r1, #0
10009002:	d15c      	bne.n	100090be <cyw43_cb_process_async_event+0x212>
10009004:	f8d5 385c 	ldr.w	r3, [r5, #2140]	@ 0x85c
10009008:	f443 6380 	orr.w	r3, r3, #1024	@ 0x400
1000900c:	f8c5 385c 	str.w	r3, [r5, #2140]	@ 0x85c
10009010:	e779      	b.n	10008f06 <cyw43_cb_process_async_event+0x5a>
10009012:	68a3      	ldr	r3, [r4, #8]
10009014:	2b00      	cmp	r3, #0
10009016:	f47f af74 	bne.w	10008f02 <cyw43_cb_process_async_event+0x56>
1000901a:	68e3      	ldr	r3, [r4, #12]
1000901c:	2b08      	cmp	r3, #8
1000901e:	f47f af70 	bne.w	10008f02 <cyw43_cb_process_async_event+0x56>
10009022:	f240 1301 	movw	r3, #257	@ 0x101
10009026:	482e      	ldr	r0, [pc, #184]	@ (100090e0 <cyw43_cb_process_async_event+0x234>)
10009028:	f8a5 386a 	strh.w	r3, [r5, #2154]	@ 0x86a
1000902c:	f000 face 	bl	100095cc <cyw43_schedule_internal_poll_dispatch>
10009030:	f8d5 385c 	ldr.w	r3, [r5, #2140]	@ 0x85c
10009034:	e767      	b.n	10008f06 <cyw43_cb_process_async_event+0x5a>
10009036:	68a3      	ldr	r3, [r4, #8]
10009038:	3b04      	subs	r3, #4
1000903a:	2b06      	cmp	r3, #6
1000903c:	d808      	bhi.n	10009050 <cyw43_cb_process_async_event+0x1a4>
1000903e:	e8df f003 	tbb	[pc, r3]
10009042:	0716      	.short	0x0716
10009044:	07160722 	.word	0x07160722
10009048:	16          	.byte	0x16
10009049:	00          	.byte	0x00
1000904a:	2b06      	cmp	r3, #6
1000904c:	f43f af59 	beq.w	10008f02 <cyw43_cb_process_async_event+0x56>
10009050:	2304      	movs	r3, #4
10009052:	f8c5 385c 	str.w	r3, [r5, #2140]	@ 0x85c
10009056:	bd38      	pop	{r3, r4, r5, pc}
10009058:	2301      	movs	r3, #1
1000905a:	4821      	ldr	r0, [pc, #132]	@ (100090e0 <cyw43_cb_process_async_event+0x234>)
1000905c:	f8a5 386a 	strh.w	r3, [r5, #2154]	@ 0x86a
10009060:	f000 fab4 	bl	100095cc <cyw43_schedule_internal_poll_dispatch>
10009064:	e74d      	b.n	10008f02 <cyw43_cb_process_async_event+0x56>
10009066:	481f      	ldr	r0, [pc, #124]	@ (100090e4 <cyw43_cb_process_async_event+0x238>)
10009068:	f7fa fde4 	bl	10003c34 <__wrap_printf>
1000906c:	e772      	b.n	10008f54 <cyw43_cb_process_async_event+0xa8>
1000906e:	68e3      	ldr	r3, [r4, #12]
10009070:	2b0f      	cmp	r3, #15
10009072:	d1ed      	bne.n	10009050 <cyw43_cb_process_async_event+0x1a4>
10009074:	2301      	movs	r3, #1
10009076:	481a      	ldr	r0, [pc, #104]	@ (100090e0 <cyw43_cb_process_async_event+0x234>)
10009078:	f885 386a 	strb.w	r3, [r5, #2154]	@ 0x86a
1000907c:	f000 faa6 	bl	100095cc <cyw43_schedule_internal_poll_dispatch>
10009080:	f8d5 385c 	ldr.w	r3, [r5, #2140]	@ 0x85c
10009084:	e73f      	b.n	10008f06 <cyw43_cb_process_async_event+0x5a>
10009086:	f8d5 385c 	ldr.w	r3, [r5, #2140]	@ 0x85c
1000908a:	f443 6300 	orr.w	r3, r3, #2048	@ 0x800
1000908e:	f8c5 385c 	str.w	r3, [r5, #2140]	@ 0x85c
10009092:	e738      	b.n	10008f06 <cyw43_cb_process_async_event+0x5a>
10009094:	f8d5 3864 	ldr.w	r3, [r5, #2148]	@ 0x864
10009098:	f8d5 0860 	ldr.w	r0, [r5, #2144]	@ 0x860
1000909c:	f104 0130 	add.w	r1, r4, #48	@ 0x30
100090a0:	4798      	blx	r3
100090a2:	f8d5 385c 	ldr.w	r3, [r5, #2140]	@ 0x85c
100090a6:	e72e      	b.n	10008f06 <cyw43_cb_process_async_event+0x5a>
100090a8:	68e2      	ldr	r2, [r4, #12]
100090aa:	2a00      	cmp	r2, #0
100090ac:	f47f af73 	bne.w	10008f96 <cyw43_cb_process_async_event+0xea>
100090b0:	e7cf      	b.n	10009052 <cyw43_cb_process_async_event+0x1a6>
100090b2:	4628      	mov	r0, r5
100090b4:	f000 fb56 	bl	10009764 <cyw43_cb_tcpip_set_link_down>
100090b8:	f8d5 385c 	ldr.w	r3, [r5, #2140]	@ 0x85c
100090bc:	e723      	b.n	10008f06 <cyw43_cb_process_async_event+0x5a>
100090be:	4628      	mov	r0, r5
100090c0:	f000 fb4a 	bl	10009758 <cyw43_cb_tcpip_set_link_up>
100090c4:	f8d5 385c 	ldr.w	r3, [r5, #2140]	@ 0x85c
100090c8:	e71d      	b.n	10008f06 <cyw43_cb_process_async_event+0x5a>
100090ca:	bf00      	nop
100090cc:	10624dd3 	.word	0x10624dd3
100090d0:	1000a6d4 	.word	0x1000a6d4
100090d4:	10041dd4 	.word	0x10041dd4
100090d8:	1000a6e8 	.word	0x1000a6e8
100090dc:	1000a6f0 	.word	0x1000a6f0
100090e0:	10008d01 	.word	0x10008d01
100090e4:	1000a6ec 	.word	0x1000a6ec

100090e8 <cyw43_gpio_set>:
100090e8:	e92d 43f8 	stmdb	sp!, {r3, r4, r5, r6, r7, r8, r9, lr}
100090ec:	4e21      	ldr	r6, [pc, #132]	@ (10009174 <cyw43_gpio_set+0x8c>)
100090ee:	4604      	mov	r4, r0
100090f0:	4688      	mov	r8, r1
100090f2:	4617      	mov	r7, r2
100090f4:	f000 fac8 	bl	10009688 <cyw43_thread_enter>
100090f8:	6835      	ldr	r5, [r6, #0]
100090fa:	b175      	cbz	r5, 1000911a <cyw43_gpio_set+0x32>
100090fc:	2100      	movs	r1, #0
100090fe:	4620      	mov	r0, r4
10009100:	f7ff f89c 	bl	1000823c <cyw43_ll_bus_sleep>
10009104:	463a      	mov	r2, r7
10009106:	4641      	mov	r1, r8
10009108:	4620      	mov	r0, r4
1000910a:	f7ff fda1 	bl	10008c50 <cyw43_ll_gpio_set>
1000910e:	4605      	mov	r5, r0
10009110:	f000 fac2 	bl	10009698 <cyw43_thread_exit>
10009114:	4628      	mov	r0, r5
10009116:	e8bd 83f8 	ldmia.w	sp!, {r3, r4, r5, r6, r7, r8, r9, pc}
1000911a:	4629      	mov	r1, r5
1000911c:	4620      	mov	r0, r4
1000911e:	f000 fb19 	bl	10009754 <cyw43_cb_tcpip_deinit>
10009122:	2101      	movs	r1, #1
10009124:	4620      	mov	r0, r4
10009126:	f000 fb15 	bl	10009754 <cyw43_cb_tcpip_deinit>
1000912a:	f04f 0917 	mov.w	r9, #23
1000912e:	f884 5850 	strb.w	r5, [r4, #2128]	@ 0x850
10009132:	ec45 9040 	gpioc_bit_out_put r9, r5
10009136:	2014      	movs	r0, #20
10009138:	f000 faec 	bl	10009714 <cyw43_delay_ms>
1000913c:	f04f 0301 	mov.w	r3, #1
10009140:	ec43 9040 	gpioc_bit_out_put r9, r3
10009144:	2032      	movs	r0, #50	@ 0x32
10009146:	f000 fae5 	bl	10009714 <cyw43_delay_ms>
1000914a:	4629      	mov	r1, r5
1000914c:	4620      	mov	r0, r4
1000914e:	f7ff f8c9 	bl	100082e4 <cyw43_ll_bus_init>
10009152:	4605      	mov	r5, r0
10009154:	2800      	cmp	r0, #0
10009156:	d1db      	bne.n	10009110 <cyw43_gpio_set+0x28>
10009158:	4620      	mov	r0, r4
1000915a:	f604 01d3 	addw	r1, r4, #2259	@ 0x8d3
1000915e:	f7ff f885 	bl	1000826c <cyw43_ll_wifi_get_mac>
10009162:	2232      	movs	r2, #50	@ 0x32
10009164:	4b04      	ldr	r3, [pc, #16]	@ (10009178 <cyw43_gpio_set+0x90>)
10009166:	4805      	ldr	r0, [pc, #20]	@ (1000917c <cyw43_gpio_set+0x94>)
10009168:	601a      	str	r2, [r3, #0]
1000916a:	6030      	str	r0, [r6, #0]
1000916c:	f000 fa2e 	bl	100095cc <cyw43_schedule_internal_poll_dispatch>
10009170:	e7c8      	b.n	10009104 <cyw43_gpio_set+0x1c>
10009172:	bf00      	nop
10009174:	20002104 	.word	0x20002104
10009178:	20002108 	.word	0x20002108
1000917c:	10008d01 	.word	0x10008d01

10009180 <pio_sm_set_pindirs_with_mask64>:
10009180:	e92d 43f0 	stmdb	sp!, {r4, r5, r6, r7, r8, r9, lr}
10009184:	f44f 3400 	mov.w	r4, #131072	@ 0x20000
10009188:	eb01 0e41 	add.w	lr, r1, r1, lsl #1
1000918c:	eb00 03ce 	add.w	r3, r0, lr, lsl #3
10009190:	9d07      	ldr	r5, [sp, #28]
10009192:	eb00 0ece 	add.w	lr, r0, lr, lsl #3
10009196:	f503 5343 	add.w	r3, r3, #12480	@ 0x30c0
1000919a:	f8de 90dc 	ldr.w	r9, [lr, #220]	@ 0xdc
1000919e:	004f      	lsls	r7, r1, #1
100091a0:	f8de 80cc 	ldr.w	r8, [lr, #204]	@ 0xcc
100091a4:	60dc      	str	r4, [r3, #12]
100091a6:	b1b5      	cbz	r5, 100091d6 <pio_sm_set_pindirs_with_mask64+0x56>
100091a8:	f24e 0680 	movw	r6, #57472	@ 0xe080
100091ac:	fa95 f3a5 	rbit	r3, r5
100091b0:	fab3 f383 	clz	r3, r3
100091b4:	fa22 f403 	lsr.w	r4, r2, r3
100091b8:	f105 3cff 	add.w	ip, r5, #4294967295	@ 0xffffffff
100091bc:	015b      	lsls	r3, r3, #5
100091be:	f004 0401 	and.w	r4, r4, #1
100091c2:	f043 6380 	orr.w	r3, r3, #67108864	@ 0x4000000
100091c6:	4334      	orrs	r4, r6
100091c8:	ea15 050c 	ands.w	r5, r5, ip
100091cc:	f8ce 30dc 	str.w	r3, [lr, #220]	@ 0xdc
100091d0:	f8ce 40d8 	str.w	r4, [lr, #216]	@ 0xd8
100091d4:	d1ea      	bne.n	100091ac <pio_sm_set_pindirs_with_mask64+0x2c>
100091d6:	440f      	add	r7, r1
100091d8:	eb00 00c7 	add.w	r0, r0, r7, lsl #3
100091dc:	f8c0 90dc 	str.w	r9, [r0, #220]	@ 0xdc
100091e0:	f8c0 80cc 	str.w	r8, [r0, #204]	@ 0xcc
100091e4:	e8bd 83f0 	ldmia.w	sp!, {r4, r5, r6, r7, r8, r9, pc}

100091e8 <pio_sm_set_consecutive_pindirs>:
100091e8:	e92d 41f0 	stmdb	sp!, {r4, r5, r6, r7, r8, lr}
100091ec:	f8d0 4168 	ldr.w	r4, [r0, #360]	@ 0x168
100091f0:	f89d 6018 	ldrb.w	r6, [sp, #24]
100091f4:	1b12      	subs	r2, r2, r4
100091f6:	2a1f      	cmp	r2, #31
100091f8:	d838      	bhi.n	1000926c <pio_sm_set_consecutive_pindirs+0x84>
100091fa:	f24e 049f 	movw	r4, #57503	@ 0xe09f
100091fe:	f24e 0580 	movw	r5, #57472	@ 0xe080
10009202:	f44f 3800 	mov.w	r8, #131072	@ 0x20000
10009206:	eb01 0c41 	add.w	ip, r1, r1, lsl #1
1000920a:	2e00      	cmp	r6, #0
1000920c:	bf18      	it	ne
1000920e:	4625      	movne	r5, r4
10009210:	eb00 04cc 	add.w	r4, r0, ip, lsl #3
10009214:	f504 5443 	add.w	r4, r4, #12480	@ 0x30c0
10009218:	eb00 0ccc 	add.w	ip, r0, ip, lsl #3
1000921c:	2b05      	cmp	r3, #5
1000921e:	f8dc 70dc 	ldr.w	r7, [ip, #220]	@ 0xdc
10009222:	ea4f 0e41 	mov.w	lr, r1, lsl #1
10009226:	f8dc 60cc 	ldr.w	r6, [ip, #204]	@ 0xcc
1000922a:	f8c4 800c 	str.w	r8, [r4, #12]
1000922e:	d90c      	bls.n	1000924a <pio_sm_set_consecutive_pindirs+0x62>
10009230:	0154      	lsls	r4, r2, #5
10009232:	3b05      	subs	r3, #5
10009234:	f044 54a0 	orr.w	r4, r4, #335544320	@ 0x14000000
10009238:	3205      	adds	r2, #5
1000923a:	2b05      	cmp	r3, #5
1000923c:	f8cc 40dc 	str.w	r4, [ip, #220]	@ 0xdc
10009240:	f002 021f 	and.w	r2, r2, #31
10009244:	f8cc 50d8 	str.w	r5, [ip, #216]	@ 0xd8
10009248:	d8f2      	bhi.n	10009230 <pio_sm_set_consecutive_pindirs+0x48>
1000924a:	4471      	add	r1, lr
1000924c:	eb00 01c1 	add.w	r1, r0, r1, lsl #3
10009250:	2000      	movs	r0, #0
10009252:	0152      	lsls	r2, r2, #5
10009254:	ea42 6383 	orr.w	r3, r2, r3, lsl #26
10009258:	f8c1 30dc 	str.w	r3, [r1, #220]	@ 0xdc
1000925c:	f8c1 50d8 	str.w	r5, [r1, #216]	@ 0xd8
10009260:	f8c1 70dc 	str.w	r7, [r1, #220]	@ 0xdc
10009264:	f8c1 60cc 	str.w	r6, [r1, #204]	@ 0xcc
10009268:	e8bd 81f0 	ldmia.w	sp!, {r4, r5, r6, r7, r8, pc}
1000926c:	f06f 0004 	mvn.w	r0, #4
10009270:	e7fa      	b.n	10009268 <pio_sm_set_consecutive_pindirs+0x80>
10009272:	bf00      	nop

10009274 <pio_claim_free_sm_and_add_program_for_gpio_range>:
10009274:	e92d 4ff0 	stmdb	sp!, {r4, r5, r6, r7, r8, r9, sl, fp, lr}
10009278:	4682      	mov	sl, r0
1000927a:	460e      	mov	r6, r1
1000927c:	b089      	sub	sp, #36	@ 0x24
1000927e:	e9cd 2304 	strd	r2, r3, [sp, #16]
10009282:	4d56      	ldr	r5, [pc, #344]	@ (100093dc <pio_claim_free_sm_and_add_program_for_gpio_range+0x168>)
10009284:	f8df 8160 	ldr.w	r8, [pc, #352]	@ 100093e8 <pio_claim_free_sm_and_add_program_for_gpio_range+0x174>
10009288:	4f55      	ldr	r7, [pc, #340]	@ (100093e0 <pio_claim_free_sm_and_add_program_for_gpio_range+0x16c>)
1000928a:	f8df 9160 	ldr.w	r9, [pc, #352]	@ 100093ec <pio_claim_free_sm_and_add_program_for_gpio_range+0x178>
1000928e:	f105 4b2f 	add.w	fp, r5, #2936012800	@ 0xaf000000
10009292:	f50b 0b60 	add.w	fp, fp, #14680064	@ 0xe00000
10009296:	ea4f 5b1b 	mov.w	fp, fp, lsr #20
1000929a:	ea4f 0b8b 	mov.w	fp, fp, lsl #2
1000929e:	6035      	str	r5, [r6, #0]
100092a0:	465a      	mov	r2, fp
100092a2:	2100      	movs	r1, #0
100092a4:	4638      	mov	r0, r7
100092a6:	f8cd 8000 	str.w	r8, [sp]
100092aa:	f10b 0303 	add.w	r3, fp, #3
100092ae:	f7f7 fb87 	bl	100009c0 <hw_claim_unused_from_range>
100092b2:	4558      	cmp	r0, fp
100092b4:	db04      	blt.n	100092c0 <pio_claim_free_sm_and_add_program_for_gpio_range+0x4c>
100092b6:	eba0 000b 	sub.w	r0, r0, fp
100092ba:	b244      	sxtb	r4, r0
100092bc:	2c00      	cmp	r4, #0
100092be:	da09      	bge.n	100092d4 <pio_claim_free_sm_and_add_program_for_gpio_range+0x60>
100092c0:	f5a5 1580 	sub.w	r5, r5, #1048576	@ 0x100000
100092c4:	454d      	cmp	r5, r9
100092c6:	d1e2      	bne.n	1000928e <pio_claim_free_sm_and_add_program_for_gpio_range+0x1a>
100092c8:	2300      	movs	r3, #0
100092ca:	4618      	mov	r0, r3
100092cc:	6033      	str	r3, [r6, #0]
100092ce:	b009      	add	sp, #36	@ 0x24
100092d0:	e8bd 8ff0 	ldmia.w	sp!, {r4, r5, r6, r7, r8, r9, sl, fp, pc}
100092d4:	f7f7 fb2c 	bl	10000930 <hw_claim_lock>
100092d8:	2201      	movs	r2, #1
100092da:	f8d6 b000 	ldr.w	fp, [r6]
100092de:	f89a 1004 	ldrb.w	r1, [sl, #4]
100092e2:	f8db 3168 	ldr.w	r3, [fp, #360]	@ 0x168
100092e6:	f99a e005 	ldrsb.w	lr, [sl, #5]
100092ea:	f10b 432f 	add.w	r3, fp, #2936012800	@ 0xaf000000
100092ee:	408a      	lsls	r2, r1
100092f0:	9103      	str	r1, [sp, #12]
100092f2:	f503 0360 	add.w	r3, r3, #14680064	@ 0xe00000
100092f6:	493b      	ldr	r1, [pc, #236]	@ (100093e4 <pio_claim_free_sm_and_add_program_for_gpio_range+0x170>)
100092f8:	0d1b      	lsrs	r3, r3, #20
100092fa:	f1be 0f00 	cmp.w	lr, #0
100092fe:	f851 c023 	ldr.w	ip, [r1, r3, lsl #2]
10009302:	9006      	str	r0, [sp, #24]
10009304:	f102 32ff 	add.w	r2, r2, #4294967295	@ 0xffffffff
10009308:	9307      	str	r3, [sp, #28]
1000930a:	db41      	blt.n	10009390 <pio_claim_free_sm_and_add_program_for_gpio_range+0x11c>
1000930c:	9903      	ldr	r1, [sp, #12]
1000930e:	f1c1 0320 	rsb	r3, r1, #32
10009312:	459e      	cmp	lr, r3
10009314:	dc51      	bgt.n	100093ba <pio_claim_free_sm_and_add_program_for_gpio_range+0x146>
10009316:	fa02 f30e 	lsl.w	r3, r2, lr
1000931a:	ea13 0f0c 	tst.w	r3, ip
1000931e:	d14c      	bne.n	100093ba <pio_claim_free_sm_and_add_program_for_gpio_range+0x146>
10009320:	4670      	mov	r0, lr
10009322:	f8db 3168 	ldr.w	r3, [fp, #360]	@ 0x168
10009326:	f89a 1007 	ldrb.w	r1, [sl, #7]
1000932a:	2b00      	cmp	r3, #0
1000932c:	d053      	beq.n	100093d6 <pio_claim_free_sm_and_add_program_for_gpio_range+0x162>
1000932e:	07c9      	lsls	r1, r1, #31
10009330:	d442      	bmi.n	100093b8 <pio_claim_free_sm_and_add_program_for_gpio_range+0x144>
10009332:	f1be 0f00 	cmp.w	lr, #0
10009336:	db01      	blt.n	1000933c <pio_claim_free_sm_and_add_program_for_gpio_range+0xc8>
10009338:	4586      	cmp	lr, r0
1000933a:	d13d      	bne.n	100093b8 <pio_claim_free_sm_and_add_program_for_gpio_range+0x144>
1000933c:	4082      	lsls	r2, r0
1000933e:	ea1c 0f02 	tst.w	ip, r2
10009342:	d139      	bne.n	100093b8 <pio_claim_free_sm_and_add_program_for_gpio_range+0x144>
10009344:	9b03      	ldr	r3, [sp, #12]
10009346:	f8da 1000 	ldr.w	r1, [sl]
1000934a:	b183      	cbz	r3, 1000936e <pio_claim_free_sm_and_add_program_for_gpio_range+0xfa>
1000934c:	4605      	mov	r5, r0
1000934e:	eb01 0643 	add.w	r6, r1, r3, lsl #1
10009352:	f831 3b02 	ldrh.w	r3, [r1], #2
10009356:	f105 0712 	add.w	r7, r5, #18
1000935a:	f5b3 5f00 	cmp.w	r3, #8192	@ 0x2000
1000935e:	bf38      	it	cc
10009360:	181b      	addcc	r3, r3, r0
10009362:	42b1      	cmp	r1, r6
10009364:	f84b 3027 	str.w	r3, [fp, r7, lsl #2]
10009368:	f105 0501 	add.w	r5, r5, #1
1000936c:	d1f1      	bne.n	10009352 <pio_claim_free_sm_and_add_program_for_gpio_range+0xde>
1000936e:	9b04      	ldr	r3, [sp, #16]
10009370:	9907      	ldr	r1, [sp, #28]
10009372:	601c      	str	r4, [r3, #0]
10009374:	9b05      	ldr	r3, [sp, #20]
10009376:	ea4c 0202 	orr.w	r2, ip, r2
1000937a:	6018      	str	r0, [r3, #0]
1000937c:	4b19      	ldr	r3, [pc, #100]	@ (100093e4 <pio_claim_free_sm_and_add_program_for_gpio_range+0x170>)
1000937e:	9806      	ldr	r0, [sp, #24]
10009380:	f843 2021 	str.w	r2, [r3, r1, lsl #2]
10009384:	f7f7 fae6 	bl	10000954 <hw_claim_unlock>
10009388:	2001      	movs	r0, #1
1000938a:	b009      	add	sp, #36	@ 0x24
1000938c:	e8bd 8ff0 	ldmia.w	sp!, {r4, r5, r6, r7, r8, r9, sl, fp, pc}
10009390:	9b03      	ldr	r3, [sp, #12]
10009392:	f1d3 0320 	rsbs	r3, r3, #32
10009396:	d40f      	bmi.n	100093b8 <pio_claim_free_sm_and_add_program_for_gpio_range+0x144>
10009398:	fa02 f103 	lsl.w	r1, r2, r3
1000939c:	ea11 0f0c 	tst.w	r1, ip
100093a0:	4618      	mov	r0, r3
100093a2:	d104      	bne.n	100093ae <pio_claim_free_sm_and_add_program_for_gpio_range+0x13a>
100093a4:	e7bd      	b.n	10009322 <pio_claim_free_sm_and_add_program_for_gpio_range+0xae>
100093a6:	ea11 0f0c 	tst.w	r1, ip
100093aa:	4618      	mov	r0, r3
100093ac:	d0b9      	beq.n	10009322 <pio_claim_free_sm_and_add_program_for_gpio_range+0xae>
100093ae:	3b01      	subs	r3, #1
100093b0:	1c58      	adds	r0, r3, #1
100093b2:	fa02 f103 	lsl.w	r1, r2, r3
100093b6:	d1f6      	bne.n	100093a6 <pio_claim_free_sm_and_add_program_for_gpio_range+0x132>
100093b8:	9806      	ldr	r0, [sp, #24]
100093ba:	f7f7 facb 	bl	10000954 <hw_claim_unlock>
100093be:	6831      	ldr	r1, [r6, #0]
100093c0:	4807      	ldr	r0, [pc, #28]	@ (100093e0 <pio_claim_free_sm_and_add_program_for_gpio_range+0x16c>)
100093c2:	f101 412f 	add.w	r1, r1, #2936012800	@ 0xaf000000
100093c6:	f501 0160 	add.w	r1, r1, #14680064	@ 0xe00000
100093ca:	0d09      	lsrs	r1, r1, #20
100093cc:	eb04 0181 	add.w	r1, r4, r1, lsl #2
100093d0:	f7f7 fb44 	bl	10000a5c <hw_claim_clear>
100093d4:	e774      	b.n	100092c0 <pio_claim_free_sm_and_add_program_for_gpio_range+0x4c>
100093d6:	074b      	lsls	r3, r1, #29
100093d8:	d5ab      	bpl.n	10009332 <pio_claim_free_sm_and_add_program_for_gpio_range+0xbe>
100093da:	e7ed      	b.n	100093b8 <pio_claim_free_sm_and_add_program_for_gpio_range+0x144>
100093dc:	50400000 	.word	0x50400000
100093e0:	200020d4 	.word	0x200020d4
100093e4:	20001dc0 	.word	0x20001dc0
100093e8:	1000a79c 	.word	0x1000a79c
100093ec:	50100000 	.word	0x50100000

100093f0 <pio_remove_program_and_unclaim_sm>:
100093f0:	f04f 0c01 	mov.w	ip, #1
100093f4:	b570      	push	{r4, r5, r6, lr}
100093f6:	460c      	mov	r4, r1
100093f8:	4616      	mov	r6, r2
100093fa:	7901      	ldrb	r1, [r0, #4]
100093fc:	f104 442f 	add.w	r4, r4, #2936012800	@ 0xaf000000
10009400:	fa0c f501 	lsl.w	r5, ip, r1
10009404:	3d01      	subs	r5, #1
10009406:	409d      	lsls	r5, r3
10009408:	f504 0460 	add.w	r4, r4, #14680064	@ 0xe00000
1000940c:	f7f7 fa90 	bl	10000930 <hw_claim_lock>
10009410:	4a08      	ldr	r2, [pc, #32]	@ (10009434 <pio_remove_program_and_unclaim_sm+0x44>)
10009412:	0d24      	lsrs	r4, r4, #20
10009414:	f852 3024 	ldr.w	r3, [r2, r4, lsl #2]
10009418:	ea23 0305 	bic.w	r3, r3, r5
1000941c:	f842 3024 	str.w	r3, [r2, r4, lsl #2]
10009420:	f7f7 fa98 	bl	10000954 <hw_claim_unlock>
10009424:	eb06 0184 	add.w	r1, r6, r4, lsl #2
10009428:	4803      	ldr	r0, [pc, #12]	@ (10009438 <pio_remove_program_and_unclaim_sm+0x48>)
1000942a:	e8bd 4070 	ldmia.w	sp!, {r4, r5, r6, lr}
1000942e:	f7f7 bb15 	b.w	10000a5c <hw_claim_clear>
10009432:	bf00      	nop
10009434:	20001dc0 	.word	0x20001dc0
10009438:	200020d4 	.word	0x200020d4

1000943c <dma_channel_unclaim>:
1000943c:	4601      	mov	r1, r0
1000943e:	4801      	ldr	r0, [pc, #4]	@ (10009444 <dma_channel_unclaim+0x8>)
10009440:	f7f7 bb0c 	b.w	10000a5c <hw_claim_clear>
10009444:	20002e7e 	.word	0x20002e7e

10009448 <dma_claim_unused_channel>:
10009448:	b510      	push	{r4, lr}
1000944a:	4c05      	ldr	r4, [pc, #20]	@ (10009460 <dma_claim_unused_channel+0x18>)
1000944c:	b082      	sub	sp, #8
1000944e:	4601      	mov	r1, r0
10009450:	230f      	movs	r3, #15
10009452:	2200      	movs	r2, #0
10009454:	9400      	str	r4, [sp, #0]
10009456:	4803      	ldr	r0, [pc, #12]	@ (10009464 <dma_claim_unused_channel+0x1c>)
10009458:	f7f7 fab2 	bl	100009c0 <hw_claim_unused_from_range>
1000945c:	b002      	add	sp, #8
1000945e:	bd10      	pop	{r4, pc}
10009460:	1000a7c0 	.word	0x1000a7c0
10009464:	20002e7e 	.word	0x20002e7e

10009468 <dma_channel_cleanup>:
10009468:	f04f 4ca0 	mov.w	ip, #1342177280	@ 0x50000000
1000946c:	2101      	movs	r1, #1
1000946e:	0182      	lsls	r2, r0, #6
10009470:	eb02 030c 	add.w	r3, r2, ip
10009474:	b470      	push	{r4, r5, r6}
10009476:	691e      	ldr	r6, [r3, #16]
10009478:	4d0d      	ldr	r5, [pc, #52]	@ (100094b0 <dma_channel_cleanup+0x48>)
1000947a:	4081      	lsls	r1, r0
1000947c:	4c0d      	ldr	r4, [pc, #52]	@ (100094b4 <dma_channel_cleanup+0x4c>)
1000947e:	461a      	mov	r2, r3
10009480:	ea86 3040 	eor.w	r0, r6, r0, lsl #13
10009484:	3310      	adds	r3, #16
10009486:	4005      	ands	r5, r0
10009488:	f503 5380 	add.w	r3, r3, #4096	@ 0x1000
1000948c:	601d      	str	r5, [r3, #0]
1000948e:	f8c4 1404 	str.w	r1, [r4, #1028]	@ 0x404
10009492:	f8c4 1414 	str.w	r1, [r4, #1044]	@ 0x414
10009496:	f8c4 1424 	str.w	r1, [r4, #1060]	@ 0x424
1000949a:	f8c4 1434 	str.w	r1, [r4, #1076]	@ 0x434
1000949e:	f8cc 1464 	str.w	r1, [ip, #1124]	@ 0x464
100094a2:	68d3      	ldr	r3, [r2, #12]
100094a4:	015b      	lsls	r3, r3, #5
100094a6:	d4fc      	bmi.n	100094a2 <dma_channel_cleanup+0x3a>
100094a8:	bc70      	pop	{r4, r5, r6}
100094aa:	f8cc 1400 	str.w	r1, [ip, #1024]	@ 0x400
100094ae:	4770      	bx	lr
100094b0:	0001e001 	.word	0x0001e001
100094b4:	50003000 	.word	0x50003000

100094b8 <cyw43_sleep_timeout_reached>:
100094b8:	6803      	ldr	r3, [r0, #0]
100094ba:	4901      	ldr	r1, [pc, #4]	@ (100094c0 <cyw43_sleep_timeout_reached+0x8>)
100094bc:	6a5b      	ldr	r3, [r3, #36]	@ 0x24
100094be:	4718      	bx	r3
100094c0:	200014bc 	.word	0x200014bc

100094c4 <cyw43_irq_init>:
100094c4:	b508      	push	{r3, lr}
100094c6:	2240      	movs	r2, #64	@ 0x40
100094c8:	f04f 7080 	mov.w	r0, #16777216	@ 0x1000000
100094cc:	4906      	ldr	r1, [pc, #24]	@ (100094e8 <cyw43_irq_init+0x24>)
100094ce:	f7f7 f9bf 	bl	10000850 <gpio_add_raw_irq_handler_with_order_priority_masked>
100094d2:	2201      	movs	r2, #1
100094d4:	2102      	movs	r1, #2
100094d6:	2018      	movs	r0, #24
100094d8:	f7f7 f992 	bl	10000800 <gpio_set_irq_enabled>
100094dc:	2101      	movs	r1, #1
100094de:	2015      	movs	r0, #21
100094e0:	f7f7 fb34 	bl	10000b4c <irq_set_enabled>
100094e4:	2000      	movs	r0, #0
100094e6:	bd08      	pop	{r3, pc}
100094e8:	1000950d 	.word	0x1000950d

100094ec <cyw43_irq_deinit>:
100094ec:	b508      	push	{r3, lr}
100094ee:	2200      	movs	r2, #0
100094f0:	2102      	movs	r1, #2
100094f2:	2018      	movs	r0, #24
100094f4:	f7f7 f984 	bl	10000800 <gpio_set_irq_enabled>
100094f8:	f04f 7080 	mov.w	r0, #16777216	@ 0x1000000
100094fc:	4902      	ldr	r1, [pc, #8]	@ (10009508 <cyw43_irq_deinit+0x1c>)
100094fe:	f7f7 f9c9 	bl	10000894 <gpio_remove_raw_irq_handler_masked>
10009502:	2000      	movs	r0, #0
10009504:	bd08      	pop	{r3, pc}
10009506:	bf00      	nop
10009508:	1000950d 	.word	0x1000950d

1000950c <cyw43_gpio_irq_handler>:
1000950c:	f04f 4150 	mov.w	r1, #3489660928	@ 0xd0000000
10009510:	4b0b      	ldr	r3, [pc, #44]	@ (10009540 <cyw43_gpio_irq_handler+0x34>)
10009512:	4a0c      	ldr	r2, [pc, #48]	@ (10009544 <cyw43_gpio_irq_handler+0x38>)
10009514:	6809      	ldr	r1, [r1, #0]
10009516:	2900      	cmp	r1, #0
10009518:	bf18      	it	ne
1000951a:	4613      	movne	r3, r2
1000951c:	6bdb      	ldr	r3, [r3, #60]	@ 0x3c
1000951e:	079b      	lsls	r3, r3, #30
10009520:	d400      	bmi.n	10009524 <cyw43_gpio_irq_handler+0x18>
10009522:	4770      	bx	lr
10009524:	2102      	movs	r1, #2
10009526:	2018      	movs	r0, #24
10009528:	b510      	push	{r4, lr}
1000952a:	2200      	movs	r2, #0
1000952c:	f7f7 f968 	bl	10000800 <gpio_set_irq_enabled>
10009530:	e8bd 4010 	ldmia.w	sp!, {r4, lr}
10009534:	4b04      	ldr	r3, [pc, #16]	@ (10009548 <cyw43_gpio_irq_handler+0x3c>)
10009536:	4905      	ldr	r1, [pc, #20]	@ (1000954c <cyw43_gpio_irq_handler+0x40>)
10009538:	6818      	ldr	r0, [r3, #0]
1000953a:	6803      	ldr	r3, [r0, #0]
1000953c:	6a5b      	ldr	r3, [r3, #36]	@ 0x24
1000953e:	4718      	bx	r3
10009540:	40028248 	.word	0x40028248
10009544:	40028290 	.word	0x40028290
10009548:	20002100 	.word	0x20002100
1000954c:	200014bc 	.word	0x200014bc

10009550 <cyw43_do_poll>:
10009550:	4b18      	ldr	r3, [pc, #96]	@ (100095b4 <cyw43_do_poll+0x64>)
10009552:	681b      	ldr	r3, [r3, #0]
10009554:	b363      	cbz	r3, 100095b0 <cyw43_do_poll+0x60>
10009556:	b570      	push	{r4, r5, r6, lr}
10009558:	4d17      	ldr	r5, [pc, #92]	@ (100095b8 <cyw43_do_poll+0x68>)
1000955a:	4604      	mov	r4, r0
1000955c:	682a      	ldr	r2, [r5, #0]
1000955e:	b10a      	cbz	r2, 10009564 <cyw43_do_poll+0x14>
10009560:	3a01      	subs	r2, #1
10009562:	602a      	str	r2, [r5, #0]
10009564:	4798      	blx	r3
10009566:	682b      	ldr	r3, [r5, #0]
10009568:	b933      	cbnz	r3, 10009578 <cyw43_do_poll+0x28>
1000956a:	6823      	ldr	r3, [r4, #0]
1000956c:	4620      	mov	r0, r4
1000956e:	e8bd 4070 	ldmia.w	sp!, {r4, r5, r6, lr}
10009572:	699b      	ldr	r3, [r3, #24]
10009574:	4911      	ldr	r1, [pc, #68]	@ (100095bc <cyw43_do_poll+0x6c>)
10009576:	4718      	bx	r3
10009578:	f7f8 fa7a 	bl	10001a70 <time_us_64>
1000957c:	f24c 3350 	movw	r3, #50000	@ 0xc350
10009580:	f04f 35ff 	mov.w	r5, #4294967295	@ 0xffffffff
10009584:	18c3      	adds	r3, r0, r3
10009586:	f06f 4000 	mvn.w	r0, #2147483648	@ 0x80000000
1000958a:	f141 0100 	adc.w	r1, r1, #0
1000958e:	429d      	cmp	r5, r3
10009590:	eb70 0c01 	sbcs.w	ip, r0, r1
10009594:	bf3c      	itt	cc
10009596:	462b      	movcc	r3, r5
10009598:	4601      	movcc	r1, r0
1000959a:	6825      	ldr	r5, [r4, #0]
1000959c:	4620      	mov	r0, r4
1000959e:	4a07      	ldr	r2, [pc, #28]	@ (100095bc <cyw43_do_poll+0x6c>)
100095a0:	696c      	ldr	r4, [r5, #20]
100095a2:	e9c2 3102 	strd	r3, r1, [r2, #8]
100095a6:	4623      	mov	r3, r4
100095a8:	e8bd 4070 	ldmia.w	sp!, {r4, r5, r6, lr}
100095ac:	4903      	ldr	r1, [pc, #12]	@ (100095bc <cyw43_do_poll+0x6c>)
100095ae:	4718      	bx	r3
100095b0:	4770      	bx	lr
100095b2:	bf00      	nop
100095b4:	20002104 	.word	0x20002104
100095b8:	20002108 	.word	0x20002108
100095bc:	200014d0 	.word	0x200014d0

100095c0 <cyw43_post_poll_hook>:
100095c0:	2201      	movs	r2, #1
100095c2:	2102      	movs	r1, #2
100095c4:	2018      	movs	r0, #24
100095c6:	f7f7 b91b 	b.w	10000800 <gpio_set_irq_enabled>
100095ca:	bf00      	nop

100095cc <cyw43_schedule_internal_poll_dispatch>:
100095cc:	4b02      	ldr	r3, [pc, #8]	@ (100095d8 <cyw43_schedule_internal_poll_dispatch+0xc>)
100095ce:	4903      	ldr	r1, [pc, #12]	@ (100095dc <cyw43_schedule_internal_poll_dispatch+0x10>)
100095d0:	6818      	ldr	r0, [r3, #0]
100095d2:	6803      	ldr	r3, [r0, #0]
100095d4:	6a5b      	ldr	r3, [r3, #36]	@ 0x24
100095d6:	4718      	bx	r3
100095d8:	20002100 	.word	0x20002100
100095dc:	200014bc 	.word	0x200014bc

100095e0 <cyw43_driver_init>:
100095e0:	b510      	push	{r4, lr}
100095e2:	4604      	mov	r4, r0
100095e4:	4808      	ldr	r0, [pc, #32]	@ (10009608 <cyw43_driver_init+0x28>)
100095e6:	f7ff fbe7 	bl	10008db8 <cyw43_init>
100095ea:	6823      	ldr	r3, [r4, #0]
100095ec:	4807      	ldr	r0, [pc, #28]	@ (1000960c <cyw43_driver_init+0x2c>)
100095ee:	2200      	movs	r2, #0
100095f0:	6004      	str	r4, [r0, #0]
100095f2:	4907      	ldr	r1, [pc, #28]	@ (10009610 <cyw43_driver_init+0x30>)
100095f4:	4620      	mov	r0, r4
100095f6:	691b      	ldr	r3, [r3, #16]
100095f8:	4798      	blx	r3
100095fa:	6823      	ldr	r3, [r4, #0]
100095fc:	4620      	mov	r0, r4
100095fe:	4905      	ldr	r1, [pc, #20]	@ (10009614 <cyw43_driver_init+0x34>)
10009600:	69db      	ldr	r3, [r3, #28]
10009602:	4798      	blx	r3
10009604:	2001      	movs	r0, #1
10009606:	bd10      	pop	{r4, pc}
10009608:	2000210c 	.word	0x2000210c
1000960c:	20002100 	.word	0x20002100
10009610:	100094c5 	.word	0x100094c5
10009614:	200014bc 	.word	0x200014bc

10009618 <cyw43_driver_deinit>:
10009618:	b538      	push	{r3, r4, r5, lr}
1000961a:	4d0c      	ldr	r5, [pc, #48]	@ (1000964c <cyw43_driver_deinit+0x34>)
1000961c:	682b      	ldr	r3, [r5, #0]
1000961e:	b1a3      	cbz	r3, 1000964a <cyw43_driver_deinit+0x32>
10009620:	4604      	mov	r4, r0
10009622:	6803      	ldr	r3, [r0, #0]
10009624:	490a      	ldr	r1, [pc, #40]	@ (10009650 <cyw43_driver_deinit+0x38>)
10009626:	699b      	ldr	r3, [r3, #24]
10009628:	4798      	blx	r3
1000962a:	6823      	ldr	r3, [r4, #0]
1000962c:	4909      	ldr	r1, [pc, #36]	@ (10009654 <cyw43_driver_deinit+0x3c>)
1000962e:	6a1b      	ldr	r3, [r3, #32]
10009630:	4620      	mov	r0, r4
10009632:	4798      	blx	r3
10009634:	6823      	ldr	r3, [r4, #0]
10009636:	2200      	movs	r2, #0
10009638:	691b      	ldr	r3, [r3, #16]
1000963a:	4907      	ldr	r1, [pc, #28]	@ (10009658 <cyw43_driver_deinit+0x40>)
1000963c:	4620      	mov	r0, r4
1000963e:	4798      	blx	r3
10009640:	4806      	ldr	r0, [pc, #24]	@ (1000965c <cyw43_driver_deinit+0x44>)
10009642:	f7ff fbe7 	bl	10008e14 <cyw43_deinit>
10009646:	2300      	movs	r3, #0
10009648:	602b      	str	r3, [r5, #0]
1000964a:	bd38      	pop	{r3, r4, r5, pc}
1000964c:	20002100 	.word	0x20002100
10009650:	200014d0 	.word	0x200014d0
10009654:	200014bc 	.word	0x200014bc
10009658:	100094ed 	.word	0x100094ed
1000965c:	2000210c 	.word	0x2000210c

10009660 <cyw43_hal_generate_laa_mac>:
10009660:	b510      	push	{r4, lr}
10009662:	460c      	mov	r4, r1
10009664:	b082      	sub	sp, #8
10009666:	4668      	mov	r0, sp
10009668:	f7fa fdcc 	bl	10004204 <pico_get_unique_board_id>
1000966c:	f8dd 3002 	ldr.w	r3, [sp, #2]
10009670:	f8bd 2006 	ldrh.w	r2, [sp, #6]
10009674:	6023      	str	r3, [r4, #0]
10009676:	7823      	ldrb	r3, [r4, #0]
10009678:	80a2      	strh	r2, [r4, #4]
1000967a:	f023 0301 	bic.w	r3, r3, #1
1000967e:	f043 0302 	orr.w	r3, r3, #2
10009682:	7023      	strb	r3, [r4, #0]
10009684:	b002      	add	sp, #8
10009686:	bd10      	pop	{r4, pc}

10009688 <cyw43_thread_enter>:
10009688:	4b02      	ldr	r3, [pc, #8]	@ (10009694 <cyw43_thread_enter+0xc>)
1000968a:	6818      	ldr	r0, [r3, #0]
1000968c:	6803      	ldr	r3, [r0, #0]
1000968e:	685b      	ldr	r3, [r3, #4]
10009690:	4718      	bx	r3
10009692:	bf00      	nop
10009694:	20002100 	.word	0x20002100

10009698 <cyw43_thread_exit>:
10009698:	4b02      	ldr	r3, [pc, #8]	@ (100096a4 <cyw43_thread_exit+0xc>)
1000969a:	6818      	ldr	r0, [r3, #0]
1000969c:	6803      	ldr	r3, [r0, #0]
1000969e:	689b      	ldr	r3, [r3, #8]
100096a0:	4718      	bx	r3
100096a2:	bf00      	nop
100096a4:	20002100 	.word	0x20002100

100096a8 <cyw43_await_background_or_timeout_us>:
100096a8:	b570      	push	{r4, r5, r6, lr}
100096aa:	4604      	mov	r4, r0
100096ac:	f3ef 8305 	mrs	r3, IPSR
100096b0:	b2db      	uxtb	r3, r3
100096b2:	4a17      	ldr	r2, [pc, #92]	@ (10009710 <cyw43_await_background_or_timeout_us+0x68>)
100096b4:	6815      	ldr	r5, [r2, #0]
100096b6:	b9ab      	cbnz	r3, 100096e4 <cyw43_await_background_or_timeout_us+0x3c>
100096b8:	f7f8 f9da 	bl	10001a70 <time_us_64>
100096bc:	f04f 3eff 	mov.w	lr, #4294967295	@ 0xffffffff
100096c0:	f06f 4c00 	mvn.w	ip, #2147483648	@ 0x80000000
100096c4:	1902      	adds	r2, r0, r4
100096c6:	f141 0300 	adc.w	r3, r1, #0
100096ca:	4596      	cmp	lr, r2
100096cc:	eb7c 0103 	sbcs.w	r1, ip, r3
100096d0:	6829      	ldr	r1, [r5, #0]
100096d2:	bf38      	it	cc
100096d4:	4672      	movcc	r2, lr
100096d6:	4628      	mov	r0, r5
100096d8:	e8bd 4070 	ldmia.w	sp!, {r4, r5, r6, lr}
100096dc:	bf38      	it	cc
100096de:	4663      	movcc	r3, ip
100096e0:	6b09      	ldr	r1, [r1, #48]	@ 0x30
100096e2:	4708      	bx	r1
100096e4:	f7f8 f9c4 	bl	10001a70 <time_us_64>
100096e8:	f04f 3eff 	mov.w	lr, #4294967295	@ 0xffffffff
100096ec:	f06f 4c00 	mvn.w	ip, #2147483648	@ 0x80000000
100096f0:	1902      	adds	r2, r0, r4
100096f2:	f141 0300 	adc.w	r3, r1, #0
100096f6:	4596      	cmp	lr, r2
100096f8:	eb7c 0103 	sbcs.w	r1, ip, r3
100096fc:	6829      	ldr	r1, [r5, #0]
100096fe:	bf38      	it	cc
10009700:	4672      	movcc	r2, lr
10009702:	4628      	mov	r0, r5
10009704:	e8bd 4070 	ldmia.w	sp!, {r4, r5, r6, lr}
10009708:	bf38      	it	cc
1000970a:	4663      	movcc	r3, ip
1000970c:	6ac9      	ldr	r1, [r1, #44]	@ 0x2c
1000970e:	4708      	bx	r1
10009710:	20002100 	.word	0x20002100

10009714 <cyw43_delay_ms>:
10009714:	4b0e      	ldr	r3, [pc, #56]	@ (10009750 <cyw43_delay_ms+0x3c>)
10009716:	b570      	push	{r4, r5, r6, lr}
10009718:	681d      	ldr	r5, [r3, #0]
1000971a:	4604      	mov	r4, r0
1000971c:	f7f8 f9a8 	bl	10001a70 <time_us_64>
10009720:	460b      	mov	r3, r1
10009722:	4602      	mov	r2, r0
10009724:	f44f 707a 	mov.w	r0, #1000	@ 0x3e8
10009728:	f04f 3eff 	mov.w	lr, #4294967295	@ 0xffffffff
1000972c:	f06f 4c00 	mvn.w	ip, #2147483648	@ 0x80000000
10009730:	fbe4 2300 	umlal	r2, r3, r4, r0
10009734:	4596      	cmp	lr, r2
10009736:	eb7c 0103 	sbcs.w	r1, ip, r3
1000973a:	6829      	ldr	r1, [r5, #0]
1000973c:	bf38      	it	cc
1000973e:	4672      	movcc	r2, lr
10009740:	4628      	mov	r0, r5
10009742:	e8bd 4070 	ldmia.w	sp!, {r4, r5, r6, lr}
10009746:	bf38      	it	cc
10009748:	4663      	movcc	r3, ip
1000974a:	6ac9      	ldr	r1, [r1, #44]	@ 0x2c
1000974c:	4708      	bx	r1
1000974e:	bf00      	nop
10009750:	20002100 	.word	0x20002100

10009754 <cyw43_cb_tcpip_deinit>:
10009754:	4770      	bx	lr
10009756:	bf00      	nop

10009758 <cyw43_cb_tcpip_set_link_up>:
10009758:	b508      	push	{r3, lr}
1000975a:	4801      	ldr	r0, [pc, #4]	@ (10009760 <cyw43_cb_tcpip_set_link_up+0x8>)
1000975c:	f7f7 f8d0 	bl	10000900 <panic>
10009760:	1000a7e0 	.word	0x1000a7e0

10009764 <cyw43_cb_tcpip_set_link_down>:
10009764:	b508      	push	{r3, lr}
10009766:	4801      	ldr	r0, [pc, #4]	@ (1000976c <cyw43_cb_tcpip_set_link_down+0x8>)
10009768:	f7f7 f8ca 	bl	10000900 <panic>
1000976c:	1000a7e0 	.word	0x1000a7e0

10009770 <cyw43_cb_process_ethernet>:
10009770:	b508      	push	{r3, lr}
10009772:	4801      	ldr	r0, [pc, #4]	@ (10009778 <cyw43_cb_process_ethernet+0x8>)
10009774:	f7f7 f8c4 	bl	10000900 <panic>
10009778:	1000a7e0 	.word	0x1000a7e0

1000977c <async_context_threadsafe_background_acquire_lock_blocking>:
1000977c:	3030      	adds	r0, #48	@ 0x30
1000977e:	f000 bcf3 	b.w	1000a168 <__recursive_mutex_enter_blocking_veneer>
10009782:	bf00      	nop

10009784 <alarm_handler>:
10009784:	2300      	movs	r3, #0
10009786:	b510      	push	{r4, lr}
10009788:	460c      	mov	r4, r1
1000978a:	f891 0044 	ldrb.w	r0, [r1, #68]	@ 0x44
1000978e:	f881 3045 	strb.w	r3, [r1, #69]	@ 0x45
10009792:	f7f7 fa01 	bl	10000b98 <irq_set_pending>
10009796:	f104 0038 	add.w	r0, r4, #56	@ 0x38
1000979a:	f000 fcf5 	bl	1000a188 <__sem_release_veneer>
1000979e:	2000      	movs	r0, #0
100097a0:	2100      	movs	r1, #0
100097a2:	bd10      	pop	{r4, pc}

100097a4 <async_context_threadsafe_background_set_work_pending>:
100097a4:	2301      	movs	r3, #1
100097a6:	b510      	push	{r4, lr}
100097a8:	4604      	mov	r4, r0
100097aa:	720b      	strb	r3, [r1, #8]
100097ac:	f890 0044 	ldrb.w	r0, [r0, #68]	@ 0x44
100097b0:	f7f7 f9f2 	bl	10000b98 <irq_set_pending>
100097b4:	f104 0038 	add.w	r0, r4, #56	@ 0x38
100097b8:	e8bd 4010 	ldmia.w	sp!, {r4, lr}
100097bc:	f000 bce4 	b.w	1000a188 <__sem_release_veneer>

100097c0 <process_under_lock>:
100097c0:	e92d 4ff0 	stmdb	sp!, {r4, r5, r6, r7, r8, r9, sl, fp, lr}
100097c4:	f04f 0a01 	mov.w	sl, #1
100097c8:	2600      	movs	r6, #0
100097ca:	4604      	mov	r4, r0
100097cc:	4b26      	ldr	r3, [pc, #152]	@ (10009868 <process_under_lock+0xa8>)
100097ce:	f8df 909c 	ldr.w	r9, [pc, #156]	@ 1000986c <process_under_lock+0xac>
100097d2:	b085      	sub	sp, #20
100097d4:	e9d3 8700 	ldrd	r8, r7, [r3]
100097d8:	4620      	mov	r0, r4
100097da:	f000 f9f5 	bl	10009bc8 <async_context_base_execute_once>
100097de:	4605      	mov	r5, r0
100097e0:	468b      	mov	fp, r1
100097e2:	f7f8 f945 	bl	10001a70 <time_us_64>
100097e6:	1a28      	subs	r0, r5, r0
100097e8:	eb6b 0101 	sbc.w	r1, fp, r1
100097ec:	2801      	cmp	r0, #1
100097ee:	f171 0100 	sbcs.w	r1, r1, #0
100097f2:	dbf1      	blt.n	100097d8 <process_under_lock+0x18>
100097f4:	45bb      	cmp	fp, r7
100097f6:	bf08      	it	eq
100097f8:	4545      	cmpeq	r5, r8
100097fa:	d026      	beq.n	1000984a <process_under_lock+0x8a>
100097fc:	f894 3045 	ldrb.w	r3, [r4, #69]	@ 0x45
10009800:	b143      	cbz	r3, 10009814 <process_under_lock+0x54>
10009802:	e9d4 230a 	ldrd	r2, r3, [r4, #40]	@ 0x28
10009806:	1aaa      	subs	r2, r5, r2
10009808:	eb6b 0303 	sbc.w	r3, fp, r3
1000980c:	2a01      	cmp	r2, #1
1000980e:	f173 0300 	sbcs.w	r3, r3, #0
10009812:	da1d      	bge.n	10009850 <process_under_lock+0x90>
10009814:	6c23      	ldr	r3, [r4, #64]	@ 0x40
10009816:	2b00      	cmp	r3, #0
10009818:	dd03      	ble.n	10009822 <process_under_lock+0x62>
1000981a:	6c21      	ldr	r1, [r4, #64]	@ 0x40
1000981c:	6a20      	ldr	r0, [r4, #32]
1000981e:	f7f7 ffe1 	bl	100017e4 <alarm_pool_cancel_alarm>
10009822:	e9c4 5b0a 	strd	r5, fp, [r4, #40]	@ 0x28
10009826:	6a20      	ldr	r0, [r4, #32]
10009828:	f884 a045 	strb.w	sl, [r4, #69]	@ 0x45
1000982c:	465b      	mov	r3, fp
1000982e:	462a      	mov	r2, r5
10009830:	e9cd 4601 	strd	r4, r6, [sp, #4]
10009834:	f8cd 9000 	str.w	r9, [sp]
10009838:	f7f7 ff02 	bl	10001640 <alarm_pool_add_alarm_at>
1000983c:	6420      	str	r0, [r4, #64]	@ 0x40
1000983e:	6c23      	ldr	r3, [r4, #64]	@ 0x40
10009840:	2b00      	cmp	r3, #0
10009842:	dc05      	bgt.n	10009850 <process_under_lock+0x90>
10009844:	f884 6045 	strb.w	r6, [r4, #69]	@ 0x45
10009848:	e7c6      	b.n	100097d8 <process_under_lock+0x18>
1000984a:	6c23      	ldr	r3, [r4, #64]	@ 0x40
1000984c:	2b00      	cmp	r3, #0
1000984e:	dc02      	bgt.n	10009856 <process_under_lock+0x96>
10009850:	b005      	add	sp, #20
10009852:	e8bd 8ff0 	ldmia.w	sp!, {r4, r5, r6, r7, r8, r9, sl, fp, pc}
10009856:	6c21      	ldr	r1, [r4, #64]	@ 0x40
10009858:	6a20      	ldr	r0, [r4, #32]
1000985a:	f7f7 ffc3 	bl	100017e4 <alarm_pool_cancel_alarm>
1000985e:	2300      	movs	r3, #0
10009860:	6423      	str	r3, [r4, #64]	@ 0x40
10009862:	b005      	add	sp, #20
10009864:	e8bd 8ff0 	ldmia.w	sp!, {r4, r5, r6, r7, r8, r9, sl, fp, pc}
10009868:	1000a820 	.word	0x1000a820
1000986c:	10009785 	.word	0x10009785

10009870 <async_context_threadsafe_background_execute_sync>:
10009870:	b5f8      	push	{r3, r4, r5, r6, r7, lr}
10009872:	4616      	mov	r6, r2
10009874:	4604      	mov	r4, r0
10009876:	f100 0730 	add.w	r7, r0, #48	@ 0x30
1000987a:	4638      	mov	r0, r7
1000987c:	460d      	mov	r5, r1
1000987e:	f000 fc73 	bl	1000a168 <__recursive_mutex_enter_blocking_veneer>
10009882:	4630      	mov	r0, r6
10009884:	47a8      	blx	r5
10009886:	f894 3035 	ldrb.w	r3, [r4, #53]	@ 0x35
1000988a:	4605      	mov	r5, r0
1000988c:	2b01      	cmp	r3, #1
1000988e:	d004      	beq.n	1000989a <async_context_threadsafe_background_execute_sync+0x2a>
10009890:	4638      	mov	r0, r7
10009892:	f000 fc65 	bl	1000a160 <__recursive_mutex_exit_veneer>
10009896:	4628      	mov	r0, r5
10009898:	bdf8      	pop	{r3, r4, r5, r6, r7, pc}
1000989a:	4620      	mov	r0, r4
1000989c:	f7ff ff90 	bl	100097c0 <process_under_lock>
100098a0:	4638      	mov	r0, r7
100098a2:	f000 fc5d 	bl	1000a160 <__recursive_mutex_exit_veneer>
100098a6:	4628      	mov	r0, r5
100098a8:	bdf8      	pop	{r3, r4, r5, r6, r7, pc}
100098aa:	bf00      	nop

100098ac <async_context_threadsafe_background_deinit>:
100098ac:	b538      	push	{r3, r4, r5, lr}
100098ae:	4604      	mov	r4, r0
100098b0:	f890 0044 	ldrb.w	r0, [r0, #68]	@ 0x44
100098b4:	b9a8      	cbnz	r0, 100098e2 <async_context_threadsafe_background_deinit+0x36>
100098b6:	6c23      	ldr	r3, [r4, #64]	@ 0x40
100098b8:	2b00      	cmp	r3, #0
100098ba:	dd03      	ble.n	100098c4 <async_context_threadsafe_background_deinit+0x18>
100098bc:	6c21      	ldr	r1, [r4, #64]	@ 0x40
100098be:	6a20      	ldr	r0, [r4, #32]
100098c0:	f7f7 ff90 	bl	100017e4 <alarm_pool_cancel_alarm>
100098c4:	f104 0530 	add.w	r5, r4, #48	@ 0x30
100098c8:	4628      	mov	r0, r5
100098ca:	f000 fc4d 	bl	1000a168 <__recursive_mutex_enter_blocking_veneer>
100098ce:	4628      	mov	r0, r5
100098d0:	f000 fc46 	bl	1000a160 <__recursive_mutex_exit_veneer>
100098d4:	4620      	mov	r0, r4
100098d6:	e8bd 4038 	ldmia.w	sp!, {r3, r4, r5, lr}
100098da:	2248      	movs	r2, #72	@ 0x48
100098dc:	2100      	movs	r1, #0
100098de:	f000 ba07 	b.w	10009cf0 <memset>
100098e2:	2100      	movs	r1, #0
100098e4:	f7f7 f932 	bl	10000b4c <irq_set_enabled>
100098e8:	4906      	ldr	r1, [pc, #24]	@ (10009904 <async_context_threadsafe_background_deinit+0x58>)
100098ea:	f894 0044 	ldrb.w	r0, [r4, #68]	@ 0x44
100098ee:	f7f7 fa93 	bl	10000e18 <irq_remove_handler>
100098f2:	f894 0044 	ldrb.w	r0, [r4, #68]	@ 0x44
100098f6:	f7f7 fbff 	bl	100010f8 <user_irq_unclaim>
100098fa:	2300      	movs	r3, #0
100098fc:	f884 3044 	strb.w	r3, [r4, #68]	@ 0x44
10009900:	e7d9      	b.n	100098b6 <async_context_threadsafe_background_deinit+0xa>
10009902:	bf00      	nop
10009904:	10009909 	.word	0x10009909

10009908 <low_priority_irq_handler>:
10009908:	b538      	push	{r3, r4, r5, lr}
1000990a:	f3ef 8305 	mrs	r3, IPSR
1000990e:	b2db      	uxtb	r3, r3
10009910:	4a0c      	ldr	r2, [pc, #48]	@ (10009944 <low_priority_irq_handler+0x3c>)
10009912:	3b3e      	subs	r3, #62	@ 0x3e
10009914:	f852 4023 	ldr.w	r4, [r2, r3, lsl #2]
10009918:	b17c      	cbz	r4, 1000993a <low_priority_irq_handler+0x32>
1000991a:	f104 0530 	add.w	r5, r4, #48	@ 0x30
1000991e:	2100      	movs	r1, #0
10009920:	4628      	mov	r0, r5
10009922:	f000 fc25 	bl	1000a170 <__recursive_mutex_try_enter_veneer>
10009926:	b140      	cbz	r0, 1000993a <low_priority_irq_handler+0x32>
10009928:	f894 3035 	ldrb.w	r3, [r4, #53]	@ 0x35
1000992c:	2b01      	cmp	r3, #1
1000992e:	d005      	beq.n	1000993c <low_priority_irq_handler+0x34>
10009930:	4628      	mov	r0, r5
10009932:	e8bd 4038 	ldmia.w	sp!, {r3, r4, r5, lr}
10009936:	f000 bc13 	b.w	1000a160 <__recursive_mutex_exit_veneer>
1000993a:	bd38      	pop	{r3, r4, r5, pc}
1000993c:	4620      	mov	r0, r4
1000993e:	f7ff ff3f 	bl	100097c0 <process_under_lock>
10009942:	e7f5      	b.n	10009930 <low_priority_irq_handler+0x28>
10009944:	2000209c 	.word	0x2000209c

10009948 <async_context_threadsafe_background_wait_for_work_until>:
10009948:	3038      	adds	r0, #56	@ 0x38
1000994a:	f000 bc19 	b.w	1000a180 <__sem_acquire_block_until_veneer>
1000994e:	bf00      	nop

10009950 <async_context_threadsafe_background_wait_until>:
10009950:	4610      	mov	r0, r2
10009952:	4619      	mov	r1, r3
10009954:	f3ef 8305 	mrs	r3, IPSR
10009958:	b2db      	uxtb	r3, r3
1000995a:	b10b      	cbz	r3, 10009960 <async_context_threadsafe_background_wait_until+0x10>
1000995c:	f7f8 b892 	b.w	10001a84 <busy_wait_until>
10009960:	f7f7 bf82 	b.w	10001868 <sleep_until>

10009964 <async_context_threadsafe_background_lock_check>:
10009964:	b508      	push	{r3, lr}
10009966:	f890 3035 	ldrb.w	r3, [r0, #53]	@ 0x35
1000996a:	b143      	cbz	r3, 1000997e <async_context_threadsafe_background_lock_check+0x1a>
1000996c:	f04f 4350 	mov.w	r3, #3489660928	@ 0xd0000000
10009970:	f990 2034 	ldrsb.w	r2, [r0, #52]	@ 0x34
10009974:	f993 3000 	ldrsb.w	r3, [r3]
10009978:	429a      	cmp	r2, r3
1000997a:	d100      	bne.n	1000997e <async_context_threadsafe_background_lock_check+0x1a>
1000997c:	bd08      	pop	{r3, pc}
1000997e:	4801      	ldr	r0, [pc, #4]	@ (10009984 <async_context_threadsafe_background_lock_check+0x20>)
10009980:	f7f6 ffbe 	bl	10000900 <panic>
10009984:	1000a800 	.word	0x1000a800

10009988 <async_context_threadsafe_background_release_lock>:
10009988:	b510      	push	{r4, lr}
1000998a:	f890 3035 	ldrb.w	r3, [r0, #53]	@ 0x35
1000998e:	4604      	mov	r4, r0
10009990:	2b01      	cmp	r3, #1
10009992:	d005      	beq.n	100099a0 <async_context_threadsafe_background_release_lock+0x18>
10009994:	f104 0030 	add.w	r0, r4, #48	@ 0x30
10009998:	e8bd 4010 	ldmia.w	sp!, {r4, lr}
1000999c:	f000 bbe0 	b.w	1000a160 <__recursive_mutex_exit_veneer>
100099a0:	f7ff ff0e 	bl	100097c0 <process_under_lock>
100099a4:	f104 0030 	add.w	r0, r4, #48	@ 0x30
100099a8:	e8bd 4010 	ldmia.w	sp!, {r4, lr}
100099ac:	f000 bbd8 	b.w	1000a160 <__recursive_mutex_exit_veneer>

100099b0 <async_context_threadsafe_background_add_at_time_worker>:
100099b0:	b570      	push	{r4, r5, r6, lr}
100099b2:	4604      	mov	r4, r0
100099b4:	460d      	mov	r5, r1
100099b6:	f100 0630 	add.w	r6, r0, #48	@ 0x30
100099ba:	4630      	mov	r0, r6
100099bc:	f000 fbd4 	bl	1000a168 <__recursive_mutex_enter_blocking_veneer>
100099c0:	4629      	mov	r1, r5
100099c2:	4620      	mov	r0, r4
100099c4:	f000 f8b8 	bl	10009b38 <async_context_base_add_at_time_worker>
100099c8:	f894 3035 	ldrb.w	r3, [r4, #53]	@ 0x35
100099cc:	4605      	mov	r5, r0
100099ce:	2b01      	cmp	r3, #1
100099d0:	d004      	beq.n	100099dc <async_context_threadsafe_background_add_at_time_worker+0x2c>
100099d2:	4630      	mov	r0, r6
100099d4:	f000 fbc4 	bl	1000a160 <__recursive_mutex_exit_veneer>
100099d8:	4628      	mov	r0, r5
100099da:	bd70      	pop	{r4, r5, r6, pc}
100099dc:	4620      	mov	r0, r4
100099de:	f7ff feef 	bl	100097c0 <process_under_lock>
100099e2:	4630      	mov	r0, r6
100099e4:	f000 fbbc 	bl	1000a160 <__recursive_mutex_exit_veneer>
100099e8:	4628      	mov	r0, r5
100099ea:	bd70      	pop	{r4, r5, r6, pc}

100099ec <async_context_threadsafe_background_remove_at_time_worker>:
100099ec:	b570      	push	{r4, r5, r6, lr}
100099ee:	4604      	mov	r4, r0
100099f0:	460d      	mov	r5, r1
100099f2:	f100 0630 	add.w	r6, r0, #48	@ 0x30
100099f6:	4630      	mov	r0, r6
100099f8:	f000 fbb6 	bl	1000a168 <__recursive_mutex_enter_blocking_veneer>
100099fc:	4629      	mov	r1, r5
100099fe:	4620      	mov	r0, r4
10009a00:	f000 f8ac 	bl	10009b5c <async_context_base_remove_at_time_worker>
10009a04:	f894 3035 	ldrb.w	r3, [r4, #53]	@ 0x35
10009a08:	4605      	mov	r5, r0
10009a0a:	2b01      	cmp	r3, #1
10009a0c:	d004      	beq.n	10009a18 <async_context_threadsafe_background_remove_at_time_worker+0x2c>
10009a0e:	4630      	mov	r0, r6
10009a10:	f000 fba6 	bl	1000a160 <__recursive_mutex_exit_veneer>
10009a14:	4628      	mov	r0, r5
10009a16:	bd70      	pop	{r4, r5, r6, pc}
10009a18:	4620      	mov	r0, r4
10009a1a:	f7ff fed1 	bl	100097c0 <process_under_lock>
10009a1e:	4630      	mov	r0, r6
10009a20:	f000 fb9e 	bl	1000a160 <__recursive_mutex_exit_veneer>
10009a24:	4628      	mov	r0, r5
10009a26:	bd70      	pop	{r4, r5, r6, pc}

10009a28 <async_context_threadsafe_background_add_when_pending_worker>:
10009a28:	b570      	push	{r4, r5, r6, lr}
10009a2a:	4604      	mov	r4, r0
10009a2c:	460d      	mov	r5, r1
10009a2e:	f100 0630 	add.w	r6, r0, #48	@ 0x30
10009a32:	4630      	mov	r0, r6
10009a34:	f000 fb98 	bl	1000a168 <__recursive_mutex_enter_blocking_veneer>
10009a38:	4629      	mov	r1, r5
10009a3a:	4620      	mov	r0, r4
10009a3c:	f000 f8a2 	bl	10009b84 <async_context_base_add_when_pending_worker>
10009a40:	f894 3035 	ldrb.w	r3, [r4, #53]	@ 0x35
10009a44:	4605      	mov	r5, r0
10009a46:	2b01      	cmp	r3, #1
10009a48:	d004      	beq.n	10009a54 <async_context_threadsafe_background_add_when_pending_worker+0x2c>
10009a4a:	4630      	mov	r0, r6
10009a4c:	f000 fb88 	bl	1000a160 <__recursive_mutex_exit_veneer>
10009a50:	4628      	mov	r0, r5
10009a52:	bd70      	pop	{r4, r5, r6, pc}
10009a54:	4620      	mov	r0, r4
10009a56:	f7ff feb3 	bl	100097c0 <process_under_lock>
10009a5a:	4630      	mov	r0, r6
10009a5c:	f000 fb80 	bl	1000a160 <__recursive_mutex_exit_veneer>
10009a60:	4628      	mov	r0, r5
10009a62:	bd70      	pop	{r4, r5, r6, pc}

10009a64 <async_context_threadsafe_background_when_pending_worker>:
10009a64:	b570      	push	{r4, r5, r6, lr}
10009a66:	4604      	mov	r4, r0
10009a68:	460d      	mov	r5, r1
10009a6a:	f100 0630 	add.w	r6, r0, #48	@ 0x30
10009a6e:	4630      	mov	r0, r6
10009a70:	f000 fb7a 	bl	1000a168 <__recursive_mutex_enter_blocking_veneer>
10009a74:	4629      	mov	r1, r5
10009a76:	4620      	mov	r0, r4
10009a78:	f000 f894 	bl	10009ba4 <async_context_base_remove_when_pending_worker>
10009a7c:	f894 3035 	ldrb.w	r3, [r4, #53]	@ 0x35
10009a80:	4605      	mov	r5, r0
10009a82:	2b01      	cmp	r3, #1
10009a84:	d004      	beq.n	10009a90 <async_context_threadsafe_background_when_pending_worker+0x2c>
10009a86:	4630      	mov	r0, r6
10009a88:	f000 fb6a 	bl	1000a160 <__recursive_mutex_exit_veneer>
10009a8c:	4628      	mov	r0, r5
10009a8e:	bd70      	pop	{r4, r5, r6, pc}
10009a90:	4620      	mov	r0, r4
10009a92:	f7ff fe95 	bl	100097c0 <process_under_lock>
10009a96:	4630      	mov	r0, r6
10009a98:	f000 fb62 	bl	1000a160 <__recursive_mutex_exit_veneer>
10009a9c:	4628      	mov	r0, r5
10009a9e:	bd70      	pop	{r4, r5, r6, pc}

10009aa0 <async_context_threadsafe_background_default_config>:
10009aa0:	21ff      	movs	r1, #255	@ 0xff
10009aa2:	2200      	movs	r2, #0
10009aa4:	7001      	strb	r1, [r0, #0]
10009aa6:	6042      	str	r2, [r0, #4]
10009aa8:	4770      	bx	lr
10009aaa:	bf00      	nop

10009aac <async_context_threadsafe_background_init>:
10009aac:	b538      	push	{r3, r4, r5, lr}
10009aae:	2244      	movs	r2, #68	@ 0x44
10009ab0:	4604      	mov	r4, r0
10009ab2:	460d      	mov	r5, r1
10009ab4:	3004      	adds	r0, #4
10009ab6:	2100      	movs	r1, #0
10009ab8:	f000 f91a 	bl	10009cf0 <memset>
10009abc:	f04f 4350 	mov.w	r3, #3489660928	@ 0xd0000000
10009ac0:	2203      	movs	r2, #3
10009ac2:	681b      	ldr	r3, [r3, #0]
10009ac4:	4919      	ldr	r1, [pc, #100]	@ (10009b2c <async_context_threadsafe_background_init+0x80>)
10009ac6:	76a3      	strb	r3, [r4, #26]
10009ac8:	6868      	ldr	r0, [r5, #4]
10009aca:	6021      	str	r1, [r4, #0]
10009acc:	8322      	strh	r2, [r4, #24]
10009ace:	b348      	cbz	r0, 10009b24 <async_context_threadsafe_background_init+0x78>
10009ad0:	2201      	movs	r2, #1
10009ad2:	6220      	str	r0, [r4, #32]
10009ad4:	4611      	mov	r1, r2
10009ad6:	f104 0038 	add.w	r0, r4, #56	@ 0x38
10009ada:	f7f7 fb29 	bl	10001130 <sem_init>
10009ade:	f104 0030 	add.w	r0, r4, #48	@ 0x30
10009ae2:	f7f7 fb6f 	bl	100011c4 <recursive_mutex_init>
10009ae6:	2000      	movs	r0, #0
10009ae8:	782d      	ldrb	r5, [r5, #0]
10009aea:	f7f7 fb0d 	bl	10001108 <user_irq_claim_unused>
10009aee:	2800      	cmp	r0, #0
10009af0:	db16      	blt.n	10009b20 <async_context_threadsafe_background_init+0x74>
10009af2:	4b0f      	ldr	r3, [pc, #60]	@ (10009b30 <async_context_threadsafe_background_init+0x84>)
10009af4:	f1a0 022e 	sub.w	r2, r0, #46	@ 0x2e
10009af8:	f884 0044 	strb.w	r0, [r4, #68]	@ 0x44
10009afc:	490d      	ldr	r1, [pc, #52]	@ (10009b34 <async_context_threadsafe_background_init+0x88>)
10009afe:	b2c0      	uxtb	r0, r0
10009b00:	f843 4022 	str.w	r4, [r3, r2, lsl #2]
10009b04:	f7f7 f864 	bl	10000bd0 <irq_set_exclusive_handler>
10009b08:	f894 0044 	ldrb.w	r0, [r4, #68]	@ 0x44
10009b0c:	2101      	movs	r1, #1
10009b0e:	f7f7 f81d 	bl	10000b4c <irq_set_enabled>
10009b12:	f894 0044 	ldrb.w	r0, [r4, #68]	@ 0x44
10009b16:	4629      	mov	r1, r5
10009b18:	f7f7 fa7c 	bl	10001014 <irq_set_priority>
10009b1c:	2001      	movs	r0, #1
10009b1e:	bd38      	pop	{r3, r4, r5, pc}
10009b20:	2000      	movs	r0, #0
10009b22:	bd38      	pop	{r3, r4, r5, pc}
10009b24:	f7f7 fd88 	bl	10001638 <alarm_pool_get_default>
10009b28:	e7d2      	b.n	10009ad0 <async_context_threadsafe_background_init+0x24>
10009b2a:	bf00      	nop
10009b2c:	10041f38 	.word	0x10041f38
10009b30:	2000209c 	.word	0x2000209c
10009b34:	10009909 	.word	0x10009909

10009b38 <async_context_base_add_at_time_worker>:
10009b38:	6883      	ldr	r3, [r0, #8]
10009b3a:	f100 0208 	add.w	r2, r0, #8
10009b3e:	b91b      	cbnz	r3, 10009b48 <async_context_base_add_at_time_worker+0x10>
10009b40:	e006      	b.n	10009b50 <async_context_base_add_at_time_worker+0x18>
10009b42:	461a      	mov	r2, r3
10009b44:	681b      	ldr	r3, [r3, #0]
10009b46:	b11b      	cbz	r3, 10009b50 <async_context_base_add_at_time_worker+0x18>
10009b48:	4299      	cmp	r1, r3
10009b4a:	d1fa      	bne.n	10009b42 <async_context_base_add_at_time_worker+0xa>
10009b4c:	2000      	movs	r0, #0
10009b4e:	4770      	bx	lr
10009b50:	2300      	movs	r3, #0
10009b52:	6011      	str	r1, [r2, #0]
10009b54:	2001      	movs	r0, #1
10009b56:	600b      	str	r3, [r1, #0]
10009b58:	4770      	bx	lr
10009b5a:	bf00      	nop

10009b5c <async_context_base_remove_at_time_worker>:
10009b5c:	6883      	ldr	r3, [r0, #8]
10009b5e:	b143      	cbz	r3, 10009b72 <async_context_base_remove_at_time_worker+0x16>
10009b60:	428b      	cmp	r3, r1
10009b62:	d102      	bne.n	10009b6a <async_context_base_remove_at_time_worker+0xe>
10009b64:	e007      	b.n	10009b76 <async_context_base_remove_at_time_worker+0x1a>
10009b66:	4299      	cmp	r1, r3
10009b68:	d007      	beq.n	10009b7a <async_context_base_remove_at_time_worker+0x1e>
10009b6a:	461a      	mov	r2, r3
10009b6c:	681b      	ldr	r3, [r3, #0]
10009b6e:	2b00      	cmp	r3, #0
10009b70:	d1f9      	bne.n	10009b66 <async_context_base_remove_at_time_worker+0xa>
10009b72:	4618      	mov	r0, r3
10009b74:	4770      	bx	lr
10009b76:	f100 0208 	add.w	r2, r0, #8
10009b7a:	680b      	ldr	r3, [r1, #0]
10009b7c:	2001      	movs	r0, #1
10009b7e:	6013      	str	r3, [r2, #0]
10009b80:	4770      	bx	lr
10009b82:	bf00      	nop

10009b84 <async_context_base_add_when_pending_worker>:
10009b84:	6843      	ldr	r3, [r0, #4]
10009b86:	1d02      	adds	r2, r0, #4
10009b88:	b91b      	cbnz	r3, 10009b92 <async_context_base_add_when_pending_worker+0xe>
10009b8a:	e006      	b.n	10009b9a <async_context_base_add_when_pending_worker+0x16>
10009b8c:	461a      	mov	r2, r3
10009b8e:	681b      	ldr	r3, [r3, #0]
10009b90:	b11b      	cbz	r3, 10009b9a <async_context_base_add_when_pending_worker+0x16>
10009b92:	4299      	cmp	r1, r3
10009b94:	d1fa      	bne.n	10009b8c <async_context_base_add_when_pending_worker+0x8>
10009b96:	2000      	movs	r0, #0
10009b98:	4770      	bx	lr
10009b9a:	2300      	movs	r3, #0
10009b9c:	6011      	str	r1, [r2, #0]
10009b9e:	2001      	movs	r0, #1
10009ba0:	600b      	str	r3, [r1, #0]
10009ba2:	4770      	bx	lr

10009ba4 <async_context_base_remove_when_pending_worker>:
10009ba4:	6843      	ldr	r3, [r0, #4]
10009ba6:	b143      	cbz	r3, 10009bba <async_context_base_remove_when_pending_worker+0x16>
10009ba8:	428b      	cmp	r3, r1
10009baa:	d102      	bne.n	10009bb2 <async_context_base_remove_when_pending_worker+0xe>
10009bac:	e007      	b.n	10009bbe <async_context_base_remove_when_pending_worker+0x1a>
10009bae:	4299      	cmp	r1, r3
10009bb0:	d006      	beq.n	10009bc0 <async_context_base_remove_when_pending_worker+0x1c>
10009bb2:	461a      	mov	r2, r3
10009bb4:	681b      	ldr	r3, [r3, #0]
10009bb6:	2b00      	cmp	r3, #0
10009bb8:	d1f9      	bne.n	10009bae <async_context_base_remove_when_pending_worker+0xa>
10009bba:	4618      	mov	r0, r3
10009bbc:	4770      	bx	lr
10009bbe:	1d02      	adds	r2, r0, #4
10009bc0:	680b      	ldr	r3, [r1, #0]
10009bc2:	2001      	movs	r0, #1
10009bc4:	6013      	str	r3, [r2, #0]
10009bc6:	4770      	bx	lr

10009bc8 <async_context_base_execute_once>:
10009bc8:	4b34      	ldr	r3, [pc, #208]	@ (10009c9c <async_context_base_execute_once+0xd4>)
10009bca:	e92d 47f0 	stmdb	sp!, {r4, r5, r6, r7, r8, r9, sl, lr}
10009bce:	e9d3 4500 	ldrd	r4, r5, [r3]
10009bd2:	6883      	ldr	r3, [r0, #8]
10009bd4:	4680      	mov	r8, r0
10009bd6:	b363      	cbz	r3, 10009c32 <async_context_base_execute_once+0x6a>
10009bd8:	f100 0608 	add.w	r6, r0, #8
10009bdc:	f7f7 ff48 	bl	10001a70 <time_us_64>
10009be0:	f8d8 a008 	ldr.w	sl, [r8, #8]
10009be4:	46b6      	mov	lr, r6
10009be6:	f1ba 0f00 	cmp.w	sl, #0
10009bea:	d022      	beq.n	10009c32 <async_context_base_execute_once+0x6a>
10009bec:	4653      	mov	r3, sl
10009bee:	f04f 0c00 	mov.w	ip, #0
10009bf2:	e9d3 2702 	ldrd	r2, r7, [r3, #8]
10009bf6:	ebb0 0902 	subs.w	r9, r0, r2
10009bfa:	eb61 0907 	sbc.w	r9, r1, r7
10009bfe:	f1b9 0f00 	cmp.w	r9, #0
10009c02:	bfa8      	it	ge
10009c04:	46f4      	movge	ip, lr
10009c06:	469e      	mov	lr, r3
10009c08:	681b      	ldr	r3, [r3, #0]
10009c0a:	bfa4      	itt	ge
10009c0c:	4610      	movge	r0, r2
10009c0e:	4639      	movge	r1, r7
10009c10:	2b00      	cmp	r3, #0
10009c12:	d1ee      	bne.n	10009bf2 <async_context_base_execute_once+0x2a>
10009c14:	f1bc 0f00 	cmp.w	ip, #0
10009c18:	d03b      	beq.n	10009c92 <async_context_base_execute_once+0xca>
10009c1a:	f8dc 1000 	ldr.w	r1, [ip]
10009c1e:	4640      	mov	r0, r8
10009c20:	e9d1 2300 	ldrd	r2, r3, [r1]
10009c24:	f8cc 2000 	str.w	r2, [ip]
10009c28:	4798      	blx	r3
10009c2a:	f8d8 3008 	ldr.w	r3, [r8, #8]
10009c2e:	2b00      	cmp	r3, #0
10009c30:	d1d4      	bne.n	10009bdc <async_context_base_execute_once+0x14>
10009c32:	f8d8 6004 	ldr.w	r6, [r8, #4]
10009c36:	b306      	cbz	r6, 10009c7a <async_context_base_execute_once+0xb2>
10009c38:	2700      	movs	r7, #0
10009c3a:	7a33      	ldrb	r3, [r6, #8]
10009c3c:	b31b      	cbz	r3, 10009c86 <async_context_base_execute_once+0xbe>
10009c3e:	4631      	mov	r1, r6
10009c40:	6873      	ldr	r3, [r6, #4]
10009c42:	7237      	strb	r7, [r6, #8]
10009c44:	4640      	mov	r0, r8
10009c46:	4798      	blx	r3
10009c48:	6836      	ldr	r6, [r6, #0]
10009c4a:	2e00      	cmp	r6, #0
10009c4c:	d1f5      	bne.n	10009c3a <async_context_base_execute_once+0x72>
10009c4e:	f8d8 a008 	ldr.w	sl, [r8, #8]
10009c52:	f1ba 0f00 	cmp.w	sl, #0
10009c56:	d010      	beq.n	10009c7a <async_context_base_execute_once+0xb2>
10009c58:	4652      	mov	r2, sl
10009c5a:	e9d2 3102 	ldrd	r3, r1, [r2, #8]
10009c5e:	1ae0      	subs	r0, r4, r3
10009c60:	eb65 0201 	sbc.w	r2, r5, r1
10009c64:	2801      	cmp	r0, #1
10009c66:	f172 0200 	sbcs.w	r2, r2, #0
10009c6a:	f8da a000 	ldr.w	sl, [sl]
10009c6e:	dbf0      	blt.n	10009c52 <async_context_base_execute_once+0x8a>
10009c70:	461c      	mov	r4, r3
10009c72:	460d      	mov	r5, r1
10009c74:	f1ba 0f00 	cmp.w	sl, #0
10009c78:	d1ee      	bne.n	10009c58 <async_context_base_execute_once+0x90>
10009c7a:	4620      	mov	r0, r4
10009c7c:	4629      	mov	r1, r5
10009c7e:	e9c8 4504 	strd	r4, r5, [r8, #16]
10009c82:	e8bd 87f0 	ldmia.w	sp!, {r4, r5, r6, r7, r8, r9, sl, pc}
10009c86:	6836      	ldr	r6, [r6, #0]
10009c88:	2e00      	cmp	r6, #0
10009c8a:	d1d6      	bne.n	10009c3a <async_context_base_execute_once+0x72>
10009c8c:	f8d8 a008 	ldr.w	sl, [r8, #8]
10009c90:	e7df      	b.n	10009c52 <async_context_base_execute_once+0x8a>
10009c92:	f8d8 6004 	ldr.w	r6, [r8, #4]
10009c96:	2e00      	cmp	r6, #0
10009c98:	d1ce      	bne.n	10009c38 <async_context_base_execute_once+0x70>
10009c9a:	e7dd      	b.n	10009c58 <async_context_base_execute_once+0x90>
10009c9c:	1000a820 	.word	0x1000a820

10009ca0 <srand>:
10009ca0:	4b02      	ldr	r3, [pc, #8]	@ (10009cac <srand+0xc>)
10009ca2:	2200      	movs	r2, #0
10009ca4:	681b      	ldr	r3, [r3, #0]
10009ca6:	e9c3 0226 	strd	r0, r2, [r3, #152]	@ 0x98
10009caa:	4770      	bx	lr
10009cac:	200014e8 	.word	0x200014e8

10009cb0 <rand>:
10009cb0:	4b0c      	ldr	r3, [pc, #48]	@ (10009ce4 <rand+0x34>)
10009cb2:	480d      	ldr	r0, [pc, #52]	@ (10009ce8 <rand+0x38>)
10009cb4:	6819      	ldr	r1, [r3, #0]
10009cb6:	4a0d      	ldr	r2, [pc, #52]	@ (10009cec <rand+0x3c>)
10009cb8:	f8d1 3098 	ldr.w	r3, [r1, #152]	@ 0x98
10009cbc:	b410      	push	{r4}
10009cbe:	fb03 f000 	mul.w	r0, r3, r0
10009cc2:	f8d1 409c 	ldr.w	r4, [r1, #156]	@ 0x9c
10009cc6:	fb02 0004 	mla	r0, r2, r4, r0
10009cca:	f85d 4b04 	ldr.w	r4, [sp], #4
10009cce:	fba3 3202 	umull	r3, r2, r3, r2
10009cd2:	3301      	adds	r3, #1
10009cd4:	eb40 0002 	adc.w	r0, r0, r2
10009cd8:	e9c1 3026 	strd	r3, r0, [r1, #152]	@ 0x98
10009cdc:	f020 4000 	bic.w	r0, r0, #2147483648	@ 0x80000000
10009ce0:	4770      	bx	lr
10009ce2:	bf00      	nop
10009ce4:	200014e8 	.word	0x200014e8
10009ce8:	5851f42d 	.word	0x5851f42d
10009cec:	4c957f2d 	.word	0x4c957f2d

10009cf0 <memset>:
10009cf0:	b570      	push	{r4, r5, r6, lr}
10009cf2:	0786      	lsls	r6, r0, #30
10009cf4:	d047      	beq.n	10009d86 <memset+0x96>
10009cf6:	1e54      	subs	r4, r2, #1
10009cf8:	2a00      	cmp	r2, #0
10009cfa:	d03e      	beq.n	10009d7a <memset+0x8a>
10009cfc:	b2ca      	uxtb	r2, r1
10009cfe:	4603      	mov	r3, r0
10009d00:	e001      	b.n	10009d06 <memset+0x16>
10009d02:	3c01      	subs	r4, #1
10009d04:	d339      	bcc.n	10009d7a <memset+0x8a>
10009d06:	f803 2b01 	strb.w	r2, [r3], #1
10009d0a:	079d      	lsls	r5, r3, #30
10009d0c:	d1f9      	bne.n	10009d02 <memset+0x12>
10009d0e:	2c03      	cmp	r4, #3
10009d10:	d92c      	bls.n	10009d6c <memset+0x7c>
10009d12:	b2cd      	uxtb	r5, r1
10009d14:	2c0f      	cmp	r4, #15
10009d16:	eb05 2505 	add.w	r5, r5, r5, lsl #8
10009d1a:	eb05 4505 	add.w	r5, r5, r5, lsl #16
10009d1e:	d935      	bls.n	10009d8c <memset+0x9c>
10009d20:	f1a4 0c10 	sub.w	ip, r4, #16
10009d24:	f103 0e10 	add.w	lr, r3, #16
10009d28:	461a      	mov	r2, r3
10009d2a:	f02c 060f 	bic.w	r6, ip, #15
10009d2e:	ea4f 1c1c 	mov.w	ip, ip, lsr #4
10009d32:	44b6      	add	lr, r6
10009d34:	e9c2 5500 	strd	r5, r5, [r2]
10009d38:	e9c2 5502 	strd	r5, r5, [r2, #8]
10009d3c:	3210      	adds	r2, #16
10009d3e:	4572      	cmp	r2, lr
10009d40:	d1f8      	bne.n	10009d34 <memset+0x44>
10009d42:	f10c 0201 	add.w	r2, ip, #1
10009d46:	f014 0f0c 	tst.w	r4, #12
10009d4a:	f004 0c0f 	and.w	ip, r4, #15
10009d4e:	eb03 1202 	add.w	r2, r3, r2, lsl #4
10009d52:	d013      	beq.n	10009d7c <memset+0x8c>
10009d54:	f1ac 0304 	sub.w	r3, ip, #4
10009d58:	f023 0303 	bic.w	r3, r3, #3
10009d5c:	3304      	adds	r3, #4
10009d5e:	4413      	add	r3, r2
10009d60:	f842 5b04 	str.w	r5, [r2], #4
10009d64:	4293      	cmp	r3, r2
10009d66:	d1fb      	bne.n	10009d60 <memset+0x70>
10009d68:	f00c 0403 	and.w	r4, ip, #3
10009d6c:	b12c      	cbz	r4, 10009d7a <memset+0x8a>
10009d6e:	b2c9      	uxtb	r1, r1
10009d70:	441c      	add	r4, r3
10009d72:	f803 1b01 	strb.w	r1, [r3], #1
10009d76:	42a3      	cmp	r3, r4
10009d78:	d1fb      	bne.n	10009d72 <memset+0x82>
10009d7a:	bd70      	pop	{r4, r5, r6, pc}
10009d7c:	4664      	mov	r4, ip
10009d7e:	4613      	mov	r3, r2
10009d80:	2c00      	cmp	r4, #0
10009d82:	d1f4      	bne.n	10009d6e <memset+0x7e>
10009d84:	e7f9      	b.n	10009d7a <memset+0x8a>
10009d86:	4603      	mov	r3, r0
10009d88:	4614      	mov	r4, r2
10009d8a:	e7c0      	b.n	10009d0e <memset+0x1e>
10009d8c:	461a      	mov	r2, r3
10009d8e:	46a4      	mov	ip, r4
10009d90:	e7e0      	b.n	10009d54 <memset+0x64>
10009d92:	bf00      	nop

10009d94 <strncmp>:
10009d94:	b3ca      	cbz	r2, 10009e0a <strncmp+0x76>
10009d96:	4684      	mov	ip, r0
10009d98:	460b      	mov	r3, r1
10009d9a:	b530      	push	{r4, r5, lr}
10009d9c:	4604      	mov	r4, r0
10009d9e:	4308      	orrs	r0, r1
10009da0:	0780      	lsls	r0, r0, #30
10009da2:	d019      	beq.n	10009dd8 <strncmp+0x44>
10009da4:	f89c 0000 	ldrb.w	r0, [ip]
10009da8:	780c      	ldrb	r4, [r1, #0]
10009daa:	42a0      	cmp	r0, r4
10009dac:	d112      	bne.n	10009dd4 <strncmp+0x40>
10009dae:	b350      	cbz	r0, 10009e06 <strncmp+0x72>
10009db0:	2a01      	cmp	r2, #1
10009db2:	d028      	beq.n	10009e06 <strncmp+0x72>
10009db4:	46e6      	mov	lr, ip
10009db6:	e003      	b.n	10009dc0 <strncmp+0x2c>
10009db8:	eb1c 0f03 	cmn.w	ip, r3
10009dbc:	d023      	beq.n	10009e06 <strncmp+0x72>
10009dbe:	b310      	cbz	r0, 10009e06 <strncmp+0x72>
10009dc0:	f81e 0f01 	ldrb.w	r0, [lr, #1]!
10009dc4:	f811 4f01 	ldrb.w	r4, [r1, #1]!
10009dc8:	eba2 030e 	sub.w	r3, r2, lr
10009dcc:	42a0      	cmp	r0, r4
10009dce:	f103 33ff 	add.w	r3, r3, #4294967295	@ 0xffffffff
10009dd2:	d0f1      	beq.n	10009db8 <strncmp+0x24>
10009dd4:	1b00      	subs	r0, r0, r4
10009dd6:	bd30      	pop	{r4, r5, pc}
10009dd8:	2a03      	cmp	r2, #3
10009dda:	d807      	bhi.n	10009dec <strncmp+0x58>
10009ddc:	e7e2      	b.n	10009da4 <strncmp+0x10>
10009dde:	3a04      	subs	r2, #4
10009de0:	d011      	beq.n	10009e06 <strncmp+0x72>
10009de2:	f01e 3f80 	tst.w	lr, #2155905152	@ 0x80808080
10009de6:	d10e      	bne.n	10009e06 <strncmp+0x72>
10009de8:	2a03      	cmp	r2, #3
10009dea:	d910      	bls.n	10009e0e <strncmp+0x7a>
10009dec:	6820      	ldr	r0, [r4, #0]
10009dee:	4619      	mov	r1, r3
10009df0:	f853 5b04 	ldr.w	r5, [r3], #4
10009df4:	46a4      	mov	ip, r4
10009df6:	f1a0 3e01 	sub.w	lr, r0, #16843009	@ 0x1010101
10009dfa:	3404      	adds	r4, #4
10009dfc:	42a8      	cmp	r0, r5
10009dfe:	ea2e 0e00 	bic.w	lr, lr, r0
10009e02:	d0ec      	beq.n	10009dde <strncmp+0x4a>
10009e04:	e7ce      	b.n	10009da4 <strncmp+0x10>
10009e06:	2000      	movs	r0, #0
10009e08:	bd30      	pop	{r4, r5, pc}
10009e0a:	4610      	mov	r0, r2
10009e0c:	4770      	bx	lr
10009e0e:	46a4      	mov	ip, r4
10009e10:	4619      	mov	r1, r3
10009e12:	e7c7      	b.n	10009da4 <strncmp+0x10>

10009e14 <memmove>:
10009e14:	4288      	cmp	r0, r1
10009e16:	d90e      	bls.n	10009e36 <memmove+0x22>
10009e18:	188b      	adds	r3, r1, r2
10009e1a:	4283      	cmp	r3, r0
10009e1c:	d90b      	bls.n	10009e36 <memmove+0x22>
10009e1e:	eb00 0c02 	add.w	ip, r0, r2
10009e22:	2a00      	cmp	r2, #0
10009e24:	d06e      	beq.n	10009f04 <memmove+0xf0>
10009e26:	4662      	mov	r2, ip
10009e28:	f813 cd01 	ldrb.w	ip, [r3, #-1]!
10009e2c:	4299      	cmp	r1, r3
10009e2e:	f802 cd01 	strb.w	ip, [r2, #-1]!
10009e32:	d1f9      	bne.n	10009e28 <memmove+0x14>
10009e34:	4770      	bx	lr
10009e36:	2a0f      	cmp	r2, #15
10009e38:	d80f      	bhi.n	10009e5a <memmove+0x46>
10009e3a:	4603      	mov	r3, r0
10009e3c:	f102 3cff 	add.w	ip, r2, #4294967295	@ 0xffffffff
10009e40:	2a00      	cmp	r2, #0
10009e42:	d05f      	beq.n	10009f04 <memmove+0xf0>
10009e44:	f10c 0c01 	add.w	ip, ip, #1
10009e48:	3b01      	subs	r3, #1
10009e4a:	448c      	add	ip, r1
10009e4c:	f811 2b01 	ldrb.w	r2, [r1], #1
10009e50:	4561      	cmp	r1, ip
10009e52:	f803 2f01 	strb.w	r2, [r3, #1]!
10009e56:	d1f9      	bne.n	10009e4c <memmove+0x38>
10009e58:	4770      	bx	lr
10009e5a:	ea40 0301 	orr.w	r3, r0, r1
10009e5e:	079b      	lsls	r3, r3, #30
10009e60:	d151      	bne.n	10009f06 <memmove+0xf2>
10009e62:	f1a2 0310 	sub.w	r3, r2, #16
10009e66:	f101 0c20 	add.w	ip, r1, #32
10009e6a:	b570      	push	{r4, r5, r6, lr}
10009e6c:	f023 050f 	bic.w	r5, r3, #15
10009e70:	f101 0e10 	add.w	lr, r1, #16
10009e74:	f100 0410 	add.w	r4, r0, #16
10009e78:	091b      	lsrs	r3, r3, #4
10009e7a:	44ac      	add	ip, r5
10009e7c:	f85e 5c10 	ldr.w	r5, [lr, #-16]
10009e80:	f10e 0e10 	add.w	lr, lr, #16
10009e84:	3410      	adds	r4, #16
10009e86:	f844 5c20 	str.w	r5, [r4, #-32]
10009e8a:	f85e 5c1c 	ldr.w	r5, [lr, #-28]
10009e8e:	f844 5c1c 	str.w	r5, [r4, #-28]
10009e92:	f85e 5c18 	ldr.w	r5, [lr, #-24]
10009e96:	f844 5c18 	str.w	r5, [r4, #-24]
10009e9a:	f85e 5c14 	ldr.w	r5, [lr, #-20]
10009e9e:	45e6      	cmp	lr, ip
10009ea0:	f844 5c14 	str.w	r5, [r4, #-20]
10009ea4:	d1ea      	bne.n	10009e7c <memmove+0x68>
10009ea6:	3301      	adds	r3, #1
10009ea8:	f012 0f0c 	tst.w	r2, #12
10009eac:	f002 0c0f 	and.w	ip, r2, #15
10009eb0:	eb01 1103 	add.w	r1, r1, r3, lsl #4
10009eb4:	eb00 1303 	add.w	r3, r0, r3, lsl #4
10009eb8:	d029      	beq.n	10009f0e <memmove+0xfa>
10009eba:	f1ac 0c04 	sub.w	ip, ip, #4
10009ebe:	1f1c      	subs	r4, r3, #4
10009ec0:	468e      	mov	lr, r1
10009ec2:	f02c 0603 	bic.w	r6, ip, #3
10009ec6:	ea4f 0c9c 	mov.w	ip, ip, lsr #2
10009eca:	441e      	add	r6, r3
10009ecc:	f85e 5b04 	ldr.w	r5, [lr], #4
10009ed0:	f844 5f04 	str.w	r5, [r4, #4]!
10009ed4:	42b4      	cmp	r4, r6
10009ed6:	d1f9      	bne.n	10009ecc <memmove+0xb8>
10009ed8:	f10c 0401 	add.w	r4, ip, #1
10009edc:	f002 0203 	and.w	r2, r2, #3
10009ee0:	eb03 0384 	add.w	r3, r3, r4, lsl #2
10009ee4:	eb01 0184 	add.w	r1, r1, r4, lsl #2
10009ee8:	f102 3cff 	add.w	ip, r2, #4294967295	@ 0xffffffff
10009eec:	b14a      	cbz	r2, 10009f02 <memmove+0xee>
10009eee:	f10c 0c01 	add.w	ip, ip, #1
10009ef2:	3b01      	subs	r3, #1
10009ef4:	448c      	add	ip, r1
10009ef6:	f811 2b01 	ldrb.w	r2, [r1], #1
10009efa:	4561      	cmp	r1, ip
10009efc:	f803 2f01 	strb.w	r2, [r3, #1]!
10009f00:	d1f9      	bne.n	10009ef6 <memmove+0xe2>
10009f02:	bd70      	pop	{r4, r5, r6, pc}
10009f04:	4770      	bx	lr
10009f06:	f102 3cff 	add.w	ip, r2, #4294967295	@ 0xffffffff
10009f0a:	4603      	mov	r3, r0
10009f0c:	e79a      	b.n	10009e44 <memmove+0x30>
10009f0e:	4662      	mov	r2, ip
10009f10:	e7ea      	b.n	10009ee8 <memmove+0xd4>
10009f12:	bf00      	nop

10009f14 <memcpy>:
10009f14:	4684      	mov	ip, r0
10009f16:	ea41 0300 	orr.w	r3, r1, r0
10009f1a:	f013 0303 	ands.w	r3, r3, #3
10009f1e:	d149      	bne.n	10009fb4 <memcpy+0xa0>
10009f20:	3a40      	subs	r2, #64	@ 0x40
10009f22:	d323      	bcc.n	10009f6c <memcpy+0x58>
10009f24:	680b      	ldr	r3, [r1, #0]
10009f26:	6003      	str	r3, [r0, #0]
10009f28:	684b      	ldr	r3, [r1, #4]
10009f2a:	6043      	str	r3, [r0, #4]
10009f2c:	688b      	ldr	r3, [r1, #8]
10009f2e:	6083      	str	r3, [r0, #8]
10009f30:	68cb      	ldr	r3, [r1, #12]
10009f32:	60c3      	str	r3, [r0, #12]
10009f34:	690b      	ldr	r3, [r1, #16]
10009f36:	6103      	str	r3, [r0, #16]
10009f38:	694b      	ldr	r3, [r1, #20]
10009f3a:	6143      	str	r3, [r0, #20]
10009f3c:	698b      	ldr	r3, [r1, #24]
10009f3e:	6183      	str	r3, [r0, #24]
10009f40:	69cb      	ldr	r3, [r1, #28]
10009f42:	61c3      	str	r3, [r0, #28]
10009f44:	6a0b      	ldr	r3, [r1, #32]
10009f46:	6203      	str	r3, [r0, #32]
10009f48:	6a4b      	ldr	r3, [r1, #36]	@ 0x24
10009f4a:	6243      	str	r3, [r0, #36]	@ 0x24
10009f4c:	6a8b      	ldr	r3, [r1, #40]	@ 0x28
10009f4e:	6283      	str	r3, [r0, #40]	@ 0x28
10009f50:	6acb      	ldr	r3, [r1, #44]	@ 0x2c
10009f52:	62c3      	str	r3, [r0, #44]	@ 0x2c
10009f54:	6b0b      	ldr	r3, [r1, #48]	@ 0x30
10009f56:	6303      	str	r3, [r0, #48]	@ 0x30
10009f58:	6b4b      	ldr	r3, [r1, #52]	@ 0x34
10009f5a:	6343      	str	r3, [r0, #52]	@ 0x34
10009f5c:	6b8b      	ldr	r3, [r1, #56]	@ 0x38
10009f5e:	6383      	str	r3, [r0, #56]	@ 0x38
10009f60:	6bcb      	ldr	r3, [r1, #60]	@ 0x3c
10009f62:	63c3      	str	r3, [r0, #60]	@ 0x3c
10009f64:	3040      	adds	r0, #64	@ 0x40
10009f66:	3140      	adds	r1, #64	@ 0x40
10009f68:	3a40      	subs	r2, #64	@ 0x40
10009f6a:	d2db      	bcs.n	10009f24 <memcpy+0x10>
10009f6c:	3230      	adds	r2, #48	@ 0x30
10009f6e:	d30b      	bcc.n	10009f88 <memcpy+0x74>
10009f70:	680b      	ldr	r3, [r1, #0]
10009f72:	6003      	str	r3, [r0, #0]
10009f74:	684b      	ldr	r3, [r1, #4]
10009f76:	6043      	str	r3, [r0, #4]
10009f78:	688b      	ldr	r3, [r1, #8]
10009f7a:	6083      	str	r3, [r0, #8]
10009f7c:	68cb      	ldr	r3, [r1, #12]
10009f7e:	60c3      	str	r3, [r0, #12]
10009f80:	3010      	adds	r0, #16
10009f82:	3110      	adds	r1, #16
10009f84:	3a10      	subs	r2, #16
10009f86:	d2f3      	bcs.n	10009f70 <memcpy+0x5c>
10009f88:	320c      	adds	r2, #12
10009f8a:	d305      	bcc.n	10009f98 <memcpy+0x84>
10009f8c:	f851 3b04 	ldr.w	r3, [r1], #4
10009f90:	f840 3b04 	str.w	r3, [r0], #4
10009f94:	3a04      	subs	r2, #4
10009f96:	d2f9      	bcs.n	10009f8c <memcpy+0x78>
10009f98:	3204      	adds	r2, #4
10009f9a:	d008      	beq.n	10009fae <memcpy+0x9a>
10009f9c:	07d2      	lsls	r2, r2, #31
10009f9e:	bf1c      	itt	ne
10009fa0:	f811 3b01 	ldrbne.w	r3, [r1], #1
10009fa4:	f800 3b01 	strbne.w	r3, [r0], #1
10009fa8:	d301      	bcc.n	10009fae <memcpy+0x9a>
10009faa:	880b      	ldrh	r3, [r1, #0]
10009fac:	8003      	strh	r3, [r0, #0]
10009fae:	4660      	mov	r0, ip
10009fb0:	4770      	bx	lr
10009fb2:	bf00      	nop
10009fb4:	2a08      	cmp	r2, #8
10009fb6:	d313      	bcc.n	10009fe0 <memcpy+0xcc>
10009fb8:	078b      	lsls	r3, r1, #30
10009fba:	d0b1      	beq.n	10009f20 <memcpy+0xc>
10009fbc:	f010 0303 	ands.w	r3, r0, #3
10009fc0:	d0ae      	beq.n	10009f20 <memcpy+0xc>
10009fc2:	f1c3 0304 	rsb	r3, r3, #4
10009fc6:	1ad2      	subs	r2, r2, r3
10009fc8:	07db      	lsls	r3, r3, #31
10009fca:	bf1c      	itt	ne
10009fcc:	f811 3b01 	ldrbne.w	r3, [r1], #1
10009fd0:	f800 3b01 	strbne.w	r3, [r0], #1
10009fd4:	d3a4      	bcc.n	10009f20 <memcpy+0xc>
10009fd6:	f831 3b02 	ldrh.w	r3, [r1], #2
10009fda:	f820 3b02 	strh.w	r3, [r0], #2
10009fde:	e79f      	b.n	10009f20 <memcpy+0xc>
10009fe0:	3a04      	subs	r2, #4
10009fe2:	d3d9      	bcc.n	10009f98 <memcpy+0x84>
10009fe4:	3a01      	subs	r2, #1
10009fe6:	f811 3b01 	ldrb.w	r3, [r1], #1
10009fea:	f800 3b01 	strb.w	r3, [r0], #1
10009fee:	d2f9      	bcs.n	10009fe4 <memcpy+0xd0>
10009ff0:	780b      	ldrb	r3, [r1, #0]
10009ff2:	7003      	strb	r3, [r0, #0]
10009ff4:	784b      	ldrb	r3, [r1, #1]
10009ff6:	7043      	strb	r3, [r0, #1]
10009ff8:	788b      	ldrb	r3, [r1, #2]
10009ffa:	7083      	strb	r3, [r0, #2]
10009ffc:	4660      	mov	r0, ip
10009ffe:	4770      	bx	lr

1000a000 <atexit>:
1000a000:	2300      	movs	r3, #0
1000a002:	4601      	mov	r1, r0
1000a004:	461a      	mov	r2, r3
1000a006:	4618      	mov	r0, r3
1000a008:	f000 b842 	b.w	1000a090 <__register_exitproc>

1000a00c <strlen>:
1000a00c:	f020 0103 	bic.w	r1, r0, #3
1000a010:	f010 0003 	ands.w	r0, r0, #3
1000a014:	f1c0 0000 	rsb	r0, r0, #0
1000a018:	f851 3b04 	ldr.w	r3, [r1], #4
1000a01c:	f100 0c04 	add.w	ip, r0, #4
1000a020:	ea4f 0ccc 	mov.w	ip, ip, lsl #3
1000a024:	f06f 0200 	mvn.w	r2, #0
1000a028:	bf1c      	itt	ne
1000a02a:	fa22 f20c 	lsrne.w	r2, r2, ip
1000a02e:	4313      	orrne	r3, r2
1000a030:	f04f 0c01 	mov.w	ip, #1
1000a034:	ea4c 2c0c 	orr.w	ip, ip, ip, lsl #8
1000a038:	ea4c 4c0c 	orr.w	ip, ip, ip, lsl #16
1000a03c:	eba3 020c 	sub.w	r2, r3, ip
1000a040:	ea22 0203 	bic.w	r2, r2, r3
1000a044:	ea12 12cc 	ands.w	r2, r2, ip, lsl #7
1000a048:	bf04      	itt	eq
1000a04a:	f851 3b04 	ldreq.w	r3, [r1], #4
1000a04e:	3004      	addeq	r0, #4
1000a050:	d0f4      	beq.n	1000a03c <strlen+0x30>
1000a052:	f1c2 0100 	rsb	r1, r2, #0
1000a056:	ea02 0201 	and.w	r2, r2, r1
1000a05a:	fab2 f282 	clz	r2, r2
1000a05e:	f1c2 021f 	rsb	r2, r2, #31
1000a062:	eb00 00d2 	add.w	r0, r0, r2, lsr #3
1000a066:	4770      	bx	lr

1000a068 <__libc_fini_array>:
1000a068:	b538      	push	{r3, r4, r5, lr}
1000a06a:	4d07      	ldr	r5, [pc, #28]	@ (1000a088 <__libc_fini_array+0x20>)
1000a06c:	4c07      	ldr	r4, [pc, #28]	@ (1000a08c <__libc_fini_array+0x24>)
1000a06e:	1b2c      	subs	r4, r5, r4
1000a070:	10a4      	asrs	r4, r4, #2
1000a072:	d005      	beq.n	1000a080 <__libc_fini_array+0x18>
1000a074:	3c01      	subs	r4, #1
1000a076:	f855 3d04 	ldr.w	r3, [r5, #-4]!
1000a07a:	4798      	blx	r3
1000a07c:	2c00      	cmp	r4, #0
1000a07e:	d1f9      	bne.n	1000a074 <__libc_fini_array+0xc>
1000a080:	e8bd 4038 	ldmia.w	sp!, {r3, r4, r5, lr}
1000a084:	f000 b840 	b.w	1000a108 <_fini>
1000a088:	1000a1e4 	.word	0x1000a1e4
1000a08c:	1000a1e4 	.word	0x1000a1e4

1000a090 <__register_exitproc>:
1000a090:	b470      	push	{r4, r5, r6}
1000a092:	4d16      	ldr	r5, [pc, #88]	@ (1000a0ec <__register_exitproc+0x5c>)
1000a094:	682c      	ldr	r4, [r5, #0]
1000a096:	b31c      	cbz	r4, 1000a0e0 <__register_exitproc+0x50>
1000a098:	6865      	ldr	r5, [r4, #4]
1000a09a:	2d1f      	cmp	r5, #31
1000a09c:	dc23      	bgt.n	1000a0e6 <__register_exitproc+0x56>
1000a09e:	b938      	cbnz	r0, 1000a0b0 <__register_exitproc+0x20>
1000a0a0:	1c6b      	adds	r3, r5, #1
1000a0a2:	2000      	movs	r0, #0
1000a0a4:	3502      	adds	r5, #2
1000a0a6:	6063      	str	r3, [r4, #4]
1000a0a8:	f844 1025 	str.w	r1, [r4, r5, lsl #2]
1000a0ac:	bc70      	pop	{r4, r5, r6}
1000a0ae:	4770      	bx	lr
1000a0b0:	eb04 0c85 	add.w	ip, r4, r5, lsl #2
1000a0b4:	2802      	cmp	r0, #2
1000a0b6:	f8cc 2088 	str.w	r2, [ip, #136]	@ 0x88
1000a0ba:	f04f 0201 	mov.w	r2, #1
1000a0be:	f8d4 6188 	ldr.w	r6, [r4, #392]	@ 0x188
1000a0c2:	fa02 f205 	lsl.w	r2, r2, r5
1000a0c6:	ea46 0602 	orr.w	r6, r6, r2
1000a0ca:	f8c4 6188 	str.w	r6, [r4, #392]	@ 0x188
1000a0ce:	f8cc 3108 	str.w	r3, [ip, #264]	@ 0x108
1000a0d2:	d1e5      	bne.n	1000a0a0 <__register_exitproc+0x10>
1000a0d4:	f8d4 318c 	ldr.w	r3, [r4, #396]	@ 0x18c
1000a0d8:	4313      	orrs	r3, r2
1000a0da:	f8c4 318c 	str.w	r3, [r4, #396]	@ 0x18c
1000a0de:	e7df      	b.n	1000a0a0 <__register_exitproc+0x10>
1000a0e0:	4c03      	ldr	r4, [pc, #12]	@ (1000a0f0 <__register_exitproc+0x60>)
1000a0e2:	602c      	str	r4, [r5, #0]
1000a0e4:	e7d8      	b.n	1000a098 <__register_exitproc+0x8>
1000a0e6:	f04f 30ff 	mov.w	r0, #4294967295	@ 0xffffffff
1000a0ea:	e7df      	b.n	1000a0ac <__register_exitproc+0x1c>
1000a0ec:	20001b98 	.word	0x20001b98
1000a0f0:	20001a08 	.word	0x20001a08

1000a0f4 <register_fini>:
1000a0f4:	4b02      	ldr	r3, [pc, #8]	@ (1000a100 <register_fini+0xc>)
1000a0f6:	b113      	cbz	r3, 1000a0fe <register_fini+0xa>
1000a0f8:	4802      	ldr	r0, [pc, #8]	@ (1000a104 <register_fini+0x10>)
1000a0fa:	f7ff bf81 	b.w	1000a000 <atexit>
1000a0fe:	4770      	bx	lr
1000a100:	00000000 	.word	0x00000000
1000a104:	1000a069 	.word	0x1000a069

1000a108 <_fini>:
1000a108:	b5f8      	push	{r3, r4, r5, r6, r7, lr}
1000a10a:	bf00      	nop
1000a10c:	0000      	movs	r0, r0
	...

1000a110 <__mutex_enter_timeout_ms_veneer>:
1000a110:	f85f f000 	ldr.w	pc, [pc]	@ 1000a114 <__mutex_enter_timeout_ms_veneer+0x4>
1000a114:	200003e1 	.word	0x200003e1

1000a118 <__hw_endpoint_start_next_buffer_veneer>:
1000a118:	f85f f000 	ldr.w	pc, [pc]	@ 1000a11c <__hw_endpoint_start_next_buffer_veneer+0x4>
1000a11c:	20000d01 	.word	0x20000d01

1000a120 <____aeabi_uldivmod_veneer>:
1000a120:	f85f f000 	ldr.w	pc, [pc]	@ 1000a124 <____aeabi_uldivmod_veneer+0x4>
1000a124:	200010bd 	.word	0x200010bd

1000a128 <__mutex_exit_veneer>:
1000a128:	f85f f000 	ldr.w	pc, [pc]	@ 1000a12c <__mutex_exit_veneer+0x4>
1000a12c:	20000419 	.word	0x20000419

1000a130 <__spi_write_read_blocking_veneer>:
1000a130:	f85f f000 	ldr.w	pc, [pc]	@ 1000a134 <__spi_write_read_blocking_veneer+0x4>
1000a134:	20000fc5 	.word	0x20000fc5

1000a138 <__reset_non_control_endpoints_veneer>:
1000a138:	f85f f000 	ldr.w	pc, [pc]	@ 1000a13c <__reset_non_control_endpoints_veneer+0x4>
1000a13c:	200004a5 	.word	0x200004a5

1000a140 <__e15_is_critical_frame_period_veneer>:
1000a140:	f85f f000 	ldr.w	pc, [pc]	@ 1000a144 <__e15_is_critical_frame_period_veneer+0x4>
1000a144:	20000c89 	.word	0x20000c89

1000a148 <__e15_is_bulkin_ep_veneer>:
1000a148:	f85f f000 	ldr.w	pc, [pc]	@ 1000a14c <__e15_is_bulkin_ep_veneer+0x4>
1000a14c:	20000c61 	.word	0x20000c61

1000a150 <___hw_endpoint_buffer_control_update32_veneer>:
1000a150:	f85f f000 	ldr.w	pc, [pc]	@ 1000a154 <___hw_endpoint_buffer_control_update32_veneer+0x4>
1000a154:	20000cbd 	.word	0x20000cbd

1000a158 <__mutex_try_enter_block_until_veneer>:
1000a158:	f85f f000 	ldr.w	pc, [pc]	@ 1000a15c <__mutex_try_enter_block_until_veneer+0x4>
1000a15c:	20000375 	.word	0x20000375

1000a160 <__recursive_mutex_exit_veneer>:
1000a160:	f85f f000 	ldr.w	pc, [pc]	@ 1000a164 <__recursive_mutex_exit_veneer+0x4>
1000a164:	20000455 	.word	0x20000455

1000a168 <__recursive_mutex_enter_blocking_veneer>:
1000a168:	f85f f000 	ldr.w	pc, [pc]	@ 1000a16c <__recursive_mutex_enter_blocking_veneer+0x4>
1000a16c:	200001d1 	.word	0x200001d1

1000a170 <__recursive_mutex_try_enter_veneer>:
1000a170:	f85f f000 	ldr.w	pc, [pc]	@ 1000a174 <__recursive_mutex_try_enter_veneer+0x4>
1000a174:	200002ad 	.word	0x200002ad

1000a178 <__mutex_try_enter_veneer>:
1000a178:	f85f f000 	ldr.w	pc, [pc]	@ 1000a17c <__mutex_try_enter_veneer+0x4>
1000a17c:	2000025d 	.word	0x2000025d

1000a180 <__sem_acquire_block_until_veneer>:
1000a180:	f85f f000 	ldr.w	pc, [pc]	@ 1000a184 <__sem_acquire_block_until_veneer+0x4>
1000a184:	20000111 	.word	0x20000111

1000a188 <__sem_release_veneer>:
1000a188:	f85f f000 	ldr.w	pc, [pc]	@ 1000a18c <__sem_release_veneer+0x4>
1000a18c:	20000175 	.word	0x20000175

1000a190 <__spi_write_blocking_veneer>:
1000a190:	f85f f000 	ldr.w	pc, [pc]	@ 1000a194 <__spi_write_blocking_veneer+0x4>
1000a194:	2000102d 	.word	0x2000102d

1000a198 <__pre_init_runtime_init_bootrom_reset>:
1000a198:	10001e45                                E...

1000a19c <__pre_init_runtime_init_early_resets>:
1000a19c:	10001db9                                ....

1000a1a0 <__pre_init_runtime_init_usb_power_down>:
1000a1a0:	10001ded                                ....

1000a1a4 <__pre_init_runtime_init_clocks>:
1000a1a4:	10001ed9                                ....

1000a1a8 <__pre_init_runtime_init_post_clock_resets>:
1000a1a8:	10001e25                                %...

1000a1ac <__pre_init_runtime_init_boot_locks_reset>:
1000a1ac:	10001d3d                                =...

1000a1b0 <__pre_init_runtime_init_spin_locks_reset>:
1000a1b0:	10001e6d                                m...

1000a1b4 <__pre_init_runtime_init_bootrom_locking_enable>:
1000a1b4:	10001d29                                )...

1000a1b8 <__pre_init_runtime_init_mutex>:
1000a1b8:	1000115d                                ]...

1000a1bc <__pre_init_runtime_init_install_ram_vector_table>:
1000a1bc:	10001e71                                q...

1000a1c0 <__pre_init_runtime_init_default_alarm_pool>:
1000a1c0:	10001539                                9...

1000a1c4 <__pre_init_first_per_core_initializer>:
1000a1c4:	10001d89                                ....

1000a1c8 <__pre_init_runtime_init_per_core_bootrom_reset>:
1000a1c8:	10001e59                                Y...

1000a1cc <__pre_init_runtime_init_per_core_enable_coprocessors>:
1000a1cc:	10001e09                                ....

1000a1d0 <__pre_init_spinlock_set_extexclall>:
1000a1d0:	10000ae5                                ....

1000a1d4 <__pre_init_runtime_init_per_core_irq_priorities>:
1000a1d4:	10000b0d                                ....

1000a1d8 <__init_array_start>:
1000a1d8:	1000a0f5 	.word	0x1000a0f5
1000a1dc:	100041d5 	.word	0x100041d5

1000a1e0 <__frame_dummy_init_array_entry>:
1000a1e0:	10000255                                U...

Disassembly of section .data:

20000110 <sem_acquire_block_until>:
20000110:	b5f8      	push	{r3, r4, r5, r6, r7, lr}
20000112:	2700      	movs	r7, #0
20000114:	4604      	mov	r4, r0
20000116:	4616      	mov	r6, r2
20000118:	461d      	mov	r5, r3
2000011a:	e009      	b.n	20000130 <sem_acquire_block_until+0x20>
2000011c:	6823      	ldr	r3, [r4, #0]
2000011e:	e8c3 7f8f 	stlb	r7, [r3]
20000122:	f38e 8810 	msr	PRIMASK, lr
20000126:	4630      	mov	r0, r6
20000128:	4629      	mov	r1, r5
2000012a:	f001 f975 	bl	20001418 <__best_effort_wfe_or_timeout_veneer>
2000012e:	b9f8      	cbnz	r0, 20000170 <sem_acquire_block_until+0x60>
20000130:	6821      	ldr	r1, [r4, #0]
20000132:	f3ef 8e10 	mrs	lr, PRIMASK
20000136:	b672      	cpsid	i
20000138:	e8d1 2fcf 	ldaexb	r2, [r1]
2000013c:	2301      	movs	r3, #1
2000013e:	2a00      	cmp	r2, #0
20000140:	d1fa      	bne.n	20000138 <sem_acquire_block_until+0x28>
20000142:	e8c1 3f42 	strexb	r2, r3, [r1]
20000146:	2a00      	cmp	r2, #0
20000148:	d1f6      	bne.n	20000138 <sem_acquire_block_until+0x28>
2000014a:	f3bf 8f5f 	dmb	sy
2000014e:	f9b4 c004 	ldrsh.w	ip, [r4, #4]
20000152:	f1bc 0f00 	cmp.w	ip, #0
20000156:	dde1      	ble.n	2000011c <sem_acquire_block_until+0xc>
20000158:	f10c 3cff 	add.w	ip, ip, #4294967295	@ 0xffffffff
2000015c:	2300      	movs	r3, #0
2000015e:	6822      	ldr	r2, [r4, #0]
20000160:	f8a4 c004 	strh.w	ip, [r4, #4]
20000164:	e8c2 3f8f 	stlb	r3, [r2]
20000168:	f38e 8810 	msr	PRIMASK, lr
2000016c:	2001      	movs	r0, #1
2000016e:	bdf8      	pop	{r3, r4, r5, r6, r7, pc}
20000170:	2000      	movs	r0, #0
20000172:	bdf8      	pop	{r3, r4, r5, r6, r7, pc}

20000174 <sem_release>:
20000174:	b410      	push	{r4}
20000176:	6803      	ldr	r3, [r0, #0]
20000178:	f3ef 8210 	mrs	r2, PRIMASK
2000017c:	b672      	cpsid	i
2000017e:	e8d3 4fcf 	ldaexb	r4, [r3]
20000182:	2101      	movs	r1, #1
20000184:	2c00      	cmp	r4, #0
20000186:	d1fa      	bne.n	2000017e <sem_release+0xa>
20000188:	e8c3 1f44 	strexb	r4, r1, [r3]
2000018c:	2c00      	cmp	r4, #0
2000018e:	d1f6      	bne.n	2000017e <sem_release+0xa>
20000190:	f3bf 8f5f 	dmb	sy
20000194:	f9b0 3004 	ldrsh.w	r3, [r0, #4]
20000198:	f9b0 1006 	ldrsh.w	r1, [r0, #6]
2000019c:	4299      	cmp	r1, r3
2000019e:	dd0c      	ble.n	200001ba <sem_release+0x46>
200001a0:	3301      	adds	r3, #1
200001a2:	2100      	movs	r1, #0
200001a4:	6804      	ldr	r4, [r0, #0]
200001a6:	8083      	strh	r3, [r0, #4]
200001a8:	e8c4 1f8f 	stlb	r1, [r4]
200001ac:	f382 8810 	msr	PRIMASK, r2
200001b0:	bf40      	sev
200001b2:	2001      	movs	r0, #1
200001b4:	f85d 4b04 	ldr.w	r4, [sp], #4
200001b8:	4770      	bx	lr
200001ba:	2300      	movs	r3, #0
200001bc:	6801      	ldr	r1, [r0, #0]
200001be:	e8c1 3f8f 	stlb	r3, [r1]
200001c2:	f382 8810 	msr	PRIMASK, r2
200001c6:	4618      	mov	r0, r3
200001c8:	f85d 4b04 	ldr.w	r4, [sp], #4
200001cc:	4770      	bx	lr
200001ce:	bf00      	nop

200001d0 <recursive_mutex_enter_blocking>:
200001d0:	f04f 4350 	mov.w	r3, #3489660928	@ 0xd0000000
200001d4:	b510      	push	{r4, lr}
200001d6:	6802      	ldr	r2, [r0, #0]
200001d8:	f993 4000 	ldrsb.w	r4, [r3]
200001dc:	f3ef 8310 	mrs	r3, PRIMASK
200001e0:	b672      	cpsid	i
200001e2:	e8d2 cfcf 	ldaexb	ip, [r2]
200001e6:	2101      	movs	r1, #1
200001e8:	f1bc 0f00 	cmp.w	ip, #0
200001ec:	d1f9      	bne.n	200001e2 <recursive_mutex_enter_blocking+0x12>
200001ee:	e8c2 1f4c 	strexb	ip, r1, [r2]
200001f2:	f1bc 0f00 	cmp.w	ip, #0
200001f6:	d1f4      	bne.n	200001e2 <recursive_mutex_enter_blocking+0x12>
200001f8:	f3bf 8f5f 	dmb	sy
200001fc:	f990 2004 	ldrsb.w	r2, [r0, #4]
20000200:	4294      	cmp	r4, r2
20000202:	d029      	beq.n	20000258 <recursive_mutex_enter_blocking+0x88>
20000204:	f04f 0c00 	mov.w	ip, #0
20000208:	e019      	b.n	2000023e <recursive_mutex_enter_blocking+0x6e>
2000020a:	e8c1 cf8f 	stlb	ip, [r1]
2000020e:	f383 8810 	msr	PRIMASK, r3
20000212:	bf20      	wfe
20000214:	6802      	ldr	r2, [r0, #0]
20000216:	f3ef 8310 	mrs	r3, PRIMASK
2000021a:	b672      	cpsid	i
2000021c:	e8d2 efcf 	ldaexb	lr, [r2]
20000220:	2101      	movs	r1, #1
20000222:	f1be 0f00 	cmp.w	lr, #0
20000226:	d1f9      	bne.n	2000021c <recursive_mutex_enter_blocking+0x4c>
20000228:	e8c2 1f4e 	strexb	lr, r1, [r2]
2000022c:	f1be 0f00 	cmp.w	lr, #0
20000230:	d1f4      	bne.n	2000021c <recursive_mutex_enter_blocking+0x4c>
20000232:	f3bf 8f5f 	dmb	sy
20000236:	f990 2004 	ldrsb.w	r2, [r0, #4]
2000023a:	42a2      	cmp	r2, r4
2000023c:	d00c      	beq.n	20000258 <recursive_mutex_enter_blocking+0x88>
2000023e:	2a00      	cmp	r2, #0
20000240:	6801      	ldr	r1, [r0, #0]
20000242:	dae2      	bge.n	2000020a <recursive_mutex_enter_blocking+0x3a>
20000244:	7942      	ldrb	r2, [r0, #5]
20000246:	7104      	strb	r4, [r0, #4]
20000248:	3201      	adds	r2, #1
2000024a:	7142      	strb	r2, [r0, #5]
2000024c:	2200      	movs	r2, #0
2000024e:	e8c1 2f8f 	stlb	r2, [r1]
20000252:	f383 8810 	msr	PRIMASK, r3
20000256:	bd10      	pop	{r4, pc}
20000258:	6801      	ldr	r1, [r0, #0]
2000025a:	e7f3      	b.n	20000244 <recursive_mutex_enter_blocking+0x74>

2000025c <mutex_try_enter>:
2000025c:	4603      	mov	r3, r0
2000025e:	b500      	push	{lr}
20000260:	6802      	ldr	r2, [r0, #0]
20000262:	f3ef 8c10 	mrs	ip, PRIMASK
20000266:	b672      	cpsid	i
20000268:	e8d2 efcf 	ldaexb	lr, [r2]
2000026c:	2001      	movs	r0, #1
2000026e:	f1be 0f00 	cmp.w	lr, #0
20000272:	d1f9      	bne.n	20000268 <mutex_try_enter+0xc>
20000274:	e8c2 0f4e 	strexb	lr, r0, [r2]
20000278:	f1be 0f00 	cmp.w	lr, #0
2000027c:	d1f4      	bne.n	20000268 <mutex_try_enter+0xc>
2000027e:	f3bf 8f5f 	dmb	sy
20000282:	f993 2004 	ldrsb.w	r2, [r3, #4]
20000286:	2a00      	cmp	r2, #0
20000288:	db0a      	blt.n	200002a0 <mutex_try_enter+0x44>
2000028a:	b101      	cbz	r1, 2000028e <mutex_try_enter+0x32>
2000028c:	600a      	str	r2, [r1, #0]
2000028e:	2000      	movs	r0, #0
20000290:	2200      	movs	r2, #0
20000292:	681b      	ldr	r3, [r3, #0]
20000294:	e8c3 2f8f 	stlb	r2, [r3]
20000298:	f38c 8810 	msr	PRIMASK, ip
2000029c:	f85d fb04 	ldr.w	pc, [sp], #4
200002a0:	f04f 4250 	mov.w	r2, #3489660928	@ 0xd0000000
200002a4:	6812      	ldr	r2, [r2, #0]
200002a6:	2001      	movs	r0, #1
200002a8:	711a      	strb	r2, [r3, #4]
200002aa:	e7f1      	b.n	20000290 <mutex_try_enter+0x34>

200002ac <recursive_mutex_try_enter>:
200002ac:	f04f 4250 	mov.w	r2, #3489660928	@ 0xd0000000
200002b0:	4603      	mov	r3, r0
200002b2:	f992 c000 	ldrsb.w	ip, [r2]
200002b6:	b510      	push	{r4, lr}
200002b8:	6802      	ldr	r2, [r0, #0]
200002ba:	f3ef 8e10 	mrs	lr, PRIMASK
200002be:	b672      	cpsid	i
200002c0:	e8d2 4fcf 	ldaexb	r4, [r2]
200002c4:	2001      	movs	r0, #1
200002c6:	2c00      	cmp	r4, #0
200002c8:	d1fa      	bne.n	200002c0 <recursive_mutex_try_enter+0x14>
200002ca:	e8c2 0f44 	strexb	r4, r0, [r2]
200002ce:	2c00      	cmp	r4, #0
200002d0:	d1f6      	bne.n	200002c0 <recursive_mutex_try_enter+0x14>
200002d2:	f3bf 8f5f 	dmb	sy
200002d6:	f993 2004 	ldrsb.w	r2, [r3, #4]
200002da:	2a00      	cmp	r2, #0
200002dc:	db05      	blt.n	200002ea <recursive_mutex_try_enter+0x3e>
200002de:	4562      	cmp	r2, ip
200002e0:	d003      	beq.n	200002ea <recursive_mutex_try_enter+0x3e>
200002e2:	b101      	cbz	r1, 200002e6 <recursive_mutex_try_enter+0x3a>
200002e4:	600a      	str	r2, [r1, #0]
200002e6:	2000      	movs	r0, #0
200002e8:	e005      	b.n	200002f6 <recursive_mutex_try_enter+0x4a>
200002ea:	2001      	movs	r0, #1
200002ec:	795a      	ldrb	r2, [r3, #5]
200002ee:	f883 c004 	strb.w	ip, [r3, #4]
200002f2:	4402      	add	r2, r0
200002f4:	715a      	strb	r2, [r3, #5]
200002f6:	2200      	movs	r2, #0
200002f8:	681b      	ldr	r3, [r3, #0]
200002fa:	e8c3 2f8f 	stlb	r2, [r3]
200002fe:	f38e 8810 	msr	PRIMASK, lr
20000302:	bd10      	pop	{r4, pc}

20000304 <mutex_enter_block_until>:
20000304:	f04f 4150 	mov.w	r1, #3489660928	@ 0xd0000000
20000308:	e92d 41f0 	stmdb	sp!, {r4, r5, r6, r7, r8, lr}
2000030c:	2700      	movs	r7, #0
2000030e:	4604      	mov	r4, r0
20000310:	4616      	mov	r6, r2
20000312:	461d      	mov	r5, r3
20000314:	f8d1 8000 	ldr.w	r8, [r1]
20000318:	e009      	b.n	2000032e <mutex_enter_block_until+0x2a>
2000031a:	6823      	ldr	r3, [r4, #0]
2000031c:	e8c3 7f8f 	stlb	r7, [r3]
20000320:	f38c 8810 	msr	PRIMASK, ip
20000324:	4630      	mov	r0, r6
20000326:	4629      	mov	r1, r5
20000328:	f001 f876 	bl	20001418 <__best_effort_wfe_or_timeout_veneer>
2000032c:	b9f0      	cbnz	r0, 2000036c <mutex_enter_block_until+0x68>
2000032e:	6821      	ldr	r1, [r4, #0]
20000330:	f3ef 8c10 	mrs	ip, PRIMASK
20000334:	b672      	cpsid	i
20000336:	e8d1 2fcf 	ldaexb	r2, [r1]
2000033a:	2301      	movs	r3, #1
2000033c:	2a00      	cmp	r2, #0
2000033e:	d1fa      	bne.n	20000336 <mutex_enter_block_until+0x32>
20000340:	e8c1 3f42 	strexb	r2, r3, [r1]
20000344:	2a00      	cmp	r2, #0
20000346:	d1f6      	bne.n	20000336 <mutex_enter_block_until+0x32>
20000348:	f3bf 8f5f 	dmb	sy
2000034c:	f994 e004 	ldrsb.w	lr, [r4, #4]
20000350:	f1be 0f00 	cmp.w	lr, #0
20000354:	dae1      	bge.n	2000031a <mutex_enter_block_until+0x16>
20000356:	2300      	movs	r3, #0
20000358:	6822      	ldr	r2, [r4, #0]
2000035a:	f884 8004 	strb.w	r8, [r4, #4]
2000035e:	e8c2 3f8f 	stlb	r3, [r2]
20000362:	f38c 8810 	msr	PRIMASK, ip
20000366:	2001      	movs	r0, #1
20000368:	e8bd 81f0 	ldmia.w	sp!, {r4, r5, r6, r7, r8, pc}
2000036c:	2000      	movs	r0, #0
2000036e:	e8bd 81f0 	ldmia.w	sp!, {r4, r5, r6, r7, r8, pc}
20000372:	bf00      	nop

20000374 <mutex_try_enter_block_until>:
20000374:	b530      	push	{r4, r5, lr}
20000376:	4601      	mov	r1, r0
20000378:	6804      	ldr	r4, [r0, #0]
2000037a:	f3ef 8c10 	mrs	ip, PRIMASK
2000037e:	b672      	cpsid	i
20000380:	e8d4 efcf 	ldaexb	lr, [r4]
20000384:	2501      	movs	r5, #1
20000386:	f1be 0f00 	cmp.w	lr, #0
2000038a:	d1f9      	bne.n	20000380 <mutex_try_enter_block_until+0xc>
2000038c:	e8c4 5f4e 	strexb	lr, r5, [r4]
20000390:	f1be 0f00 	cmp.w	lr, #0
20000394:	d1f4      	bne.n	20000380 <mutex_try_enter_block_until+0xc>
20000396:	f3bf 8f5f 	dmb	sy
2000039a:	f990 4004 	ldrsb.w	r4, [r0, #4]
2000039e:	2c00      	cmp	r4, #0
200003a0:	db11      	blt.n	200003c6 <mutex_try_enter_block_until+0x52>
200003a2:	2100      	movs	r1, #0
200003a4:	6805      	ldr	r5, [r0, #0]
200003a6:	e8c5 1f8f 	stlb	r1, [r5]
200003aa:	f38c 8810 	msr	PRIMASK, ip
200003ae:	f04f 4c50 	mov.w	ip, #3489660928	@ 0xd0000000
200003b2:	f99c c000 	ldrsb.w	ip, [ip]
200003b6:	45a4      	cmp	ip, r4
200003b8:	d101      	bne.n	200003be <mutex_try_enter_block_until+0x4a>
200003ba:	4608      	mov	r0, r1
200003bc:	bd30      	pop	{r4, r5, pc}
200003be:	e8bd 4030 	ldmia.w	sp!, {r4, r5, lr}
200003c2:	f7ff bf9f 	b.w	20000304 <mutex_enter_block_until>
200003c6:	f04f 4050 	mov.w	r0, #3489660928	@ 0xd0000000
200003ca:	6800      	ldr	r0, [r0, #0]
200003cc:	2300      	movs	r3, #0
200003ce:	680a      	ldr	r2, [r1, #0]
200003d0:	7108      	strb	r0, [r1, #4]
200003d2:	e8c2 3f8f 	stlb	r3, [r2]
200003d6:	f38c 8810 	msr	PRIMASK, ip
200003da:	2001      	movs	r0, #1
200003dc:	bd30      	pop	{r4, r5, pc}
200003de:	bf00      	nop

200003e0 <mutex_enter_timeout_ms>:
200003e0:	b570      	push	{r4, r5, r6, lr}
200003e2:	4605      	mov	r5, r0
200003e4:	460c      	mov	r4, r1
200003e6:	f001 f807 	bl	200013f8 <__time_us_64_veneer>
200003ea:	4602      	mov	r2, r0
200003ec:	460b      	mov	r3, r1
200003ee:	f44f 707a 	mov.w	r0, #1000	@ 0x3e8
200003f2:	f04f 3eff 	mov.w	lr, #4294967295	@ 0xffffffff
200003f6:	f06f 4c00 	mvn.w	ip, #2147483648	@ 0x80000000
200003fa:	fbe4 2300 	umlal	r2, r3, r4, r0
200003fe:	4596      	cmp	lr, r2
20000400:	eb7c 0103 	sbcs.w	r1, ip, r3
20000404:	bf38      	it	cc
20000406:	4672      	movcc	r2, lr
20000408:	4628      	mov	r0, r5
2000040a:	e8bd 4070 	ldmia.w	sp!, {r4, r5, r6, lr}
2000040e:	bf38      	it	cc
20000410:	4663      	movcc	r3, ip
20000412:	f7ff bf77 	b.w	20000304 <mutex_enter_block_until>
20000416:	bf00      	nop

20000418 <mutex_exit>:
20000418:	6803      	ldr	r3, [r0, #0]
2000041a:	f3ef 8210 	mrs	r2, PRIMASK
2000041e:	b672      	cpsid	i
20000420:	e8d3 cfcf 	ldaexb	ip, [r3]
20000424:	2101      	movs	r1, #1
20000426:	f1bc 0f00 	cmp.w	ip, #0
2000042a:	d1f9      	bne.n	20000420 <mutex_exit+0x8>
2000042c:	e8c3 1f4c 	strexb	ip, r1, [r3]
20000430:	f1bc 0f00 	cmp.w	ip, #0
20000434:	d1f4      	bne.n	20000420 <mutex_exit+0x8>
20000436:	f3bf 8f5f 	dmb	sy
2000043a:	f04f 0cff 	mov.w	ip, #255	@ 0xff
2000043e:	2300      	movs	r3, #0
20000440:	6801      	ldr	r1, [r0, #0]
20000442:	f880 c004 	strb.w	ip, [r0, #4]
20000446:	e8c1 3f8f 	stlb	r3, [r1]
2000044a:	f382 8810 	msr	PRIMASK, r2
2000044e:	bf40      	sev
20000450:	4770      	bx	lr
20000452:	bf00      	nop

20000454 <recursive_mutex_exit>:
20000454:	6803      	ldr	r3, [r0, #0]
20000456:	f3ef 8210 	mrs	r2, PRIMASK
2000045a:	b672      	cpsid	i
2000045c:	e8d3 cfcf 	ldaexb	ip, [r3]
20000460:	2101      	movs	r1, #1
20000462:	f1bc 0f00 	cmp.w	ip, #0
20000466:	d1f9      	bne.n	2000045c <recursive_mutex_exit+0x8>
20000468:	e8c3 1f4c 	strexb	ip, r1, [r3]
2000046c:	f1bc 0f00 	cmp.w	ip, #0
20000470:	d1f4      	bne.n	2000045c <recursive_mutex_exit+0x8>
20000472:	f3bf 8f5f 	dmb	sy
20000476:	7943      	ldrb	r3, [r0, #5]
20000478:	3b01      	subs	r3, #1
2000047a:	b2db      	uxtb	r3, r3
2000047c:	7143      	strb	r3, [r0, #5]
2000047e:	b953      	cbnz	r3, 20000496 <recursive_mutex_exit+0x42>
20000480:	f04f 0cff 	mov.w	ip, #255	@ 0xff
20000484:	6801      	ldr	r1, [r0, #0]
20000486:	f880 c004 	strb.w	ip, [r0, #4]
2000048a:	e8c1 3f8f 	stlb	r3, [r1]
2000048e:	f382 8810 	msr	PRIMASK, r2
20000492:	bf40      	sev
20000494:	4770      	bx	lr
20000496:	2300      	movs	r3, #0
20000498:	6801      	ldr	r1, [r0, #0]
2000049a:	e8c1 3f8f 	stlb	r3, [r1]
2000049e:	f382 8810 	msr	PRIMASK, r2
200004a2:	4770      	bx	lr

200004a4 <reset_non_control_endpoints>:
200004a4:	2100      	movs	r1, #0
200004a6:	b508      	push	{r3, lr}
200004a8:	4b13      	ldr	r3, [pc, #76]	@ (200004f8 <reset_non_control_endpoints+0x54>)
200004aa:	f44f 7270 	mov.w	r2, #960	@ 0x3c0
200004ae:	6099      	str	r1, [r3, #8]
200004b0:	4812      	ldr	r0, [pc, #72]	@ (200004fc <reset_non_control_endpoints+0x58>)
200004b2:	60d9      	str	r1, [r3, #12]
200004b4:	6119      	str	r1, [r3, #16]
200004b6:	6159      	str	r1, [r3, #20]
200004b8:	6199      	str	r1, [r3, #24]
200004ba:	61d9      	str	r1, [r3, #28]
200004bc:	6219      	str	r1, [r3, #32]
200004be:	6259      	str	r1, [r3, #36]	@ 0x24
200004c0:	6299      	str	r1, [r3, #40]	@ 0x28
200004c2:	62d9      	str	r1, [r3, #44]	@ 0x2c
200004c4:	6319      	str	r1, [r3, #48]	@ 0x30
200004c6:	6359      	str	r1, [r3, #52]	@ 0x34
200004c8:	6399      	str	r1, [r3, #56]	@ 0x38
200004ca:	63d9      	str	r1, [r3, #60]	@ 0x3c
200004cc:	6419      	str	r1, [r3, #64]	@ 0x40
200004ce:	6459      	str	r1, [r3, #68]	@ 0x44
200004d0:	6499      	str	r1, [r3, #72]	@ 0x48
200004d2:	64d9      	str	r1, [r3, #76]	@ 0x4c
200004d4:	6519      	str	r1, [r3, #80]	@ 0x50
200004d6:	6559      	str	r1, [r3, #84]	@ 0x54
200004d8:	6599      	str	r1, [r3, #88]	@ 0x58
200004da:	65d9      	str	r1, [r3, #92]	@ 0x5c
200004dc:	6619      	str	r1, [r3, #96]	@ 0x60
200004de:	6659      	str	r1, [r3, #100]	@ 0x64
200004e0:	6699      	str	r1, [r3, #104]	@ 0x68
200004e2:	66d9      	str	r1, [r3, #108]	@ 0x6c
200004e4:	6719      	str	r1, [r3, #112]	@ 0x70
200004e6:	6759      	str	r1, [r3, #116]	@ 0x74
200004e8:	6799      	str	r1, [r3, #120]	@ 0x78
200004ea:	67d9      	str	r1, [r3, #124]	@ 0x7c
200004ec:	f000 ff80 	bl	200013f0 <__memset_veneer>
200004f0:	4b03      	ldr	r3, [pc, #12]	@ (20000500 <reset_non_control_endpoints+0x5c>)
200004f2:	4a04      	ldr	r2, [pc, #16]	@ (20000504 <reset_non_control_endpoints+0x60>)
200004f4:	601a      	str	r2, [r3, #0]
200004f6:	bd08      	pop	{r3, pc}
200004f8:	50100000 	.word	0x50100000
200004fc:	20002a5c 	.word	0x20002a5c
20000500:	20002e24 	.word	0x20002e24
20000504:	50100180 	.word	0x50100180

20000508 <hw_handle_buff_status>:
20000508:	e92d 4ff0 	stmdb	sp!, {r4, r5, r6, r7, r8, r9, sl, fp, lr}
2000050c:	4b20      	ldr	r3, [pc, #128]	@ (20000590 <hw_handle_buff_status+0x88>)
2000050e:	b085      	sub	sp, #20
20000510:	6d9e      	ldr	r6, [r3, #88]	@ 0x58
20000512:	b30e      	cbz	r6, 20000558 <hw_handle_buff_status+0x50>
20000514:	2400      	movs	r4, #0
20000516:	2501      	movs	r5, #1
20000518:	4f1e      	ldr	r7, [pc, #120]	@ (20000594 <hw_handle_buff_status+0x8c>)
2000051a:	e001      	b.n	20000520 <hw_handle_buff_status+0x18>
2000051c:	2c20      	cmp	r4, #32
2000051e:	d01b      	beq.n	20000558 <hw_handle_buff_status+0x50>
20000520:	ea06 0305 	and.w	r3, r6, r5
20000524:	1c62      	adds	r2, r4, #1
20000526:	4621      	mov	r1, r4
20000528:	46aa      	mov	sl, r5
2000052a:	b2d4      	uxtb	r4, r2
2000052c:	006d      	lsls	r5, r5, #1
2000052e:	2b00      	cmp	r3, #0
20000530:	d0f4      	beq.n	2000051c <hw_handle_buff_status+0x14>
20000532:	2302      	movs	r3, #2
20000534:	f004 0801 	and.w	r8, r4, #1
20000538:	ea4f 0951 	mov.w	r9, r1, lsr #1
2000053c:	fb13 8b09 	smlabb	fp, r3, r9, r8
20000540:	4b15      	ldr	r3, [pc, #84]	@ (20000598 <hw_handle_buff_status+0x90>)
20000542:	eb07 1b4b 	add.w	fp, r7, fp, lsl #5
20000546:	4658      	mov	r0, fp
20000548:	f8c3 a058 	str.w	sl, [r3, #88]	@ 0x58
2000054c:	f000 fc0a 	bl	20000d64 <hw_endpoint_xfer_continue>
20000550:	b928      	cbnz	r0, 2000055e <hw_handle_buff_status+0x56>
20000552:	ea36 060a 	bics.w	r6, r6, sl
20000556:	d1e1      	bne.n	2000051c <hw_handle_buff_status+0x14>
20000558:	b005      	add	sp, #20
2000055a:	e8bd 8ff0 	ldmia.w	sp!, {r4, r5, r6, r7, r8, r9, sl, fp, pc}
2000055e:	f44f 62e0 	mov.w	r2, #1792	@ 0x700
20000562:	f8ad 2004 	strh.w	r2, [sp, #4]
20000566:	2200      	movs	r2, #0
20000568:	eb08 0349 	add.w	r3, r8, r9, lsl #1
2000056c:	eb07 1343 	add.w	r3, r7, r3, lsl #5
20000570:	f88d 2009 	strb.w	r2, [sp, #9]
20000574:	789a      	ldrb	r2, [r3, #2]
20000576:	8adb      	ldrh	r3, [r3, #22]
20000578:	a801      	add	r0, sp, #4
2000057a:	2101      	movs	r1, #1
2000057c:	f88d 2008 	strb.w	r2, [sp, #8]
20000580:	9303      	str	r3, [sp, #12]
20000582:	f000 fc0d 	bl	20000da0 <dcd_event_handler>
20000586:	4658      	mov	r0, fp
20000588:	f000 fb92 	bl	20000cb0 <hw_endpoint_reset_transfer>
2000058c:	e7e1      	b.n	20000552 <hw_handle_buff_status+0x4a>
2000058e:	bf00      	nop
20000590:	50110000 	.word	0x50110000
20000594:	20002a1c 	.word	0x20002a1c
20000598:	50113000 	.word	0x50113000

2000059c <dcd_rp2040_irq>:
2000059c:	b5f0      	push	{r4, r5, r6, r7, lr}
2000059e:	4bb2      	ldr	r3, [pc, #712]	@ (20000868 <dcd_rp2040_irq+0x2cc>)
200005a0:	b085      	sub	sp, #20
200005a2:	f8d3 5098 	ldr.w	r5, [r3, #152]	@ 0x98
200005a6:	f415 3600 	ands.w	r6, r5, #131072	@ 0x20000
200005aa:	d074      	beq.n	20000696 <dcd_rp2040_irq+0xfa>
200005ac:	4baf      	ldr	r3, [pc, #700]	@ (2000086c <dcd_rp2040_irq+0x2d0>)
200005ae:	4cb0      	ldr	r4, [pc, #704]	@ (20000870 <dcd_rp2040_irq+0x2d4>)
200005b0:	6a99      	ldr	r1, [r3, #40]	@ 0x28
200005b2:	f894 303b 	ldrb.w	r3, [r4, #59]	@ 0x3b
200005b6:	4aaf      	ldr	r2, [pc, #700]	@ (20000874 <dcd_rp2040_irq+0x2d8>)
200005b8:	2b02      	cmp	r3, #2
200005ba:	6011      	str	r1, [r2, #0]
200005bc:	f000 80f9 	beq.w	200007b2 <dcd_rp2040_irq+0x216>
200005c0:	2600      	movs	r6, #0
200005c2:	f894 307b 	ldrb.w	r3, [r4, #123]	@ 0x7b
200005c6:	2b02      	cmp	r3, #2
200005c8:	f000 81d4 	beq.w	20000974 <dcd_rp2040_irq+0x3d8>
200005cc:	f894 30bb 	ldrb.w	r3, [r4, #187]	@ 0xbb
200005d0:	2b02      	cmp	r3, #2
200005d2:	f000 81c5 	beq.w	20000960 <dcd_rp2040_irq+0x3c4>
200005d6:	f894 30fb 	ldrb.w	r3, [r4, #251]	@ 0xfb
200005da:	2b02      	cmp	r3, #2
200005dc:	f000 81b6 	beq.w	2000094c <dcd_rp2040_irq+0x3b0>
200005e0:	f894 313b 	ldrb.w	r3, [r4, #315]	@ 0x13b
200005e4:	2b02      	cmp	r3, #2
200005e6:	f000 81a6 	beq.w	20000936 <dcd_rp2040_irq+0x39a>
200005ea:	f894 317b 	ldrb.w	r3, [r4, #379]	@ 0x17b
200005ee:	2b02      	cmp	r3, #2
200005f0:	f000 8196 	beq.w	20000920 <dcd_rp2040_irq+0x384>
200005f4:	f894 31bb 	ldrb.w	r3, [r4, #443]	@ 0x1bb
200005f8:	2b02      	cmp	r3, #2
200005fa:	f000 8186 	beq.w	2000090a <dcd_rp2040_irq+0x36e>
200005fe:	f894 31fb 	ldrb.w	r3, [r4, #507]	@ 0x1fb
20000602:	2b02      	cmp	r3, #2
20000604:	f000 8176 	beq.w	200008f4 <dcd_rp2040_irq+0x358>
20000608:	f894 323b 	ldrb.w	r3, [r4, #571]	@ 0x23b
2000060c:	2b02      	cmp	r3, #2
2000060e:	f000 8165 	beq.w	200008dc <dcd_rp2040_irq+0x340>
20000612:	f894 327b 	ldrb.w	r3, [r4, #635]	@ 0x27b
20000616:	2b02      	cmp	r3, #2
20000618:	f000 8154 	beq.w	200008c4 <dcd_rp2040_irq+0x328>
2000061c:	f894 32bb 	ldrb.w	r3, [r4, #699]	@ 0x2bb
20000620:	2b02      	cmp	r3, #2
20000622:	f000 8143 	beq.w	200008ac <dcd_rp2040_irq+0x310>
20000626:	f894 32fb 	ldrb.w	r3, [r4, #763]	@ 0x2fb
2000062a:	2b02      	cmp	r3, #2
2000062c:	f000 8132 	beq.w	20000894 <dcd_rp2040_irq+0x2f8>
20000630:	f894 333b 	ldrb.w	r3, [r4, #827]	@ 0x33b
20000634:	2b02      	cmp	r3, #2
20000636:	f000 810a 	beq.w	2000084e <dcd_rp2040_irq+0x2b2>
2000063a:	f894 337b 	ldrb.w	r3, [r4, #891]	@ 0x37b
2000063e:	2b02      	cmp	r3, #2
20000640:	f000 80c9 	beq.w	200007d6 <dcd_rp2040_irq+0x23a>
20000644:	f894 33bb 	ldrb.w	r3, [r4, #955]	@ 0x3bb
20000648:	2b02      	cmp	r3, #2
2000064a:	f000 80ec 	beq.w	20000826 <dcd_rp2040_irq+0x28a>
2000064e:	f894 33fb 	ldrb.w	r3, [r4, #1019]	@ 0x3fb
20000652:	2b02      	cmp	r3, #2
20000654:	f000 80d6 	beq.w	20000804 <dcd_rp2040_irq+0x268>
20000658:	b93e      	cbnz	r6, 2000066a <dcd_rp2040_irq+0xce>
2000065a:	4b87      	ldr	r3, [pc, #540]	@ (20000878 <dcd_rp2040_irq+0x2dc>)
2000065c:	781b      	ldrb	r3, [r3, #0]
2000065e:	b923      	cbnz	r3, 2000066a <dcd_rp2040_irq+0xce>
20000660:	f44f 3200 	mov.w	r2, #131072	@ 0x20000
20000664:	4b85      	ldr	r3, [pc, #532]	@ (2000087c <dcd_rp2040_irq+0x2e0>)
20000666:	f8c3 2090 	str.w	r2, [r3, #144]	@ 0x90
2000066a:	f44f 7240 	mov.w	r2, #768	@ 0x300
2000066e:	4b7e      	ldr	r3, [pc, #504]	@ (20000868 <dcd_rp2040_irq+0x2cc>)
20000670:	2101      	movs	r1, #1
20000672:	6c9b      	ldr	r3, [r3, #72]	@ 0x48
20000674:	a801      	add	r0, sp, #4
20000676:	f3c3 030a 	ubfx	r3, r3, #0, #11
2000067a:	f8ad 2004 	strh.w	r2, [sp, #4]
2000067e:	9302      	str	r3, [sp, #8]
20000680:	f000 fb8e 	bl	20000da0 <dcd_event_handler>
20000684:	06ea      	lsls	r2, r5, #27
20000686:	f44f 3600 	mov.w	r6, #131072	@ 0x20000
2000068a:	4c7d      	ldr	r4, [pc, #500]	@ (20000880 <dcd_rp2040_irq+0x2e4>)
2000068c:	d507      	bpl.n	2000069e <dcd_rp2040_irq+0x102>
2000068e:	f7ff ff3b 	bl	20000508 <hw_handle_buff_status>
20000692:	4626      	mov	r6, r4
20000694:	e003      	b.n	2000069e <dcd_rp2040_irq+0x102>
20000696:	06ea      	lsls	r2, r5, #27
20000698:	f04f 0410 	mov.w	r4, #16
2000069c:	d4f7      	bmi.n	2000068e <dcd_rp2040_irq+0xf2>
2000069e:	03eb      	lsls	r3, r5, #15
200006a0:	d532      	bpl.n	20000708 <dcd_rp2040_irq+0x16c>
200006a2:	4c73      	ldr	r4, [pc, #460]	@ (20000870 <dcd_rp2040_irq+0x2d4>)
200006a4:	f446 3680 	orr.w	r6, r6, #65536	@ 0x10000
200006a8:	7ea3      	ldrb	r3, [r4, #26]
200006aa:	b19b      	cbz	r3, 200006d4 <dcd_rp2040_irq+0x138>
200006ac:	2102      	movs	r1, #2
200006ae:	4b75      	ldr	r3, [pc, #468]	@ (20000884 <dcd_rp2040_irq+0x2e8>)
200006b0:	4a6d      	ldr	r2, [pc, #436]	@ (20000868 <dcd_rp2040_irq+0x2cc>)
200006b2:	6619      	str	r1, [r3, #96]	@ 0x60
200006b4:	6e53      	ldr	r3, [r2, #100]	@ 0x64
200006b6:	079f      	lsls	r7, r3, #30
200006b8:	d5fc      	bpl.n	200006b4 <dcd_rp2040_irq+0x118>
200006ba:	f44f 5240 	mov.w	r2, #12288	@ 0x3000
200006be:	2100      	movs	r1, #0
200006c0:	486b      	ldr	r0, [pc, #428]	@ (20000870 <dcd_rp2040_irq+0x2d4>)
200006c2:	f000 fafb 	bl	20000cbc <_hw_endpoint_buffer_control_update32>
200006c6:	486a      	ldr	r0, [pc, #424]	@ (20000870 <dcd_rp2040_irq+0x2d4>)
200006c8:	f000 faf2 	bl	20000cb0 <hw_endpoint_reset_transfer>
200006cc:	2202      	movs	r2, #2
200006ce:	4b6b      	ldr	r3, [pc, #428]	@ (2000087c <dcd_rp2040_irq+0x2e0>)
200006d0:	665a      	str	r2, [r3, #100]	@ 0x64
200006d2:	661a      	str	r2, [r3, #96]	@ 0x60
200006d4:	2301      	movs	r3, #1
200006d6:	f894 203a 	ldrb.w	r2, [r4, #58]	@ 0x3a
200006da:	70e3      	strb	r3, [r4, #3]
200006dc:	b9fa      	cbnz	r2, 2000071e <dcd_rp2040_irq+0x182>
200006de:	2301      	movs	r3, #1
200006e0:	f44f 61c0 	mov.w	r1, #1536	@ 0x600
200006e4:	4a68      	ldr	r2, [pc, #416]	@ (20000888 <dcd_rp2040_irq+0x2ec>)
200006e6:	f884 3023 	strb.w	r3, [r4, #35]	@ 0x23
200006ea:	f8ad 1004 	strh.w	r1, [sp, #4]
200006ee:	e892 0003 	ldmia.w	r2, {r0, r1}
200006f2:	aa04      	add	r2, sp, #16
200006f4:	e902 0003 	stmdb	r2, {r0, r1}
200006f8:	4619      	mov	r1, r3
200006fa:	a801      	add	r0, sp, #4
200006fc:	f000 fb50 	bl	20000da0 <dcd_event_handler>
20000700:	f44f 3200 	mov.w	r2, #131072	@ 0x20000
20000704:	4b5d      	ldr	r3, [pc, #372]	@ (2000087c <dcd_rp2040_irq+0x2e0>)
20000706:	651a      	str	r2, [r3, #80]	@ 0x50
20000708:	04e9      	lsls	r1, r5, #19
2000070a:	d41d      	bmi.n	20000748 <dcd_rp2040_irq+0x1ac>
2000070c:	046a      	lsls	r2, r5, #17
2000070e:	d432      	bmi.n	20000776 <dcd_rp2040_irq+0x1da>
20000710:	042b      	lsls	r3, r5, #16
20000712:	d43f      	bmi.n	20000794 <dcd_rp2040_irq+0x1f8>
20000714:	42ae      	cmp	r6, r5
20000716:	f040 81a5 	bne.w	20000a64 <dcd_rp2040_irq+0x4c8>
2000071a:	b005      	add	sp, #20
2000071c:	bdf0      	pop	{r4, r5, r6, r7, pc}
2000071e:	4a59      	ldr	r2, [pc, #356]	@ (20000884 <dcd_rp2040_irq+0x2e8>)
20000720:	6613      	str	r3, [r2, #96]	@ 0x60
20000722:	f5a2 5200 	sub.w	r2, r2, #8192	@ 0x2000
20000726:	6e53      	ldr	r3, [r2, #100]	@ 0x64
20000728:	07d8      	lsls	r0, r3, #31
2000072a:	d5fc      	bpl.n	20000726 <dcd_rp2040_irq+0x18a>
2000072c:	f44f 5240 	mov.w	r2, #12288	@ 0x3000
20000730:	2100      	movs	r1, #0
20000732:	4856      	ldr	r0, [pc, #344]	@ (2000088c <dcd_rp2040_irq+0x2f0>)
20000734:	f000 fac2 	bl	20000cbc <_hw_endpoint_buffer_control_update32>
20000738:	4854      	ldr	r0, [pc, #336]	@ (2000088c <dcd_rp2040_irq+0x2f0>)
2000073a:	f000 fab9 	bl	20000cb0 <hw_endpoint_reset_transfer>
2000073e:	2201      	movs	r2, #1
20000740:	4b4e      	ldr	r3, [pc, #312]	@ (2000087c <dcd_rp2040_irq+0x2e0>)
20000742:	665a      	str	r2, [r3, #100]	@ 0x64
20000744:	661a      	str	r2, [r3, #96]	@ 0x60
20000746:	e7ca      	b.n	200006de <dcd_rp2040_irq+0x142>
20000748:	2400      	movs	r4, #0
2000074a:	4b47      	ldr	r3, [pc, #284]	@ (20000868 <dcd_rp2040_irq+0x2cc>)
2000074c:	f446 5680 	orr.w	r6, r6, #4096	@ 0x1000
20000750:	601c      	str	r4, [r3, #0]
20000752:	f7ff fea7 	bl	200004a4 <reset_non_control_endpoints>
20000756:	f44f 7380 	mov.w	r3, #256	@ 0x100
2000075a:	2101      	movs	r1, #1
2000075c:	a801      	add	r0, sp, #4
2000075e:	f8ad 3004 	strh.w	r3, [sp, #4]
20000762:	f88d 4008 	strb.w	r4, [sp, #8]
20000766:	f000 fb1b 	bl	20000da0 <dcd_event_handler>
2000076a:	f44f 2200 	mov.w	r2, #524288	@ 0x80000
2000076e:	4b43      	ldr	r3, [pc, #268]	@ (2000087c <dcd_rp2040_irq+0x2e0>)
20000770:	651a      	str	r2, [r3, #80]	@ 0x50
20000772:	046a      	lsls	r2, r5, #17
20000774:	d5cc      	bpl.n	20000710 <dcd_rp2040_irq+0x174>
20000776:	f44f 6380 	mov.w	r3, #1024	@ 0x400
2000077a:	2101      	movs	r1, #1
2000077c:	a801      	add	r0, sp, #4
2000077e:	f8ad 3004 	strh.w	r3, [sp, #4]
20000782:	f000 fb0d 	bl	20000da0 <dcd_event_handler>
20000786:	2210      	movs	r2, #16
20000788:	4b3c      	ldr	r3, [pc, #240]	@ (2000087c <dcd_rp2040_irq+0x2e0>)
2000078a:	f446 4680 	orr.w	r6, r6, #16384	@ 0x4000
2000078e:	651a      	str	r2, [r3, #80]	@ 0x50
20000790:	042b      	lsls	r3, r5, #16
20000792:	d5bf      	bpl.n	20000714 <dcd_rp2040_irq+0x178>
20000794:	f44f 63a0 	mov.w	r3, #1280	@ 0x500
20000798:	2101      	movs	r1, #1
2000079a:	a801      	add	r0, sp, #4
2000079c:	f8ad 3004 	strh.w	r3, [sp, #4]
200007a0:	f000 fafe 	bl	20000da0 <dcd_event_handler>
200007a4:	f44f 6200 	mov.w	r2, #2048	@ 0x800
200007a8:	4b34      	ldr	r3, [pc, #208]	@ (2000087c <dcd_rp2040_irq+0x2e0>)
200007aa:	f446 4600 	orr.w	r6, r6, #32768	@ 0x8000
200007ae:	651a      	str	r2, [r3, #80]	@ 0x50
200007b0:	e7b0      	b.n	20000714 <dcd_rp2040_irq+0x178>
200007b2:	f894 603a 	ldrb.w	r6, [r4, #58]	@ 0x3a
200007b6:	2e00      	cmp	r6, #0
200007b8:	f43f af03 	beq.w	200005c2 <dcd_rp2040_irq+0x26>
200007bc:	f894 303c 	ldrb.w	r3, [r4, #60]	@ 0x3c
200007c0:	2b00      	cmp	r3, #0
200007c2:	f43f aefe 	beq.w	200005c2 <dcd_rp2040_irq+0x26>
200007c6:	2300      	movs	r3, #0
200007c8:	f104 0020 	add.w	r0, r4, #32
200007cc:	f884 303c 	strb.w	r3, [r4, #60]	@ 0x3c
200007d0:	f000 fa96 	bl	20000d00 <hw_endpoint_start_next_buffer>
200007d4:	e6f5      	b.n	200005c2 <dcd_rp2040_irq+0x26>
200007d6:	f894 737a 	ldrb.w	r7, [r4, #890]	@ 0x37a
200007da:	2f00      	cmp	r7, #0
200007dc:	f43f af32 	beq.w	20000644 <dcd_rp2040_irq+0xa8>
200007e0:	f894 337c 	ldrb.w	r3, [r4, #892]	@ 0x37c
200007e4:	2b00      	cmp	r3, #0
200007e6:	f040 8136 	bne.w	20000a56 <dcd_rp2040_irq+0x4ba>
200007ea:	f894 33bb 	ldrb.w	r3, [r4, #955]	@ 0x3bb
200007ee:	2b02      	cmp	r3, #2
200007f0:	d123      	bne.n	2000083a <dcd_rp2040_irq+0x29e>
200007f2:	f894 33ba 	ldrb.w	r3, [r4, #954]	@ 0x3ba
200007f6:	b9db      	cbnz	r3, 20000830 <dcd_rp2040_irq+0x294>
200007f8:	f894 33fb 	ldrb.w	r3, [r4, #1019]	@ 0x3fb
200007fc:	2b02      	cmp	r3, #2
200007fe:	f47f af34 	bne.w	2000066a <dcd_rp2040_irq+0xce>
20000802:	463e      	mov	r6, r7
20000804:	f894 33fa 	ldrb.w	r3, [r4, #1018]	@ 0x3fa
20000808:	2b00      	cmp	r3, #0
2000080a:	f43f af25 	beq.w	20000658 <dcd_rp2040_irq+0xbc>
2000080e:	f894 33fc 	ldrb.w	r3, [r4, #1020]	@ 0x3fc
20000812:	2b00      	cmp	r3, #0
20000814:	f43f af29 	beq.w	2000066a <dcd_rp2040_irq+0xce>
20000818:	2300      	movs	r3, #0
2000081a:	481d      	ldr	r0, [pc, #116]	@ (20000890 <dcd_rp2040_irq+0x2f4>)
2000081c:	f884 33fc 	strb.w	r3, [r4, #1020]	@ 0x3fc
20000820:	f000 fa6e 	bl	20000d00 <hw_endpoint_start_next_buffer>
20000824:	e721      	b.n	2000066a <dcd_rp2040_irq+0xce>
20000826:	f894 33ba 	ldrb.w	r3, [r4, #954]	@ 0x3ba
2000082a:	2b00      	cmp	r3, #0
2000082c:	f43f af0f 	beq.w	2000064e <dcd_rp2040_irq+0xb2>
20000830:	f894 33bc 	ldrb.w	r3, [r4, #956]	@ 0x3bc
20000834:	2b00      	cmp	r3, #0
20000836:	f040 80a7 	bne.w	20000988 <dcd_rp2040_irq+0x3ec>
2000083a:	f894 33fb 	ldrb.w	r3, [r4, #1019]	@ 0x3fb
2000083e:	2b02      	cmp	r3, #2
20000840:	f47f af13 	bne.w	2000066a <dcd_rp2040_irq+0xce>
20000844:	f894 33fa 	ldrb.w	r3, [r4, #1018]	@ 0x3fa
20000848:	2b00      	cmp	r3, #0
2000084a:	d1e0      	bne.n	2000080e <dcd_rp2040_irq+0x272>
2000084c:	e70d      	b.n	2000066a <dcd_rp2040_irq+0xce>
2000084e:	f894 733a 	ldrb.w	r7, [r4, #826]	@ 0x33a
20000852:	2f00      	cmp	r7, #0
20000854:	f43f aef1 	beq.w	2000063a <dcd_rp2040_irq+0x9e>
20000858:	f894 333c 	ldrb.w	r3, [r4, #828]	@ 0x33c
2000085c:	2b00      	cmp	r3, #0
2000085e:	f040 80f2 	bne.w	20000a46 <dcd_rp2040_irq+0x4aa>
20000862:	463e      	mov	r6, r7
20000864:	e6e9      	b.n	2000063a <dcd_rp2040_irq+0x9e>
20000866:	bf00      	nop
20000868:	50110000 	.word	0x50110000
2000086c:	400b0000 	.word	0x400b0000
20000870:	20002a1c 	.word	0x20002a1c
20000874:	20002a14 	.word	0x20002a14
20000878:	20002e83 	.word	0x20002e83
2000087c:	50113000 	.word	0x50113000
20000880:	00020010 	.word	0x00020010
20000884:	50112000 	.word	0x50112000
20000888:	50100000 	.word	0x50100000
2000088c:	20002a3c 	.word	0x20002a3c
20000890:	20002dfc 	.word	0x20002dfc
20000894:	f894 72fa 	ldrb.w	r7, [r4, #762]	@ 0x2fa
20000898:	2f00      	cmp	r7, #0
2000089a:	f43f aec9 	beq.w	20000630 <dcd_rp2040_irq+0x94>
2000089e:	f894 32fc 	ldrb.w	r3, [r4, #764]	@ 0x2fc
200008a2:	2b00      	cmp	r3, #0
200008a4:	f040 80c7 	bne.w	20000a36 <dcd_rp2040_irq+0x49a>
200008a8:	463e      	mov	r6, r7
200008aa:	e6c1      	b.n	20000630 <dcd_rp2040_irq+0x94>
200008ac:	f894 72ba 	ldrb.w	r7, [r4, #698]	@ 0x2ba
200008b0:	2f00      	cmp	r7, #0
200008b2:	f43f aeb8 	beq.w	20000626 <dcd_rp2040_irq+0x8a>
200008b6:	f894 32bc 	ldrb.w	r3, [r4, #700]	@ 0x2bc
200008ba:	2b00      	cmp	r3, #0
200008bc:	f040 80b3 	bne.w	20000a26 <dcd_rp2040_irq+0x48a>
200008c0:	463e      	mov	r6, r7
200008c2:	e6b0      	b.n	20000626 <dcd_rp2040_irq+0x8a>
200008c4:	f894 727a 	ldrb.w	r7, [r4, #634]	@ 0x27a
200008c8:	2f00      	cmp	r7, #0
200008ca:	f43f aea7 	beq.w	2000061c <dcd_rp2040_irq+0x80>
200008ce:	f894 327c 	ldrb.w	r3, [r4, #636]	@ 0x27c
200008d2:	2b00      	cmp	r3, #0
200008d4:	f040 809f 	bne.w	20000a16 <dcd_rp2040_irq+0x47a>
200008d8:	463e      	mov	r6, r7
200008da:	e69f      	b.n	2000061c <dcd_rp2040_irq+0x80>
200008dc:	f894 723a 	ldrb.w	r7, [r4, #570]	@ 0x23a
200008e0:	2f00      	cmp	r7, #0
200008e2:	f43f ae96 	beq.w	20000612 <dcd_rp2040_irq+0x76>
200008e6:	f894 323c 	ldrb.w	r3, [r4, #572]	@ 0x23c
200008ea:	2b00      	cmp	r3, #0
200008ec:	f040 808b 	bne.w	20000a06 <dcd_rp2040_irq+0x46a>
200008f0:	463e      	mov	r6, r7
200008f2:	e68e      	b.n	20000612 <dcd_rp2040_irq+0x76>
200008f4:	f894 71fa 	ldrb.w	r7, [r4, #506]	@ 0x1fa
200008f8:	2f00      	cmp	r7, #0
200008fa:	f43f ae85 	beq.w	20000608 <dcd_rp2040_irq+0x6c>
200008fe:	f894 31fc 	ldrb.w	r3, [r4, #508]	@ 0x1fc
20000902:	2b00      	cmp	r3, #0
20000904:	d177      	bne.n	200009f6 <dcd_rp2040_irq+0x45a>
20000906:	463e      	mov	r6, r7
20000908:	e67e      	b.n	20000608 <dcd_rp2040_irq+0x6c>
2000090a:	f894 71ba 	ldrb.w	r7, [r4, #442]	@ 0x1ba
2000090e:	2f00      	cmp	r7, #0
20000910:	f43f ae75 	beq.w	200005fe <dcd_rp2040_irq+0x62>
20000914:	f894 31bc 	ldrb.w	r3, [r4, #444]	@ 0x1bc
20000918:	2b00      	cmp	r3, #0
2000091a:	d164      	bne.n	200009e6 <dcd_rp2040_irq+0x44a>
2000091c:	463e      	mov	r6, r7
2000091e:	e66e      	b.n	200005fe <dcd_rp2040_irq+0x62>
20000920:	f894 717a 	ldrb.w	r7, [r4, #378]	@ 0x17a
20000924:	2f00      	cmp	r7, #0
20000926:	f43f ae65 	beq.w	200005f4 <dcd_rp2040_irq+0x58>
2000092a:	f894 317c 	ldrb.w	r3, [r4, #380]	@ 0x17c
2000092e:	2b00      	cmp	r3, #0
20000930:	d151      	bne.n	200009d6 <dcd_rp2040_irq+0x43a>
20000932:	463e      	mov	r6, r7
20000934:	e65e      	b.n	200005f4 <dcd_rp2040_irq+0x58>
20000936:	f894 713a 	ldrb.w	r7, [r4, #314]	@ 0x13a
2000093a:	2f00      	cmp	r7, #0
2000093c:	f43f ae55 	beq.w	200005ea <dcd_rp2040_irq+0x4e>
20000940:	f894 313c 	ldrb.w	r3, [r4, #316]	@ 0x13c
20000944:	2b00      	cmp	r3, #0
20000946:	d13e      	bne.n	200009c6 <dcd_rp2040_irq+0x42a>
20000948:	463e      	mov	r6, r7
2000094a:	e64e      	b.n	200005ea <dcd_rp2040_irq+0x4e>
2000094c:	f894 70fa 	ldrb.w	r7, [r4, #250]	@ 0xfa
20000950:	2f00      	cmp	r7, #0
20000952:	f43f ae45 	beq.w	200005e0 <dcd_rp2040_irq+0x44>
20000956:	f894 30fc 	ldrb.w	r3, [r4, #252]	@ 0xfc
2000095a:	bb63      	cbnz	r3, 200009b6 <dcd_rp2040_irq+0x41a>
2000095c:	463e      	mov	r6, r7
2000095e:	e63f      	b.n	200005e0 <dcd_rp2040_irq+0x44>
20000960:	f894 70ba 	ldrb.w	r7, [r4, #186]	@ 0xba
20000964:	2f00      	cmp	r7, #0
20000966:	f43f ae36 	beq.w	200005d6 <dcd_rp2040_irq+0x3a>
2000096a:	f894 30bc 	ldrb.w	r3, [r4, #188]	@ 0xbc
2000096e:	b9d3      	cbnz	r3, 200009a6 <dcd_rp2040_irq+0x40a>
20000970:	463e      	mov	r6, r7
20000972:	e630      	b.n	200005d6 <dcd_rp2040_irq+0x3a>
20000974:	f894 707a 	ldrb.w	r7, [r4, #122]	@ 0x7a
20000978:	2f00      	cmp	r7, #0
2000097a:	f43f ae27 	beq.w	200005cc <dcd_rp2040_irq+0x30>
2000097e:	f894 307c 	ldrb.w	r3, [r4, #124]	@ 0x7c
20000982:	b943      	cbnz	r3, 20000996 <dcd_rp2040_irq+0x3fa>
20000984:	463e      	mov	r6, r7
20000986:	e621      	b.n	200005cc <dcd_rp2040_irq+0x30>
20000988:	2300      	movs	r3, #0
2000098a:	4839      	ldr	r0, [pc, #228]	@ (20000a70 <dcd_rp2040_irq+0x4d4>)
2000098c:	f884 33bc 	strb.w	r3, [r4, #956]	@ 0x3bc
20000990:	f000 f9b6 	bl	20000d00 <hw_endpoint_start_next_buffer>
20000994:	e751      	b.n	2000083a <dcd_rp2040_irq+0x29e>
20000996:	2300      	movs	r3, #0
20000998:	4836      	ldr	r0, [pc, #216]	@ (20000a74 <dcd_rp2040_irq+0x4d8>)
2000099a:	f884 307c 	strb.w	r3, [r4, #124]	@ 0x7c
2000099e:	463e      	mov	r6, r7
200009a0:	f000 f9ae 	bl	20000d00 <hw_endpoint_start_next_buffer>
200009a4:	e612      	b.n	200005cc <dcd_rp2040_irq+0x30>
200009a6:	2300      	movs	r3, #0
200009a8:	4833      	ldr	r0, [pc, #204]	@ (20000a78 <dcd_rp2040_irq+0x4dc>)
200009aa:	f884 30bc 	strb.w	r3, [r4, #188]	@ 0xbc
200009ae:	463e      	mov	r6, r7
200009b0:	f000 f9a6 	bl	20000d00 <hw_endpoint_start_next_buffer>
200009b4:	e60f      	b.n	200005d6 <dcd_rp2040_irq+0x3a>
200009b6:	2300      	movs	r3, #0
200009b8:	4830      	ldr	r0, [pc, #192]	@ (20000a7c <dcd_rp2040_irq+0x4e0>)
200009ba:	f884 30fc 	strb.w	r3, [r4, #252]	@ 0xfc
200009be:	463e      	mov	r6, r7
200009c0:	f000 f99e 	bl	20000d00 <hw_endpoint_start_next_buffer>
200009c4:	e60c      	b.n	200005e0 <dcd_rp2040_irq+0x44>
200009c6:	2300      	movs	r3, #0
200009c8:	482d      	ldr	r0, [pc, #180]	@ (20000a80 <dcd_rp2040_irq+0x4e4>)
200009ca:	f884 313c 	strb.w	r3, [r4, #316]	@ 0x13c
200009ce:	463e      	mov	r6, r7
200009d0:	f000 f996 	bl	20000d00 <hw_endpoint_start_next_buffer>
200009d4:	e609      	b.n	200005ea <dcd_rp2040_irq+0x4e>
200009d6:	2300      	movs	r3, #0
200009d8:	482a      	ldr	r0, [pc, #168]	@ (20000a84 <dcd_rp2040_irq+0x4e8>)
200009da:	f884 317c 	strb.w	r3, [r4, #380]	@ 0x17c
200009de:	463e      	mov	r6, r7
200009e0:	f000 f98e 	bl	20000d00 <hw_endpoint_start_next_buffer>
200009e4:	e606      	b.n	200005f4 <dcd_rp2040_irq+0x58>
200009e6:	2300      	movs	r3, #0
200009e8:	4827      	ldr	r0, [pc, #156]	@ (20000a88 <dcd_rp2040_irq+0x4ec>)
200009ea:	f884 31bc 	strb.w	r3, [r4, #444]	@ 0x1bc
200009ee:	463e      	mov	r6, r7
200009f0:	f000 f986 	bl	20000d00 <hw_endpoint_start_next_buffer>
200009f4:	e603      	b.n	200005fe <dcd_rp2040_irq+0x62>
200009f6:	2300      	movs	r3, #0
200009f8:	4824      	ldr	r0, [pc, #144]	@ (20000a8c <dcd_rp2040_irq+0x4f0>)
200009fa:	f884 31fc 	strb.w	r3, [r4, #508]	@ 0x1fc
200009fe:	463e      	mov	r6, r7
20000a00:	f000 f97e 	bl	20000d00 <hw_endpoint_start_next_buffer>
20000a04:	e600      	b.n	20000608 <dcd_rp2040_irq+0x6c>
20000a06:	2300      	movs	r3, #0
20000a08:	4821      	ldr	r0, [pc, #132]	@ (20000a90 <dcd_rp2040_irq+0x4f4>)
20000a0a:	f884 323c 	strb.w	r3, [r4, #572]	@ 0x23c
20000a0e:	463e      	mov	r6, r7
20000a10:	f000 f976 	bl	20000d00 <hw_endpoint_start_next_buffer>
20000a14:	e5fd      	b.n	20000612 <dcd_rp2040_irq+0x76>
20000a16:	2300      	movs	r3, #0
20000a18:	481e      	ldr	r0, [pc, #120]	@ (20000a94 <dcd_rp2040_irq+0x4f8>)
20000a1a:	f884 327c 	strb.w	r3, [r4, #636]	@ 0x27c
20000a1e:	463e      	mov	r6, r7
20000a20:	f000 f96e 	bl	20000d00 <hw_endpoint_start_next_buffer>
20000a24:	e5fa      	b.n	2000061c <dcd_rp2040_irq+0x80>
20000a26:	2300      	movs	r3, #0
20000a28:	481b      	ldr	r0, [pc, #108]	@ (20000a98 <dcd_rp2040_irq+0x4fc>)
20000a2a:	f884 32bc 	strb.w	r3, [r4, #700]	@ 0x2bc
20000a2e:	463e      	mov	r6, r7
20000a30:	f000 f966 	bl	20000d00 <hw_endpoint_start_next_buffer>
20000a34:	e5f7      	b.n	20000626 <dcd_rp2040_irq+0x8a>
20000a36:	2300      	movs	r3, #0
20000a38:	4818      	ldr	r0, [pc, #96]	@ (20000a9c <dcd_rp2040_irq+0x500>)
20000a3a:	f884 32fc 	strb.w	r3, [r4, #764]	@ 0x2fc
20000a3e:	463e      	mov	r6, r7
20000a40:	f000 f95e 	bl	20000d00 <hw_endpoint_start_next_buffer>
20000a44:	e5f4      	b.n	20000630 <dcd_rp2040_irq+0x94>
20000a46:	2300      	movs	r3, #0
20000a48:	4815      	ldr	r0, [pc, #84]	@ (20000aa0 <dcd_rp2040_irq+0x504>)
20000a4a:	f884 333c 	strb.w	r3, [r4, #828]	@ 0x33c
20000a4e:	463e      	mov	r6, r7
20000a50:	f000 f956 	bl	20000d00 <hw_endpoint_start_next_buffer>
20000a54:	e5f1      	b.n	2000063a <dcd_rp2040_irq+0x9e>
20000a56:	2300      	movs	r3, #0
20000a58:	4812      	ldr	r0, [pc, #72]	@ (20000aa4 <dcd_rp2040_irq+0x508>)
20000a5a:	f884 337c 	strb.w	r3, [r4, #892]	@ 0x37c
20000a5e:	f000 f94f 	bl	20000d00 <hw_endpoint_start_next_buffer>
20000a62:	e6c2      	b.n	200007ea <dcd_rp2040_irq+0x24e>
20000a64:	4810      	ldr	r0, [pc, #64]	@ (20000aa8 <dcd_rp2040_irq+0x50c>)
20000a66:	ea86 0105 	eor.w	r1, r6, r5
20000a6a:	f000 fccd 	bl	20001408 <__panic_veneer>
20000a6e:	bf00      	nop
20000a70:	20002dbc 	.word	0x20002dbc
20000a74:	20002a7c 	.word	0x20002a7c
20000a78:	20002abc 	.word	0x20002abc
20000a7c:	20002afc 	.word	0x20002afc
20000a80:	20002b3c 	.word	0x20002b3c
20000a84:	20002b7c 	.word	0x20002b7c
20000a88:	20002bbc 	.word	0x20002bbc
20000a8c:	20002bfc 	.word	0x20002bfc
20000a90:	20002c3c 	.word	0x20002c3c
20000a94:	20002c7c 	.word	0x20002c7c
20000a98:	20002cbc 	.word	0x20002cbc
20000a9c:	20002cfc 	.word	0x20002cfc
20000aa0:	20002d3c 	.word	0x20002d3c
20000aa4:	20002d7c 	.word	0x20002d7c
20000aa8:	1000a404 	.word	0x1000a404

20000aac <prepare_ep_buffer>:
20000aac:	e92d 43f0 	stmdb	sp!, {r4, r5, r6, r7, r8, r9, lr}
20000ab0:	8a82      	ldrh	r2, [r0, #20]
20000ab2:	8b04      	ldrh	r4, [r0, #24]
20000ab4:	4603      	mov	r3, r0
20000ab6:	4294      	cmp	r4, r2
20000ab8:	78c0      	ldrb	r0, [r0, #3]
20000aba:	bf28      	it	cs
20000abc:	4614      	movcs	r4, r2
20000abe:	1e05      	subs	r5, r0, #0
20000ac0:	bf18      	it	ne
20000ac2:	2501      	movne	r5, #1
20000ac4:	f080 0001 	eor.w	r0, r0, #1
20000ac8:	1b12      	subs	r2, r2, r4
20000aca:	785e      	ldrb	r6, [r3, #1]
20000acc:	70d8      	strb	r0, [r3, #3]
20000ace:	b292      	uxth	r2, r2
20000ad0:	f444 6080 	orr.w	r0, r4, #1024	@ 0x400
20000ad4:	829a      	strh	r2, [r3, #20]
20000ad6:	ea40 3045 	orr.w	r0, r0, r5, lsl #13
20000ada:	bb06      	cbnz	r6, 20000b1e <prepare_ep_buffer+0x72>
20000adc:	68dd      	ldr	r5, [r3, #12]
20000ade:	f104 38ff 	add.w	r8, r4, #4294967295	@ 0xffffffff
20000ae2:	eb05 1c81 	add.w	ip, r5, r1, lsl #6
20000ae6:	691d      	ldr	r5, [r3, #16]
20000ae8:	b1ac      	cbz	r4, 20000b16 <prepare_ep_buffer+0x6a>
20000aea:	f1b8 0f05 	cmp.w	r8, #5
20000aee:	f105 0201 	add.w	r2, r5, #1
20000af2:	d903      	bls.n	20000afc <prepare_ep_buffer+0x50>
20000af4:	ebac 0702 	sub.w	r7, ip, r2
20000af8:	2f02      	cmp	r7, #2
20000afa:	d817      	bhi.n	20000b2c <prepare_ep_buffer+0x80>
20000afc:	f10c 3cff 	add.w	ip, ip, #4294967295	@ 0xffffffff
20000b00:	4425      	add	r5, r4
20000b02:	e000      	b.n	20000b06 <prepare_ep_buffer+0x5a>
20000b04:	3201      	adds	r2, #1
20000b06:	f812 6c01 	ldrb.w	r6, [r2, #-1]
20000b0a:	42aa      	cmp	r2, r5
20000b0c:	f80c 6f01 	strb.w	r6, [ip, #1]!
20000b10:	d1f8      	bne.n	20000b04 <prepare_ep_buffer+0x58>
20000b12:	691d      	ldr	r5, [r3, #16]
20000b14:	8a9a      	ldrh	r2, [r3, #20]
20000b16:	4425      	add	r5, r4
20000b18:	611d      	str	r5, [r3, #16]
20000b1a:	f440 4000 	orr.w	r0, r0, #32768	@ 0x8000
20000b1e:	b90a      	cbnz	r2, 20000b24 <prepare_ep_buffer+0x78>
20000b20:	f440 4080 	orr.w	r0, r0, #16384	@ 0x4000
20000b24:	b101      	cbz	r1, 20000b28 <prepare_ep_buffer+0x7c>
20000b26:	0400      	lsls	r0, r0, #16
20000b28:	e8bd 83f0 	ldmia.w	sp!, {r4, r5, r6, r7, r8, r9, pc}
20000b2c:	462f      	mov	r7, r5
20000b2e:	46e6      	mov	lr, ip
20000b30:	4632      	mov	r2, r6
20000b32:	1f26      	subs	r6, r4, #4
20000b34:	08b6      	lsrs	r6, r6, #2
20000b36:	3601      	adds	r6, #1
20000b38:	f857 9b04 	ldr.w	r9, [r7], #4
20000b3c:	3201      	adds	r2, #1
20000b3e:	4296      	cmp	r6, r2
20000b40:	f84e 9b04 	str.w	r9, [lr], #4
20000b44:	d8f8      	bhi.n	20000b38 <prepare_ep_buffer+0x8c>
20000b46:	ebb4 0f86 	cmp.w	r4, r6, lsl #2
20000b4a:	eba8 0286 	sub.w	r2, r8, r6, lsl #2
20000b4e:	eb05 0e86 	add.w	lr, r5, r6, lsl #2
20000b52:	eb0c 0786 	add.w	r7, ip, r6, lsl #2
20000b56:	d0dc      	beq.n	20000b12 <prepare_ep_buffer+0x66>
20000b58:	f815 5026 	ldrb.w	r5, [r5, r6, lsl #2]
20000b5c:	f80c 5026 	strb.w	r5, [ip, r6, lsl #2]
20000b60:	2a00      	cmp	r2, #0
20000b62:	d0d6      	beq.n	20000b12 <prepare_ep_buffer+0x66>
20000b64:	f89e 5001 	ldrb.w	r5, [lr, #1]
20000b68:	2a01      	cmp	r2, #1
20000b6a:	707d      	strb	r5, [r7, #1]
20000b6c:	d0d1      	beq.n	20000b12 <prepare_ep_buffer+0x66>
20000b6e:	f89e 2002 	ldrb.w	r2, [lr, #2]
20000b72:	70ba      	strb	r2, [r7, #2]
20000b74:	691d      	ldr	r5, [r3, #16]
20000b76:	8a9a      	ldrh	r2, [r3, #20]
20000b78:	e7cd      	b.n	20000b16 <prepare_ep_buffer+0x6a>
20000b7a:	bf00      	nop

20000b7c <sync_ep_buffer>:
20000b7c:	6883      	ldr	r3, [r0, #8]
20000b7e:	4602      	mov	r2, r0
20000b80:	6818      	ldr	r0, [r3, #0]
20000b82:	b101      	cbz	r1, 20000b86 <sync_ep_buffer+0xa>
20000b84:	0c00      	lsrs	r0, r0, #16
20000b86:	7853      	ldrb	r3, [r2, #1]
20000b88:	f3c0 0009 	ubfx	r0, r0, #0, #10
20000b8c:	b313      	cbz	r3, 20000bd4 <sync_ep_buffer+0x58>
20000b8e:	b5f0      	push	{r4, r5, r6, r7, lr}
20000b90:	e9d2 5403 	ldrd	r5, r4, [r2, #12]
20000b94:	018f      	lsls	r7, r1, #6
20000b96:	eb05 1381 	add.w	r3, r5, r1, lsl #6
20000b9a:	1e46      	subs	r6, r0, #1
20000b9c:	b178      	cbz	r0, 20000bbe <sync_ep_buffer+0x42>
20000b9e:	2e05      	cmp	r6, #5
20000ba0:	d904      	bls.n	20000bac <sync_ep_buffer+0x30>
20000ba2:	3701      	adds	r7, #1
20000ba4:	443d      	add	r5, r7
20000ba6:	1b65      	subs	r5, r4, r5
20000ba8:	2d02      	cmp	r5, #2
20000baa:	d81c      	bhi.n	20000be6 <sync_ep_buffer+0x6a>
20000bac:	1e61      	subs	r1, r4, #1
20000bae:	181d      	adds	r5, r3, r0
20000bb0:	f813 4b01 	ldrb.w	r4, [r3], #1
20000bb4:	429d      	cmp	r5, r3
20000bb6:	f801 4f01 	strb.w	r4, [r1, #1]!
20000bba:	d1f9      	bne.n	20000bb0 <sync_ep_buffer+0x34>
20000bbc:	6914      	ldr	r4, [r2, #16]
20000bbe:	8ad3      	ldrh	r3, [r2, #22]
20000bc0:	4404      	add	r4, r0
20000bc2:	4403      	add	r3, r0
20000bc4:	82d3      	strh	r3, [r2, #22]
20000bc6:	8b13      	ldrh	r3, [r2, #24]
20000bc8:	6114      	str	r4, [r2, #16]
20000bca:	4283      	cmp	r3, r0
20000bcc:	bf84      	itt	hi
20000bce:	2300      	movhi	r3, #0
20000bd0:	8293      	strhhi	r3, [r2, #20]
20000bd2:	bdf0      	pop	{r4, r5, r6, r7, pc}
20000bd4:	8ad3      	ldrh	r3, [r2, #22]
20000bd6:	4403      	add	r3, r0
20000bd8:	82d3      	strh	r3, [r2, #22]
20000bda:	8b13      	ldrh	r3, [r2, #24]
20000bdc:	4283      	cmp	r3, r0
20000bde:	bf84      	itt	hi
20000be0:	2300      	movhi	r3, #0
20000be2:	8293      	strhhi	r3, [r2, #20]
20000be4:	4770      	bx	lr
20000be6:	469e      	mov	lr, r3
20000be8:	4625      	mov	r5, r4
20000bea:	2100      	movs	r1, #0
20000bec:	f1a0 0c04 	sub.w	ip, r0, #4
20000bf0:	ea4f 0c9c 	mov.w	ip, ip, lsr #2
20000bf4:	f10c 0c01 	add.w	ip, ip, #1
20000bf8:	f85e 7b04 	ldr.w	r7, [lr], #4
20000bfc:	3101      	adds	r1, #1
20000bfe:	4561      	cmp	r1, ip
20000c00:	f845 7b04 	str.w	r7, [r5], #4
20000c04:	d3f8      	bcc.n	20000bf8 <sync_ep_buffer+0x7c>
20000c06:	ebb0 0f8c 	cmp.w	r0, ip, lsl #2
20000c0a:	eba6 068c 	sub.w	r6, r6, ip, lsl #2
20000c0e:	eb03 058c 	add.w	r5, r3, ip, lsl #2
20000c12:	eb04 018c 	add.w	r1, r4, ip, lsl #2
20000c16:	d0d1      	beq.n	20000bbc <sync_ep_buffer+0x40>
20000c18:	f813 302c 	ldrb.w	r3, [r3, ip, lsl #2]
20000c1c:	f804 302c 	strb.w	r3, [r4, ip, lsl #2]
20000c20:	2e00      	cmp	r6, #0
20000c22:	d0cb      	beq.n	20000bbc <sync_ep_buffer+0x40>
20000c24:	786b      	ldrb	r3, [r5, #1]
20000c26:	2e01      	cmp	r6, #1
20000c28:	704b      	strb	r3, [r1, #1]
20000c2a:	d0c7      	beq.n	20000bbc <sync_ep_buffer+0x40>
20000c2c:	78ab      	ldrb	r3, [r5, #2]
20000c2e:	708b      	strb	r3, [r1, #2]
20000c30:	6914      	ldr	r4, [r2, #16]
20000c32:	e7c4      	b.n	20000bbe <sync_ep_buffer+0x42>

20000c34 <_hw_endpoint_xfer_sync>:
20000c34:	b510      	push	{r4, lr}
20000c36:	4604      	mov	r4, r0
20000c38:	6883      	ldr	r3, [r0, #8]
20000c3a:	2100      	movs	r1, #0
20000c3c:	681b      	ldr	r3, [r3, #0]
20000c3e:	f7ff ff9d 	bl	20000b7c <sync_ep_buffer>
20000c42:	6863      	ldr	r3, [r4, #4]
20000c44:	681b      	ldr	r3, [r3, #0]
20000c46:	005b      	lsls	r3, r3, #1
20000c48:	d502      	bpl.n	20000c50 <_hw_endpoint_xfer_sync+0x1c>
20000c4a:	8b23      	ldrh	r3, [r4, #24]
20000c4c:	4283      	cmp	r3, r0
20000c4e:	d000      	beq.n	20000c52 <_hw_endpoint_xfer_sync+0x1e>
20000c50:	bd10      	pop	{r4, pc}
20000c52:	4620      	mov	r0, r4
20000c54:	e8bd 4010 	ldmia.w	sp!, {r4, lr}
20000c58:	2101      	movs	r1, #1
20000c5a:	f7ff bf8f 	b.w	20000b7c <sync_ep_buffer>
20000c5e:	bf00      	nop

20000c60 <e15_is_bulkin_ep>:
20000c60:	4b08      	ldr	r3, [pc, #32]	@ (20000c84 <e15_is_bulkin_ep+0x24>)
20000c62:	6c1b      	ldr	r3, [r3, #64]	@ 0x40
20000c64:	f013 0302 	ands.w	r3, r3, #2
20000c68:	d102      	bne.n	20000c70 <e15_is_bulkin_ep+0x10>
20000c6a:	7882      	ldrb	r2, [r0, #2]
20000c6c:	09d2      	lsrs	r2, r2, #7
20000c6e:	d101      	bne.n	20000c74 <e15_is_bulkin_ep+0x14>
20000c70:	2000      	movs	r0, #0
20000c72:	4770      	bx	lr
20000c74:	7ec0      	ldrb	r0, [r0, #27]
20000c76:	f1a0 0002 	sub.w	r0, r0, #2
20000c7a:	fab0 f080 	clz	r0, r0
20000c7e:	0940      	lsrs	r0, r0, #5
20000c80:	4770      	bx	lr
20000c82:	bf00      	nop
20000c84:	50110000 	.word	0x50110000

20000c88 <e15_is_critical_frame_period>:
20000c88:	b508      	push	{r3, lr}
20000c8a:	f7ff ffe9 	bl	20000c60 <e15_is_bulkin_ep>
20000c8e:	b150      	cbz	r0, 20000ca6 <e15_is_critical_frame_period+0x1e>
20000c90:	4a05      	ldr	r2, [pc, #20]	@ (20000ca8 <e15_is_critical_frame_period+0x20>)
20000c92:	4b06      	ldr	r3, [pc, #24]	@ (20000cac <e15_is_critical_frame_period+0x24>)
20000c94:	6a90      	ldr	r0, [r2, #40]	@ 0x28
20000c96:	681b      	ldr	r3, [r3, #0]
20000c98:	f5a0 7048 	sub.w	r0, r0, #800	@ 0x320
20000c9c:	1ac0      	subs	r0, r0, r3
20000c9e:	28c6      	cmp	r0, #198	@ 0xc6
20000ca0:	bf8c      	ite	hi
20000ca2:	2000      	movhi	r0, #0
20000ca4:	2001      	movls	r0, #1
20000ca6:	bd08      	pop	{r3, pc}
20000ca8:	400b0000 	.word	0x400b0000
20000cac:	20002a14 	.word	0x20002a14

20000cb0 <hw_endpoint_reset_transfer>:
20000cb0:	2300      	movs	r3, #0
20000cb2:	e9c0 3304 	strd	r3, r3, [r0, #16]
20000cb6:	7683      	strb	r3, [r0, #26]
20000cb8:	4770      	bx	lr
20000cba:	bf00      	nop

20000cbc <_hw_endpoint_buffer_control_update32>:
20000cbc:	b510      	push	{r4, lr}
20000cbe:	6883      	ldr	r3, [r0, #8]
20000cc0:	b109      	cbz	r1, 20000cc6 <_hw_endpoint_buffer_control_update32+0xa>
20000cc2:	681c      	ldr	r4, [r3, #0]
20000cc4:	4021      	ands	r1, r4
20000cc6:	b182      	cbz	r2, 20000cea <_hw_endpoint_buffer_control_update32+0x2e>
20000cc8:	4311      	orrs	r1, r2
20000cca:	0552      	lsls	r2, r2, #21
20000ccc:	d50d      	bpl.n	20000cea <_hw_endpoint_buffer_control_update32+0x2e>
20000cce:	681a      	ldr	r2, [r3, #0]
20000cd0:	0554      	lsls	r4, r2, #21
20000cd2:	d40c      	bmi.n	20000cee <_hw_endpoint_buffer_control_update32+0x32>
20000cd4:	4a08      	ldr	r2, [pc, #32]	@ (20000cf8 <_hw_endpoint_buffer_control_update32+0x3c>)
20000cd6:	f421 6480 	bic.w	r4, r1, #1024	@ 0x400
20000cda:	601c      	str	r4, [r3, #0]
20000cdc:	6c12      	ldr	r2, [r2, #64]	@ 0x40
20000cde:	0792      	lsls	r2, r2, #30
20000ce0:	d403      	bmi.n	20000cea <_hw_endpoint_buffer_control_update32+0x2e>
20000ce2:	230c      	movs	r3, #12
20000ce4:	3b03      	subs	r3, #3
20000ce6:	d2fd      	bcs.n	20000ce4 <_hw_endpoint_buffer_control_update32+0x28>
20000ce8:	6883      	ldr	r3, [r0, #8]
20000cea:	6019      	str	r1, [r3, #0]
20000cec:	bd10      	pop	{r4, pc}
20000cee:	7881      	ldrb	r1, [r0, #2]
20000cf0:	4802      	ldr	r0, [pc, #8]	@ (20000cfc <_hw_endpoint_buffer_control_update32+0x40>)
20000cf2:	f000 fb89 	bl	20001408 <__panic_veneer>
20000cf6:	bf00      	nop
20000cf8:	50110000 	.word	0x50110000
20000cfc:	1000a418 	.word	0x1000a418

20000d00 <hw_endpoint_start_next_buffer>:
20000d00:	b530      	push	{r4, r5, lr}
20000d02:	6843      	ldr	r3, [r0, #4]
20000d04:	2100      	movs	r1, #0
20000d06:	b083      	sub	sp, #12
20000d08:	4604      	mov	r4, r0
20000d0a:	681d      	ldr	r5, [r3, #0]
20000d0c:	f7ff fece 	bl	20000aac <prepare_ep_buffer>
20000d10:	4b13      	ldr	r3, [pc, #76]	@ (20000d60 <hw_endpoint_start_next_buffer+0x60>)
20000d12:	f440 5280 	orr.w	r2, r0, #4096	@ 0x1000
20000d16:	6c1b      	ldr	r3, [r3, #64]	@ 0x40
20000d18:	f013 0f02 	tst.w	r3, #2
20000d1c:	78a3      	ldrb	r3, [r4, #2]
20000d1e:	d00e      	beq.n	20000d3e <hw_endpoint_start_next_buffer+0x3e>
20000d20:	065b      	lsls	r3, r3, #25
20000d22:	d00e      	beq.n	20000d42 <hw_endpoint_start_next_buffer+0x42>
20000d24:	f025 45a0 	bic.w	r5, r5, #1342177280	@ 0x50000000
20000d28:	f045 5500 	orr.w	r5, r5, #536870912	@ 0x20000000
20000d2c:	2100      	movs	r1, #0
20000d2e:	4620      	mov	r0, r4
20000d30:	6863      	ldr	r3, [r4, #4]
20000d32:	601d      	str	r5, [r3, #0]
20000d34:	b003      	add	sp, #12
20000d36:	e8bd 4030 	ldmia.w	sp!, {r4, r5, lr}
20000d3a:	f7ff bfbf 	b.w	20000cbc <_hw_endpoint_buffer_control_update32>
20000d3e:	09db      	lsrs	r3, r3, #7
20000d40:	d0f0      	beq.n	20000d24 <hw_endpoint_start_next_buffer+0x24>
20000d42:	8aa3      	ldrh	r3, [r4, #20]
20000d44:	2b00      	cmp	r3, #0
20000d46:	d0ed      	beq.n	20000d24 <hw_endpoint_start_next_buffer+0x24>
20000d48:	2101      	movs	r1, #1
20000d4a:	4620      	mov	r0, r4
20000d4c:	9201      	str	r2, [sp, #4]
20000d4e:	f7ff fead 	bl	20000aac <prepare_ep_buffer>
20000d52:	9a01      	ldr	r2, [sp, #4]
20000d54:	f025 5500 	bic.w	r5, r5, #536870912	@ 0x20000000
20000d58:	4302      	orrs	r2, r0
20000d5a:	f045 45a0 	orr.w	r5, r5, #1342177280	@ 0x50000000
20000d5e:	e7e5      	b.n	20000d2c <hw_endpoint_start_next_buffer+0x2c>
20000d60:	50110000 	.word	0x50110000

20000d64 <hw_endpoint_xfer_continue>:
20000d64:	b538      	push	{r3, r4, r5, lr}
20000d66:	7e85      	ldrb	r5, [r0, #26]
20000d68:	4604      	mov	r4, r0
20000d6a:	b195      	cbz	r5, 20000d92 <hw_endpoint_xfer_continue+0x2e>
20000d6c:	f7ff ff62 	bl	20000c34 <_hw_endpoint_xfer_sync>
20000d70:	8aa3      	ldrh	r3, [r4, #20]
20000d72:	b90b      	cbnz	r3, 20000d78 <hw_endpoint_xfer_continue+0x14>
20000d74:	4628      	mov	r0, r5
20000d76:	bd38      	pop	{r3, r4, r5, pc}
20000d78:	4620      	mov	r0, r4
20000d7a:	f7ff ff85 	bl	20000c88 <e15_is_critical_frame_period>
20000d7e:	b120      	cbz	r0, 20000d8a <hw_endpoint_xfer_continue+0x26>
20000d80:	2301      	movs	r3, #1
20000d82:	7723      	strb	r3, [r4, #28]
20000d84:	2500      	movs	r5, #0
20000d86:	4628      	mov	r0, r5
20000d88:	bd38      	pop	{r3, r4, r5, pc}
20000d8a:	4620      	mov	r0, r4
20000d8c:	f7ff ffb8 	bl	20000d00 <hw_endpoint_start_next_buffer>
20000d90:	e7f8      	b.n	20000d84 <hw_endpoint_xfer_continue+0x20>
20000d92:	7881      	ldrb	r1, [r0, #2]
20000d94:	4801      	ldr	r0, [pc, #4]	@ (20000d9c <hw_endpoint_xfer_continue+0x38>)
20000d96:	f000 fb37 	bl	20001408 <__panic_veneer>
20000d9a:	bf00      	nop
20000d9c:	1000a438 	.word	0x1000a438

20000da0 <dcd_event_handler>:
20000da0:	e92d 43f0 	stmdb	sp!, {r4, r5, r6, r7, r8, r9, lr}
20000da4:	7843      	ldrb	r3, [r0, #1]
20000da6:	4681      	mov	r9, r0
20000da8:	3b02      	subs	r3, #2
20000daa:	460d      	mov	r5, r1
20000dac:	b085      	sub	sp, #20
20000dae:	2b04      	cmp	r3, #4
20000db0:	d813      	bhi.n	20000dda <dcd_event_handler+0x3a>
20000db2:	e8df f003 	tbb	[pc, r3]
20000db6:	4a03      	.short	0x4a03
20000db8:	736a      	.short	0x736a
20000dba:	44          	.byte	0x44
20000dbb:	00          	.byte	0x00
20000dbc:	2100      	movs	r1, #0
20000dbe:	4b7b      	ldr	r3, [pc, #492]	@ (20000fac <dcd_event_handler+0x20c>)
20000dc0:	781a      	ldrb	r2, [r3, #0]
20000dc2:	f022 0201 	bic.w	r2, r2, #1
20000dc6:	701a      	strb	r2, [r3, #0]
20000dc8:	781a      	ldrb	r2, [r3, #0]
20000dca:	f022 0202 	bic.w	r2, r2, #2
20000dce:	701a      	strb	r2, [r3, #0]
20000dd0:	7059      	strb	r1, [r3, #1]
20000dd2:	781a      	ldrb	r2, [r3, #0]
20000dd4:	f361 0282 	bfi	r2, r1, #2, #1
20000dd8:	701a      	strb	r2, [r3, #0]
20000dda:	4b75      	ldr	r3, [pc, #468]	@ (20000fb0 <dcd_event_handler+0x210>)
20000ddc:	681c      	ldr	r4, [r3, #0]
20000dde:	6963      	ldr	r3, [r4, #20]
20000de0:	f3ef 8210 	mrs	r2, PRIMASK
20000de4:	b672      	cpsid	i
20000de6:	e8d3 0fcf 	ldaexb	r0, [r3]
20000dea:	2101      	movs	r1, #1
20000dec:	2800      	cmp	r0, #0
20000dee:	d1fa      	bne.n	20000de6 <dcd_event_handler+0x46>
20000df0:	e8c3 1f40 	strexb	r0, r1, [r3]
20000df4:	2800      	cmp	r0, #0
20000df6:	d1f6      	bne.n	20000de6 <dcd_event_handler+0x46>
20000df8:	f3bf 8f5f 	dmb	sy
20000dfc:	61a2      	str	r2, [r4, #24]
20000dfe:	4649      	mov	r1, r9
20000e00:	4620      	mov	r0, r4
20000e02:	f000 fb05 	bl	20001410 <__tu_fifo_write_veneer>
20000e06:	2300      	movs	r3, #0
20000e08:	6962      	ldr	r2, [r4, #20]
20000e0a:	e8c2 3f8f 	stlb	r3, [r2]
20000e0e:	69a3      	ldr	r3, [r4, #24]
20000e10:	f383 8810 	msr	PRIMASK, r3
20000e14:	b948      	cbnz	r0, 20000e2a <dcd_event_handler+0x8a>
20000e16:	f04f 23e0 	mov.w	r3, #3758153728	@ 0xe000e000
20000e1a:	f8d3 3df0 	ldr.w	r3, [r3, #3568]	@ 0xdf0
20000e1e:	07db      	lsls	r3, r3, #31
20000e20:	d50a      	bpl.n	20000e38 <dcd_event_handler+0x98>
20000e22:	be00      	bkpt	0x0000
20000e24:	b005      	add	sp, #20
20000e26:	e8bd 83f0 	ldmia.w	sp!, {r4, r5, r6, r7, r8, r9, pc}
20000e2a:	462a      	mov	r2, r5
20000e2c:	f899 1001 	ldrb.w	r1, [r9, #1]
20000e30:	f899 0000 	ldrb.w	r0, [r9]
20000e34:	f000 fae4 	bl	20001400 <__tud_event_hook_cb_veneer>
20000e38:	b005      	add	sp, #20
20000e3a:	e8bd 83f0 	ldmia.w	sp!, {r4, r5, r6, r7, r8, r9, pc}
20000e3e:	4a5d      	ldr	r2, [pc, #372]	@ (20000fb4 <dcd_event_handler+0x214>)
20000e40:	7813      	ldrb	r3, [r2, #0]
20000e42:	3301      	adds	r3, #1
20000e44:	b2db      	uxtb	r3, r3
20000e46:	7013      	strb	r3, [r2, #0]
20000e48:	e7c7      	b.n	20000dda <dcd_event_handler+0x3a>
20000e4a:	2400      	movs	r4, #0
20000e4c:	4e5a      	ldr	r6, [pc, #360]	@ (20000fb8 <dcd_event_handler+0x218>)
20000e4e:	4623      	mov	r3, r4
20000e50:	7831      	ldrb	r1, [r6, #0]
20000e52:	f8df 816c 	ldr.w	r8, [pc, #364]	@ 20000fc0 <dcd_event_handler+0x220>
20000e56:	4f59      	ldr	r7, [pc, #356]	@ (20000fbc <dcd_event_handler+0x21c>)
20000e58:	e011      	b.n	20000e7e <dcd_event_handler+0xde>
20000e5a:	683b      	ldr	r3, [r7, #0]
20000e5c:	eb13 1344 	adds.w	r3, r3, r4, lsl #5
20000e60:	d007      	beq.n	20000e72 <dcd_event_handler+0xd2>
20000e62:	69db      	ldr	r3, [r3, #28]
20000e64:	b12b      	cbz	r3, 20000e72 <dcd_event_handler+0xd2>
20000e66:	f8d9 1004 	ldr.w	r1, [r9, #4]
20000e6a:	f899 0000 	ldrb.w	r0, [r9]
20000e6e:	4798      	blx	r3
20000e70:	7831      	ldrb	r1, [r6, #0]
20000e72:	3401      	adds	r4, #1
20000e74:	b2e4      	uxtb	r4, r4
20000e76:	1c4a      	adds	r2, r1, #1
20000e78:	42a2      	cmp	r2, r4
20000e7a:	4623      	mov	r3, r4
20000e7c:	db17      	blt.n	20000eae <dcd_event_handler+0x10e>
20000e7e:	42a1      	cmp	r1, r4
20000e80:	d8eb      	bhi.n	20000e5a <dcd_event_handler+0xba>
20000e82:	1a5b      	subs	r3, r3, r1
20000e84:	eb08 1343 	add.w	r3, r8, r3, lsl #5
20000e88:	e7eb      	b.n	20000e62 <dcd_event_handler+0xc2>
20000e8a:	4b48      	ldr	r3, [pc, #288]	@ (20000fac <dcd_event_handler+0x20c>)
20000e8c:	781a      	ldrb	r2, [r3, #0]
20000e8e:	07d6      	lsls	r6, r2, #31
20000e90:	d5d2      	bpl.n	20000e38 <dcd_event_handler+0x98>
20000e92:	781a      	ldrb	r2, [r3, #0]
20000e94:	f042 0204 	orr.w	r2, r2, #4
20000e98:	701a      	strb	r2, [r3, #0]
20000e9a:	e79e      	b.n	20000dda <dcd_event_handler+0x3a>
20000e9c:	4b43      	ldr	r3, [pc, #268]	@ (20000fac <dcd_event_handler+0x20c>)
20000e9e:	781a      	ldrb	r2, [r3, #0]
20000ea0:	07d4      	lsls	r4, r2, #31
20000ea2:	d5c9      	bpl.n	20000e38 <dcd_event_handler+0x98>
20000ea4:	781a      	ldrb	r2, [r3, #0]
20000ea6:	f022 0204 	bic.w	r2, r2, #4
20000eaa:	701a      	strb	r2, [r3, #0]
20000eac:	e795      	b.n	20000dda <dcd_event_handler+0x3a>
20000eae:	4c3f      	ldr	r4, [pc, #252]	@ (20000fac <dcd_event_handler+0x20c>)
20000eb0:	7823      	ldrb	r3, [r4, #0]
20000eb2:	0758      	lsls	r0, r3, #29
20000eb4:	d43a      	bmi.n	20000f2c <dcd_event_handler+0x18c>
20000eb6:	78e3      	ldrb	r3, [r4, #3]
20000eb8:	07da      	lsls	r2, r3, #31
20000eba:	d5bd      	bpl.n	20000e38 <dcd_event_handler+0x98>
20000ebc:	2303      	movs	r3, #3
20000ebe:	2600      	movs	r6, #0
20000ec0:	4a3b      	ldr	r2, [pc, #236]	@ (20000fb0 <dcd_event_handler+0x210>)
20000ec2:	f899 1000 	ldrb.w	r1, [r9]
20000ec6:	6814      	ldr	r4, [r2, #0]
20000ec8:	f8d9 2004 	ldr.w	r2, [r9, #4]
20000ecc:	f88d 1004 	strb.w	r1, [sp, #4]
20000ed0:	f88d 3005 	strb.w	r3, [sp, #5]
20000ed4:	6963      	ldr	r3, [r4, #20]
20000ed6:	f8cd 6006 	str.w	r6, [sp, #6]
20000eda:	f8cd 600a 	str.w	r6, [sp, #10]
20000ede:	f8ad 600e 	strh.w	r6, [sp, #14]
20000ee2:	9202      	str	r2, [sp, #8]
20000ee4:	f3ef 8210 	mrs	r2, PRIMASK
20000ee8:	b672      	cpsid	i
20000eea:	e8d3 0fcf 	ldaexb	r0, [r3]
20000eee:	2101      	movs	r1, #1
20000ef0:	2800      	cmp	r0, #0
20000ef2:	d1fa      	bne.n	20000eea <dcd_event_handler+0x14a>
20000ef4:	e8c3 1f40 	strexb	r0, r1, [r3]
20000ef8:	2800      	cmp	r0, #0
20000efa:	d1f6      	bne.n	20000eea <dcd_event_handler+0x14a>
20000efc:	f3bf 8f5f 	dmb	sy
20000f00:	4620      	mov	r0, r4
20000f02:	61a2      	str	r2, [r4, #24]
20000f04:	a901      	add	r1, sp, #4
20000f06:	f000 fa83 	bl	20001410 <__tu_fifo_write_veneer>
20000f0a:	6963      	ldr	r3, [r4, #20]
20000f0c:	e8c3 6f8f 	stlb	r6, [r3]
20000f10:	69a3      	ldr	r3, [r4, #24]
20000f12:	f383 8810 	msr	PRIMASK, r3
20000f16:	2800      	cmp	r0, #0
20000f18:	f43f af7d 	beq.w	20000e16 <dcd_event_handler+0x76>
20000f1c:	462a      	mov	r2, r5
20000f1e:	f89d 1005 	ldrb.w	r1, [sp, #5]
20000f22:	f89d 0004 	ldrb.w	r0, [sp, #4]
20000f26:	f000 fa6b 	bl	20001400 <__tud_event_hook_cb_veneer>
20000f2a:	e785      	b.n	20000e38 <dcd_event_handler+0x98>
20000f2c:	7823      	ldrb	r3, [r4, #0]
20000f2e:	2700      	movs	r7, #0
20000f30:	f023 0304 	bic.w	r3, r3, #4
20000f34:	7023      	strb	r3, [r4, #0]
20000f36:	2305      	movs	r3, #5
20000f38:	4a1d      	ldr	r2, [pc, #116]	@ (20000fb0 <dcd_event_handler+0x210>)
20000f3a:	f88d 3005 	strb.w	r3, [sp, #5]
20000f3e:	6816      	ldr	r6, [r2, #0]
20000f40:	f899 2000 	ldrb.w	r2, [r9]
20000f44:	f8ad 700e 	strh.w	r7, [sp, #14]
20000f48:	f88d 2004 	strb.w	r2, [sp, #4]
20000f4c:	6973      	ldr	r3, [r6, #20]
20000f4e:	f8cd 7006 	str.w	r7, [sp, #6]
20000f52:	f8cd 700a 	str.w	r7, [sp, #10]
20000f56:	f3ef 8210 	mrs	r2, PRIMASK
20000f5a:	b672      	cpsid	i
20000f5c:	e8d3 0fcf 	ldaexb	r0, [r3]
20000f60:	2101      	movs	r1, #1
20000f62:	2800      	cmp	r0, #0
20000f64:	d1fa      	bne.n	20000f5c <dcd_event_handler+0x1bc>
20000f66:	e8c3 1f40 	strexb	r0, r1, [r3]
20000f6a:	2800      	cmp	r0, #0
20000f6c:	d1f6      	bne.n	20000f5c <dcd_event_handler+0x1bc>
20000f6e:	f3bf 8f5f 	dmb	sy
20000f72:	4630      	mov	r0, r6
20000f74:	61b2      	str	r2, [r6, #24]
20000f76:	a901      	add	r1, sp, #4
20000f78:	f000 fa4a 	bl	20001410 <__tu_fifo_write_veneer>
20000f7c:	6973      	ldr	r3, [r6, #20]
20000f7e:	e8c3 7f8f 	stlb	r7, [r3]
20000f82:	69b3      	ldr	r3, [r6, #24]
20000f84:	f383 8810 	msr	PRIMASK, r3
20000f88:	b938      	cbnz	r0, 20000f9a <dcd_event_handler+0x1fa>
20000f8a:	f04f 23e0 	mov.w	r3, #3758153728	@ 0xe000e000
20000f8e:	f8d3 3df0 	ldr.w	r3, [r3, #3568]	@ 0xdf0
20000f92:	07d9      	lsls	r1, r3, #31
20000f94:	d58f      	bpl.n	20000eb6 <dcd_event_handler+0x116>
20000f96:	be00      	bkpt	0x0000
20000f98:	e78d      	b.n	20000eb6 <dcd_event_handler+0x116>
20000f9a:	462a      	mov	r2, r5
20000f9c:	f89d 1005 	ldrb.w	r1, [sp, #5]
20000fa0:	f89d 0004 	ldrb.w	r0, [sp, #4]
20000fa4:	f000 fa2c 	bl	20001400 <__tud_event_hook_cb_veneer>
20000fa8:	e785      	b.n	20000eb6 <dcd_event_handler+0x116>
20000faa:	bf00      	nop
20000fac:	20001ca4 	.word	0x20001ca4
20000fb0:	20001cfc 	.word	0x20001cfc
20000fb4:	20002e84 	.word	0x20002e84
20000fb8:	20002e82 	.word	0x20002e82
20000fbc:	20001b9c 	.word	0x20001b9c
20000fc0:	1000aa4c 	.word	0x1000aa4c

20000fc4 <spi_write_read_blocking>:
20000fc4:	b5f0      	push	{r4, r5, r6, r7, lr}
20000fc6:	461d      	mov	r5, r3
20000fc8:	4684      	mov	ip, r0
20000fca:	461c      	mov	r4, r3
20000fcc:	b985      	cbnz	r5, 20000ff0 <spi_write_read_blocking+0x2c>
20000fce:	b16c      	cbz	r4, 20000fec <spi_write_read_blocking+0x28>
20000fd0:	f8dc 200c 	ldr.w	r2, [ip, #12]
20000fd4:	0797      	lsls	r7, r2, #30
20000fd6:	d5fb      	bpl.n	20000fd0 <spi_write_read_blocking+0xc>
20000fd8:	f114 0f08 	cmn.w	r4, #8
20000fdc:	d0f8      	beq.n	20000fd0 <spi_write_read_blocking+0xc>
20000fde:	f811 2b01 	ldrb.w	r2, [r1], #1
20000fe2:	3c01      	subs	r4, #1
20000fe4:	f8cc 2008 	str.w	r2, [ip, #8]
20000fe8:	2c00      	cmp	r4, #0
20000fea:	d1f1      	bne.n	20000fd0 <spi_write_read_blocking+0xc>
20000fec:	4618      	mov	r0, r3
20000fee:	bdf0      	pop	{r4, r5, r6, r7, pc}
20000ff0:	4696      	mov	lr, r2
20000ff2:	b964      	cbnz	r4, 2000100e <spi_write_read_blocking+0x4a>
20000ff4:	f8dc 600c 	ldr.w	r6, [ip, #12]
20000ff8:	0770      	lsls	r0, r6, #29
20000ffa:	d5fa      	bpl.n	20000ff2 <spi_write_read_blocking+0x2e>
20000ffc:	f8dc 6008 	ldr.w	r6, [ip, #8]
20001000:	3d01      	subs	r5, #1
20001002:	3201      	adds	r2, #1
20001004:	f88e 6000 	strb.w	r6, [lr]
20001008:	2d00      	cmp	r5, #0
2000100a:	d0e0      	beq.n	20000fce <spi_write_read_blocking+0xa>
2000100c:	e7f0      	b.n	20000ff0 <spi_write_read_blocking+0x2c>
2000100e:	f8dc 600c 	ldr.w	r6, [ip, #12]
20001012:	f104 0708 	add.w	r7, r4, #8
20001016:	07b6      	lsls	r6, r6, #30
20001018:	d5ec      	bpl.n	20000ff4 <spi_write_read_blocking+0x30>
2000101a:	42af      	cmp	r7, r5
2000101c:	d9ea      	bls.n	20000ff4 <spi_write_read_blocking+0x30>
2000101e:	f811 0b01 	ldrb.w	r0, [r1], #1
20001022:	3c01      	subs	r4, #1
20001024:	f8cc 0008 	str.w	r0, [ip, #8]
20001028:	e7e4      	b.n	20000ff4 <spi_write_read_blocking+0x30>
2000102a:	bf00      	nop

2000102c <spi_write_blocking>:
2000102c:	4684      	mov	ip, r0
2000102e:	4610      	mov	r0, r2
20001030:	b36a      	cbz	r2, 2000108e <spi_write_blocking+0x62>
20001032:	3901      	subs	r1, #1
20001034:	b500      	push	{lr}
20001036:	eb01 0e02 	add.w	lr, r1, r2
2000103a:	f8dc 300c 	ldr.w	r3, [ip, #12]
2000103e:	079b      	lsls	r3, r3, #30
20001040:	d5fb      	bpl.n	2000103a <spi_write_blocking+0xe>
20001042:	f811 3f01 	ldrb.w	r3, [r1, #1]!
20001046:	458e      	cmp	lr, r1
20001048:	f8cc 3008 	str.w	r3, [ip, #8]
2000104c:	d1f5      	bne.n	2000103a <spi_write_blocking+0xe>
2000104e:	f8dc 300c 	ldr.w	r3, [ip, #12]
20001052:	0759      	lsls	r1, r3, #29
20001054:	d505      	bpl.n	20001062 <spi_write_blocking+0x36>
20001056:	f8dc 3008 	ldr.w	r3, [ip, #8]
2000105a:	f8dc 300c 	ldr.w	r3, [ip, #12]
2000105e:	0759      	lsls	r1, r3, #29
20001060:	d4f9      	bmi.n	20001056 <spi_write_blocking+0x2a>
20001062:	f8dc 300c 	ldr.w	r3, [ip, #12]
20001066:	06da      	lsls	r2, r3, #27
20001068:	d506      	bpl.n	20001078 <spi_write_blocking+0x4c>
2000106a:	f8dc 300c 	ldr.w	r3, [ip, #12]
2000106e:	06da      	lsls	r2, r3, #27
20001070:	d4f7      	bmi.n	20001062 <spi_write_blocking+0x36>
20001072:	e001      	b.n	20001078 <spi_write_blocking+0x4c>
20001074:	f8dc 3008 	ldr.w	r3, [ip, #8]
20001078:	f8dc 300c 	ldr.w	r3, [ip, #12]
2000107c:	075b      	lsls	r3, r3, #29
2000107e:	d4f9      	bmi.n	20001074 <spi_write_blocking+0x48>
20001080:	2301      	movs	r3, #1
20001082:	f8cc 3020 	str.w	r3, [ip, #32]
20001086:	f85d fb04 	ldr.w	pc, [sp], #4
2000108a:	f8dc 3008 	ldr.w	r3, [ip, #8]
2000108e:	f8dc 300c 	ldr.w	r3, [ip, #12]
20001092:	0759      	lsls	r1, r3, #29
20001094:	d4f9      	bmi.n	2000108a <spi_write_blocking+0x5e>
20001096:	f8dc 300c 	ldr.w	r3, [ip, #12]
2000109a:	06da      	lsls	r2, r3, #27
2000109c:	d506      	bpl.n	200010ac <spi_write_blocking+0x80>
2000109e:	f8dc 300c 	ldr.w	r3, [ip, #12]
200010a2:	06da      	lsls	r2, r3, #27
200010a4:	d4f7      	bmi.n	20001096 <spi_write_blocking+0x6a>
200010a6:	e001      	b.n	200010ac <spi_write_blocking+0x80>
200010a8:	f8dc 3008 	ldr.w	r3, [ip, #8]
200010ac:	f8dc 300c 	ldr.w	r3, [ip, #12]
200010b0:	075b      	lsls	r3, r3, #29
200010b2:	d4f9      	bmi.n	200010a8 <spi_write_blocking+0x7c>
200010b4:	2301      	movs	r3, #1
200010b6:	f8cc 3020 	str.w	r3, [ip, #32]
200010ba:	4770      	bx	lr

200010bc <__aeabi_uldivmod>:
200010bc:	b953      	cbnz	r3, 200010d4 <__aeabi_uldivmod+0x18>
200010be:	b94a      	cbnz	r2, 200010d4 <__aeabi_uldivmod+0x18>
200010c0:	2900      	cmp	r1, #0
200010c2:	bf08      	it	eq
200010c4:	2800      	cmpeq	r0, #0
200010c6:	bf1c      	itt	ne
200010c8:	f04f 31ff 	movne.w	r1, #4294967295	@ 0xffffffff
200010cc:	f04f 30ff 	movne.w	r0, #4294967295	@ 0xffffffff
200010d0:	f000 b98c 	b.w	200013ec <__aeabi_idiv0>
200010d4:	f1ad 0c08 	sub.w	ip, sp, #8
200010d8:	e96d ce04 	strd	ip, lr, [sp, #-16]!
200010dc:	f000 f806 	bl	200010ec <__udivmoddi4>
200010e0:	f8dd e004 	ldr.w	lr, [sp, #4]
200010e4:	e9dd 2302 	ldrd	r2, r3, [sp, #8]
200010e8:	b004      	add	sp, #16
200010ea:	4770      	bx	lr

200010ec <__udivmoddi4>:
200010ec:	e92d 4ff0 	stmdb	sp!, {r4, r5, r6, r7, r8, r9, sl, fp, lr}
200010f0:	9d09      	ldr	r5, [sp, #36]	@ 0x24
200010f2:	460e      	mov	r6, r1
200010f4:	4604      	mov	r4, r0
200010f6:	460f      	mov	r7, r1
200010f8:	2b00      	cmp	r3, #0
200010fa:	d147      	bne.n	2000118c <__udivmoddi4+0xa0>
200010fc:	428a      	cmp	r2, r1
200010fe:	4694      	mov	ip, r2
20001100:	fab2 f382 	clz	r3, r2
20001104:	d95a      	bls.n	200011bc <__udivmoddi4+0xd0>
20001106:	b143      	cbz	r3, 2000111a <__udivmoddi4+0x2e>
20001108:	fa02 fc03 	lsl.w	ip, r2, r3
2000110c:	f1c3 0220 	rsb	r2, r3, #32
20001110:	409f      	lsls	r7, r3
20001112:	409c      	lsls	r4, r3
20001114:	fa20 f202 	lsr.w	r2, r0, r2
20001118:	4317      	orrs	r7, r2
2000111a:	ea4f 461c 	mov.w	r6, ip, lsr #16
2000111e:	fa1f fe8c 	uxth.w	lr, ip
20001122:	0c22      	lsrs	r2, r4, #16
20001124:	fbb7 f1f6 	udiv	r1, r7, r6
20001128:	fb06 7711 	mls	r7, r6, r1, r7
2000112c:	fb01 f00e 	mul.w	r0, r1, lr
20001130:	ea42 4207 	orr.w	r2, r2, r7, lsl #16
20001134:	4290      	cmp	r0, r2
20001136:	d908      	bls.n	2000114a <__udivmoddi4+0x5e>
20001138:	eb1c 0202 	adds.w	r2, ip, r2
2000113c:	f101 37ff 	add.w	r7, r1, #4294967295	@ 0xffffffff
20001140:	d202      	bcs.n	20001148 <__udivmoddi4+0x5c>
20001142:	4290      	cmp	r0, r2
20001144:	f200 813c 	bhi.w	200013c0 <__udivmoddi4+0x2d4>
20001148:	4639      	mov	r1, r7
2000114a:	1a12      	subs	r2, r2, r0
2000114c:	b2a4      	uxth	r4, r4
2000114e:	fbb2 f0f6 	udiv	r0, r2, r6
20001152:	fb06 2210 	mls	r2, r6, r0, r2
20001156:	fb00 fe0e 	mul.w	lr, r0, lr
2000115a:	ea44 4402 	orr.w	r4, r4, r2, lsl #16
2000115e:	45a6      	cmp	lr, r4
20001160:	d908      	bls.n	20001174 <__udivmoddi4+0x88>
20001162:	eb1c 0404 	adds.w	r4, ip, r4
20001166:	f100 32ff 	add.w	r2, r0, #4294967295	@ 0xffffffff
2000116a:	d202      	bcs.n	20001172 <__udivmoddi4+0x86>
2000116c:	45a6      	cmp	lr, r4
2000116e:	f200 812a 	bhi.w	200013c6 <__udivmoddi4+0x2da>
20001172:	4610      	mov	r0, r2
20001174:	ea40 4001 	orr.w	r0, r0, r1, lsl #16
20001178:	eba4 040e 	sub.w	r4, r4, lr
2000117c:	2100      	movs	r1, #0
2000117e:	b11d      	cbz	r5, 20001188 <__udivmoddi4+0x9c>
20001180:	40dc      	lsrs	r4, r3
20001182:	2300      	movs	r3, #0
20001184:	e9c5 4300 	strd	r4, r3, [r5]
20001188:	e8bd 8ff0 	ldmia.w	sp!, {r4, r5, r6, r7, r8, r9, sl, fp, pc}
2000118c:	428b      	cmp	r3, r1
2000118e:	d905      	bls.n	2000119c <__udivmoddi4+0xb0>
20001190:	b10d      	cbz	r5, 20001196 <__udivmoddi4+0xaa>
20001192:	e9c5 0100 	strd	r0, r1, [r5]
20001196:	2100      	movs	r1, #0
20001198:	4608      	mov	r0, r1
2000119a:	e7f5      	b.n	20001188 <__udivmoddi4+0x9c>
2000119c:	fab3 f183 	clz	r1, r3
200011a0:	2900      	cmp	r1, #0
200011a2:	d14f      	bne.n	20001244 <__udivmoddi4+0x158>
200011a4:	42b3      	cmp	r3, r6
200011a6:	f0c0 8102 	bcc.w	200013ae <__udivmoddi4+0x2c2>
200011aa:	4282      	cmp	r2, r0
200011ac:	f240 80ff 	bls.w	200013ae <__udivmoddi4+0x2c2>
200011b0:	4608      	mov	r0, r1
200011b2:	2d00      	cmp	r5, #0
200011b4:	d0e8      	beq.n	20001188 <__udivmoddi4+0x9c>
200011b6:	e9c5 4700 	strd	r4, r7, [r5]
200011ba:	e7e5      	b.n	20001188 <__udivmoddi4+0x9c>
200011bc:	2b00      	cmp	r3, #0
200011be:	f040 80af 	bne.w	20001320 <__udivmoddi4+0x234>
200011c2:	1a8a      	subs	r2, r1, r2
200011c4:	ea4f 4e1c 	mov.w	lr, ip, lsr #16
200011c8:	fa1f f78c 	uxth.w	r7, ip
200011cc:	2101      	movs	r1, #1
200011ce:	fbb2 f6fe 	udiv	r6, r2, lr
200011d2:	fb0e 2016 	mls	r0, lr, r6, r2
200011d6:	0c22      	lsrs	r2, r4, #16
200011d8:	ea42 4200 	orr.w	r2, r2, r0, lsl #16
200011dc:	fb07 f006 	mul.w	r0, r7, r6
200011e0:	4290      	cmp	r0, r2
200011e2:	d90f      	bls.n	20001204 <__udivmoddi4+0x118>
200011e4:	eb1c 0202 	adds.w	r2, ip, r2
200011e8:	f106 38ff 	add.w	r8, r6, #4294967295	@ 0xffffffff
200011ec:	bf2c      	ite	cs
200011ee:	f04f 0901 	movcs.w	r9, #1
200011f2:	f04f 0900 	movcc.w	r9, #0
200011f6:	4290      	cmp	r0, r2
200011f8:	d903      	bls.n	20001202 <__udivmoddi4+0x116>
200011fa:	f1b9 0f00 	cmp.w	r9, #0
200011fe:	f000 80dc 	beq.w	200013ba <__udivmoddi4+0x2ce>
20001202:	4646      	mov	r6, r8
20001204:	1a12      	subs	r2, r2, r0
20001206:	b2a4      	uxth	r4, r4
20001208:	fbb2 f0fe 	udiv	r0, r2, lr
2000120c:	fb0e 2210 	mls	r2, lr, r0, r2
20001210:	fb00 f707 	mul.w	r7, r0, r7
20001214:	ea44 4402 	orr.w	r4, r4, r2, lsl #16
20001218:	42a7      	cmp	r7, r4
2000121a:	d90f      	bls.n	2000123c <__udivmoddi4+0x150>
2000121c:	eb1c 0404 	adds.w	r4, ip, r4
20001220:	f100 32ff 	add.w	r2, r0, #4294967295	@ 0xffffffff
20001224:	bf2c      	ite	cs
20001226:	f04f 0e01 	movcs.w	lr, #1
2000122a:	f04f 0e00 	movcc.w	lr, #0
2000122e:	42a7      	cmp	r7, r4
20001230:	d903      	bls.n	2000123a <__udivmoddi4+0x14e>
20001232:	f1be 0f00 	cmp.w	lr, #0
20001236:	f000 80c9 	beq.w	200013cc <__udivmoddi4+0x2e0>
2000123a:	4610      	mov	r0, r2
2000123c:	1be4      	subs	r4, r4, r7
2000123e:	ea40 4006 	orr.w	r0, r0, r6, lsl #16
20001242:	e79c      	b.n	2000117e <__udivmoddi4+0x92>
20001244:	f1c1 0420 	rsb	r4, r1, #32
20001248:	408b      	lsls	r3, r1
2000124a:	fa06 fc01 	lsl.w	ip, r6, r1
2000124e:	fa00 fe01 	lsl.w	lr, r0, r1
20001252:	fa22 f704 	lsr.w	r7, r2, r4
20001256:	40e6      	lsrs	r6, r4
20001258:	408a      	lsls	r2, r1
2000125a:	431f      	orrs	r7, r3
2000125c:	fa20 f304 	lsr.w	r3, r0, r4
20001260:	ea4f 4817 	mov.w	r8, r7, lsr #16
20001264:	ea43 030c 	orr.w	r3, r3, ip
20001268:	fa1f fc87 	uxth.w	ip, r7
2000126c:	ea4f 4913 	mov.w	r9, r3, lsr #16
20001270:	fbb6 f0f8 	udiv	r0, r6, r8
20001274:	fb08 6610 	mls	r6, r8, r0, r6
20001278:	ea49 4606 	orr.w	r6, r9, r6, lsl #16
2000127c:	fb00 f90c 	mul.w	r9, r0, ip
20001280:	45b1      	cmp	r9, r6
20001282:	d90e      	bls.n	200012a2 <__udivmoddi4+0x1b6>
20001284:	19be      	adds	r6, r7, r6
20001286:	f100 3aff 	add.w	sl, r0, #4294967295	@ 0xffffffff
2000128a:	bf2c      	ite	cs
2000128c:	f04f 0b01 	movcs.w	fp, #1
20001290:	f04f 0b00 	movcc.w	fp, #0
20001294:	45b1      	cmp	r9, r6
20001296:	d903      	bls.n	200012a0 <__udivmoddi4+0x1b4>
20001298:	f1bb 0f00 	cmp.w	fp, #0
2000129c:	f000 80a2 	beq.w	200013e4 <__udivmoddi4+0x2f8>
200012a0:	4650      	mov	r0, sl
200012a2:	eba6 0609 	sub.w	r6, r6, r9
200012a6:	fa1f f983 	uxth.w	r9, r3
200012aa:	fbb6 f3f8 	udiv	r3, r6, r8
200012ae:	fb08 6613 	mls	r6, r8, r3, r6
200012b2:	fb03 fc0c 	mul.w	ip, r3, ip
200012b6:	ea49 4606 	orr.w	r6, r9, r6, lsl #16
200012ba:	45b4      	cmp	ip, r6
200012bc:	d90e      	bls.n	200012dc <__udivmoddi4+0x1f0>
200012be:	19be      	adds	r6, r7, r6
200012c0:	f103 38ff 	add.w	r8, r3, #4294967295	@ 0xffffffff
200012c4:	bf2c      	ite	cs
200012c6:	f04f 0901 	movcs.w	r9, #1
200012ca:	f04f 0900 	movcc.w	r9, #0
200012ce:	45b4      	cmp	ip, r6
200012d0:	d903      	bls.n	200012da <__udivmoddi4+0x1ee>
200012d2:	f1b9 0f00 	cmp.w	r9, #0
200012d6:	f000 8082 	beq.w	200013de <__udivmoddi4+0x2f2>
200012da:	4643      	mov	r3, r8
200012dc:	ea43 4000 	orr.w	r0, r3, r0, lsl #16
200012e0:	eba6 060c 	sub.w	r6, r6, ip
200012e4:	fba0 8c02 	umull	r8, ip, r0, r2
200012e8:	4566      	cmp	r6, ip
200012ea:	4643      	mov	r3, r8
200012ec:	46e1      	mov	r9, ip
200012ee:	d302      	bcc.n	200012f6 <__udivmoddi4+0x20a>
200012f0:	d107      	bne.n	20001302 <__udivmoddi4+0x216>
200012f2:	45c6      	cmp	lr, r8
200012f4:	d205      	bcs.n	20001302 <__udivmoddi4+0x216>
200012f6:	ebb8 0302 	subs.w	r3, r8, r2
200012fa:	eb6c 0c07 	sbc.w	ip, ip, r7
200012fe:	3801      	subs	r0, #1
20001300:	46e1      	mov	r9, ip
20001302:	b15d      	cbz	r5, 2000131c <__udivmoddi4+0x230>
20001304:	ebbe 0203 	subs.w	r2, lr, r3
20001308:	eb66 0609 	sbc.w	r6, r6, r9
2000130c:	fa06 f404 	lsl.w	r4, r6, r4
20001310:	fa22 f301 	lsr.w	r3, r2, r1
20001314:	40ce      	lsrs	r6, r1
20001316:	431c      	orrs	r4, r3
20001318:	e9c5 4600 	strd	r4, r6, [r5]
2000131c:	2100      	movs	r1, #0
2000131e:	e733      	b.n	20001188 <__udivmoddi4+0x9c>
20001320:	fa02 fc03 	lsl.w	ip, r2, r3
20001324:	f1c3 0220 	rsb	r2, r3, #32
20001328:	4099      	lsls	r1, r3
2000132a:	409c      	lsls	r4, r3
2000132c:	40d6      	lsrs	r6, r2
2000132e:	ea4f 4e1c 	mov.w	lr, ip, lsr #16
20001332:	fa20 f202 	lsr.w	r2, r0, r2
20001336:	fa1f f78c 	uxth.w	r7, ip
2000133a:	fbb6 f0fe 	udiv	r0, r6, lr
2000133e:	430a      	orrs	r2, r1
20001340:	fb0e 6610 	mls	r6, lr, r0, r6
20001344:	0c11      	lsrs	r1, r2, #16
20001346:	ea41 4106 	orr.w	r1, r1, r6, lsl #16
2000134a:	fb00 f607 	mul.w	r6, r0, r7
2000134e:	428e      	cmp	r6, r1
20001350:	d90e      	bls.n	20001370 <__udivmoddi4+0x284>
20001352:	eb1c 0101 	adds.w	r1, ip, r1
20001356:	f100 38ff 	add.w	r8, r0, #4294967295	@ 0xffffffff
2000135a:	bf2c      	ite	cs
2000135c:	f04f 0901 	movcs.w	r9, #1
20001360:	f04f 0900 	movcc.w	r9, #0
20001364:	428e      	cmp	r6, r1
20001366:	d902      	bls.n	2000136e <__udivmoddi4+0x282>
20001368:	f1b9 0f00 	cmp.w	r9, #0
2000136c:	d034      	beq.n	200013d8 <__udivmoddi4+0x2ec>
2000136e:	4640      	mov	r0, r8
20001370:	1b89      	subs	r1, r1, r6
20001372:	b292      	uxth	r2, r2
20001374:	fbb1 f6fe 	udiv	r6, r1, lr
20001378:	fb0e 1116 	mls	r1, lr, r6, r1
2000137c:	ea42 4201 	orr.w	r2, r2, r1, lsl #16
20001380:	fb06 f107 	mul.w	r1, r6, r7
20001384:	4291      	cmp	r1, r2
20001386:	d90e      	bls.n	200013a6 <__udivmoddi4+0x2ba>
20001388:	eb1c 0202 	adds.w	r2, ip, r2
2000138c:	f106 38ff 	add.w	r8, r6, #4294967295	@ 0xffffffff
20001390:	bf2c      	ite	cs
20001392:	f04f 0901 	movcs.w	r9, #1
20001396:	f04f 0900 	movcc.w	r9, #0
2000139a:	4291      	cmp	r1, r2
2000139c:	d902      	bls.n	200013a4 <__udivmoddi4+0x2b8>
2000139e:	f1b9 0f00 	cmp.w	r9, #0
200013a2:	d016      	beq.n	200013d2 <__udivmoddi4+0x2e6>
200013a4:	4646      	mov	r6, r8
200013a6:	1a52      	subs	r2, r2, r1
200013a8:	ea46 4100 	orr.w	r1, r6, r0, lsl #16
200013ac:	e70f      	b.n	200011ce <__udivmoddi4+0xe2>
200013ae:	1a84      	subs	r4, r0, r2
200013b0:	eb66 0203 	sbc.w	r2, r6, r3
200013b4:	2001      	movs	r0, #1
200013b6:	4617      	mov	r7, r2
200013b8:	e6fb      	b.n	200011b2 <__udivmoddi4+0xc6>
200013ba:	3e02      	subs	r6, #2
200013bc:	4462      	add	r2, ip
200013be:	e721      	b.n	20001204 <__udivmoddi4+0x118>
200013c0:	3902      	subs	r1, #2
200013c2:	4462      	add	r2, ip
200013c4:	e6c1      	b.n	2000114a <__udivmoddi4+0x5e>
200013c6:	4464      	add	r4, ip
200013c8:	3802      	subs	r0, #2
200013ca:	e6d3      	b.n	20001174 <__udivmoddi4+0x88>
200013cc:	4464      	add	r4, ip
200013ce:	3802      	subs	r0, #2
200013d0:	e734      	b.n	2000123c <__udivmoddi4+0x150>
200013d2:	3e02      	subs	r6, #2
200013d4:	4462      	add	r2, ip
200013d6:	e7e6      	b.n	200013a6 <__udivmoddi4+0x2ba>
200013d8:	3802      	subs	r0, #2
200013da:	4461      	add	r1, ip
200013dc:	e7c8      	b.n	20001370 <__udivmoddi4+0x284>
200013de:	3b02      	subs	r3, #2
200013e0:	443e      	add	r6, r7
200013e2:	e77b      	b.n	200012dc <__udivmoddi4+0x1f0>
200013e4:	3802      	subs	r0, #2
200013e6:	443e      	add	r6, r7
200013e8:	e75b      	b.n	200012a2 <__udivmoddi4+0x1b6>
200013ea:	bf00      	nop

200013ec <__aeabi_idiv0>:
200013ec:	4770      	bx	lr
200013ee:	bf00      	nop

200013f0 <__memset_veneer>:
200013f0:	f85f f000 	ldr.w	pc, [pc]	@ 200013f4 <__memset_veneer+0x4>
200013f4:	10009cf1 	.word	0x10009cf1

200013f8 <__time_us_64_veneer>:
200013f8:	f85f f000 	ldr.w	pc, [pc]	@ 200013fc <__time_us_64_veneer+0x4>
200013fc:	10001a71 	.word	0x10001a71

20001400 <__tud_event_hook_cb_veneer>:
20001400:	f85f f000 	ldr.w	pc, [pc]	@ 20001404 <__tud_event_hook_cb_veneer+0x4>
20001404:	10004711 	.word	0x10004711

20001408 <__panic_veneer>:
20001408:	f85f f000 	ldr.w	pc, [pc]	@ 2000140c <__panic_veneer+0x4>
2000140c:	10000901 	.word	0x10000901

20001410 <__tu_fifo_write_veneer>:
20001410:	f85f f000 	ldr.w	pc, [pc]	@ 20001414 <__tu_fifo_write_veneer+0x4>
20001414:	10006101 	.word	0x10006101

20001418 <__best_effort_wfe_or_timeout_veneer>:
20001418:	f85f f000 	ldr.w	pc, [pc]	@ 2000141c <__best_effort_wfe_or_timeout_veneer+0x4>
2000141c:	10001981 	.word	0x10001981

20001420 <striped_spin_lock_num>:
20001420:	00000010                                ....

20001424 <irq_handler_chain_slots>:
20001424:	00000000 	.word	0x00000000
20001428:	00010000 	.word	0x00010000
	...
20001434:	00020000 	.word	0x00020000
	...
20001440:	00030000 	.word	0x00030000
	...
2000144c:	00ff0000 	.word	0x00ff0000
20001450:	00000000 	.word	0x00000000

20001454 <irq_handler_chain_first_slot>:
20001454:	b501      	push	{r0, lr}
20001456:	6848      	ldr	r0, [r1, #4]
20001458:	3101      	adds	r1, #1
2000145a:	468e      	mov	lr, r1
2000145c:	4700      	bx	r0

2000145e <irq_handler_chain_remove_tail>:
2000145e:	4670      	mov	r0, lr
20001460:	3809      	subs	r0, #9
20001462:	4901      	ldr	r1, [pc, #4]	@ (20001468 <irq_handler_chain_remove_tail+0xa>)
20001464:	4788      	blx	r1
20001466:	bd01      	pop	{r0, pc}
20001468:	1000103d 	.word	0x1000103d

2000146c <default_alarm_pool>:
	...
20001480:	20001728                                (.. 

20001484 <stdio_usb>:
20001484:	10003ea1 10003e4d 10003dc5 10003d35     .>..M>...=..5=..
20001494:	00000000 00000100                       ........

2000149c <_usbd_qdef>:
2000149c:	20001d00 000c0010 00000000 00000000     ... ............
	...

200014b8 <_usbd_rhport>:
200014b8:	000000ff                                ....

200014bc <cyw43_poll_worker>:
200014bc:	00000000 10009551 00000000 00000000     ....Q...........
200014cc:	00000000                                ....

200014d0 <sleep_timeout_worker>:
200014d0:	00000000 100094b9 00000000 00000000     ................
	...

200014e8 <_impure_ptr>:
200014e8:	200014f0 00000000                       ... ....

200014f0 <_impure_data>:
200014f0:	00000000 200018cc 20001934 2000199c     ....... 4.. ... 
	...
20001588:	00000001 00000000 abcd330e e66d1234     .........3..4.m.
20001598:	0005deec 0000000b 00000000 00000000     ................
	...

20001610 <print_mutex>:
	...
